10.00943322 2700.0
10.02029966 2686.0
10.0311661 2752.0
10.04203254 2792.0
10.05289898 2736.0
10.06376542 2793.0
10.07463186 2784.0
10.0854983 2644.0
10.09636474 2674.0
10.10723118 2653.0
10.11809762 2754.0
10.12896406 2596.0
10.1398305 2730.0
10.15069694 2673.0
10.16156338 2717.0
10.17242982 2732.0
10.18329626 2678.0
10.1941627 2618.0
10.20502914 2683.0
10.21589558 2732.0
10.22676202 2686.0
10.23762846 2703.0
10.2484949 2652.0
10.25936134 2646.0
10.27022778 2623.0
10.28109422 2578.0
10.29196066 2670.0
10.3028271 2623.0
10.31369354 2650.0
10.32455998 2698.0
10.33542642 2610.0
10.34629286 2605.0
10.3571593 2561.0
10.36802574 2600.0
10.37889218 2551.0
10.38975862 2624.0
10.40062506 2607.0
10.4114915 2624.0
10.42235794 2583.0
10.43322438 2538.0
10.44409082 2628.0
10.45495726 2516.0
10.4658237 2649.0
10.47669014 2682.0
10.48755658 2590.0
10.49842302 2727.0
10.50928946 2647.0
10.5201559 2699.0
10.53102234 2619.0
10.54188878 2606.0
10.55275522 2546.0
10.56362166 2625.0
10.5744881 2610.0
10.58535454 2461.0
10.59622098 2538.0
10.60708742 2651.0
10.61795386 2586.0
10.6288203 2484.0
10.63968674 2651.0
10.65055318 2592.0
10.66141962 2462.0
10.67228606 2641.0
10.6831525 2585.0
10.69401894 2474.0
10.70488538 2498.0
10.71575182 2480.0
10.72661826 2577.0
10.7374847 2581.0
10.74835114 2529.0
10.75921758 2602.0
10.77008402 2454.0
10.78095046 2468.0
10.7918169 2452.0
10.80268334 2472.0
10.81354978 2447.0
10.82441622 2461.0
10.83528266 2474.0
10.8461491 2513.0
10.85701554 2491.0
10.86788198 2510.0
10.87874842 2503.0
10.88961486 2502.0
10.9004813 2483.0
10.91134774 2604.0
10.92221418 2567.0
10.93308062 2547.0
10.94394706 2425.0
10.9548135 2561.0
10.96567994 2409.0
10.97654638 2441.0
10.98741282 2469.0
10.99827926 2428.0
11.0091457 2508.0
11.02001214 2509.0
11.03087858 2526.0
11.04174502 2411.0
11.05261146 2374.0
11.0634779 2469.0
11.07434434 2470.0
11.08521078 2467.0
11.09607722 2404.0
11.10694366 2500.0
11.1178101 2328.0
11.12867654 2486.0
11.13954298 2444.0
11.150409419999999 2393.0
11.16127586 2441.0
11.1721423 2381.0
11.18300874 2403.0
11.19387518 2414.0
11.20474162 2397.0
11.215608060000001 2419.0
11.2264745 2366.0
11.23734094 2421.0
11.24820738 2482.0
11.25907382 2399.0
11.26994026 2411.0
11.2808067 2427.0
11.29167314 2388.0
11.30253958 2317.0
11.31340602 2406.0
11.32427246 2341.0
11.3351389 2442.0
11.34600534 2427.0
11.35687178 2441.0
11.36773822 2280.0
11.37860466 2421.0
11.3894711 2374.0
11.40033754 2396.0
11.41120398 2436.0
11.42207042 2442.0
11.43293686 2332.0
11.443803299999999 2369.0
11.45466974 2465.0
11.46553618 2279.0
11.47640262 2361.0
11.48726906 2358.0
11.4981355 2372.0
11.509001940000001 2431.0
11.51986838 2354.0
11.53073482 2332.0
11.54160126 2369.0
11.5524677 2350.0
11.56333414 2313.0
11.57420058 2271.0
11.58506702 2290.0
11.59593346 2377.0
11.6067999 2376.0
11.61766634 2294.0
11.62853278 2384.0
11.63939922 2355.0
11.65026566 2322.0
11.6611321 2277.0
11.67199854 2318.0
11.68286498 2379.0
11.69373142 2277.0
11.70459786 2338.0
11.7154643 2319.0
11.72633074 2299.0
11.737197179999999 2300.0
11.74806362 2433.0
11.75893006 2371.0
11.7697965 2387.0
11.78066294 2264.0
11.79152938 2387.0
11.802395820000001 2284.0
11.81326226 2323.0
11.8241287 2265.0
11.83499514 2383.0
11.84586158 2347.0
11.85672802 2291.0
11.86759446 2247.0
11.8784609 2253.0
11.88932734 2277.0
11.90019378 2339.0
11.91106022 2305.0
11.92192666 2298.0
11.9327931 2331.0
11.94365954 2223.0
11.95452598 2295.0
11.96539242 2311.0
11.97625886 2266.0
11.9871253 2199.0
11.99799174 2163.0
12.00885818 2221.0
12.01972462 2327.0
12.030591059999999 2168.0
12.0414575 2193.0
12.05232394 2249.0
12.06319038 2299.0
12.07405682 2167.0
12.08492326 2245.0
12.095789700000001 2172.0
12.10665614 2199.0
12.11752258 2204.0
12.12838902 2206.0
12.13925546 2203.0
12.1501219 2229.0
12.16098834 2207.0
12.17185478 2233.0
12.18272122 2243.0
12.19358766 2313.0
12.2044541 2220.0
12.21532054 2235.0
12.22618698 2165.0
12.23705342 2246.0
12.24791986 2180.0
12.2587863 2244.0
12.26965274 2243.0
12.280519179999999 2237.0
12.29138562 2188.0
12.30225206 2224.0
12.3131185 2231.0
12.323984939999999 2253.0
12.33485138 2147.0
12.34571782 2193.0
12.35658426 2216.0
12.3674507 2302.0
12.37831714 2175.0
12.389183580000001 2227.0
12.40005002 2174.0
12.41091646 2246.0
12.4217829 2203.0
12.43264934 2190.0
12.44351578 2235.0
12.45438222 2232.0
12.46524866 2158.0
12.4761151 2156.0
12.48698154 2259.0
12.49784798 2173.0
12.50871442 2290.0
12.51958086 2128.0
12.5304473 2201.0
12.54131374 2068.0
12.55218018 2119.0
12.56304662 2181.0
12.573913059999999 2169.0
12.5847795 2170.0
12.59564594 2101.0
12.60651238 2175.0
12.617378819999999 2136.0
12.62824526 2138.0
12.6391117 2149.0
12.64997814 2185.0
12.66084458 2161.0
12.67171102 2194.0
12.682577460000001 2225.0
12.6934439 2198.0
12.70431034 2186.0
12.71517678 2097.0
12.72604322 2211.0
12.73690966 2101.0
12.7477761 2217.0
12.75864254 2170.0
12.76950898 2114.0
12.78037542 2149.0
12.79124186 2153.0
12.8021083 2177.0
12.81297474 2143.0
12.82384118 2172.0
12.83470762 2129.0
12.84557406 2179.0
12.8564405 2164.0
12.867306939999999 2184.0
12.87817338 2141.0
12.88903982 2113.0
12.89990626 2003.0
12.910772699999999 2083.0
12.92163914 2190.0
12.93250558 2032.0
12.94337202 2190.0
12.95423846 2147.0
12.9651049 2190.0
12.975971340000001 2187.0
12.98683778 2204.0
12.99770422 2138.0
13.00857066 2241.0
13.0194371 2244.0
13.03030354 2179.0
13.04116998 2178.0
13.05203642 2145.0
13.06290286 2147.0
13.0737693 2163.0
13.08463574 2086.0
13.09550218 2147.0
13.10636862 2106.0
13.11723506 2162.0
13.1281015 2122.0
13.13896794 2130.0
13.14983438 2149.0
13.160700819999999 2041.0
13.17156726 2052.0
13.1824337 2204.0
13.19330014 2203.0
13.204166579999999 2291.0
13.21503302 2100.0
13.22589946 2181.0
13.2367659 2102.0
13.24763234 2137.0
13.25849878 2178.0
13.269365220000001 2197.0
13.28023166 2124.0
13.2910981 2050.0
13.30196454 2040.0
13.31283098 2095.0
13.32369742 2084.0
13.33456386 2057.0
13.3454303 2089.0
13.35629674 2147.0
13.36716318 2059.0
13.37802962 2056.0
13.38889606 2095.0
13.3997625 2117.0
13.41062894 2122.0
13.42149538 2101.0
13.43236182 2145.0
13.44322826 2055.0
13.454094699999999 2105.0
13.46496114 2120.0
13.47582758 2080.0
13.48669402 2207.0
13.497560459999999 2147.0
13.5084269 2158.0
13.51929334 2148.0
13.53015978 2015.0
13.54102622 2050.0
13.55189266 2067.0
13.562759100000001 2109.0
13.57362554 2140.0
13.58449198 2192.0
13.59535842 2074.0
13.60622486 2095.0
13.6170913 2067.0
13.62795774 2119.0
13.63882418 2121.0
13.64969062 2124.0
13.66055706 2157.0
13.6714235 2264.0
13.68228994 2075.0
13.69315638 2090.0
13.70402282 2127.0
13.71488926 2087.0
13.7257557 2095.0
13.73662214 2129.0
13.747488579999999 2056.0
13.75835502 2024.0
13.76922146 2127.0
13.7800879 2143.0
13.790954339999999 2079.0
13.80182078 2061.0
13.81268722 2179.0
13.82355366 2113.0
13.834420099999999 2122.0
13.84528654 2109.0
13.856152980000001 2134.0
13.86701942 2141.0
13.87788586 2123.0
13.8887523 2098.0
13.89961874 2148.0
13.91048518 2071.0
13.92135162 2160.0
13.93221806 2052.0
13.9430845 2157.0
13.95395094 2079.0
13.96481738 2149.0
13.97568382 2059.0
13.98655026 2240.0
13.9974167 2082.0
14.00828314 2188.0
14.01914958 2164.0
14.03001602 2143.0
14.040882459999999 2139.0
14.0517489 2200.0
14.06261534 2230.0
14.07348178 2141.0
14.084348219999999 2146.0
14.09521466 2111.0
14.1060811 2134.0
14.11694754 2158.0
14.127813979999999 2198.0
14.13868042 2213.0
14.149546860000001 2199.0
14.1604133 2224.0
14.17127974 2166.0
14.18214618 2194.0
14.193012620000001 2078.0
14.20387906 2200.0
14.2147455 2204.0
14.22561194 2185.0
14.236478380000001 2104.0
14.24734482 2076.0
14.25821126 2206.0
14.2690777 2107.0
14.27994414 2225.0
14.290810579999999 2184.0
14.30167702 2240.0
14.31254346 2199.0
14.3234099 2130.0
14.334276339999999 2187.0
14.34514278 2098.0
14.35600922 2186.0
14.36687566 2118.0
14.377742099999999 2096.0
14.38860854 2104.0
14.39947498 2042.0
14.41034142 2088.0
14.421207859999999 2160.0
14.4320743 2089.0
14.442940740000001 2117.0
14.45380718 2097.0
14.46467362 2089.0
14.47554006 2076.0
14.486406500000001 2206.0
14.49727294 2151.0
14.50813938 2135.0
14.51900582 2118.0
14.529872260000001 2071.0
14.5407387 2089.0
14.55160514 2138.0
14.56247158 2133.0
14.57333802 2160.0
14.584204459999999 2139.0
14.5950709 2055.0
14.60593734 2081.0
14.61680378 2102.0
14.627670219999999 2113.0
14.63853666 2197.0
14.6494031 2128.0
14.66026954 2136.0
14.671135979999999 2199.0
14.68200242 2170.0
14.69286886 2101.0
14.7037353 2249.0
14.714601739999999 2197.0
14.72546818 2185.0
14.736334620000001 2109.0
14.74720106 2229.0
14.7580675 2096.0
14.76893394 2089.0
14.779800380000001 2130.0
14.79066682 2047.0
14.80153326 2092.0
14.8123997 2208.0
14.823266140000001 2222.0
14.83413258 2048.0
14.84499902 2083.0
14.85586546 2134.0
14.8667319 2101.0
14.877598339999999 2138.0
14.88846478 2143.0
14.89933122 2072.0
14.91019766 2128.0
14.921064099999999 2091.0
14.93193054 2095.0
14.94279698 2102.0
14.95366342 2056.0
14.964529859999999 2181.0
14.9753963 2031.0
14.98626274 2161.0
14.99712918 2129.0
15.007995619999999 2225.0
15.01886206 2103.0
15.029728500000001 2077.0
15.04059494 2091.0
15.05146138 2124.0
15.06232782 2135.0
15.073194260000001 2174.0
15.0840607 2104.0
15.09492714 2139.0
15.10579358 2170.0
15.116660020000001 2155.0
15.12752646 2187.0
15.1383929 2099.0
15.14925934 2073.0
15.16012578 2103.0
15.170992219999999 2089.0
15.18185866 2052.0
15.1927251 2168.0
15.20359154 2239.0
15.214457979999999 2147.0
15.22532442 2099.0
15.23619086 2087.0
15.2470573 2113.0
15.257923739999999 2151.0
15.26879018 2108.0
15.27965662 2085.0
15.29052306 2088.0
15.301389499999999 2128.0
15.31225594 2132.0
15.323122380000001 2121.0
15.33398882 2091.0
15.34485526 2086.0
15.3557217 2116.0
15.366588140000001 2107.0
15.37745458 2060.0
15.38832102 2103.0
15.39918746 2098.0
15.410053900000001 2133.0
15.42092034 2110.0
15.43178678 2082.0
15.44265322 2116.0
15.45351966 2159.0
15.464386099999999 2032.0
15.47525254 2120.0
15.48611898 2114.0
15.49698542 2214.0
15.507851859999999 2015.0
15.5187183 2111.0
15.52958474 2068.0
15.54045118 2129.0
15.551317619999999 2066.0
15.56218406 2190.0
15.5730505 2081.0
15.58391694 2023.0
15.594783379999999 2084.0
15.60564982 2009.0
15.616516260000001 2073.0
15.6273827 2129.0
15.63824914 2165.0
15.64911558 2103.0
15.659982020000001 2115.0
15.67084846 2154.0
15.6817149 2117.0
15.69258134 2056.0
15.703447780000001 2178.0
15.71431422 2109.0
15.72518066 2123.0
15.7360471 2115.0
15.74691354 1990.0
15.757779979999999 2158.0
15.76864642 2133.0
15.77951286 2210.0
15.7903793 2072.0
15.801245739999999 2168.0
15.81211218 2192.0
15.82297862 2066.0
15.83384506 2060.0
15.844711499999999 2122.0
15.85557794 1972.0
15.86644438 2065.0
15.87731082 2009.0
15.888177259999999 2012.0
15.8990437 2126.0
15.909910140000001 2075.0
15.92077658 2101.0
15.93164302 2123.0
15.94250946 2220.0
15.953375900000001 2232.0
15.96424234 2140.0
15.97510878 2170.0
15.98597522 2127.0
15.996841660000001 2090.0
16.007708100000002 2063.0
16.01857454 2112.0
16.02944098 2156.0
16.040307419999998 2056.0
16.05117386 2029.0
16.0620403 2090.0
16.07290674 1991.0
16.08377318 2047.0
16.09463962 2082.0
16.10550606 2093.0
16.1163725 2136.0
16.127238939999998 2131.0
16.13810538 2148.0
16.14897182 1990.0
16.15983826 2053.0
16.1707047 2022.0
16.18157114 2068.0
16.19243758 2143.0
16.20330402 2085.0
16.21417046 2087.0
16.2250369 2045.0
16.23590334 2077.0
16.24676978 2099.0
16.257636220000002 2007.0
16.26850266 2086.0
16.2793691 2023.0
16.29023554 2053.0
16.30110198 2020.0
16.31196842 2101.0
16.32283486 2087.0
16.3337013 1992.0
16.34456774 2055.0
16.35543418 2039.0
16.36630062 2148.0
16.377167059999998 2056.0
16.3880335 2055.0
16.39889994 2023.0
16.40976638 2105.0
16.42063282 2030.0
16.43149926 2071.0
16.4423657 2049.0
16.45323214 2028.0
16.464098579999998 2129.0
16.47496502 2221.0
16.48583146 2054.0
16.4966979 2134.0
16.507564340000002 2100.0
16.51843078 2011.0
16.52929722 2065.0
16.54016366 2126.0
16.5510301 2066.0
16.56189654 2089.0
16.57276298 2012.0
16.58362942 2057.0
16.594495860000002 2012.0
16.6053623 2012.0
16.61622874 2042.0
16.627095179999998 2022.0
16.63796162 1925.0
16.64882806 2041.0
16.6596945 2035.0
16.67056094 2037.0
16.68142738 2134.0
16.69229382 2070.0
16.70316026 2092.0
16.714026699999998 1994.0
16.72489314 2030.0
16.73575958 2100.0
16.74662602 2051.0
16.75749246 2032.0
16.7683589 2128.0
16.77922534 2020.0
16.79009178 2055.0
16.80095822 2065.0
16.81182466 2023.0
16.8226911 2015.0
16.83355754 2056.0
16.844423980000002 2065.0
16.85529042 2083.0
16.86615686 1994.0
16.8770233 2054.0
16.88788974 1995.0
16.89875618 2044.0
16.90962262 1991.0
16.92048906 2078.0
16.9313555 1977.0
16.94222194 2127.0
16.95308838 2021.0
16.963954819999998 2022.0
16.97482126 1992.0
16.9856877 2084.0
16.99655414 2034.0
17.00742058 2035.0
17.01828702 2007.0
17.02915346 2057.0
17.0400199 1959.0
17.050886339999998 2051.0
17.06175278 2033.0
17.07261922 2089.0
17.08348566 1998.0
17.094352100000002 2060.0
17.10521854 1996.0
17.11608498 2081.0
17.12695142 2035.0
17.13781786 1990.0
17.1486843 2086.0
17.15955074 2121.0
17.17041718 2047.0
17.181283620000002 2156.0
17.19215006 2066.0
17.2030165 2168.0
17.213882939999998 2124.0
17.22474938 2057.0
17.23561582 2088.0
17.24648226 2206.0
17.2573487 2057.0
17.26821514 2024.0
17.27908158 2058.0
17.28994802 2123.0
17.300814459999998 2117.0
17.3116809 2124.0
17.32254734 2150.0
17.33341378 2023.0
17.34428022 2189.0
17.35514666 2178.0
17.3660131 2176.0
17.37687954 2154.0
17.38774598 2237.0
17.39861242 2141.0
17.40947886 2185.0
17.4203453 2211.0
17.431211740000002 2165.0
17.44207818 2271.0
17.45294462 2167.0
17.46381106 2232.0
17.4746775 2243.0
17.48554394 2298.0
17.49641038 2271.0
17.50727682 2291.0
17.51814326 2346.0
17.5290097 2236.0
17.53987614 2334.0
17.550742579999998 2345.0
17.56160902 2300.0
17.57247546 2311.0
17.5833419 2290.0
17.59420834 2287.0
17.60507478 2348.0
17.61594122 2355.0
17.62680766 2313.0
17.637674099999998 2393.0
17.64854054 2283.0
17.65940698 2255.0
17.67027342 2294.0
17.681139860000002 2245.0
17.6920063 2213.0
17.70287274 2320.0
17.71373918 2198.0
17.72460562 2193.0
17.73547206 2251.0
17.7463385 2177.0
17.75720494 2195.0
17.768071380000002 2224.0
17.77893782 2170.0
17.78980426 2165.0
17.800670699999998 2149.0
17.81153714 2177.0
17.82240358 2048.0
17.83327002 2064.0
17.84413646 2028.0
17.8550029 2131.0
17.86586934 2050.0
17.87673578 2051.0
17.887602219999998 2012.0
17.89846866 2097.0
17.9093351 2080.0
17.92020154 2060.0
17.93106798 2000.0
17.94193442 2088.0
17.95280086 1996.0
17.9636673 1973.0
17.97453374 2036.0
17.98540018 1983.0
17.99626662 1935.0
18.00713306 1982.0
18.017999500000002 1973.0
18.02886594 1931.0
18.03973238 2005.0
18.050598819999998 1976.0
18.06146526 2032.0
18.0723317 1952.0
18.08319814 1939.0
18.09406458 1969.0
18.104931020000002 1966.0
18.11579746 2051.0
18.1266639 1905.0
18.137530339999998 1932.0
18.14839678 2042.0
18.15926322 1883.0
18.17012966 1950.0
18.1809961 1943.0
18.191862540000002 1909.0
18.20272898 1947.0
18.213595419999997 1968.0
18.224461859999998 1881.0
18.2353283 1913.0
18.24619474 2025.0
18.25706118 1889.0
18.267927620000002 1952.0
18.27879406 1926.0
18.2896605 1903.0
18.300526939999997 1876.0
18.31139338 1921.0
18.32225982 1935.0
18.33312626 2017.0
18.3439927 1916.0
18.354859140000002 2036.0
18.36572558 1940.0
18.37659202 2001.0
18.387458459999998 1861.0
18.3983249 1980.0
18.40919134 1924.0
18.42005778 1921.0
18.43092422 1955.0
18.441790660000002 1873.0
18.4526571 1962.0
18.46352354 1888.0
18.474389979999998 1942.0
18.48525642 1883.0
18.49612286 2006.0
18.5069893 1873.0
18.51785574 1945.0
18.52872218 1918.0
18.53958862 1912.0
18.550455059999997 2000.0
18.5613215 1875.0
18.57218794 1841.0
18.58305438 1860.0
18.59392082 1917.0
18.604787260000002 1844.0
18.6156537 1836.0
18.62652014 1892.0
18.637386579999998 1895.0
18.64825302 1898.0
18.65911946 1981.0
18.6699859 1929.0
18.68085234 1942.0
18.691718780000002 1960.0
18.70258522 1919.0
18.71345166 1941.0
18.724318099999998 1871.0
18.73518454 1849.0
18.74605098 1838.0
18.75691742 1862.0
18.76778386 1883.0
18.778650300000002 1938.0
18.78951674 1837.0
18.800383179999997 1891.0
18.811249619999998 1890.0
18.82211606 1883.0
18.8329825 1964.0
18.84384894 1962.0
18.854715380000002 1848.0
18.86558182 1901.0
18.87644826 2046.0
18.887314699999997 1846.0
18.89818114 1927.0
18.90904758 1965.0
18.91991402 1949.0
18.93078046 1903.0
18.941646900000002 1834.0
18.95251334 1893.0
18.96337978 1840.0
18.974246219999998 1902.0
18.98511266 1856.0
18.9959791 1854.0
19.00684554 1940.0
19.01771198 1941.0
19.028578420000002 1963.0
19.03944486 1898.0
19.0503113 1945.0
19.061177739999998 1896.0
19.07204418 1930.0
19.08291062 1842.0
19.09377706 1977.0
19.1046435 1919.0
19.11550994 1873.0
19.12637638 1889.0
19.137242819999997 1913.0
19.14810926 1826.0
19.1589757 1921.0
19.16984214 1865.0
19.18070858 1994.0
19.191575020000002 1960.0
19.20244146 1888.0
19.2133079 1880.0
19.224174339999998 1951.0
19.23504078 1958.0
19.24590722 1896.0
19.25677366 1851.0
19.2676401 1787.0
19.278506540000002 1867.0
19.28937298 1850.0
19.30023942 1917.0
19.311105859999998 1814.0
19.3219723 1818.0
19.33283874 1867.0
19.34370518 1808.0
19.35457162 1844.0
19.365438060000002 1885.0
19.3763045 1796.0
19.387170939999997 1948.0
19.398037379999998 1851.0
19.40890382 1933.0
19.41977026 1831.0
19.4306367 1847.0
19.441503140000002 1938.0
19.45236958 1836.0
19.46323602 1864.0
19.474102459999997 1880.0
19.4849689 1921.0
19.49583534 1921.0
19.50670178 1841.0
19.51756822 1758.0
19.528434660000002 1832.0
19.5393011 1924.0
19.55016754 1791.0
19.561033979999998 1842.0
19.57190042 1834.0
19.58276686 1861.0
19.5936333 1836.0
19.60449974 1848.0
19.615366180000002 1811.0
19.62623262 1784.0
19.63709906 1755.0
19.647965499999998 1754.0
19.65883194 1804.0
19.66969838 1837.0
19.68056482 1843.0
19.69143126 1843.0
19.7022977 1817.0
19.71316414 1831.0
19.724030579999997 1839.0
19.73489702 1777.0
19.74576346 1842.0
19.7566299 1750.0
19.76749634 1841.0
19.778362780000002 1745.0
19.78922922 1813.0
19.80009566 1771.0
19.810962099999998 1836.0
19.82182854 1773.0
19.83269498 1839.0
19.84356142 1793.0
19.85442786 1785.0
19.865294300000002 1881.0
19.87616074 1823.0
19.88702718 1770.0
19.897893619999998 1741.0
19.90876006 1805.0
19.9196265 1790.0
19.93049294 1810.0
19.94135938 1790.0
19.952225820000002 1861.0
19.96309226 1853.0
19.973958699999997 1755.0
19.984825139999998 1816.0
19.99569158 1779.0
20.00655802 1890.0
20.01742446 1768.0
20.028290900000002 1830.0
20.03915734 1817.0
20.05002378 1843.0
20.060890219999997 1808.0
20.07175666 1870.0
20.0826231 1825.0
20.09348954 1763.0
20.10435598 1863.0
20.115222420000002 1811.0
20.12608886 1810.0
20.1369553 1822.0
20.147821739999998 1831.0
20.15868818 1738.0
20.16955462 1859.0
20.18042106 1788.0
20.1912875 1820.0
20.202153940000002 1747.0
20.21302038 1820.0
20.22388682 1835.0
20.234753259999998 1735.0
20.2456197 1848.0
20.25648614 1780.0
20.26735258 1828.0
20.27821902 1705.0
20.28908546 1765.0
20.2999519 1840.0
20.310818339999997 1735.0
20.32168478 1769.0
20.33255122 1743.0
20.34341766 1771.0
20.3542841 1803.0
20.365150540000002 1804.0
20.37601698 1733.0
20.38688342 1810.0
20.397749859999998 1731.0
20.4086163 1775.0
20.41948274 1817.0
20.43034918 1757.0
20.44121562 1766.0
20.452082060000002 1721.0
20.4629485 1746.0
20.47381494 1778.0
20.484681379999998 1772.0
20.49554782 1734.0
20.50641426 1893.0
20.5172807 1765.0
20.52814714 1779.0
20.539013580000002 1733.0
20.54988002 1811.0
20.560746459999997 1745.0
20.571612899999998 1821.0
20.58247934 1801.0
20.59334578 1788.0
20.60421222 1872.0
20.61507866 1840.0
20.6259451 1893.0
20.63681154 1815.0
20.647677979999997 1839.0
20.65854442 1853.0
20.66941086 1866.0
20.6802773 1874.0
20.69114374 1834.0
20.702010180000002 1910.0
20.71287662 1856.0
20.72374306 1833.0
20.734609499999998 1895.0
20.74547594 1822.0
20.75634238 1882.0
20.76720882 1918.0
20.77807526 1902.0
20.788941700000002 1777.0
20.79980814 1841.0
20.81067458 1846.0
20.821541019999998 1898.0
20.83240746 1903.0
20.8432739 1989.0
20.85414034 1994.0
20.86500678 1869.0
20.87587322 2017.0
20.88673966 2031.0
20.897606099999997 1986.0
20.908472539999998 2055.0
20.91933898 2109.0
20.93020542 2087.0
20.94107186 2033.0
20.951938300000002 2100.0
20.96280474 2091.0
20.97367118 2079.0
20.984537619999998 2113.0
20.99540406 2140.0
21.0062705 2195.0
21.01713694 2203.0
21.02800338 2205.0
21.038869820000002 2262.0
21.04973626 2307.0
21.0606027 2413.0
21.071469139999998 2401.0
21.08233558 2460.0
21.09320202 2587.0
21.10406846 2721.0
21.1149349 2671.0
21.125801340000002 2785.0
21.13666778 2912.0
21.147534219999997 2971.0
21.158400659999998 3189.0
21.1692671 3416.0
21.18013354 3524.0
21.19099998 3851.0
21.20186642 4064.0
21.21273286 4255.0
21.2235993 4455.0
21.234465739999997 4669.0
21.24533218 4918.0
21.25619862 5295.0
21.26706506 5693.0
21.2779315 5913.0
21.288797940000002 6393.0
21.29966438 6577.0
21.31053082 7231.0
21.321397259999998 7360.0
21.3322637 7730.0
21.34313014 8153.0
21.35399658 8278.0
21.36486302 8846.0
21.375729460000002 9129.0
21.3865959 9534.0
21.39746234 9715.0
21.408328779999998 9991.0
21.41919522 10186.0
21.43006166 10253.0
21.4409281 10726.0
21.45179454 11044.0
21.46266098 10895.0
21.47352742 11258.0
21.484393859999997 11332.0
21.495260299999998 11360.0
21.50612674 11412.0
21.51699318 11557.0
21.52785962 11577.0
21.538726060000002 11297.0
21.5495925 11128.0
21.56045894 11077.0
21.571325379999998 10501.0
21.58219182 10369.0
21.59305826 9778.0
21.6039247 9380.0
21.61479114 8919.0
21.625657580000002 8470.0
21.63652402 7780.0
21.64739046 7272.0
21.658256899999998 6763.0
21.66912334 6247.0
21.67998978 5939.0
21.69085622 5432.0
21.70172266 5000.0
21.712589100000002 4806.0
21.72345554 4382.0
21.734321979999997 4240.0
21.745188419999998 3936.0
21.75605486 3767.0
21.7669213 3649.0
21.77778774 3397.0
21.78865418 3241.0
21.79952062 3212.0
21.81038706 2866.0
21.821253499999997 2956.0
21.83211994 2778.0
21.84298638 2745.0
21.85385282 2638.0
21.86471926 2582.0
21.875585700000002 2487.0
21.88645214 2412.0
21.89731858 2470.0
21.908185019999998 2314.0
21.91905146 2212.0
21.9299179 2114.0
21.94078434 2258.0
21.95165078 2214.0
21.962517220000002 2047.0
21.97338366 2119.0
21.9842501 1991.0
21.995116539999998 2068.0
22.00598298 1999.0
22.01684942 2032.0
22.02771586 2018.0
22.0385823 1919.0
22.04944874 1987.0
22.06031518 1993.0
22.071181619999997 1883.0
22.082048059999998 1901.0
22.0929145 1906.0
22.10378094 1890.0
22.11464738 1948.0
22.125513820000002 1794.0
22.13638026 1978.0
22.1472467 1890.0
22.158113139999998 1880.0
22.16897958 1865.0
22.17984602 1801.0
22.19071246 1840.0
22.2015789 1688.0
22.212445340000002 1794.0
22.22331178 1836.0
22.23417822 1778.0
22.245044659999998 1840.0
22.2559111 1806.0
22.26677754 1798.0
22.27764398 1842.0
22.28851042 1796.0
22.299376860000002 1755.0
22.3102433 1798.0
22.321109739999997 1858.0
22.331976179999998 1802.0
22.34284262 1840.0
22.35370906 1722.0
22.3645755 1785.0
22.37544194 1762.0
22.38630838 1705.0
22.39717482 1723.0
22.408041259999997 1789.0
22.4189077 1714.0
22.42977414 1743.0
22.44064058 1755.0
22.45150702 1838.0
22.462373460000002 1759.0
22.4732399 1805.0
22.48410634 1753.0
22.494972779999998 1782.0
22.50583922 1829.0
22.51670566 1817.0
22.5275721 1765.0
22.53843854 1783.0
22.549304980000002 1869.0
22.56017142 1816.0
22.57103786 1784.0
22.581904299999998 1770.0
22.59277074 1782.0
22.60363718 1798.0
22.61450362 1820.0
22.62537006 1724.0
22.6362365 1788.0
22.64710294 1711.0
22.657969379999997 1738.0
22.668835819999998 1730.0
22.67970226 1714.0
22.6905687 1718.0
22.70143514 1602.0
22.712301580000002 1783.0
22.72316802 1770.0
22.73403446 1705.0
22.744900899999998 1816.0
22.75576734 1769.0
22.76663378 1688.0
22.77750022 1778.0
22.78836666 1814.0
22.799233100000002 1792.0
22.81009954 1701.0
22.82096598 1702.0
22.831832419999998 1741.0
22.84269886 1731.0
22.8535653 1712.0
22.86443174 1779.0
22.87529818 1675.0
22.886164620000002 1810.0
22.89703106 1747.0
22.907897499999997 1687.0
22.918763939999998 1833.0
22.92963038 1800.0
22.94049682 1859.0
22.95136326 1684.0
22.9622297 1714.0
22.97309614 1757.0
22.98396258 1793.0
22.994829019999997 1763.0
23.00569546 1740.0
23.0165619 1741.0
23.02742834 1837.0
23.03829478 1715.0
23.049161220000002 1786.0
23.06002766 1739.0
23.0708941 1817.0
23.081760539999998 1776.0
23.09262698 1786.0
23.10349342 1824.0
23.11435986 1827.0
23.1252263 1847.0
23.136092740000002 1779.0
23.14695918 1790.0
23.15782562 1856.0
23.168692059999998 1841.0
23.1795585 1803.0
23.19042494 1845.0
23.20129138 1918.0
23.21215782 1977.0
23.22302426 1926.0
23.2338907 1992.0
23.244757139999997 2017.0
23.255623579999998 1968.0
23.26649002 1978.0
23.27735646 2025.0
23.2882229 2061.0
23.299089340000002 2130.0
23.30995578 2198.0
23.32082222 2239.0
23.331688659999998 2351.0
23.3425551 2352.0
23.35342154 2469.0
23.36428798 2407.0
23.37515442 2446.0
23.386020860000002 2414.0
23.3968873 2595.0
23.40775374 2747.0
23.418620179999998 2723.0
23.42948662 2728.0
23.44035306 2845.0
23.4512195 2890.0
23.46208594 2907.0
23.472952380000002 3096.0
23.48381882 3018.0
23.494685259999997 3169.0
23.505551699999998 3248.0
23.51641814 3203.0
23.52728458 3240.0
23.53815102 3361.0
23.54901746 3332.0
23.5598839 3346.0
23.57075034 3359.0
23.581616779999997 3393.0
23.59248322 3594.0
23.60334966 3365.0
23.6142161 3463.0
23.62508254 3334.0
23.635948980000002 3456.0
23.64681542 3357.0
23.65768186 3304.0
23.668548299999998 3251.0
23.67941474 3094.0
23.69028118 3211.0
23.70114762 3085.0
23.71201406 3111.0
23.722880500000002 3006.0
23.73374694 2907.0
23.74461338 2939.0
23.755479819999998 2737.0
23.76634626 2735.0
23.7772127 2644.0
23.78807914 2601.0
23.79894558 2571.0
23.80981202 2446.0
23.82067846 2492.0
23.831544899999997 2379.0
23.842411339999998 2307.0
23.85327778 2314.0
23.86414422 2331.0
23.87501066 2285.0
23.885877100000002 2251.0
23.89674354 2240.0
23.90760998 2314.0
23.918476419999998 2312.0
23.92934286 2263.0
23.9402093 2200.0
23.95107574 2331.0
23.96194218 2296.0
23.972808620000002 2295.0
23.98367506 2395.0
23.9945415 2375.0
24.005407939999998 2364.0
24.01627438 2349.0
24.02714082 2339.0
24.03800726 2442.0
24.0488737 2586.0
24.059740140000002 2625.0
24.07060658 2677.0
24.081473019999997 2652.0
24.092339459999998 2717.0
24.1032059 2681.0
24.11407234 2752.0
24.12493878 2723.0
24.13580522 2833.0
24.14667166 2915.0
24.1575381 2911.0
24.168404539999997 2886.0
24.17927098 3029.0
24.19013742 2956.0
24.20100386 2981.0
24.2118703 3032.0
24.222736740000002 2839.0
24.23360318 2994.0
24.24446962 2976.0
24.255336059999998 2971.0
24.2662025 3031.0
24.27706894 3063.0
24.28793538 2963.0
24.29880182 2972.0
24.309668260000002 2860.0
24.3205347 2957.0
24.33140114 2839.0
24.342267579999998 2886.0
24.35313402 2788.0
24.36400046 2816.0
24.3748669 2752.0
24.38573334 2639.0
24.39659978 2667.0
24.40746622 2668.0
24.418332659999997 2630.0
24.429199099999998 2558.0
24.44006554 2660.0
24.45093198 2545.0
24.46179842 2784.0
24.472664860000002 2588.0
24.4835313 2625.0
24.49439774 2701.0
24.505264179999998 2630.0
24.51613062 2575.0
24.52699706 2634.0
24.5378635 2672.0
24.54872994 2603.0
24.559596380000002 2660.0
24.57046282 2650.0
24.58132926 2654.0
24.592195699999998 2679.0
24.60306214 2568.0
24.61392858 2511.0
24.62479502 2618.0
24.63566146 2550.0
24.646527900000002 2644.0
24.65739434 2421.0
24.668260779999997 2584.0
24.679127219999998 2385.0
24.68999366 2283.0
24.7008601 2456.0
24.71172654 2381.0
24.72259298 2345.0
24.73345942 2326.0
24.74432586 2358.0
24.755192299999997 2204.0
24.76605874 2308.0
24.77692518 2184.0
24.78779162 2145.0
24.79865806 2066.0
24.809524500000002 2010.0
24.82039094 2032.0
24.83125738 2040.0
24.842123819999998 1923.0
24.85299026 1896.0
24.8638567 1974.0
24.87472314 1877.0
24.88558958 1970.0
24.896456020000002 1884.0
24.90732246 1889.0
24.9181889 1814.0
24.929055339999998 1827.0
24.93992178 1928.0
24.95078822 1820.0
24.96165466 1734.0
24.9725211 1654.0
24.98338754 1721.0
24.99425398 1702.0
25.005120419999997 1743.0
25.015986859999998 1761.0
25.0268533 1724.0
25.03771974 1785.0
25.04858618 1702.0
25.059452620000002 1761.0
25.07031906 1683.0
25.0811855 1671.0
25.092051939999998 1693.0
25.10291838 1683.0
25.11378482 1716.0
25.12465126 1659.0
25.1355177 1690.0
25.146384140000002 1704.0
25.15725058 1714.0
25.16811702 1632.0
25.178983459999998 1615.0
25.1898499 1651.0
25.20071634 1569.0
25.21158278 1689.0
25.22244922 1725.0
25.233315660000002 1627.0
25.2441821 1653.0
25.255048539999997 1660.0
25.265914979999998 1669.0
25.27678142 1646.0
25.28764786 1698.0
25.2985143 1618.0
25.30938074 1623.0
25.32024718 1549.0
25.33111362 1667.0
25.341980059999997 1639.0
25.3528465 1560.0
25.36371294 1634.0
25.37457938 1655.0
25.38544582 1547.0
25.396312260000002 1586.0
25.4071787 1625.0
25.41804514 1528.0
25.428911579999998 1678.0
25.43977802 1623.0
25.45064446 1591.0
25.4615109 1581.0
25.47237734 1587.0
25.483243780000002 1599.0
25.49411022 1695.0
25.50497666 1586.0
25.515843099999998 1592.0
25.52670954 1701.0
25.53757598 1623.0
25.54844242 1640.0
25.55930886 1625.0
25.5701753 1595.0
25.58104174 1597.0
25.591908179999997 1514.0
25.602774619999998 1587.0
25.61364106 1658.0
25.6245075 1638.0
25.63537394 1550.0
25.646240380000002 1599.0
25.65710682 1581.0
25.66797326 1548.0
25.678839699999997 1552.0
25.68970614 1593.0
25.70057258 1588.0
25.71143902 1602.0
25.72230546 1598.0
25.733171900000002 1599.0
25.74403834 1578.0
25.75490478 1543.0
25.765771219999998 1545.0
25.77663766 1528.0
25.7875041 1624.0
25.79837054 1540.0
25.80923698 1603.0
25.820103420000002 1654.0
25.83096986 1615.0
25.841836299999997 1586.0
25.852702739999998 1591.0
25.86356918 1615.0
25.87443562 1534.0
25.88530206 1584.0
25.8961685 1511.0
25.90703494 1551.0
25.91790138 1650.0
25.928767819999997 1581.0
25.93963426 1629.0
25.9505007 1579.0
25.96136714 1524.0
25.97223358 1608.0
25.983100020000002 1508.0
25.99396646 1598.0
26.0048329 1451.0
26.015699339999998 1465.0
26.02656578 1645.0
26.03743222 1620.0
26.04829866 1573.0
26.0591651 1555.0
26.070031540000002 1633.0
26.080897980000003 1574.0
26.091764419999997 1541.0
26.102630859999998 1552.0
26.1134973 1562.0
26.12436374 1605.0
26.13523018 1537.0
26.14609662 1604.0
26.156963060000002 1558.0
26.167829499999996 1550.0
26.178695939999997 1568.0
26.189562379999998 1560.0
26.20042882 1568.0
26.21129526 1566.0
26.2221617 1496.0
26.233028140000002 1685.0
26.243894580000003 1514.0
26.254761019999997 1654.0
26.265627459999997 1553.0
26.2764939 1611.0
26.28736034 1571.0
26.29822678 1510.0
26.30909322 1599.0
26.319959660000002 1552.0
26.330826100000003 1619.0
26.341692539999997 1594.0
26.352558979999998 1588.0
26.36342542 1539.0
26.37429186 1555.0
26.3851583 1523.0
26.39602474 1597.0
26.406891180000002 1520.0
26.417757619999996 1477.0
26.428624059999997 1577.0
26.439490499999998 1555.0
26.45035694 1562.0
26.46122338 1567.0
26.47208982 1494.0
26.48295626 1558.0
26.493822700000003 1577.0
26.504689139999996 1610.0
26.515555579999997 1622.0
26.52642202 1642.0
26.53728846 1515.0
26.5481549 1548.0
26.55902134 1549.0
26.569887780000002 1582.0
26.580754220000003 1481.0
26.591620659999997 1620.0
26.602487099999998 1539.0
26.61335354 1544.0
26.62421998 1608.0
26.63508642 1589.0
26.64595286 1475.0
26.656819300000002 1592.0
26.667685740000003 1475.0
26.678552179999997 1515.0
26.689418619999998 1540.0
26.70028506 1593.0
26.7111515 1548.0
26.72201794 1608.0
26.73288438 1534.0
26.743750820000002 1512.0
26.754617259999996 1550.0
26.765483699999997 1547.0
26.776350139999998 1582.0
26.78721658 1552.0
26.79808302 1566.0
26.80894946 1558.0
26.819815900000002 1546.0
26.830682340000003 1531.0
26.841548779999997 1497.0
26.852415219999997 1559.0
26.86328166 1548.0
26.8741481 1613.0
26.88501454 1539.0
26.89588098 1471.0
26.906747420000002 1485.0
26.917613860000003 1513.0
26.928480299999997 1565.0
26.939346739999998 1585.0
26.95021318 1619.0
26.96107962 1566.0
26.97194606 1575.0
26.9828125 1545.0
26.993678940000002 1582.0
27.004545379999996 1649.0
27.015411819999997 1618.0
27.026278259999998 1606.0
27.0371447 1520.0
27.04801114 1563.0
27.05887758 1619.0
27.06974402 1586.0
27.080610460000003 1595.0
27.091476899999996 1647.0
27.102343339999997 1617.0
27.11320978 1502.0
27.12407622 1525.0
27.13494266 1594.0
27.1458091 1489.0
27.156675540000002 1566.0
27.167541980000003 1494.0
27.178408419999997 1574.0
27.189274859999998 1590.0
27.2001413 1535.0
27.21100774 1656.0
27.22187418 1558.0
27.23274062 1587.0
27.243607060000002 1637.0
27.254473500000003 1646.0
27.265339939999997 1575.0
27.276206379999998 1558.0
27.28707282 1668.0
27.29793926 1667.0
27.3088057 1633.0
27.31967214 1569.0
27.330538580000002 1573.0
27.341405019999996 1588.0
27.352271459999997 1609.0
27.363137899999998 1636.0
27.37400434 1684.0
27.38487078 1630.0
27.39573722 1581.0
27.406603660000002 1715.0
27.417470100000003 1668.0
27.428336539999997 1664.0
27.439202979999997 1609.0
27.45006942 1651.0
27.46093586 1664.0
27.4718023 1681.0
27.48266874 1701.0
27.493535180000002 1665.0
27.504401620000003 1658.0
27.515268059999997 1707.0
27.526134499999998 1744.0
27.53700094 1764.0
27.54786738 1702.0
27.55873382 1679.0
27.56960026 1652.0
27.580466700000002 1704.0
27.591333139999996 1769.0
27.602199579999997 1763.0
27.613066019999998 1678.0
27.62393246 1800.0
27.6347989 1831.0
27.64566534 1792.0
27.65653178 1869.0
27.667398220000003 1774.0
27.678264659999996 1863.0
27.689131099999997 1891.0
27.69999754 1899.0
27.71086398 1859.0
27.72173042 1904.0
27.73259686 1926.0
27.743463300000002 1877.0
27.754329740000003 1866.0
27.765196179999997 1929.0
27.776062619999998 1890.0
27.78692906 2018.0
27.7977955 2021.0
27.80866194 2104.0
27.81952838 2017.0
27.830394820000002 2061.0
27.841261260000003 2200.0
27.852127699999997 2138.0
27.862994139999998 2219.0
27.87386058 2353.0
27.88472702 2311.0
27.89559346 2319.0
27.9064599 2422.0
27.917326340000002 2467.0
27.928192779999996 2492.0
27.939059219999997 2517.0
27.949925659999998 2667.0
27.9607921 2680.0
27.97165854 2763.0
27.98252498 2850.0
27.993391420000002 3008.0
28.004257860000003 3278.0
28.015124299999997 3282.0
28.025990739999997 3368.0
28.03685718 3570.0
28.04772362 3673.0
28.05859006 3937.0
28.0694565 4063.0
28.080322940000002 4220.0
28.091189380000003 4513.0
28.102055819999997 4795.0
28.112922259999998 5018.0
28.1237887 5314.0
28.13465514 5535.0
28.14552158 5732.0
28.15638802 5905.0
28.167254460000002 6277.0
28.178120899999996 6566.0
28.188987339999997 6934.0
28.199853779999998 7191.0
28.21072022 7343.0
28.22158666 7730.0
28.2324531 7814.0
28.24331954 7984.0
28.254185980000003 8371.0
28.265052419999996 8511.0
28.275918859999997 8775.0
28.2867853 8803.0
28.29765174 9163.0
28.30851818 9080.0
28.31938462 9265.0
28.330251060000002 9381.0
28.341117500000003 9510.0
28.351983939999997 9644.0
28.362850379999998 9522.0
28.37371682 9390.0
28.38458326 9336.0
28.3954497 9364.0
28.40631614 9082.0
28.417182580000002 8906.0
28.428049020000003 8832.0
28.438915459999997 8348.0
28.449781899999998 8209.0
28.46064834 7840.0
28.47151478 7592.0
28.48238122 7103.0
28.49324766 6918.0
28.504114100000002 6496.0
28.514980539999996 6155.0
28.525846979999997 5947.0
28.536713419999998 5595.0
28.54757986 5238.0
28.5584463 4910.0
28.56931274 4778.0
28.580179180000002 4544.0
28.591045620000003 4339.0
28.601912059999997 4054.0
28.612778499999997 3952.0
28.62364494 3863.0
28.63451138 3612.0
28.64537782 3522.0
28.65624426 3325.0
28.667110700000002 3214.0
28.677977140000003 3129.0
28.688843579999997 2972.0
28.699710019999998 2879.0
28.71057646 2830.0
28.7214429 2769.0
28.73230934 2765.0
28.74317578 2687.0
28.754042220000002 2532.0
28.764908659999996 2520.0
28.775775099999997 2479.0
28.786641539999998 2535.0
28.79750798 2335.0
28.80837442 2320.0
28.81924086 2294.0
28.8301073 2300.0
28.840973740000003 2319.0
28.851840179999996 2179.0
28.862706619999997 2165.0
28.87357306 2166.0
28.8844395 2119.0
28.89530594 2079.0
28.90617238 2093.0
28.917038820000002 2083.0
28.927905260000003 2092.0
28.938771699999997 2059.0
28.949638139999998 2056.0
28.96050458 2015.0
28.97137102 2012.0
28.98223746 2045.0
28.9931039 1996.0
29.003970340000002 2052.0
29.014836780000003 1953.0
29.025703219999997 1948.0
29.036569659999998 2031.0
29.0474361 2019.0
29.05830254 2005.0
29.06916898 1993.0
29.08003542 2009.0
29.090901860000002 1963.0
29.101768299999996 2017.0
29.112634739999997 2079.0
29.123501179999998 1971.0
29.13436762 2061.0
29.14523406 1989.0
29.1561005 1979.0
29.166966940000002 1996.0
29.177833380000003 2109.0
29.188699819999997 2104.0
29.199566259999997 2190.0
29.2104327 2145.0
29.22129914 2187.0
29.23216558 2228.0
29.24303202 2330.0
29.253898460000002 2325.0
29.264764900000003 2300.0
29.275631339999997 2422.0
29.286497779999998 2417.0
29.29736422 2494.0
29.30823066 2651.0
29.3190971 2682.0
29.32996354 2776.0
29.340829980000002 2796.0
29.351696419999996 2884.0
29.362562859999997 3037.0
29.373429299999998 3043.0
29.38429574 3166.0
29.39516218 3318.0
29.40602862 3364.0
29.41689506 3471.0
29.427761500000003 3554.0
29.438627939999996 3712.0
29.449494379999997 3718.0
29.46036082 3837.0
29.47122726 3835.0
29.4820937 4050.0
29.49296014 4223.0
29.503826580000002 4391.0
29.514693020000003 4419.0
29.525559459999997 4451.0
29.536425899999998 4630.0
29.54729234 4649.0
29.55815878 4709.0
29.56902522 4819.0
29.57989166 4758.0
29.590758100000002 4801.0
29.601624540000003 4821.0
29.612490979999997 4820.0
29.623357419999998 4819.0
29.63422386 4854.0
29.6450903 4778.0
29.65595674 4706.0
29.66682318 4699.0
29.677689620000002 4603.0
29.688556059999996 4487.0
29.699422499999997 4508.0
29.710288939999998 4412.0
29.72115538 4190.0
29.73202182 4030.0
29.74288826 3951.0
29.7537547 3944.0
29.764621140000003 3751.0
29.775487579999997 3689.0
29.786354019999997 3546.0
29.79722046 3512.0
29.8080869 3293.0
29.81895334 3144.0
29.82981978 3138.0
29.840686220000002 3025.0
29.851552660000003 2951.0
29.862419099999997 2763.0
29.873285539999998 2827.0
29.88415198 2736.0
29.89501842 2618.0
29.90588486 2689.0
29.9167513 2494.0
29.927617740000002 2371.0
29.938484179999996 2534.0
29.949350619999997 2454.0
29.960217059999998 2373.0
29.9710835 2420.0
29.98194994 2363.0
29.99281638 2376.0
30.00368282 2314.0
30.014549260000003 2242.0
30.025415699999996 2264.0
30.036282139999997 2272.0
30.047148579999998 2310.0
30.05801502 2159.0
30.06888146 2200.0
30.0797479 2257.0
30.090614340000002 2180.0
30.101480780000003 2302.0
30.112347219999997 2107.0
30.123213659999998 2293.0
30.1340801 2313.0
30.14494654 2312.0
30.15581298 2134.0
30.16667942 2249.0
30.177545860000002 2199.0
30.188412300000003 2397.0
30.199278739999997 2299.0
30.210145179999998 2357.0
30.22101162 2394.0
30.23187806 2401.0
30.2427445 2367.0
30.25361094 2479.0
30.264477380000002 2469.0
30.275343819999996 2540.0
30.286210259999997 2634.0
30.297076699999998 2695.0
30.30794314 2707.0
30.31880958 2836.0
30.32967602 2834.0
30.34054246 2970.0
30.351408900000003 2983.0
30.362275339999997 3103.0
30.373141779999997 3074.0
30.38400822 3439.0
30.39487466 3385.0
30.4057411 3601.0
30.41660754 3907.0
30.427473980000002 3977.0
30.438340420000003 4132.0
30.449206859999997 4385.0
30.460073299999998 4566.0
30.47093974 4720.0
30.48180618 4991.0
30.49267262 5352.0
30.50353906 5511.0
30.514405500000002 5739.0
30.525271939999996 6029.0
30.536138379999997 6118.0
30.547004819999998 6842.0
30.55787126 7015.0
30.5687377 7207.0
30.57960414 7647.0
30.59047058 7922.0
30.601337020000003 8242.0
30.612203459999996 8586.0
30.623069899999997 9012.0
30.633936339999998 9181.0
30.64480278 9475.0
30.65566922 9689.0
30.66653566 10106.0
30.677402100000002 10395.0
30.688268540000003 10567.0
30.699134979999997 10829.0
30.710001419999998 11038.0
30.72086786 11174.0
30.7317343 11386.0
30.74260074 11462.0
30.75346718 11391.0
30.764333620000002 11590.0
30.775200060000003 11424.0
30.786066499999997 11498.0
30.796932939999998 11418.0
30.80779938 11465.0
30.81866582 11396.0
30.82953226 11169.0
30.8403987 10892.0
30.851265140000002 10678.0
30.862131579999996 10281.0
30.872998019999997 10055.0
30.883864459999998 9616.0
30.8947309 9223.0
30.90559734 8889.0
30.91646378 8296.0
30.92733022 7957.0
30.938196660000003 7669.0
30.949063099999996 7192.0
30.959929539999997 6886.0
30.97079598 6632.0
30.98166242 6249.0
30.99252886 6006.0
31.0033953 5676.0
31.014261740000002 5427.0
31.025128180000003 5160.0
31.035994619999997 5179.0
31.046861059999998 4908.0
31.0577275 4657.0
31.06859394 4633.0
31.07946038 4390.0
31.09032682 4268.0
31.101193260000002 4115.0
31.112059699999996 4106.0
31.122926139999997 4002.0
31.133792579999998 3880.0
31.14465902 4017.0
31.15552546 3814.0
31.1663919 3715.0
31.17725834 3845.0
31.188124780000003 3796.0
31.198991219999996 3686.0
31.209857659999997 3722.0
31.220724099999998 3800.0
31.23159054 3830.0
31.24245698 3839.0
31.25332342 3863.0
31.264189860000002 4027.0
31.275056300000003 4145.0
31.285922739999997 4148.0
31.296789179999998 4206.0
31.30765562 4400.0
31.31852206 4387.0
31.3293885 4559.0
31.34025494 4741.0
31.351121380000002 4942.0
31.361987820000003 5067.0
31.372854259999997 5355.0
31.383720699999998 5474.0
31.39458714 5508.0
31.40545358 5812.0
31.41632002 6089.0
31.42718646 6331.0
31.438052900000002 6732.0
31.448919339999996 6806.0
31.459785779999997 6983.0
31.470652219999998 7439.0
31.48151866 7616.0
31.4923851 8073.0
31.50325154 8212.0
31.51411798 8563.0
31.524984420000003 8941.0
31.535850859999996 9427.0
31.546717299999997 9488.0
31.55758374 10011.0
31.56845018 10204.0
31.57931662 10667.0
31.59018306 10787.0
31.601049500000002 11253.0
31.611915940000003 11490.0
31.622782379999997 11849.0
31.633648819999998 12369.0
31.64451526 12982.0
31.6553817 13129.0
31.66624814 13724.0
31.67711458 13961.0
31.687981020000002 14186.0
31.698847459999996 14452.0
31.709713899999997 14839.0
31.720580339999998 15297.0
31.73144678 15432.0
31.74231322 15715.0
31.75317966 16141.0
31.7640461 16680.0
31.774912540000003 16919.0
31.785778979999996 17251.0
31.796645419999997 17304.0
31.807511859999998 17443.0
31.8183783 17649.0
31.82924474 18167.0
31.84011118 18240.0
31.850977620000002 18360.0
31.861844060000003 18304.0
31.872710499999997 18936.0
31.883576939999998 18657.0
31.89444338 19101.0
31.90530982 19257.0
31.91617626 18922.0
31.9270427 18902.0
31.937909140000002 18896.0
31.948775580000003 18816.0
31.959642019999997 18653.0
31.970508459999998 18192.0
31.9813749 17912.0
31.99224134 17667.0
32.00310778 17410.0
32.01397422 16576.0
32.02484066 16014.0
32.035707099999996 15527.0
32.04657354 14823.0
32.05743998 14495.0
32.06830642 13458.0
32.07917286 13030.0
32.0900393 12327.0
32.10090574 11575.0
32.11177218 11017.0
32.12263862 10520.0
32.13350506 9832.0
32.1443715 9457.0
32.15523794 8951.0
32.16610438 8302.0
32.17697082 7903.0
32.18783726 7393.0
32.1987037 7022.0
32.20957014 6531.0
32.22043658 6374.0
32.23130302 5853.0
32.24216946 5543.0
32.2530359 5337.0
32.26390234 5216.0
32.27476878 4831.0
32.285635219999996 4592.0
32.29650166 4430.0
32.3073681 4354.0
32.31823454 3922.0
32.32910098 3884.0
32.33996742 3723.0
32.35083386 3532.0
32.3617003 3464.0
32.372566739999996 3278.0
32.38343318 3271.0
32.39429962 3182.0
32.40516606 3154.0
32.4160325 3000.0
32.42689894 2831.0
32.43776538 2862.0
32.44863182 2840.0
32.45949826 2739.0
32.4703647 2668.0
32.48123114 2544.0
32.49209758 2445.0
32.50296402 2444.0
32.51383046 2515.0
32.5246969 2462.0
32.53556334 2394.0
32.54642978 2303.0
32.55729622 2201.0
32.56816266 2287.0
32.5790291 2189.0
32.58989554 2315.0
32.60076198 2244.0
32.61162842 2138.0
32.622494859999996 2203.0
32.6333613 2174.0
32.64422774 2215.0
32.65509418 2054.0
32.66596062 2108.0
32.67682706 2089.0
32.6876935 2046.0
32.69855994 2006.0
32.70942638 1934.0
32.72029282 1898.0
32.73115926 2082.0
32.7420257 1913.0
32.75289214 1917.0
32.76375858 1875.0
32.77462502 1914.0
32.78549146 1935.0
32.7963579 1981.0
32.80722434 1952.0
32.81809078 1991.0
32.82895722 1965.0
32.83982366 1857.0
32.8506901 1773.0
32.86155654 1867.0
32.872422979999996 1920.0
32.88328942 1819.0
32.89415586 1829.0
32.9050223 1862.0
32.91588874 1837.0
32.92675518 1779.0
32.93762162 1830.0
32.94848806 1741.0
32.959354499999996 1851.0
32.97022094 1849.0
32.98108738 1853.0
32.99195382 1774.0
33.00282026 1779.0
33.0136867 1811.0
33.02455314 1718.0
33.03541958 1741.0
33.04628602 1760.0
33.05715246 1691.0
33.0680189 1791.0
33.07888534 1807.0
33.08975178 1792.0
33.10061822 1763.0
33.11148466 1725.0
33.1223511 1768.0
33.13321754 1720.0
33.14408398 1794.0
33.15495042 1736.0
33.16581686 1729.0
33.1766833 1745.0
33.18754974 1727.0
33.19841618 1785.0
33.209282619999996 1728.0
33.22014906 1713.0
33.2310155 1750.0
33.24188194 1746.0
33.25274838 1719.0
33.26361482 1794.0
33.27448126 1725.0
33.2853477 1651.0
33.29621414 1729.0
33.30708058 1650.0
33.31794702 1673.0
33.32881346 1757.0
33.3396799 1715.0
33.35054634 1690.0
33.36141278 1711.0
33.37227922 1715.0
33.38314566 1743.0
33.3940121 1713.0
33.40487854 1739.0
33.41574498 1688.0
33.42661142 1865.0
33.43747786 1744.0
33.4483443 1757.0
33.459210739999996 1699.0
33.47007718 1783.0
33.48094362 1698.0
33.49181006 1721.0
33.5026765 1758.0
33.51354294 1646.0
33.52440938 1781.0
33.53527582 1743.0
33.546142259999996 1708.0
33.5570087 1760.0
33.56787514 1811.0
33.57874158 1735.0
33.58960802 1786.0
33.60047446 1887.0
33.6113409 1766.0
33.62220734 1794.0
33.63307378 1822.0
33.64394022 1885.0
33.65480666 1835.0
33.6656731 1814.0
33.67653954 1923.0
33.68740598 1922.0
33.69827242 1916.0
33.70913886 1878.0
33.7200053 1975.0
33.73087174 1904.0
33.74173818 2016.0
33.75260462 1945.0
33.76347106 1995.0
33.7743375 2093.0
33.78520394 2075.0
33.796070379999996 2098.0
33.80693682 2160.0
33.81780326 2182.0
33.8286697 2222.0
33.83953614 2342.0
33.85040258 2478.0
33.86126902 2427.0
33.87213546 2390.0
33.8830019 2526.0
33.89386834 2570.0
33.90473478 2574.0
33.91560122 2649.0
33.92646766 2782.0
33.9373341 2960.0
33.94820054 3116.0
33.95906698 3096.0
33.96993342 3438.0
33.98079986 3566.0
33.9916663 3633.0
34.00253274 3801.0
34.01339918 3946.0
34.02426562 4201.0
34.03513206 4371.0
34.045998499999996 4533.0
34.05686494 4735.0
34.06773138 4939.0
34.07859782 5289.0
34.08946426 5262.0
34.1003307 5560.0
34.11119714 5690.0
34.12206358 5965.0
34.132930019999996 6260.0
34.14379646 6331.0
34.1546629 6453.0
34.16552934 6816.0
34.17639578 6968.0
34.18726222 7118.0
34.19812866 7297.0
34.2089951 7362.0
34.21986154 7555.0
34.23072798 7696.0
34.24159442 7921.0
34.25246086 7865.0
34.2633273 7883.0
34.27419374 7972.0
34.28506018 8035.0
34.29592662 7899.0
34.30679306 7967.0
34.3176595 7951.0
34.32852594 7815.0
34.33939238 7600.0
34.35025882 7660.0
34.36112526 7382.0
34.3719917 7300.0
34.382858139999996 7349.0
34.39372458 7071.0
34.40459102 6769.0
34.41545746 6613.0
34.4263239 6380.0
34.43719034 6134.0
34.44805678 5895.0
34.45892322 5703.0
34.469789659999996 5492.0
34.4806561 5108.0
34.49152254 4981.0
34.50238898 4867.0
34.51325542 4815.0
34.52412186 4685.0
34.5349883 4354.0
34.54585474 4180.0
34.55672118 4091.0
34.56758762 3994.0
34.57845406 3953.0
34.5893205 3776.0
34.60018694 3708.0
34.61105338 3601.0
34.62191982 3473.0
34.632786259999996 3411.0
34.6436527 3334.0
34.65451914 3113.0
34.66538558 3105.0
34.67625202 3045.0
34.68711846 2944.0
34.6979849 2775.0
34.70885134 2844.0
34.719717779999996 2525.0
34.73058422 2486.0
34.74145066 2428.0
34.7523171 2468.0
34.76318354 2326.0
34.77404998 2488.0
34.78491642 2353.0
34.79578286 2305.0
34.8066493 2319.0
34.81751574 2206.0
34.82838218 2136.0
34.83924862 2100.0
34.85011506 2063.0
34.8609815 2096.0
34.87184794 1969.0
34.88271438 1975.0
34.89358082 2005.0
34.90444726 1978.0
34.9153137 1930.0
34.92618014 1950.0
34.93704658 1889.0
34.94791302 1874.0
34.95877946 1821.0
34.969645899999996 1872.0
34.98051234 1881.0
34.99137878 1885.0
35.00224522 1792.0
35.01311166 1786.0
35.0239781 1827.0
35.03484454 1892.0
35.04571098 1856.0
35.056577419999996 1917.0
35.06744386 1811.0
35.0783103 1860.0
35.08917674 1895.0
35.10004318 1898.0
35.11090962 1923.0
35.12177606 1963.0
35.1326425 1823.0
35.14350894 2013.0
35.15437538 1980.0
35.16524182 1919.0
35.17610826 2056.0
35.1869747 2054.0
35.19784114 2115.0
35.20870758 2124.0
35.219574019999996 2115.0
35.23044046 2186.0
35.2413069 2283.0
35.25217334 2198.0
35.26303978 2251.0
35.27390622 2349.0
35.28477266 2447.0
35.2956391 2365.0
35.306505539999996 2386.0
35.31737198 2451.0
35.32823842 2457.0
35.33910486 2508.0
35.3499713 2604.0
35.36083774 2626.0
35.37170418 2622.0
35.38257062 2596.0
35.39343706 2756.0
35.4043035 2643.0
35.41516994 2680.0
35.42603638 2752.0
35.43690282 2695.0
35.44776926 2763.0
35.4586357 2768.0
35.46950214 2752.0
35.48036858 2679.0
35.49123502 2689.0
35.50210146 2785.0
35.5129679 2711.0
35.52383434 2671.0
35.53470078 2611.0
35.54556722 2613.0
35.556433659999996 2554.0
35.5673001 2446.0
35.57816654 2471.0
35.58903298 2467.0
35.59989942 2395.0
35.61076586 2323.0
35.6216323 2264.0
35.63249874 2217.0
35.643365179999996 2325.0
35.65423162 2229.0
35.66509806 2131.0
35.6759645 2053.0
35.68683094 2113.0
35.69769738 2045.0
35.70856382 2026.0
35.71943026 2034.0
35.7302967 2046.0
35.74116314 1996.0
35.75202958 1994.0
35.76289602 1828.0
35.77376246 1925.0
35.7846289 1933.0
35.79549534 1940.0
35.806361779999996 1939.0
35.81722822 1916.0
35.82809466 2069.0
35.8389611 1956.0
35.84982754 1984.0
35.86069398 2128.0
35.87156042 2012.0
35.88242686 2125.0
35.893293299999996 2209.0
35.90415974 2204.0
35.91502618 2364.0
35.92589262 2351.0
35.93675906 2389.0
35.9476255 2456.0
35.95849194 2524.0
35.96935838 2600.0
35.98022482 2695.0
35.99109126 2838.0
36.0019577 2907.0
36.01282414 3105.0
36.02369058 3102.0
36.03455702 3302.0
36.04542346 3361.0
36.0562899 3449.0
36.06715634 3621.0
36.07802278 3668.0
36.08888922 3792.0
36.09975566 4051.0
36.1106221 4122.0
36.12148854 4081.0
36.13235498 4293.0
36.143221419999996 4350.0
36.15408786 4550.0
36.1649543 4541.0
36.17582074 4682.0
36.18668718 4667.0
36.19755362 4714.0
36.20842006 4754.0
36.2192865 4902.0
36.230152939999996 4856.0
36.24101938 4917.0
36.25188582 4861.0
36.26275226 4796.0
36.2736187 4914.0
36.28448514 4678.0
36.29535158 4798.0
36.30621802 4565.0
36.31708446 4431.0
36.3279509 4142.0
36.33881734 4094.0
36.34968378 3993.0
36.36055022 4037.0
36.37141666 3665.0
36.3822831 3530.0
36.393149539999996 3388.0
36.40401598 3188.0
36.41488242 3161.0
36.42574886 3041.0
36.4366153 2848.0
36.44748174 2758.0
36.45834818 2723.0
36.46921462 2510.0
36.480081059999996 2546.0
36.4909475 2394.0
36.50181394 2377.0
36.51268038 2248.0
36.52354682 2193.0
36.53441326 2142.0
36.5452797 2161.0
36.55614614 2210.0
36.56701258 2014.0
36.57787902 2059.0
36.58874546 2012.0
36.5996119 2038.0
36.61047834 1989.0
36.62134478 1935.0
36.63221122 2004.0
36.64307766 1985.0
36.6539441 2048.0
36.66481054 2036.0
36.67567698 2020.0
36.68654342 2077.0
36.69740986 2048.0
36.7082763 2105.0
36.71914274 2039.0
36.730009179999996 2215.0
36.74087562 2121.0
36.75174206 2222.0
36.7626085 2391.0
36.77347494 2260.0
36.78434138 2529.0
36.79520782 2447.0
36.80607426 2629.0
36.816940699999996 2795.0
36.82780714 2876.0
36.83867358 2990.0
36.84954002 3008.0
36.86040646 3177.0
36.8712729 3299.0
36.88213934 3296.0
36.89300578 3586.0
36.90387222 3706.0
36.91473866 3930.0
36.9256051 3966.0
36.93647154 4079.0
36.94733798 4285.0
36.95820442 4428.0
36.96907086 4465.0
36.979937299999996 4697.0
36.99080374 4877.0
37.00167018 5033.0
37.01253662 5047.0
37.02340306 5237.0
37.0342695 5241.0
37.04513594 5227.0
37.05600238 5420.0
37.066868819999996 5587.0
37.07773526 5522.0
37.0886017 5674.0
37.09946814 5607.0
37.11033458 5762.0
37.12120102 5767.0
37.13206746 5751.0
37.1429339 5733.0
37.15380034 5661.0
37.16466678 5588.0
37.17553322 5644.0
37.18639966 5524.0
37.1972661 5335.0
37.20813254 5261.0
37.21899898 5203.0
37.22986542 5008.0
37.24073186 4687.0
37.2515983 4442.0
37.26246474 4497.0
37.27333118 4143.0
37.28419762 4000.0
37.29506406 3876.0
37.3059305 3667.0
37.316796939999996 3435.0
37.32766338 3276.0
37.33852982 3156.0
37.34939626 3101.0
37.3602627 2883.0
37.37112914 2870.0
37.38199558 2645.0
37.39286202 2535.0
37.403728459999996 2495.0
37.4145949 2391.0
37.42546134 2325.0
37.43632778 2231.0
37.44719422 2133.0
37.45806066 2067.0
37.4689271 1944.0
37.47979354 1923.0
37.49065998 1894.0
37.50152642 1847.0
37.51239286 1863.0
37.5232593 1744.0
37.53412574 1748.0
37.54499218 1780.0
37.55585862 1679.0
37.566725059999996 1712.0
37.5775915 1579.0
37.58845794 1668.0
37.59932438 1564.0
37.61019082 1625.0
37.62105726 1618.0
37.6319237 1518.0
37.64279014 1550.0
37.653656579999996 1516.0
37.66452302 1503.0
37.67538946 1481.0
37.6862559 1576.0
37.69712234 1391.0
37.70798878 1471.0
37.71885522 1459.0
37.72972166 1506.0
37.7405881 1508.0
37.75145454 1396.0
37.76232098 1352.0
37.77318742 1526.0
37.78405386 1388.0
37.7949203 1426.0
37.80578674 1432.0
37.81665318 1411.0
37.82751962 1393.0
37.83838606 1381.0
37.8492525 1393.0
37.86011894 1401.0
37.87098538 1359.0
37.88185182 1408.0
37.89271826 1404.0
37.903584699999996 1443.0
37.91445114 1342.0
37.92531758 1344.0
37.93618402 1404.0
37.94705046 1399.0
37.9579169 1398.0
37.96878334 1405.0
37.97964978 1385.0
37.990516219999996 1389.0
38.00138266 1394.0
38.0122491 1407.0
38.02311554 1407.0
38.03398198 1361.0
38.04484842 1385.0
38.05571486 1375.0
38.0665813 1348.0
38.07744774 1349.0
38.08831418 1423.0
38.09918062 1329.0
38.11004706 1360.0
38.1209135 1371.0
38.13177994 1378.0
38.14264638 1409.0
38.153512819999996 1353.0
38.16437926 1347.0
38.1752457 1381.0
38.18611214 1323.0
38.19697858 1343.0
38.20784502 1369.0
38.21871146 1323.0
38.2295779 1330.0
38.240444339999996 1385.0
38.25131078 1440.0
38.26217722 1353.0
38.27304366 1377.0
38.2839101 1347.0
38.29477654 1386.0
38.30564298 1379.0
38.31650942 1346.0
38.32737586 1333.0
38.3382423 1435.0
38.34910874 1376.0
38.35997518 1447.0
38.37084162 1461.0
38.38170806 1345.0
38.3925745 1473.0
38.40344094 1391.0
38.41430738 1433.0
38.42517382 1438.0
38.43604026 1501.0
38.4469067 1506.0
38.45777314 1473.0
38.46863958 1518.0
38.47950602 1541.0
38.490372459999996 1535.0
38.5012389 1654.0
38.51210534 1481.0
38.52297178 1537.0
38.53383822 1574.0
38.54470466 1585.0
38.5555711 1675.0
38.56643754 1604.0
38.577303979999996 1604.0
38.58817042 1620.0
38.59903686 1724.0
38.6099033 1664.0
38.62076974 1652.0
38.63163618 1721.0
38.64250262 1665.0
38.65336906 1664.0
38.6642355 1756.0
38.67510194 1706.0
38.68596838 1817.0
38.69683482 1773.0
38.70770126 1732.0
38.7185677 1823.0
38.72943414 1707.0
38.740300579999996 1817.0
38.75116702 1806.0
38.76203346 1808.0
38.7728999 1817.0
38.78376634 1819.0
38.79463278 1680.0
38.80549922 1760.0
38.81636566 1677.0
38.827232099999996 1789.0
38.83809854 1642.0
38.84896498 1684.0
38.85983142 1598.0
38.87069786 1652.0
38.8815643 1569.0
38.89243074 1642.0
38.90329718 1540.0
38.91416362 1531.0
38.92503006 1564.0
38.9358965 1538.0
38.94676294 1510.0
38.95762938 1456.0
38.96849582 1516.0
38.97936226 1463.0
38.9902287 1475.0
39.00109514 1550.0
39.01196158 1511.0
39.02282802 1488.0
39.03369446 1489.0
39.0445609 1490.0
39.05542734 1497.0
39.06629378 1446.0
39.077160219999996 1446.0
39.08802666 1479.0
39.0988931 1478.0
39.10975954 1472.0
39.12062598 1438.0
39.13149242 1491.0
39.14235886 1448.0
39.1532253 1468.0
39.164091739999996 1438.0
39.17495818 1445.0
39.18582462 1541.0
39.19669106 1466.0
39.2075575 1488.0
39.21842394 1377.0
39.22929038 1507.0
39.24015682 1489.0
39.25102326 1437.0
39.2618897 1537.0
39.27275614 1508.0
39.28362258 1521.0
39.29448902 1557.0
39.30535546 1561.0
39.3162219 1624.0
39.327088339999996 1706.0
39.33795478 1608.0
39.34882122 1707.0
39.35968766 1697.0
39.3705541 1807.0
39.38142054 1739.0
39.39228698 1876.0
39.40315342 1886.0
39.414019859999996 1997.0
39.4248863 2046.0
39.43575274 2076.0
39.44661918 2252.0
39.45748562 2282.0
39.46835206 2299.0
39.4792185 2339.0
39.49008494 2558.0
39.50095138 2434.0
39.51181782 2680.0
39.52268426 2721.0
39.5335507 2838.0
39.54441714 2979.0
39.55528358 3063.0
39.56615002 3210.0
39.57701646 3251.0
39.5878829 3342.0
39.59874934 3417.0
39.60961578 3541.0
39.62048222 3744.0
39.63134866 3841.0
39.6422151 3762.0
39.65308154 3851.0
39.663947979999996 3884.0
39.67481442 4079.0
39.68568086 4094.0
39.6965473 4238.0
39.70741374 4051.0
39.71828018 4163.0
39.72914662 4222.0
39.74001306 4239.0
39.750879499999996 4260.0
39.76174594 4407.0
39.77261238 4400.0
39.78347882 4342.0
39.79434526 4278.0
39.8052117 4240.0
39.81607814 4100.0
39.82694458 4143.0
39.83781102 4118.0
39.84867746 3857.0
39.8595439 3809.0
39.87041034 3854.0
39.88127678 3607.0
39.89214322 3730.0
39.90300966 3740.0
39.913876099999996 3582.0
39.92474254 3593.0
39.93560898 3541.0
39.94647542 3376.0
39.95734186 3461.0
39.9682083 3276.0
39.97907474 3370.0
39.98994118 3331.0
40.000807619999996 3298.0
40.01167406 3275.0
40.0225405 3209.0
40.03340694 3281.0
40.04427338 3188.0
40.05513982 3174.0
40.06600626 3117.0
40.0768727 3085.0
40.08773914 3094.0
40.09860558 3071.0
40.10947202 2963.0
40.12033846 2997.0
40.1312049 2985.0
40.14207134 2946.0
40.15293778 2944.0
40.16380422 2652.0
40.17467066 2779.0
40.1855371 2697.0
40.19640354 2698.0
40.20726998 2561.0
40.21813642 2563.0
40.22900286 2324.0
40.2398693 2404.0
40.250735739999996 2268.0
40.26160218 2241.0
40.27246862 2093.0
40.28333506 2112.0
40.2942015 2032.0
40.30506794 2055.0
40.31593438 1955.0
40.32680082 1892.0
40.337667259999996 1833.0
40.3485337 1870.0
40.35940014 1748.0
40.37026658 1714.0
40.38113302 1650.0
40.39199946 1625.0
40.4028659 1583.0
40.41373234 1593.0
40.42459878 1653.0
40.43546522 1611.0
40.44633166 1621.0
40.4571981 1564.0
40.46806454 1563.0
40.47893098 1643.0
40.48979742 1619.0
40.500663859999996 1556.0
40.5115303 1569.0
40.52239674 1574.0
40.53326318 1593.0
40.54412962 1610.0
40.55499606 1639.0
40.5658625 1595.0
40.57672894 1662.0
40.587595379999996 1725.0
40.59846182 1637.0
40.60932826 1684.0
40.6201947 1642.0
40.63106114 1710.0
40.64192758 1766.0
40.65279402 1780.0
40.66366046 1781.0
40.6745269 1911.0
40.68539334 1968.0
40.69625978 1975.0
40.70712622 1917.0
40.71799266 2016.0
40.7288591 1984.0
40.73972554 2004.0
40.75059198 2026.0
40.76145842 2205.0
40.77232486 2065.0
40.7831913 2133.0
40.79405774 2221.0
40.80492418 2294.0
40.81579062 2242.0
40.82665706 2281.0
40.837523499999996 2332.0
40.84838994 2297.0
40.85925638 2253.0
40.87012282 2298.0
40.88098926 2262.0
40.8918557 2357.0
40.90272214 2375.0
40.91358858 2479.0
40.924455019999996 2390.0
40.93532146 2244.0
40.9461879 2349.0
40.95705434 2259.0
40.96792078 2247.0
40.97878722 2322.0
40.98965366 2197.0
41.0005201 2252.0
41.01138654 2368.0
41.02225298 2155.0
41.03311942 2189.0
41.04398586 2168.0
41.0548523 2103.0
41.06571874 2085.0
41.07658518 2051.0
41.087451619999996 2027.0
41.09831806 1961.0
41.1091845 1973.0
41.12005094 2005.0
41.13091738 1996.0
41.14178382 1973.0
41.15265026 1886.0
41.1635167 1881.0
41.174383139999996 1821.0
41.18524958 1902.0
41.19611602 1907.0
41.20698246 1871.0
41.2178489 1850.0
41.22871534 1795.0
41.23958178 1815.0
41.25044822 1916.0
41.26131466 1951.0
41.2721811 1913.0
41.28304754 2015.0
41.29391398 1898.0
41.30478042 1919.0
41.31564686 1889.0
41.3265133 1895.0
41.33737974 1857.0
41.34824618 1942.0
41.35911262 1948.0
41.36997906 1945.0
41.3808455 1872.0
41.39171194 1950.0
41.40257838 1915.0
41.41344482 1887.0
41.424311259999996 1777.0
41.4351777 1971.0
41.44604414 1856.0
41.45691058 1912.0
41.46777702 1917.0
41.47864346 1861.0
41.4895099 1853.0
41.50037634 1853.0
41.511242779999996 1782.0
41.52210922 1783.0
41.53297566 1841.0
41.5438421 1774.0
41.55470854 1848.0
41.56557498 1736.0
41.57644142 1754.0
41.58730786 1706.0
41.5981743 1729.0
41.60904074 1728.0
41.61990718 1734.0
41.63077362 1692.0
41.64164006 1639.0
41.6525065 1665.0
41.66337294 1631.0
41.674239379999996 1583.0
41.68510582 1431.0
41.69597226 1562.0
41.7068387 1510.0
41.71770514 1508.0
41.72857158 1447.0
41.73943802 1494.0
41.75030446 1385.0
41.761170899999996 1434.0
41.77203734 1347.0
41.78290378 1452.0
41.79377022 1398.0
41.80463666 1333.0
41.8155031 1317.0
41.82636954 1262.0
41.83723598 1329.0
41.84810242 1308.0
41.85896886 1332.0
41.8698353 1256.0
41.88070174 1345.0
41.89156818 1284.0
41.90243462 1290.0
41.91330106 1298.0
41.9241675 1281.0
41.93503394 1270.0
41.94590038 1274.0
41.95676682 1285.0
41.96763326 1245.0
41.9784997 1321.0
41.98936614 1228.0
42.00023258 1255.0
42.011099019999996 1245.0
42.02196546 1234.0
42.0328319 1196.0
42.04369834 1244.0
42.05456478 1174.0
42.06543122 1308.0
42.076297659999994 1199.0
42.087164099999995 1187.0
42.098030539999996 1208.0
42.10889698 1247.0
42.11976342 1165.0
42.13062986 1231.0
42.1414963 1243.0
42.15236274 1258.0
42.163229179999995 1242.0
42.174095619999996 1234.0
42.18496206 1293.0
42.1958285 1185.0
42.20669494 1278.0
42.21756138 1184.0
42.22842782 1202.0
42.239294259999994 1220.0
42.250160699999995 1184.0
42.261027139999996 1137.0
42.27189358 1246.0
42.28276002 1238.0
42.29362646 1252.0
42.3044929 1193.0
42.31535934 1214.0
42.326225779999994 1208.0
42.337092219999995 1212.0
42.347958659999996 1239.0
42.3588251 1258.0
42.36969154 1230.0
42.38055798 1214.0
42.39142442 1234.0
42.40229086 1320.0
42.413157299999995 1196.0
42.424023739999996 1208.0
42.43489018 1215.0
42.44575662 1280.0
42.45662306 1192.0
42.4674895 1185.0
42.47835594 1283.0
42.48922238 1254.0
42.500088819999995 1236.0
42.510955259999996 1236.0
42.5218217 1331.0
42.53268814 1279.0
42.54355458 1284.0
42.55442102 1328.0
42.56528746 1344.0
42.576153899999994 1272.0
42.587020339999995 1345.0
42.597886779999996 1410.0
42.60875322 1488.0
42.61961966 1444.0
42.6304861 1367.0
42.64135254 1389.0
42.65221898 1415.0
42.663085419999994 1454.0
42.673951859999995 1468.0
42.684818299999996 1501.0
42.69568474 1529.0
42.70655118 1524.0
42.71741762 1649.0
42.72828406 1534.0
42.7391505 1506.0
42.750016939999995 1623.0
42.760883379999996 1633.0
42.77174982 1605.0
42.78261626 1650.0
42.7934827 1640.0
42.80434914 1612.0
42.81521558 1639.0
42.826082019999994 1613.0
42.836948459999995 1620.0
42.847814899999996 1695.0
42.85868134 1684.0
42.86954778 1569.0
42.88041422 1659.0
42.89128066 1710.0
42.9021471 1658.0
42.913013539999994 1660.0
42.923879979999995 1638.0
42.934746419999996 1607.0
42.94561286 1627.0
42.9564793 1541.0
42.96734574 1585.0
42.97821218 1601.0
42.98907862 1486.0
42.999945059999995 1459.0
43.010811499999996 1512.0
43.02167794 1408.0
43.03254438 1446.0
43.04341082 1403.0
43.05427726 1406.0
43.0651437 1398.0
43.07601014 1388.0
43.086876579999995 1331.0
43.097743019999996 1300.0
43.10860946 1340.0
43.1194759 1391.0
43.13034234 1250.0
43.14120878 1295.0
43.15207522 1311.0
43.162941659999994 1275.0
43.173808099999995 1316.0
43.184674539999996 1283.0
43.19554098 1291.0
43.20640742 1334.0
43.21727386 1322.0
43.2281403 1231.0
43.23900674 1282.0
43.249873179999994 1341.0
43.260739619999995 1268.0
43.271606059999996 1395.0
43.2824725 1299.0
43.29333894 1376.0
43.30420538 1319.0
43.31507182 1411.0
43.32593826 1500.0
43.336804699999995 1377.0
43.347671139999996 1587.0
43.35853758 1501.0
43.36940402 1540.0
43.38027046 1625.0
43.3911369 1588.0
43.40200334 1649.0
43.412869779999994 1645.0
43.423736219999995 1745.0
43.434602659999996 1790.0
43.4454691 1780.0
43.45633554 1830.0
43.46720198 1853.0
43.47806842 1925.0
43.48893486 1910.0
43.499801299999994 2071.0
43.510667739999995 1954.0
43.521534179999996 2086.0
43.53240062 2054.0
43.54326706 2072.0
43.5541335 2144.0
43.56499994 2155.0
43.57586638 2135.0
43.586732819999995 2201.0
43.597599259999996 2304.0
43.608465699999996 2206.0
43.61933214 2140.0
43.63019858 2190.0
43.64106502 2192.0
43.65193146 2204.0
43.6627979 2151.0
43.673664339999995 2134.0
43.684530779999996 2066.0
43.69539722 1998.0
43.70626366 2015.0
43.7171301 1966.0
43.72799654 1871.0
43.73886298 1911.0
43.749729419999994 1843.0
43.760595859999995 1805.0
43.771462299999996 1748.0
43.78232874 1701.0
43.79319518 1657.0
43.80406162 1578.0
43.81492806 1563.0
43.8257945 1534.0
43.836660939999994 1503.0
43.847527379999995 1436.0
43.858393819999996 1416.0
43.86926026 1377.0
43.8801267 1393.0
43.89099314 1332.0
43.90185958 1331.0
43.91272602 1288.0
43.923592459999995 1250.0
43.934458899999996 1231.0
43.94532534 1319.0
43.95619178 1266.0
43.96705822 1292.0
43.97792466 1231.0
43.9887911 1259.0
43.999657539999994 1194.0
44.010523979999995 1265.0
44.021390419999996 1239.0
44.03225686 1215.0
44.0431233 1252.0
44.05398974 1195.0
44.06485618 1109.0
44.07572262 1217.0
44.086589059999994 1192.0
44.097455499999995 1132.0
44.108321939999996 1233.0
44.11918838 1156.0
44.13005482 1175.0
44.14092126 1209.0
44.1517877 1155.0
44.16265414 1217.0
44.173520579999995 1207.0
44.184387019999996 1150.0
44.195253459999996 1114.0
44.2061199 1165.0
44.21698634 1208.0
44.22785278 1144.0
44.23871922 1172.0
44.24958566 1155.0
44.260452099999995 1174.0
44.271318539999996 1171.0
44.28218498 1102.0
44.29305142 1154.0
44.30391786 1089.0
44.3147843 1170.0
44.32565074 1111.0
44.336517179999994 1152.0
44.347383619999995 1106.0
44.358250059999996 1151.0
44.3691165 1160.0
44.37998294 1183.0
44.39084938 1216.0
44.40171582 1179.0
44.41258226 1174.0
44.423448699999994 1164.0
44.434315139999995 1182.0
44.445181579999996 1149.0
44.45604802 1218.0
44.46691446 1139.0
44.4777809 1155.0
44.48864734 1220.0
44.49951378 1105.0
44.510380219999995 1169.0
44.521246659999996 1158.0
44.5321131 1167.0
44.54297954 1198.0
44.55384598 1244.0
44.56471242 1275.0
44.57557886 1203.0
44.586445299999994 1254.0
44.597311739999995 1300.0
44.608178179999996 1228.0
44.61904462 1279.0
44.62991106 1307.0
44.6407775 1272.0
44.65164394 1254.0
44.66251038 1286.0
44.673376819999994 1289.0
44.684243259999995 1221.0
44.695109699999996 1319.0
44.70597614 1338.0
44.71684258 1263.0
44.72770902 1362.0
44.73857546 1413.0
44.7494419 1435.0
44.760308339999995 1536.0
44.771174779999996 1503.0
44.782041219999996 1440.0
44.79290766 1450.0
44.8037741 1544.0
44.81464054 1548.0
44.82550698 1486.0
44.83637342 1542.0
44.847239859999995 1627.0
44.858106299999996 1595.0
44.86897274 1624.0
44.87983918 1635.0
44.89070562 1664.0
44.90157206 1695.0
44.9124385 1623.0
44.923304939999994 1779.0
44.934171379999995 1748.0
44.945037819999996 1792.0
44.95590426 1808.0
44.9667707 1825.0
44.97763714 1792.0
44.98850358 1752.0
44.99937002 1846.0
45.010236459999994 1813.0
45.021102899999995 1818.0
45.031969339999996 1828.0
45.04283578 1807.0
45.05370222 1849.0
45.06456866 1834.0
45.0754351 1758.0
45.08630154 1769.0
45.097167979999995 1784.0
45.108034419999996 1753.0
45.11890086 1771.0
45.1297673 1779.0
45.14063374 1743.0
45.15150018 1778.0
45.16236662 1691.0
45.173233059999994 1664.0
45.184099499999995 1718.0
45.194965939999996 1586.0
45.20583238 1620.0
45.21669882 1570.0
45.22756526 1565.0
45.2384317 1584.0
45.24929814 1587.0
45.260164579999994 1481.0
45.271031019999995 1453.0
45.281897459999996 1526.0
45.2927639 1427.0
45.30363034 1518.0
45.31449678 1443.0
45.32536322 1515.0
45.33622966 1502.0
45.347096099999995 1434.0
45.357962539999995 1503.0
45.368828979999996 1455.0
45.37969542 1444.0
45.39056186 1438.0
45.4014283 1448.0
45.41229474 1465.0
45.42316118 1488.0
45.434027619999995 1528.0
45.444894059999996 1480.0
45.4557605 1491.0
45.46662694 1559.0
45.47749338 1610.0
45.48835982 1443.0
45.49922626 1572.0
45.510092699999994 1577.0
45.520959139999995 1571.0
45.531825579999996 1581.0
45.54269202 1538.0
45.55355846 1553.0
45.5644249 1656.0
45.57529134 1621.0
45.58615778 1585.0
45.597024219999994 1595.0
45.607890659999995 1597.0
45.618757099999996 1562.0
45.62962354 1682.0
45.64048998 1681.0
45.65135642 1695.0
45.66222286 1645.0
45.6730893 1715.0
45.683955739999995 1634.0
45.694822179999996 1655.0
45.70568862 1687.0
45.71655506 1668.0
45.7274215 1683.0
45.73828794 1491.0
45.74915438 1630.0
45.760020819999994 1634.0
45.770887259999995 1515.0
45.781753699999996 1526.0
45.79262014 1534.0
45.80348658 1571.0
45.81435302 1432.0
45.82521946 1444.0
45.8360859 1448.0
45.846952339999994 1462.0
45.857818779999995 1406.0
45.868685219999996 1335.0
45.87955166 1427.0
45.8904181 1257.0
45.90128454 1356.0
45.91215098 1339.0
45.92301742 1291.0
45.933883859999995 1271.0
45.944750299999995 1278.0
45.955616739999996 1248.0
45.96648318 1231.0
45.97734962 1209.0
45.98821606 1238.0
45.9990825 1202.0
46.00994894 1158.0
46.020815379999995 1174.0
46.031681819999996 1150.0
46.04254826 1081.0
46.0534147 1221.0
46.06428114 1158.0
46.07514758 1194.0
46.08601402 1116.0
46.096880459999994 1162.0
46.107746899999995 1075.0
46.118613339999996 1188.0
46.12947978 1136.0
46.14034622 1144.0
46.15121266 1183.0
46.1620791 1138.0
46.17294554 1066.0
46.183811979999994 1091.0
46.194678419999995 1155.0
46.205544859999996 1098.0
46.2164113 1125.0
46.22727774 1137.0
46.23814418 1098.0
46.24901062 1139.0
46.25987706 1106.0
46.270743499999995 1140.0
46.281609939999996 1108.0
46.29247638 1065.0
46.30334282 1160.0
46.31420926 1060.0
46.3250757 1121.0
46.33594214 1108.0
46.346808579999994 1130.0
46.357675019999995 1086.0
46.368541459999996 1121.0
46.3794079 1078.0
46.39027434 1130.0
46.40114078 1117.0
46.41200722 1126.0
46.42287366 1100.0
46.433740099999994 1136.0
46.444606539999995 1012.0
46.455472979999996 1167.0
46.46633942 990.0
46.47720586 1103.0
46.4880723 1053.0
46.49893874 1072.0
46.50980518 1064.0
46.520671619999995 1112.0
46.531538059999995 1083.0
46.542404499999996 1131.0
46.55327094 1116.0
46.56413738 1094.0
46.57500382 1118.0
46.58587026 1067.0
46.5967367 1092.0
46.607603139999995 1058.0
46.618469579999996 1064.0
46.62933602 1002.0
46.64020246 1066.0
46.6510689 1052.0
46.66193534 1039.0
46.67280178 1045.0
46.683668219999994 1072.0
46.694534659999995 1065.0
46.705401099999996 1050.0
46.71626754 1053.0
46.72713398 1103.0
46.73800042 1049.0
46.74886686 1065.0
46.7597333 1090.0
46.770599739999994 1049.0
46.781466179999995 1061.0
46.792332619999996 1027.0
46.80319906 1080.0
46.8140655 1049.0
46.82493194 1086.0
46.83579838 1090.0
46.84666482 1043.0
46.857531259999995 1120.0
46.868397699999996 1160.0
46.87926414 1066.0
46.89013058 1030.0
46.90099702 1083.0
46.91186346 1088.0
46.9227299 1097.0
46.933596339999994 1070.0
46.944462779999995 1137.0
46.955329219999996 1051.0
46.96619566 1119.0
46.9770621 1069.0
46.98792854 1033.0
46.99879498 1014.0
47.00966142 1115.0
47.020527859999994 1097.0
47.031394299999995 1031.0
47.042260739999996 1097.0
47.05312718 1069.0
47.06399362 1072.0
47.07486006 1047.0
47.0857265 1042.0
47.09659294 1059.0
47.107459379999995 1053.0
47.118325819999995 1115.0
47.129192259999996 1088.0
47.1400587 1118.0
47.15092514 1048.0
47.16179158 1142.0
47.17265802 1016.0
47.18352446 1137.0
47.194390899999995 1088.0
47.205257339999996 1105.0
47.21612378 1068.0
47.22699022 1135.0
47.23785666 1067.0
47.2487231 1149.0
47.25958954 1126.0
47.270455979999994 1071.0
47.281322419999995 1138.0
47.292188859999996 1035.0
47.3030553 1072.0
47.31392174 1085.0
47.32478818 1108.0
47.33565462 1166.0
47.34652106 1104.0
47.357387499999994 1179.0
47.368253939999995 1197.0
47.379120379999996 1094.0
47.38998682 1151.0
47.40085326 1084.0
47.4117197 1217.0
47.42258614 1149.0
47.43345258 1182.0
47.444319019999995 1142.0
47.455185459999996 1164.0
47.4660519 1164.0
47.47691834 1195.0
47.48778478 1141.0
47.49865122 1167.0
47.50951766 1174.0
47.520384099999994 1136.0
47.531250539999995 1189.0
47.542116979999996 1197.0
47.55298342 1244.0
47.56384986 1198.0
47.5747163 1174.0
47.58558274 1185.0
47.59644918 1237.0
47.607315619999994 1176.0
47.618182059999995 1212.0
47.629048499999996 1191.0
47.63991494 1206.0
47.65078138 1219.0
47.66164782 1228.0
47.67251426 1225.0
47.6833807 1235.0
47.694247139999995 1197.0
47.705113579999995 1239.0
47.715980019999996 1308.0
47.72684646 1247.0
47.7377129 1267.0
47.74857934 1282.0
47.75944578 1196.0
47.77031222 1220.0
47.781178659999995 1192.0
47.792045099999996 1198.0
47.80291154 1262.0
47.81377798 1274.0
47.82464442 1207.0
47.83551086 1240.0
47.8463773 1219.0
47.857243739999994 1295.0
47.868110179999995 1206.0
47.878976619999996 1276.0
47.88984306 1261.0
47.9007095 1282.0
47.91157594 1235.0
47.92244238 1228.0
47.93330882 1202.0
47.944175259999994 1240.0
47.955041699999995 1292.0
47.965908139999996 1254.0
47.97677458 1341.0
47.98764102 1329.0
47.99850746 1312.0
48.0093739 1354.0
48.02024034 1303.0
48.031106779999995 1371.0
48.041973219999996 1331.0
48.05283966 1341.0
48.0637061 1343.0
48.07457254 1330.0
48.08543898 1354.0
48.09630542 1378.0
48.107171859999994 1294.0
48.118038299999995 1400.0
48.128904739999996 1354.0
48.13977118 1417.0
48.15063762 1364.0
48.16150406 1453.0
48.1723705 1365.0
48.18323694 1367.0
48.194103379999994 1415.0
48.204969819999995 1523.0
48.215836259999996 1439.0
48.2267027 1414.0
48.23756914 1385.0
48.24843558 1372.0
48.25930202 1311.0
48.27016846 1385.0
48.281034899999995 1391.0
48.291901339999995 1464.0
48.302767779999996 1341.0
48.31363422 1416.0
48.32450066 1346.0
48.3353671 1377.0
48.34623354 1397.0
48.35709998 1362.0
48.367966419999995 1413.0
48.378832859999996 1437.0
48.3896993 1377.0
48.40056574 1438.0
48.41143218 1475.0
48.42229862 1514.0
48.43316506 1527.0
48.444031499999994 1556.0
48.454897939999995 1543.0
48.465764379999996 1643.0
48.47663082 1657.0
48.48749726 1611.0
48.4983637 1655.0
48.50923014 1620.0
48.52009658 1680.0
48.530963019999994 1737.0
48.541829459999995 1743.0
48.552695899999996 1855.0
48.56356234 1854.0
48.57442878 1834.0
48.58529522 1954.0
48.59616166 1994.0
48.6070281 2045.0
48.617894539999995 2147.0
48.628760979999996 2122.0
48.63962742 2266.0
48.65049386 2349.0
48.6613603 2466.0
48.67222674 2338.0
48.68309318 2431.0
48.693959619999994 2577.0
48.704826059999995 2699.0
48.715692499999996 2721.0
48.72655894 2752.0
48.73742538 2713.0
48.74829182 2957.0
48.75915826 2959.0
48.7700247 2977.0
48.780891139999994 3042.0
48.791757579999995 3127.0
48.802624019999996 3258.0
48.81349046 3229.0
48.8243569 3278.0
48.83522334 3465.0
48.84608978 3363.0
48.85695622 3552.0
48.867822659999995 3507.0
48.878689099999995 3501.0
48.889555539999996 3519.0
48.90042198 3563.0
48.91128842 3478.0
48.92215486 3525.0
48.9330213 3632.0
48.94388774 3459.0
48.954754179999995 3463.0
48.965620619999996 3406.0
48.97648706 3396.0
48.9873535 3551.0
48.99821994 3346.0
49.00908638 3324.0
49.01995282 3180.0
49.030819259999994 3189.0
49.041685699999995 3118.0
49.052552139999996 3233.0
49.06341858 3161.0
49.07428502 3058.0
49.08515146 3033.0
49.0960179 3031.0
49.10688434 3046.0
49.117750779999994 2918.0
49.128617219999995 2992.0
49.139483659999996 2854.0
49.1503501 2969.0
49.16121654 2761.0
49.17208298 2802.0
49.18294942 2753.0
49.19381586 2903.0
49.204682299999995 2830.0
49.215548739999996 2713.0
49.22641518 2812.0
49.23728162 2768.0
49.24814806 2759.0
49.2590145 2795.0
49.26988094 2908.0
49.280747379999994 2917.0
49.291613819999995 2790.0
49.302480259999996 2894.0
49.3133467 2851.0
49.32421314 2835.0
49.33507958 2941.0
49.34594602 2851.0
49.35681246 3098.0
49.367678899999994 2969.0
49.378545339999995 3018.0
49.389411779999996 3050.0
49.40027822 2974.0
49.41114466 2958.0
49.4220111 2970.0
49.43287754 2890.0
49.44374398 2899.0
49.454610419999995 2909.0
49.465476859999995 2945.0
49.476343299999996 2822.0
49.48720974 2696.0
49.49807618 2731.0
49.50894262 2701.0
49.51980906 2643.0
49.5306755 2533.0
49.541541939999995 2557.0
49.552408379999996 2414.0
49.56327482 2468.0
49.57414126 2326.0
49.5850077 2320.0
49.59587414 2296.0
49.60674058 2238.0
49.617607019999994 2156.0
49.628473459999995 2142.0
49.639339899999996 2061.0
49.65020634 1992.0
49.66107278 1991.0
49.67193922 1934.0
49.68280566 1874.0
49.6936721 1884.0
49.704538539999994 1845.0
49.715404979999995 1834.0
49.726271419999996 1691.0
49.73713786 1673.0
49.7480043 1683.0
49.75887074 1626.0
49.76973718 1748.0
49.78060362 1729.0
49.791470059999995 1596.0
49.802336499999996 1637.0
49.81320294 1634.0
49.82406938 1609.0
49.83493582 1613.0
49.84580226 1653.0
49.8566687 1611.0
49.867535139999994 1624.0
49.878401579999995 1663.0
49.889268019999996 1651.0
49.90013446 1680.0
49.9110009 1826.0
49.92186734 1739.0
49.93273378 1803.0
49.94360022 1827.0
49.954466659999994 1873.0
49.965333099999995 1932.0
49.976199539999996 1844.0
49.98706598 1978.0
49.99793242 2040.0
50.00879886 2146.0
50.0196653 2142.0
50.03053174 2256.0
50.041398179999995 2232.0
50.052264619999995 2416.0
50.063131059999996 2429.0
50.0739975 2449.0
50.08486394 2480.0
50.09573038 2630.0
50.10659682 2673.0
50.11746326 2802.0
50.128329699999995 2825.0
50.139196139999996 2917.0
50.15006258 3046.0
50.16092902 3110.0
50.17179546 3182.0
50.1826619 3350.0
50.19352834 3337.0
50.204394779999994 3270.0
50.215261219999995 3363.0
50.226127659999996 3413.0
50.2369941 3455.0
50.24786054 3461.0
50.25872698 3486.0
50.26959342 3568.0
50.28045986 3358.0
50.291326299999994 3584.0
50.302192739999995 3679.0
50.313059179999996 3670.0
50.32392562 3648.0
50.33479206 3543.0
50.3456585 3623.0
50.35652494 3492.0
50.36739138 3407.0
50.378257819999995 3521.0
50.389124259999996 3329.0
50.3999907 3276.0
50.41085714 3347.0
50.42172358 3459.0
50.43259002 3254.0
50.44345646 3152.0
50.454322899999994 3147.0
50.465189339999995 3155.0
50.476055779999996 3209.0
50.48692222 2995.0
50.49778866 3007.0
50.5086551 2926.0
50.51952154 2918.0
50.53038798 2905.0
50.541254419999994 2836.0
50.552120859999995 2850.0
50.562987299999996 2763.0
50.57385374 2792.0
50.58472018 2733.0
50.59558662 2681.0
50.60645306 2741.0
50.6173195 2698.0
50.628185939999995 2710.0
50.639052379999995 2631.0
50.649918819999996 2638.0
50.66078526 2568.0
50.6716517 2570.0
50.68251814 2601.0
50.69338458 2592.0
50.70425102 2576.0
50.715117459999995 2555.0
50.725983899999996 2508.0
50.73685034 2351.0
50.74771678 2341.0
50.75858322 2458.0
50.76944966 2274.0
50.7803161 2346.0
50.791182539999994 2341.0
50.802048979999995 2301.0
50.812915419999996 2196.0
50.82378186 2220.0
50.8346483 2067.0
50.84551474 2194.0
50.85638118 2075.0
50.86724762 2008.0
50.878114059999994 1965.0
50.888980499999995 1976.0
50.899846939999996 1903.0
50.91071338 1908.0
50.92157982 1749.0
50.93244626 1761.0
50.9433127 1732.0
50.95417914 1649.0
50.965045579999995 1639.0
50.975912019999996 1640.0
50.98677846 1646.0
50.9976449 1608.0
51.00851134 1595.0
51.01937778 1564.0
51.03024422 1521.0
51.041110659999994 1597.0
51.051977099999995 1527.0
51.062843539999996 1473.0
51.07370998 1547.0
51.08457642 1522.0
51.09544286 1425.0
51.1063093 1478.0
51.11717574 1590.0
51.128042179999994 1510.0
51.138908619999995 1493.0
51.149775059999996 1501.0
51.1606415 1535.0
51.17150794 1484.0
51.18237438 1492.0
51.19324082 1511.0
51.20410726 1474.0
51.214973699999994 1553.0
51.225840139999995 1560.0
51.236706579999996 1523.0
51.24757302 1567.0
51.25843946 1633.0
51.2693059 1563.0
51.28017234 1559.0
51.29103878 1635.0
51.301905219999995 1588.0
51.312771659999996 1570.0
51.3236381 1541.0
51.33450454 1601.0
51.34537098 1581.0
51.35623742 1592.0
51.36710386 1593.0
51.377970299999994 1543.0
51.388836739999995 1577.0
51.399703179999996 1500.0
51.41056962 1532.0
51.42143606 1518.0
51.4323025 1453.0
51.44316894 1464.0
51.45403538 1513.0
51.464901819999994 1478.0
51.475768259999995 1429.0
51.486634699999996 1499.0
51.49750114 1413.0
51.50836758 1418.0
51.51923402 1358.0
51.53010046 1357.0
51.5409669 1261.0
51.551833339999995 1379.0
51.562699779999996 1292.0
51.57356622 1278.0
51.58443266 1244.0
51.5952991 1278.0
51.60616554 1190.0
51.61703198 1285.0
51.627898419999994 1254.0
51.638764859999995 1155.0
51.649631299999996 1137.0
51.66049774 1241.0
51.67136418 1175.0
51.68223062 1202.0
51.69309706 1115.0
51.7039635 1103.0
51.714829939999994 1202.0
51.725696379999995 1115.0
51.736562819999996 1121.0
51.74742926 1058.0
51.7582957 1181.0
51.76916214 1095.0
51.78002858 1148.0
51.79089502 1124.0
51.801761459999994 1138.0
51.812627899999995 1047.0
51.823494339999996 1131.0
51.83436078 1076.0
51.84522722 1018.0
51.85609366 1025.0
51.8669601 1084.0
51.87782654 1054.0
51.888692979999995 1022.0
51.899559419999996 1121.0
51.91042586 1146.0
51.9212923 1057.0
51.93215874 1072.0
51.94302518 950.0
51.95389162 1116.0
51.964758059999994 1022.0
51.975624499999995 1092.0
51.986490939999996 1054.0
51.99735738 1085.0
52.00822382 1135.0
52.01909026 1069.0
52.0299567 1060.0
52.04082314 1033.0
52.051689579999994 1038.0
52.062556019999995 1031.0
52.073422459999996 1109.0
52.0842889 1068.0
52.09515534 985.0
52.10602178 1060.0
52.11688822 1031.0
52.12775466 1021.0
52.138621099999995 1062.0
52.149487539999996 1049.0
52.16035398 1064.0
52.17122042 1039.0
52.18208686 1062.0
52.1929533 1078.0
52.20381974 977.0
52.214686179999994 1041.0
52.225552619999995 1055.0
52.236419059999996 1026.0
52.2472855 1038.0
52.25815194 1033.0
52.26901838 1042.0
52.27988482 1035.0
52.29075126 965.0
52.301617699999994 1090.0
52.312484139999995 1012.0
52.323350579999996 1015.0
52.33421702 1020.0
52.34508346 993.0
52.3559499 1029.0
52.36681634 1002.0
52.37768278 994.0
52.388549219999994 983.0
52.399415659999995 1048.0
52.410282099999996 1020.0
52.42114854 1057.0
52.43201498 990.0
52.44288142 1043.0
52.45374786 959.0
52.4646143 1021.0
52.475480739999995 1059.0
52.486347179999996 963.0
52.49721362 1003.0
52.50808006 1019.0
52.5189465 1019.0
52.52981294 1029.0
52.54067938 1048.0
52.551545819999994 1001.0
52.562412259999995 1045.0
52.573278699999996 949.0
52.58414514 1002.0
52.59501158 969.0
52.60587802 988.0
52.61674446 986.0
52.6276109 1005.0
52.638477339999994 987.0
52.649343779999995 1058.0
52.660210219999996 1001.0
52.67107666 1086.0
52.6819431 988.0
52.69280954 969.0
52.70367598 1012.0
52.71454242 998.0
52.725408859999995 1072.0
52.736275299999996 988.0
52.747141739999996 951.0
52.75800818 1015.0
52.76887462 1003.0
52.77974106 1024.0
52.7906075 980.0
52.801473939999994 1017.0
52.812340379999995 994.0
52.823206819999996 978.0
52.83407326 1035.0
52.8449397 993.0
52.85580614 1017.0
52.86667258 1034.0
52.87753902 1001.0
52.888405459999994 1080.0
52.899271899999995 1063.0
52.910138339999996 1047.0
52.92100478 1045.0
52.93187122 1027.0
52.94273766 1036.0
52.9536041 997.0
52.96447054 1029.0
52.975336979999994 1061.0
52.986203419999995 984.0
52.997069859999996 1036.0
53.0079363 1028.0
53.01880274 992.0
53.02966918 1055.0
53.04053562 1010.0
53.05140206 1078.0
53.062268499999995 1003.0
53.073134939999996 1035.0
53.08400138 1034.0
53.09486782 1001.0
53.10573426 1009.0
53.1166007 999.0
53.12746714 993.0
53.138333579999994 1043.0
53.149200019999995 1000.0
53.160066459999996 1046.0
53.1709329 1034.0
53.18179934 1050.0
53.19266578 1049.0
53.20353222 1041.0
53.21439866 1004.0
53.225265099999994 1006.0
53.236131539999995 1034.0
53.246997979999996 1069.0
53.25786442 1057.0
53.26873086 996.0
53.2795973 998.0
53.29046374 1011.0
53.30133018 980.0
53.312196619999995 1079.0
53.323063059999996 1045.0
53.333929499999996 1051.0
53.34479594 1085.0
53.35566238 1022.0
53.36652882 1048.0
53.37739526 987.0
53.388261699999994 1038.0
53.399128139999995 1038.0
53.409994579999996 1066.0
53.42086102 1044.0
53.43172746 1107.0
53.4425939 1001.0
53.45346034 1061.0
53.46432678 1055.0
53.475193219999994 1052.0
53.486059659999995 1019.0
53.496926099999996 1122.0
53.50779254 1086.0
53.51865898 1061.0
53.52952542 1090.0
53.54039186 1064.0
53.5512583 1053.0
53.562124739999994 1054.0
53.572991179999995 1062.0
53.583857619999996 1055.0
53.59472406 1027.0
53.6055905 1085.0
53.61645694 1052.0
53.62732338 1084.0
53.63818982 1086.0
53.649056259999995 1053.0
53.659922699999996 1139.0
53.67078914 1022.0
53.68165558 1143.0
53.69252202 1128.0
53.70338846 1165.0
53.7142549 1129.0
53.725121339999994 1160.0
53.735987779999995 1109.0
53.746854219999996 1094.0
53.75772066 1150.0
53.7685871 1187.0
53.77945354 1149.0
53.79031998 1184.0
53.80118642 1193.0
53.812052859999994 1186.0
53.822919299999995 1242.0
53.833785739999996 1259.0
53.84465218 1280.0
53.85551862 1232.0
53.86638506 1154.0
53.8772515 1219.0
53.88811794 1274.0
53.898984379999995 1271.0
53.909850819999996 1305.0
53.920717259999996 1349.0
53.9315837 1388.0
53.94245014 1380.0
53.95331658 1434.0
53.96418302 1412.0
53.975049459999994 1405.0
53.985915899999995 1473.0
53.996782339999996 1546.0
54.00764878 1570.0
54.01851522 1545.0
54.02938166 1582.0
54.0402481 1630.0
54.05111454 1603.0
54.061980979999994 1704.0
54.072847419999995 1567.0
54.083713859999996 1710.0
54.0945803 1673.0
54.10544674 1773.0
54.11631318 1830.0
54.12717962 1888.0
54.13804606 1818.0
54.148912499999994 1912.0
54.159778939999995 1876.0
54.170645379999996 1893.0
54.18151182 1909.0
54.19237826 1914.0
54.2032447 1981.0
54.21411114 2028.0
54.22497758 2018.0
54.235844019999995 1950.0
54.246710459999996 2035.0
54.2575769 2024.0
54.26844334 2039.0
54.27930978 1940.0
54.29017622 2046.0
54.30104266 1880.0
54.311909099999994 1963.0
54.322775539999995 1964.0
54.333641979999996 1936.0
54.34450842 1772.0
54.35537486 1962.0
54.3662413 1757.0
54.37710774 1746.0
54.38797418 1710.0
54.398840619999994 1550.0
54.409707059999995 1692.0
54.420573499999996 1637.0
54.43143994 1624.0
54.44230638 1549.0
54.45317282 1527.0
54.46403926 1574.0
54.4749057 1539.0
54.485772139999995 1511.0
54.496638579999995 1473.0
54.507505019999996 1482.0
54.51837146 1375.0
54.5292379 1472.0
54.54010434 1352.0
54.55097078 1382.0
54.561837219999994 1397.0
54.572703659999995 1330.0
54.583570099999996 1332.0
54.59443654 1196.0
54.60530298 1285.0
54.61616942 1263.0
54.62703586 1250.0
54.6379023 1294.0
54.648768739999994 1145.0
54.659635179999995 1153.0
54.670501619999996 1250.0
54.68136806 1228.0
54.6922345 1256.0
54.70310094 1178.0
54.71396738 1198.0
54.72483382 1121.0
54.735700259999994 1139.0
54.746566699999995 1220.0
54.757433139999996 1130.0
54.76829958 1180.0
54.77916602 1165.0
54.79003246 1150.0
54.8008989 1119.0
54.811765339999994 1182.0
54.822631779999995 1208.0
54.833498219999996 1175.0
54.84436466 1166.0
54.8552311 1214.0
54.86609754 1173.0
54.87696398 1192.0
54.88783042 1236.0
54.898696859999994 1127.0
54.909563299999995 1221.0
54.920429739999996 1210.0
54.93129618 1252.0
54.94216262 1214.0
54.95302906 1199.0
54.9638955 1181.0
54.97476194 1192.0
54.985628379999994 1157.0
54.996494819999995 1139.0
55.007361259999996 1234.0
55.0182277 1202.0
55.02909414 1173.0
55.03996058 1259.0
55.05082702 1222.0
55.06169346 1257.0
55.072559899999995 1242.0
55.083426339999995 1260.0
55.094292779999996 1322.0
55.10515922 1314.0
55.11602566 1259.0
55.1268921 1323.0
55.13775854 1316.0
55.148624979999994 1280.0
55.159491419999995 1371.0
55.170357859999996 1293.0
55.1812243 1371.0
55.19209074 1408.0
55.20295718 1406.0
55.21382362 1470.0
55.22469006 1454.0
55.235556499999994 1587.0
55.246422939999995 1510.0
55.257289379999996 1550.0
55.26815582 1622.0
55.27902226 1580.0
55.2898887 1734.0
55.30075514 1732.0
55.31162158 1705.0
55.322488019999994 1795.0
55.333354459999995 1854.0
55.344220899999996 1754.0
55.35508734 1870.0
55.36595378 1935.0
55.37682022 1932.0
55.38768666 2001.0
55.398553099999994 1935.0
55.409419539999995 2176.0
55.420285979999996 2116.0
55.43115242 2180.0
55.44201886 2238.0
55.4528853 2123.0
55.46375174 2217.0
55.47461818 2340.0
55.485484619999994 2205.0
55.496351059999995 2251.0
55.507217499999996 2318.0
55.51808394 2279.0
55.52895038 2366.0
55.53981682 2365.0
55.55068326 2325.0
55.5615497 2384.0
55.572416139999994 2371.0
55.583282579999995 2390.0
55.594149019999996 2335.0
55.60501546 2330.0
55.6158819 2361.0
55.62674834 2341.0
55.63761478 2355.0
55.64848122 2278.0
55.659347659999995 2202.0
55.670214099999995 2318.0
55.681080539999996 2293.0
55.69194698 2199.0
55.70281342 2228.0
55.71367986 2328.0
55.7245463 2218.0
55.735412739999994 2198.0
55.746279179999995 2236.0
55.757145619999996 2182.0
55.76801206 2082.0
55.7788785 2119.0
55.78974494 2107.0
55.80061138 2081.0
55.81147782 2081.0
55.822344259999994 2155.0
55.833210699999995 2069.0
55.844077139999996 2122.0
55.85494358 2092.0
55.86581002 2029.0
55.87667646 2035.0
55.8875429 1990.0
55.89840934 2012.0
55.909275779999994 2019.0
55.920142219999995 2014.0
55.931008659999996 2014.0
55.9418751 2043.0
55.95274154 1986.0
55.96360798 2040.0
55.97447442 2043.0
55.985340859999994 1998.0
55.996207299999995 1978.0
56.007073739999996 1931.0
56.01794018 1961.0
56.02880662 1928.0
56.03967306 1962.0
56.0505395 1922.0
56.06140594 1834.0
56.072272379999994 1869.0
56.083138819999995 1811.0
56.094005259999996 1876.0
56.1048717 1784.0
56.11573814 1734.0
56.12660458 1752.0
56.13747102 1793.0
56.14833746 1771.0
56.159203899999994 1746.0
56.170070339999995 1736.0
56.180936779999996 1595.0
56.19180322 1642.0
56.20266966 1597.0
56.2135361 1478.0
56.22440254 1538.0
56.23526898 1521.0
56.246135419999995 1514.0
56.257001859999995 1446.0
56.267868299999996 1395.0
56.27873474 1502.0
56.28960118 1384.0
56.30046762 1460.0
56.31133406 1335.0
56.322200499999994 1372.0
56.333066939999995 1385.0
56.343933379999996 1322.0
56.35479982 1365.0
56.36566626 1297.0
56.3765327 1277.0
56.38739914 1326.0
56.39826558 1234.0
56.409132019999994 1240.0
56.419998459999995 1282.0
56.430864899999996 1238.0
56.44173134 1255.0
56.45259778 1197.0
56.46346422 1209.0
56.47433066 1252.0
56.4851971 1250.0
56.496063539999994 1231.0
56.506929979999995 1222.0
56.517796419999996 1202.0
56.52866286 1229.0
56.5395293 1233.0
56.55039574 1330.0
56.56126218 1256.0
56.572128619999994 1301.0
56.582995059999995 1265.0
56.593861499999996 1220.0
56.60472794 1294.0
56.61559438 1363.0
56.62646082 1287.0
56.63732726 1354.0
56.6481937 1396.0
56.659060139999994 1381.0
56.669926579999995 1431.0
56.680793019999996 1379.0
56.69165946 1468.0
56.7025259 1412.0
56.71339234 1494.0
56.72425878 1467.0
56.73512522 1583.0
56.745991659999994 1571.0
56.756858099999995 1607.0
56.767724539999996 1587.0
56.77859098 1680.0
56.78945742 1745.0
56.80032386 1733.0
56.8111903 1817.0
56.82205674 1819.0
56.832923179999995 1727.0
56.843789619999995 1844.0
56.854656059999996 1854.0
56.8655225 1924.0
56.87638894 1971.0
56.88725538 1809.0
56.89812182 1950.0
56.908988259999994 1884.0
56.919854699999995 1936.0
56.930721139999996 1960.0
56.94158758 1943.0
56.95245402 1977.0
56.96332046 1961.0
56.9741869 1924.0
56.98505334 1940.0
56.995919779999994 2048.0
57.006786219999995 1938.0
57.017652659999996 1933.0
57.0285191 2008.0
57.03938554 1900.0
57.05025198 1935.0
57.06111842 1913.0
57.07198486 1827.0
57.082851299999994 1892.0
57.093717739999995 1931.0
57.104584179999996 1816.0
57.11545062 1842.0
57.12631706 1905.0
57.1371835 1915.0
57.14804994 1740.0
57.158916379999994 1869.0
57.169782819999995 1893.0
57.180649259999996 1797.0
57.1915157 1836.0
57.20238214 1869.0
57.21324858 1763.0
57.22411502 1857.0
57.23498146 1833.0
57.245847899999994 1805.0
57.256714339999995 1789.0
57.267580779999996 1816.0
57.27844722 1868.0
57.28931366 1791.0
57.3001801 1828.0
57.31104654 1777.0
57.32191298 1894.0
57.332779419999994 1910.0
57.343645859999995 1789.0
57.354512299999996 1806.0
57.36537874 1868.0
57.37624518 1836.0
57.38711162 1733.0
57.39797806 1756.0
57.4088445 1802.0
57.419710939999995 1840.0
57.430577379999995 1723.0
57.441443819999996 1756.0
57.45231026 1771.0
57.4631767 1690.0
57.47404314 1667.0
57.48490958 1624.0
57.495776019999994 1658.0
57.506642459999995 1600.0
57.517508899999996 1670.0
57.52837534 1737.0
57.53924178 1618.0
57.55010822 1718.0
57.56097466 1720.0
57.5718411 1706.0
57.582707539999994 1762.0
57.593573979999995 1697.0
57.604440419999996 1813.0
57.61530686 1801.0
57.6261733 1813.0
57.63703974 1769.0
57.64790618 1821.0
57.65877262 1868.0
57.669639059999994 1860.0
57.680505499999995 1880.0
57.691371939999996 2075.0
57.70223838 1972.0
57.71310482 2061.0
57.72397126 2085.0
57.7348377 2100.0
57.745704139999994 2106.0
57.756570579999995 2251.0
57.767437019999996 2316.0
57.77830346 2211.0
57.7891699 2302.0
57.80003634 2243.0
57.81090278 2389.0
57.82176922 2458.0
57.832635659999994 2446.0
57.843502099999995 2481.0
57.854368539999996 2470.0
57.86523498 2633.0
57.87610142 2620.0
57.88696786 2539.0
57.8978343 2569.0
57.90870074 2614.0
57.919567179999994 2585.0
57.930433619999995 2579.0
57.941300059999996 2666.0
57.9521665 2597.0
57.96303294 2589.0
57.97389938 2543.0
57.98476582 2449.0
57.99563226 2585.0
58.006498699999995 2458.0
58.017365139999995 2595.0
58.028231579999996 2534.0
58.03909802 2602.0
58.04996446 2459.0
58.0608309 2457.0
58.07169734 2428.0
58.082563779999994 2333.0
58.093430219999995 2411.0
58.104296659999996 2302.0
58.1151631 2357.0
58.12602954 2246.0
58.13689598 2336.0
58.14776242 2318.0
58.15862886 2279.0
58.169495299999994 2316.0
58.180361739999995 2291.0
58.191228179999996 2198.0
58.20209462 2307.0
58.21296106 2164.0
58.2238275 2272.0
58.23469394 2289.0
58.24556038 2217.0
58.256426819999994 2284.0
58.267293259999995 2236.0
58.278159699999996 2265.0
58.28902614 2186.0
58.29989258 2243.0
58.31075902 2233.0
58.32162546 2362.0
58.332491899999994 2298.0
58.343358339999995 2281.0
58.354224779999996 2242.0
58.36509122 2255.0
58.37595766 2280.0
58.3868241 2105.0
58.39769054 2239.0
58.40855698 2180.0
58.419423419999994 2247.0
58.430289859999995 2163.0
58.441156299999996 2235.0
58.45202274 2253.0
58.46288918 2217.0
58.47375562 2168.0
58.48462206 2185.0
58.4954885 2237.0
58.506354939999994 2237.0
58.517221379999995 2194.0
58.528087819999996 2225.0
58.53895426 2224.0
58.5498207 2079.0
58.56068714 2143.0
58.57155358 2244.0
58.58242002 2138.0
58.593286459999995 2216.0
58.604152899999995 2147.0
58.615019339999996 2119.0
58.62588578 2067.0
58.63675222 2070.0
58.64761866 2155.0
58.6584851 2108.0
58.669351539999994 2070.0
58.680217979999995 2016.0
58.691084419999996 2026.0
58.70195086 2068.0
58.7128173 2027.0
58.72368374 2040.0
58.73455018 1932.0
58.74541662 2046.0
58.756283059999994 2034.0
58.767149499999995 2074.0
58.778015939999996 2057.0
58.78888238 2063.0
58.79974882 2063.0
58.81061526 2080.0
58.8214817 1973.0
58.83234814 2086.0
58.843214579999994 2112.0
58.854081019999995 2083.0
58.864947459999996 2097.0
58.8758139 2054.0
58.88668034 2106.0
58.89754678 2175.0
58.90841322 2209.0
58.919279659999994 2148.0
58.930146099999995 2269.0
58.941012539999996 2148.0
58.95187898 2135.0
58.96274542 2187.0
58.97361186 2182.0
58.9844783 2276.0
58.99534474 2296.0
59.006211179999994 2199.0
59.017077619999995 2213.0
59.027944059999996 2266.0
59.0388105 2233.0
59.04967694 2294.0
59.06054338 2238.0
59.07140982 2245.0
59.08227626 2298.0
59.093142699999994 2299.0
59.104009139999995 2259.0
59.114875579999996 2306.0
59.12574202 2260.0
59.13660846 2324.0
59.1474749 2261.0
59.15834134 2189.0
59.16920778 2341.0
59.180074219999995 2200.0
59.190940659999995 2316.0
59.201807099999996 2184.0
59.21267354 2136.0
59.22353998 2167.0
59.23440642 1980.0
59.24527286 2030.0
59.256139299999994 2077.0
59.267005739999995 1995.0
59.277872179999996 1993.0
59.28873862 2013.0
59.29960506 2064.0
59.3104715 1987.0
59.32133794 1885.0
59.33220438 1851.0
59.343070819999994 1914.0
59.353937259999995 1848.0
59.364803699999996 1818.0
59.37567014 1789.0
59.38653658 1850.0
59.39740302 1807.0
59.40826946 1851.0
59.4191359 1824.0
59.430002339999994 1765.0
59.440868779999995 1813.0
59.451735219999996 1791.0
59.46260166 1768.0
59.4734681 1809.0
59.48433454 1762.0
59.49520098 1831.0
59.506067419999994 1849.0
59.516933859999995 1888.0
59.527800299999996 1791.0
59.53866674 1908.0
59.54953318 1916.0
59.56039962 1969.0
59.57126606 2005.0
59.5821325 2026.0
59.592998939999994 2089.0
59.603865379999995 2132.0
59.614731819999996 2241.0
59.62559826 2159.0
59.6364647 2197.0
59.64733114 2372.0
59.65819758 2420.0
59.66906402 2427.0
59.679930459999994 2529.0
59.690796899999995 2679.0
59.701663339999996 2678.0
59.71252978 2780.0
59.72339622 2788.0
59.73426266 2999.0
59.7451291 2963.0
59.75599554 3015.0
59.766861979999995 3123.0
59.777728419999995 3179.0
59.788594859999996 3258.0
59.7994613 3239.0
59.81032774 3342.0
59.82119418 3321.0
59.83206062 3423.0
59.842927059999994 3431.0
59.853793499999995 3506.0
59.864659939999996 3574.0
59.87552638 3494.0
59.88639282 3563.0
59.89725926 3635.0
59.9081257 3564.0
59.91899214 3520.0
59.929858579999994 3451.0
59.940725019999995 3542.0
59.951591459999996 3381.0
59.9624579 3497.0
59.97332434 3483.0
59.98419078 3326.0
59.99505722 3366.0
60.00592366 3270.0
60.016790099999994 3176.0
60.027656539999995 3092.0
60.038522979999996 3086.0
60.04938942 3185.0
60.06025586 3123.0
60.0711223 2973.0
60.08198874 2878.0
60.092855179999994 2861.0
60.103721619999995 2923.0
60.114588059999996 2725.0
60.1254545 2696.0
60.13632094 2614.0
60.14718738 2696.0
60.15805382 2479.0
60.16892026 2477.0
60.179786699999994 2433.0
60.190653139999995 2375.0
60.201519579999996 2291.0
60.21238602 2323.0
60.22325246 2149.0
60.2341189 2182.0
60.24498534 2080.0
60.25585178 2108.0
60.266718219999994 2053.0
60.277584659999995 2058.0
60.288451099999996 1953.0
60.29931754 1886.0
60.31018398 1835.0
60.32105042 1869.0
60.33191686 1677.0
60.3427833 1826.0
60.353649739999994 1699.0
60.364516179999995 1655.0
60.375382619999996 1732.0
60.38624906 1634.0
60.3971155 1601.0
60.40798194 1610.0
60.41884838 1591.0
60.429714819999994 1568.0
60.440581259999995 1512.0
60.451447699999996 1601.0
60.46231414 1473.0
60.47318058 1467.0
60.48404702 1452.0
60.49491346 1422.0
60.5057799 1411.0
60.516646339999994 1351.0
60.527512779999995 1315.0
60.538379219999996 1342.0
60.54924566 1369.0
60.5601121 1315.0
60.57097854 1314.0
60.58184498 1298.0
60.59271142 1260.0
60.603577859999994 1373.0
60.614444299999995 1317.0
60.625310739999996 1305.0
60.63617718 1267.0
60.64704362 1280.0
60.65791006 1297.0
60.6687765 1319.0
60.679642939999994 1245.0
60.690509379999995 1247.0
60.701375819999996 1183.0
60.71224226 1183.0
60.7231087 1188.0
60.73397514 1249.0
60.74484158 1239.0
60.75570802 1249.0
60.766574459999994 1318.0
60.777440899999995 1263.0
60.788307339999996 1233.0
60.79917378 1254.0
60.81004022 1267.0
60.82090666 1248.0
60.8317731 1322.0
60.84263954 1269.0
60.853505979999994 1303.0
60.864372419999995 1261.0
60.875238859999996 1314.0
60.8861053 1348.0
60.89697174 1403.0
60.90783818 1288.0
60.91870462 1319.0
60.92957106 1319.0
60.940437499999994 1375.0
60.951303939999995 1379.0
60.962170379999996 1386.0
60.97303682 1382.0
60.98390326 1459.0
60.9947697 1506.0
61.00563614 1451.0
61.016502579999994 1551.0
61.027369019999995 1520.0
61.038235459999996 1621.0
61.0491019 1578.0
61.05996834 1675.0
61.07083478 1637.0
61.08170122 1643.0
61.09256766 1641.0
61.103434099999994 1656.0
61.114300539999995 1691.0
61.125166979999996 1740.0
61.13603342 1760.0
61.14689986 1815.0
61.1577663 1882.0
61.16863274 1858.0
61.17949918 1881.0
61.190365619999994 1919.0
61.201232059999995 1945.0
61.212098499999996 1949.0
61.22296494 2076.0
61.23383138 1995.0
61.24469782 2142.0
61.25556426 2023.0
61.266430699999994 2106.0
61.277297139999995 2099.0
61.288163579999996 1995.0
61.29903002 2071.0
61.30989646 2093.0
61.3207629 2116.0
61.33162934 2266.0
61.34249578 2185.0
61.353362219999994 2240.0
61.364228659999995 2226.0
61.375095099999996 2152.0
61.38596154 2278.0
61.39682798 2279.0
61.40769442 2257.0
61.41856086 2361.0
61.4294273 2319.0
61.440293739999994 2349.0
61.451160179999995 2306.0
61.462026619999996 2356.0
61.47289306 2448.0
61.4837595 2427.0
61.49462594 2339.0
61.50549238 2381.0
61.51635882 2310.0
61.527225259999994 2336.0
61.538091699999995 2219.0
61.548958139999996 2353.0
61.55982458 2341.0
61.57069102 2285.0
61.58155746 2296.0
61.5924239 2096.0
61.603290339999994 2158.0
61.614156779999995 2166.0
61.625023219999996 2113.0
61.63588966 2122.0
61.6467561 2123.0
61.65762254 2000.0
61.66848898 2074.0
61.67935542 1890.0
61.690221859999994 2048.0
61.701088299999995 1997.0
61.711954739999996 1862.0
61.72282118 1979.0
61.73368762 1851.0
61.74455406 1782.0
61.7554205 1765.0
61.76628694 1784.0
61.777153379999994 1691.0
61.788019819999995 1812.0
61.798886259999996 1772.0
61.8097527 1681.0
61.82061914 1691.0
61.83148558 1638.0
61.84235202 1682.0
61.853218459999994 1624.0
61.864084899999995 1692.0
61.874951339999996 1592.0
61.885817779999996 1690.0
61.89668422 1674.0
61.90755066 1562.0
61.9184171 1711.0
61.92928354 1678.0
61.940149979999994 1717.0
61.951016419999995 1630.0
61.961882859999996 1738.0
61.9727493 1675.0
61.98361574 1721.0
61.99448218 1713.0
62.00534862 1649.0
62.01621506 1704.0
62.027081499999994 1665.0
62.037947939999995 1749.0
62.048814379999996 1714.0
62.05968082 1788.0
62.07054726 1711.0
62.0814137 1757.0
62.09228014 1731.0
62.10314658 1721.0
62.114013019999994 1677.0
62.124879459999995 1734.0
62.135745899999996 1711.0
62.14661234 1721.0
62.15747878 1725.0
62.16834522 1684.0
62.17921166 1595.0
62.190078099999994 1659.0
62.200944539999995 1593.0
62.211810979999996 1622.0
62.22267742 1602.0
62.23354386 1602.0
62.2444103 1507.0
62.25527674 1553.0
62.26614318 1456.0
62.277009619999994 1471.0
62.287876059999995 1430.0
62.298742499999996 1442.0
62.30960894 1416.0
62.32047538 1366.0
62.33134182 1493.0
62.34220826 1378.0
62.3530747 1434.0
62.363941139999994 1400.0
62.374807579999995 1491.0
62.385674019999996 1362.0
62.39654046 1328.0
62.4074069 1316.0
62.41827334 1312.0
62.42913978 1274.0
62.440006219999994 1292.0
62.450872659999995 1306.0
62.461739099999996 1194.0
62.472605539999996 1322.0
62.48347198 1320.0
62.49433842 1303.0
62.50520486 1299.0
62.5160713 1283.0
62.526937739999994 1297.0
62.537804179999995 1211.0
62.548670619999996 1320.0
62.55953706 1232.0
62.5704035 1309.0
62.58126994 1238.0
62.59213638 1302.0
62.60300282 1299.0
62.613869259999994 1241.0
62.624735699999995 1317.0
62.635602139999996 1308.0
62.64646858 1304.0
62.65733502 1312.0
62.66820146 1379.0
62.6790679 1355.0
62.68993434 1384.0
62.700800779999994 1418.0
62.711667219999995 1417.0
62.722533659999996 1456.0
62.7334001 1437.0
62.74426654 1423.0
62.75513298 1623.0
62.76599942 1509.0
62.776865859999994 1495.0
62.787732299999995 1579.0
62.798598739999996 1568.0
62.80946518 1550.0
62.82033162 1576.0
62.83119806 1589.0
62.8420645 1706.0
62.85293094 1672.0
62.863797379999994 1685.0
62.874663819999995 1665.0
62.885530259999996 1792.0
62.8963967 1810.0
62.90726314 1816.0
62.91812958 1831.0
62.92899602 1784.0
62.93986246 1784.0
62.950728899999994 1770.0
62.961595339999995 1878.0
62.972461779999996 1785.0
62.98332822 1796.0
62.99419466 1736.0
63.0050611 1858.0
63.01592754 1824.0
63.026793979999994 1804.0
63.037660419999995 1930.0
63.048526859999996 1820.0
63.059393299999996 1844.0
63.07025974 1743.0
63.08112618 1759.0
63.09199262 1781.0
63.10285906 1677.0
63.113725499999994 1734.0
63.124591939999995 1763.0
63.135458379999996 1705.0
63.14632482 1663.0
63.15719126 1653.0
63.1680577 1684.0
63.17892414 1611.0
63.18979058 1662.0
63.200657019999994 1577.0
63.211523459999995 1585.0
63.222389899999996 1661.0
63.23325634 1564.0
63.24412278 1594.0
63.25498922 1532.0
63.26585566 1526.0
63.2767221 1468.0
63.287588539999994 1536.0
63.298454979999995 1529.0
63.309321419999996 1562.0
63.32018786 1513.0
63.3310543 1476.0
63.34192074 1475.0
63.35278718 1513.0
63.363653619999994 1519.0
63.374520059999995 1480.0
63.385386499999996 1482.0
63.39625294 1591.0
63.40711938 1458.0
63.41798582 1603.0
63.42885226 1534.0
63.4397187 1544.0
63.450585139999994 1618.0
63.461451579999995 1613.0
63.472318019999996 1648.0
63.48318446 1669.0
63.4940509 1584.0
63.50491734 1586.0
63.51578378 1554.0
63.52665022 1628.0
63.537516659999994 1635.0
63.548383099999995 1597.0
63.559249539999996 1673.0
63.57011598 1632.0
63.58098242 1651.0
63.59184886 1582.0
63.6027153 1654.0
63.613581739999994 1698.0
63.624448179999995 1665.0
63.635314619999996 1730.0
63.646181059999996 1640.0
63.6570475 1678.0
63.66791394 1587.0
63.67878038 1650.0
63.68964682 1631.0
63.700513259999994 1682.0
63.711379699999995 1644.0
63.722246139999996 1623.0
63.73311258 1575.0
63.74397902 1646.0
63.75484546 1624.0
63.7657119 1595.0
63.77657834 1551.0
63.787444779999994 1542.0
63.798311219999995 1558.0
63.809177659999996 1570.0
63.8200441 1525.0
63.83091054 1484.0
63.84177698 1534.0
63.85264342 1435.0
63.86350986 1507.0
63.874376299999994 1510.0
63.885242739999995 1447.0
63.896109179999996 1407.0
63.90697562 1370.0
63.91784206 1398.0
63.9287085 1370.0
63.93957494 1407.0
63.950441379999994 1349.0
63.961307819999995 1345.0
63.972174259999996 1335.0
63.9830407 1361.0
63.99390714 1349.0
64.00477358 1354.0
64.01564002 1384.0
64.02650646000001 1287.0
64.0373729 1320.0
64.04823934 1252.0
64.05910578 1255.0
64.06997222 1283.0
64.08083866 1214.0
64.0917051 1293.0
64.10257154 1326.0
64.11343798 1230.0
64.12430442 1312.0
64.13517086 1216.0
64.1460373 1242.0
64.15690374 1237.0
64.16777018 1271.0
64.17863662 1298.0
64.18950306 1348.0
64.2003695 1389.0
64.21123594 1238.0
64.22210238 1271.0
64.23296882 1293.0
64.24383526 1312.0
64.2547017 1307.0
64.26556814 1259.0
64.27643458 1315.0
64.28730102 1303.0
64.29816746 1340.0
64.3090339 1345.0
64.31990034 1309.0
64.33076678 1304.0
64.34163322 1342.0
64.35249966 1290.0
64.36336610000001 1286.0
64.37423254 1283.0
64.38509898 1278.0
64.39596542 1268.0
64.40683186 1315.0
64.4176983 1339.0
64.42856474 1211.0
64.43943118 1304.0
64.45029762 1224.0
64.46116406 1299.0
64.4720305 1319.0
64.48289694 1223.0
64.49376338 1177.0
64.50462982 1246.0
64.51549626 1158.0
64.5263627 1275.0
64.53722914 1181.0
64.54809558 1255.0
64.55896202 1098.0
64.56982846 1151.0
64.5806949 1211.0
64.59156134 1189.0
64.60242778 1248.0
64.61329422 1172.0
64.62416066 1205.0
64.6350271 1129.0
64.64589354 1121.0
64.65675998 1186.0
64.66762642 1171.0
64.67849286 1153.0
64.6893593 1182.0
64.70022574000001 1147.0
64.71109218 1217.0
64.72195862 1154.0
64.73282506 1214.0
64.7436915 1159.0
64.75455794 1124.0
64.76542438 1172.0
64.77629082 1105.0
64.78715726 1141.0
64.7980237 1114.0
64.80889014 1092.0
64.81975658 1131.0
64.83062302 1262.0
64.84148946 1134.0
64.8523559 1183.0
64.86322234000001 1159.0
64.87408878 1141.0
64.88495522 1163.0
64.89582166 1192.0
64.9066881 1257.0
64.91755454 1212.0
64.92842098 1222.0
64.93928742 1266.0
64.95015386 1272.0
64.9610203 1252.0
64.97188674 1247.0
64.98275318 1239.0
64.99361962 1273.0
65.00448606 1193.0
65.0153525 1255.0
65.02621894 1272.0
65.03708538000001 1195.0
65.04795182 1216.0
65.05881826 1168.0
65.0696847 1262.0
65.08055114 1270.0
65.09141758 1305.0
65.10228402 1269.0
65.11315046 1267.0
65.1240169 1257.0
65.13488334 1300.0
65.14574978 1292.0
65.15661622 1292.0
65.16748266 1304.0
65.1783491 1329.0
65.18921554 1316.0
65.20008198000001 1323.0
65.21094842 1301.0
65.22181486 1359.0
65.2326813 1335.0
65.24354774 1365.0
65.25441418 1390.0
65.26528062 1371.0
65.27614706 1399.0
65.2870135 1391.0
65.29787994 1412.0
65.30874638 1495.0
65.31961282 1463.0
65.33047926 1435.0
65.3413457 1529.0
65.35221214 1486.0
65.36307858 1534.0
65.37394502 1559.0
65.38481146 1681.0
65.3956779 1619.0
65.40654434 1727.0
65.41741078 1689.0
65.42827722 1664.0
65.43914366 1751.0
65.4500101 1770.0
65.46087654 1828.0
65.47174298 1769.0
65.48260942 1821.0
65.49347586 1974.0
65.5043423 1903.0
65.51520874 1963.0
65.52607518 1999.0
65.53694162000001 1920.0
65.54780806 2024.0
65.5586745 2063.0
65.56954094 2112.0
65.58040738 2020.0
65.59127382 2072.0
65.60214026 2120.0
65.6130067 2101.0
65.62387314 2070.0
65.63473958 2063.0
65.64560602 2029.0
65.65647246 1935.0
65.6673389 2071.0
65.67820534 2034.0
65.68907178 2024.0
65.69993822 2044.0
65.71080466 2065.0
65.7216711 2092.0
65.73253754 2072.0
65.74340398 2027.0
65.75427042 2043.0
65.76513686 1983.0
65.7760033 1952.0
65.78686974 1939.0
65.79773618 1941.0
65.80860262 1831.0
65.81946906 1847.0
65.8303355 1922.0
65.84120194 1881.0
65.85206838 1838.0
65.86293482 1854.0
65.87380126000001 1748.0
65.8846677 1839.0
65.89553414 1714.0
65.90640058 1742.0
65.91726702 1649.0
65.92813346 1719.0
65.9389999 1681.0
65.94986634 1682.0
65.96073278 1619.0
65.97159922 1581.0
65.98246566 1555.0
65.9933321 1526.0
66.00419854 1506.0
66.01506498 1364.0
66.02593142 1427.0
66.03679786000001 1438.0
66.0476643 1392.0
66.05853074 1374.0
66.06939718 1421.0
66.08026362 1423.0
66.09113006 1410.0
66.1019965 1415.0
66.11286294 1265.0
66.12372938 1254.0
66.13459582 1288.0
66.14546226 1179.0
66.1563287 1198.0
66.16719514 1201.0
66.17806158 1197.0
66.18892802 1234.0
66.19979446 1179.0
66.21066090000001 1141.0
66.22152734 1098.0
66.23239378 1133.0
66.24326022 1108.0
66.25412666 1040.0
66.2649931 1107.0
66.27585954 1105.0
66.28672598 1102.0
66.29759242 1095.0
66.30845886 1013.0
66.3193253 1089.0
66.33019174 1032.0
66.34105818 1099.0
66.35192462 1057.0
66.36279106 1009.0
66.37365750000001 1082.0
66.38452394 1023.0
66.39539038 1085.0
66.40625682 1041.0
66.41712326 1046.0
66.4279897 1041.0
66.43885614 990.0
66.44972258 967.0
66.46058902 1029.0
66.47145546 1006.0
66.4823219 1012.0
66.49318834 944.0
66.50405478 988.0
66.51492122 947.0
66.52578766 1019.0
66.5366541 1017.0
66.54752054 980.0
66.55838698 998.0
66.56925342 982.0
66.58011986 1001.0
66.5909863 978.0
66.60185274 990.0
66.61271918 964.0
66.62358562 918.0
66.63445206 1039.0
66.6453185 921.0
66.65618494 985.0
66.66705138 983.0
66.67791782 911.0
66.68878426 973.0
66.6996507 949.0
66.71051714000001 963.0
66.72138358 932.0
66.73225002 932.0
66.74311646 974.0
66.7539829 955.0
66.76484934 987.0
66.77571578 931.0
66.78658222 984.0
66.79744866 937.0
66.8083151 962.0
66.81918154 892.0
66.83004798 1025.0
66.84091442 907.0
66.85178086 911.0
66.8626473 897.0
66.87351374 964.0
66.88438018 978.0
66.89524662 909.0
66.90611306 927.0
66.9169795 966.0
66.92784594 965.0
66.93871238 986.0
66.94957882 933.0
66.96044526 954.0
66.9713117 916.0
66.98217814 946.0
66.99304458 955.0
67.00391102 941.0
67.01477746 972.0
67.0256439 961.0
67.03651034 1015.0
67.04737678000001 954.0
67.05824322 946.0
67.06910966 951.0
67.0799761 1040.0
67.09084254 930.0
67.10170898 1067.0
67.11257542 954.0
67.12344186 971.0
67.1343083 1053.0
67.14517474 1005.0
67.15604118 1051.0
67.16690762 1057.0
67.17777406 1025.0
67.1886405 1038.0
67.19950694 1019.0
67.21037338000001 1064.0
67.22123982 1058.0
67.23210626 1110.0
67.2429727 1095.0
67.25383914 1096.0
67.26470558 1118.0
67.27557202 1087.0
67.28643846 1053.0
67.2973049 1037.0
67.30817134 1122.0
67.31903778 1080.0
67.32990422 1070.0
67.34077066 1061.0
67.3516371 1098.0
67.36250354 1119.0
67.37336998 1102.0
67.38423642000001 1097.0
67.39510286 1114.0
67.4059693 1059.0
67.41683574 1113.0
67.42770218 1041.0
67.43856862 1079.0
67.44943506 1036.0
67.4603015 1101.0
67.47116794 1020.0
67.48203438 1055.0
67.49290082 1043.0
67.50376726 1054.0
67.5146337 1087.0
67.52550014 1081.0
67.53636658 1032.0
67.54723302000001 1094.0
67.55809946 1046.0
67.5689659 1055.0
67.57983234 1016.0
67.59069878 1011.0
67.60156522 1078.0
67.61243166 1016.0
67.6232981 963.0
67.63416454 998.0
67.64503098 1009.0
67.65589742 1014.0
67.66676386 947.0
67.6776303 1005.0
67.68849674 1002.0
67.69936318 981.0
67.71022962 1002.0
67.72109606 923.0
67.7319625 946.0
67.74282894 967.0
67.75369538 960.0
67.76456182 922.0
67.77542826 912.0
67.7862947 986.0
67.79716114 928.0
67.80802758 885.0
67.81889402 947.0
67.82976046 986.0
67.8406269 1032.0
67.85149334 906.0
67.86235978 921.0
67.87322622 975.0
67.88409266000001 898.0
67.8949591 962.0
67.90582554 916.0
67.91669198 981.0
67.92755842 891.0
67.93842486 902.0
67.9492913 896.0
67.96015774 985.0
67.97102418 961.0
67.98189062 927.0
67.99275706 987.0
68.0036235 952.0
68.01448994 949.0
68.02535638 966.0
68.03622282 944.0
68.04708926 954.0
68.0579557 957.0
68.06882214 955.0
68.07968858 952.0
68.09055502 994.0
68.10142146 1025.0
68.1122879 943.0
68.12315434 956.0
68.13402078 915.0
68.14488722 1029.0
68.15575366 979.0
68.1666201 956.0
68.17748654 976.0
68.18835298 976.0
68.19921942 984.0
68.21008586 996.0
68.22095230000001 976.0
68.23181874 1001.0
68.24268518 984.0
68.25355162 1024.0
68.26441806 953.0
68.2752845 983.0
68.28615094 978.0
68.29701738 984.0
68.30788382 977.0
68.31875026 1023.0
68.3296167 970.0
68.34048314 1064.0
68.35134958 944.0
68.36221602 1001.0
68.37308246 1001.0
68.38394890000001 977.0
68.39481534 969.0
68.40568178 937.0
68.41654822 914.0
68.42741466 969.0
68.4382811 891.0
68.44914754 908.0
68.46001398 956.0
68.47088042 990.0
68.48174686 921.0
68.4926133 965.0
68.50347974 905.0
68.51434618 958.0
68.52521262 934.0
68.53607906 925.0
68.5469455 906.0
68.55781194000001 975.0
68.56867838 926.0
68.57954482 920.0
68.59041126 944.0
68.6012777 906.0
68.61214414 880.0
68.62301058 923.0
68.63387702 845.0
68.64474346 939.0
68.6556099 854.0
68.66647634 881.0
68.67734278 842.0
68.68820922 943.0
68.69907566 908.0
68.7099421 921.0
68.72080854000001 965.0
68.73167498 964.0
68.74254142 881.0
68.75340786 853.0
68.7642743 935.0
68.77514074 943.0
68.78600718 931.0
68.79687362 918.0
68.80774006 955.0
68.8186065 973.0
68.82947294 954.0
68.84033938 885.0
68.85120582 915.0
68.86207226 918.0
68.8729387 937.0
68.88380514 925.0
68.89467158 993.0
68.90553802 990.0
68.91640446 985.0
68.9272709 926.0
68.93813734 1040.0
68.94900378 997.0
68.95987022 967.0
68.97073666 1065.0
68.9816031 1036.0
68.99246954 1091.0
69.00333598 1040.0
69.01420242 966.0
69.02506886 1022.0
69.0359353 1038.0
69.04680174 1040.0
69.05766818000001 1119.0
69.06853462 1032.0
69.07940106 1027.0
69.0902675 1058.0
69.10113394 1052.0
69.11200038 1070.0
69.12286682 1047.0
69.13373326 1057.0
69.1445997 1041.0
69.15546614 1058.0
69.16633258 1017.0
69.17719902 1005.0
69.18806546 949.0
69.1989319 1070.0
69.20979834 1021.0
69.22066478 1022.0
69.23153122 1053.0
69.24239766 1030.0
69.2532641 1039.0
69.26413054 1048.0
69.27499698 1022.0
69.28586342 1013.0
69.29672986 1085.0
69.3075963 1132.0
69.31846274 1005.0
69.32932918 1066.0
69.34019562 1036.0
69.35106206 1052.0
69.3619285 1000.0
69.37279494 1047.0
69.38366138 978.0
69.39452782000001 1068.0
69.40539426 1070.0
69.4162607 1099.0
69.42712714 1099.0
69.43799358 1044.0
69.44886002 1113.0
69.45972646 1033.0
69.4705929 1135.0
69.48145934 1104.0
69.49232578 1078.0
69.50319222 1091.0
69.51405866 1023.0
69.5249251 1084.0
69.53579154 1134.0
69.54665798 1161.0
69.55752442000001 1162.0
69.56839086 1049.0
69.5792573 1065.0
69.59012374 1058.0
69.60099018 1127.0
69.61185662 1069.0
69.62272306 1088.0
69.6335895 1108.0
69.64445594 1049.0
69.65532238 1089.0
69.66618882 1124.0
69.67705526 1055.0
69.6879217 1085.0
69.69878814 1079.0
69.70965458 1051.0
69.72052102 1056.0
69.73138746000001 1071.0
69.7422539 1020.0
69.75312034 1047.0
69.76398678 1012.0
69.77485322 995.0
69.78571966 1033.0
69.7965861 1021.0
69.80745254 1033.0
69.81831898 1058.0
69.82918542 1013.0
69.84005186 1093.0
69.8509183 1039.0
69.86178474 959.0
69.87265118 1039.0
69.88351762 989.0
69.89438406000001 1010.0
69.9052505 959.0
69.91611694 970.0
69.92698338 1014.0
69.93784982 983.0
69.94871626 997.0
69.9595827 1003.0
69.97044914 938.0
69.98131558 963.0
69.99218202 970.0
70.00304846 921.0
70.0139149 939.0
70.02478134 949.0
70.03564778 960.0
70.04651422 982.0
70.05738066 975.0
70.0682471 977.0
70.07911354 891.0
70.08997998 933.0
70.10084642 910.0
70.11171286 954.0
70.1225793 928.0
70.13344574 944.0
70.14431218 948.0
70.15517862 923.0
70.16604506 942.0
70.1769115 983.0
70.18777794 939.0
70.19864438 984.0
70.20951082 962.0
70.22037726 897.0
70.23124370000001 888.0
70.24211014 932.0
70.25297658 958.0
70.26384302 922.0
70.27470946 936.0
70.2855759 947.0
70.29644234 977.0
70.30730878 974.0
70.31817522 944.0
70.32904166 861.0
70.3399081 993.0
70.35077454 877.0
70.36164098 907.0
70.37250742 956.0
70.38337386 903.0
70.3942403 948.0
70.40510674 957.0
70.41597318 923.0
70.42683962 931.0
70.43770606 962.0
70.4485725 1037.0
70.45943894 989.0
70.47030538 949.0
70.48117182 1003.0
70.49203826 985.0
70.5029047 973.0
70.51377114 958.0
70.52463758 982.0
70.53550402 983.0
70.54637046 966.0
70.5572369 924.0
70.56810334000001 974.0
70.57896978 978.0
70.58983622 969.0
70.60070266 946.0
70.6115691 960.0
70.62243554 975.0
70.63330198 919.0
70.64416842 1014.0
70.65503486 981.0
70.6659013 984.0
70.67676774 1014.0
70.68763418 915.0
70.69850062 979.0
70.70936706 997.0
70.7202335 915.0
70.73109994000001 953.0
70.74196638 962.0
70.75283282 969.0
70.76369926 936.0
70.7745657 904.0
70.78543214 925.0
70.79629858 987.0
70.80716502 970.0
70.81803146 994.0
70.8288979 989.0
70.83976434 961.0
70.85063078 994.0
70.86149722 927.0
70.87236366 1014.0
70.8832301 1008.0
70.89409654 988.0
70.90496298000001 971.0
70.91582942 919.0
70.92669586 1020.0
70.9375623 974.0
70.94842874 985.0
70.95929518 1002.0
70.97016162 979.0
70.98102806 1013.0
70.9918945 1033.0
71.00276094 1069.0
71.01362738 1015.0
71.02449382 1059.0
71.03536026 1040.0
71.0462267 1016.0
71.05709314 1112.0
71.06795958000001 1031.0
71.07882602 1094.0
71.08969246 1055.0
71.1005589 1089.0
71.11142534 1113.0
71.12229178 1054.0
71.13315822 1160.0
71.14402466 1115.0
71.1548911 1165.0
71.16575754 1182.0
71.17662398 1132.0
71.18749042 1150.0
71.19835686 1209.0
71.2092233 1183.0
71.22008974 1192.0
71.23095618 1160.0
71.24182262 1220.0
71.25268906 1204.0
71.2635555 1244.0
71.27442194 1235.0
71.28528838 1242.0
71.29615482 1276.0
71.30702126 1263.0
71.3178877 1234.0
71.32875414 1213.0
71.33962058 1221.0
71.35048702 1269.0
71.36135346 1307.0
71.3722199 1277.0
71.38308634 1307.0
71.39395278 1246.0
71.40481922000001 1275.0
71.41568566 1180.0
71.4265521 1287.0
71.43741854 1187.0
71.44828498 1276.0
71.45915142 1231.0
71.47001786 1289.0
71.4808843 1212.0
71.49175074 1211.0
71.50261718 1220.0
71.51348362 1193.0
71.52435006 1257.0
71.5352165 1170.0
71.54608294 1186.0
71.55694938 1201.0
71.56781582 1170.0
71.57868226 1120.0
71.5895487 1200.0
71.60041514 1164.0
71.61128158 1168.0
71.62214802 1217.0
71.63301446 1218.0
71.6438809 1181.0
71.65474734 1197.0
71.66561378 1123.0
71.67648022 1135.0
71.68734666 1121.0
71.6982131 1154.0
71.70907954 1146.0
71.71994598 1165.0
71.73081242 1094.0
71.74167886000001 1099.0
71.7525453 1102.0
71.76341174 1118.0
71.77427818 1166.0
71.78514462 1072.0
71.79601106 1218.0
71.8068775 1162.0
71.81774394 1187.0
71.82861038 1173.0
71.83947682 1164.0
71.85034326 1181.0
71.8612097 1162.0
71.87207614 1168.0
71.88294258 1181.0
71.89380902 1176.0
71.90467546 1250.0
71.9155419 1164.0
71.92640834 1228.0
71.93727478 1134.0
71.94814122 1187.0
71.95900766 1180.0
71.9698741 1229.0
71.98074054 1159.0
71.99160698 1192.0
72.00247342 1215.0
72.01333986 1214.0
72.0242063 1156.0
72.03507274 1242.0
72.04593918 1173.0
72.05680562 1206.0
72.06767206 1266.0
72.07853850000001 1161.0
72.08940494 1179.0
72.10027138 1098.0
72.11113782 1185.0
72.12200426 1077.0
72.1328707 1152.0
72.14373714 1130.0
72.15460358 1120.0
72.16547002 1139.0
72.17633646 1141.0
72.1872029 1118.0
72.19806934 1192.0
72.20893578 1082.0
72.21980222 1161.0
72.23066866 1129.0
72.24153510000001 1092.0
72.25240154 1148.0
72.26326798 1127.0
72.27413442 1104.0
72.28500086 1115.0
72.2958673 1128.0
72.30673374 1088.0
72.31760018 1030.0
72.32846662 1098.0
72.33933306 1055.0
72.3501995 1038.0
72.36106594 1047.0
72.37193238 1074.0
72.38279882 1111.0
72.39366526 1114.0
72.4045317 1152.0
72.41539814 1094.0
72.42626458 1045.0
72.43713102 1070.0
72.44799746 1072.0
72.4588639 1096.0
72.46973034 1081.0
72.48059678 1042.0
72.49146322 1054.0
72.50232966 995.0
72.5131961 1100.0
72.52406254 1053.0
72.53492898 1138.0
72.54579542 1058.0
72.55666186 1044.0
72.5675283 1063.0
72.57839474000001 1021.0
72.58926118 1054.0
72.60012762 996.0
72.61099406 1042.0
72.6218605 1070.0
72.63272694 1050.0
72.64359338 1106.0
72.65445982 1026.0
72.66532626 1134.0
72.6761927 1027.0
72.68705914 1034.0
72.69792558 1094.0
72.70879202 1081.0
72.71965846 1010.0
72.7305249 1022.0
72.74139134 1029.0
72.75225778 1001.0
72.76312422 1073.0
72.77399066 914.0
72.7848571 997.0
72.79572354 1037.0
72.80658998 1031.0
72.81745642 1020.0
72.82832286 993.0
72.8391893 999.0
72.85005574 986.0
72.86092218 981.0
72.87178862 1076.0
72.88265506 975.0
72.8935215 999.0
72.90438794 943.0
72.91525438000001 977.0
72.92612082 979.0
72.93698726 948.0
72.9478537 945.0
72.95872014 922.0
72.96958658 901.0
72.98045302 921.0
72.99131946 898.0
73.0021859 917.0
73.01305234 948.0
73.02391878 900.0
73.03478522 928.0
73.04565166 938.0
73.0565181 947.0
73.06738454 955.0
73.07825098 922.0
73.08911742 902.0
73.09998386 943.0
73.1108503 896.0
73.12171674 851.0
73.13258318 923.0
73.14344962 850.0
73.15431606 901.0
73.1651825 898.0
73.17604894 906.0
73.18691538 895.0
73.19778182 886.0
73.20864826 948.0
73.2195147 856.0
73.23038114 891.0
73.24124758 901.0
73.25211402000001 888.0
73.26298046 935.0
73.2738469 912.0
73.28471334 915.0
73.29557978 918.0
73.30644622 980.0
73.31731266 895.0
73.3281791 873.0
73.33904554 825.0
73.34991198 905.0
73.36077842 898.0
73.37164486 883.0
73.3825113 878.0
73.39337774 907.0
73.40424418 887.0
73.41511062000001 964.0
73.42597706 911.0
73.4368435 937.0
73.44770994 924.0
73.45857638 897.0
73.46944282 987.0
73.48030926 969.0
73.4911757 946.0
73.50204214 998.0
73.51290858 978.0
73.52377502 973.0
73.53464146 963.0
73.5455079 996.0
73.55637434 1049.0
73.56724078 1076.0
73.57810722 981.0
73.58897366 1080.0
73.5998401 1040.0
73.61070654 1044.0
73.62157298 1086.0
73.63243942 1146.0
73.64330586 1102.0
73.6541723 1127.0
73.66503874 1070.0
73.67590518 1152.0
73.68677162 1039.0
73.69763806 1128.0
73.7085045 1136.0
73.71937094 1112.0
73.73023738 1225.0
73.74110382 1176.0
73.75197026000001 1212.0
73.7628367 1177.0
73.77370314 1268.0
73.78456958 1273.0
73.79543602 1256.0
73.80630246 1227.0
73.8171689 1195.0
73.82803534 1255.0
73.83890178 1267.0
73.84976822 1353.0
73.86063466 1298.0
73.8715011 1337.0
73.88236754 1315.0
73.89323398 1343.0
73.90410042 1382.0
73.91496686 1348.0
73.9258333 1355.0
73.93669974 1299.0
73.94756618 1366.0
73.95843262 1397.0
73.96929906 1349.0
73.9801655 1373.0
73.99103194 1339.0
74.00189838 1461.0
74.01276482 1357.0
74.02363126 1456.0
74.0344977 1410.0
74.04536414 1455.0
74.05623058 1392.0
74.06709702 1450.0
74.07796346 1333.0
74.08882990000001 1476.0
74.09969634000001 1307.0
74.11056278000001 1387.0
74.12142922000001 1398.0
74.13229566000001 1422.0
74.1431621 1364.0
74.15402854 1299.0
74.16489498 1385.0
74.17576142 1280.0
74.18662786 1299.0
74.1974943 1323.0
74.20836074 1314.0
74.21922718 1281.0
74.23009362 1185.0
74.24096006 1235.0
74.2518265 1202.0
74.26269294000001 1249.0
74.27355938000001 1215.0
74.28442582000001 1096.0
74.29529226000001 1174.0
74.3061587 1171.0
74.31702514 1198.0
74.32789158 1201.0
74.33875802 1097.0
74.34962446 1185.0
74.3604909 1096.0
74.37135734 1063.0
74.38222378 1105.0
74.39309022 1066.0
74.40395666 1052.0
74.4148231 1090.0
74.42568954000001 1037.0
74.43655598000001 1109.0
74.44742242000001 1088.0
74.45828886000001 1017.0
74.4691553 1001.0
74.48002174 1043.0
74.49088818 1030.0
74.50175462 1043.0
74.51262106 1019.0
74.5234875 1049.0
74.53435394 1004.0
74.54522038 1069.0
74.55608682 1045.0
74.56695326 1027.0
74.5778197 963.0
74.58868614000001 1027.0
74.59955258000001 1028.0
74.61041902000001 1065.0
74.62128546000001 1025.0
74.63215190000001 1019.0
74.64301834 1045.0
74.65388478 1067.0
74.66475122 1150.0
74.67561766 1083.0
74.6864841 1058.0
74.69735054 1091.0
74.70821698 1019.0
74.71908342 1075.0
74.72994986 1109.0
74.7408163 1078.0
74.75168274 1093.0
74.76254918000001 1096.0
74.77341562000001 1086.0
74.78428206000001 1090.0
74.79514850000001 1140.0
74.80601494 1155.0
74.81688138 1161.0
74.82774782 1136.0
74.83861426 1142.0
74.8494807 1204.0
74.86034714 1190.0
74.87121358 1200.0
74.88208002 1283.0
74.89294646 1296.0
74.9038129 1270.0
74.91467934 1288.0
74.92554578000001 1275.0
74.93641222000001 1291.0
74.94727866000001 1295.0
74.95814510000001 1362.0
74.96901154000001 1314.0
74.97987798 1386.0
74.99074442 1335.0
75.00161086 1412.0
75.0124773 1400.0
75.02334374 1399.0
75.03421018 1384.0
75.04507662 1439.0
75.05594306 1486.0
75.0668095 1396.0
75.07767594 1496.0
75.08854238 1403.0
75.09940882000001 1514.0
75.11027526000001 1499.0
75.12114170000001 1533.0
75.13200814000001 1487.0
75.14287458 1440.0
75.15374102 1476.0
75.16460746 1583.0
75.1754739 1451.0
75.18634034 1575.0
75.19720678 1480.0
75.20807322 1430.0
75.21893966 1454.0
75.2298061 1473.0
75.24067254 1488.0
75.25153898 1470.0
75.26240542000001 1487.0
75.27327186000001 1357.0
75.28413830000001 1400.0
75.29500474000001 1403.0
75.30587118000001 1402.0
75.31673762 1497.0
75.32760406 1399.0
75.3384705 1392.0
75.34933694 1411.0
75.36020338 1319.0
75.37106982 1394.0
75.38193626 1271.0
75.3928027 1322.0
75.40366914 1354.0
75.41453558 1347.0
75.42540202 1268.0
75.43626846000001 1261.0
75.44713490000001 1280.0
75.45800134000001 1258.0
75.46886778000001 1184.0
75.47973422 1190.0
75.49060066 1248.0
75.5014671 1224.0
75.51233354 1244.0
75.52319998 1191.0
75.53406642 1220.0
75.54493286 1169.0
75.5557993 1092.0
75.56666574 1164.0
75.57753218 1108.0
75.58839862 1145.0
75.59926506000001 1094.0
75.61013150000001 1091.0
75.62099794000001 1067.0
75.63186438000001 1072.0
75.64273082 1122.0
75.65359726 1064.0
75.6644637 1067.0
75.67533014 1097.0
75.68619658 1095.0
75.69706302 1086.0
75.70792946 1006.0
75.7187959 1021.0
75.72966234 1032.0
75.74052878 1046.0
75.75139522 1027.0
75.76226166000001 981.0
75.77312810000001 1035.0
75.78399454000001 1049.0
75.79486098000001 888.0
75.80572742000001 978.0
75.81659386 958.0
75.8274603 972.0
75.83832674 1011.0
75.84919318 938.0
75.86005962 945.0
75.87092606 925.0
75.8817925 917.0
75.89265894 943.0
75.90352538 929.0
75.91439182 946.0
75.92525826 947.0
75.93612470000001 877.0
75.94699114000001 913.0
75.95785758000001 898.0
75.96872402000001 838.0
75.97959046 945.0
75.9904569 964.0
76.00132334 864.0
76.01218978 912.0
76.02305622 887.0
76.03392266 908.0
76.0447891 943.0
76.05565554 872.0
76.06652198 871.0
76.07738842 859.0
76.08825486 914.0
76.09912130000001 841.0
76.10998774000001 904.0
76.12085418000001 803.0
76.13172062000001 935.0
76.14258706000001 876.0
76.1534535 866.0
76.16431994 933.0
76.17518638 949.0
76.18605282 889.0
76.19691926 900.0
76.2077857 861.0
76.21865214 879.0
76.22951858 805.0
76.24038502 843.0
76.25125146 893.0
76.2621179 917.0
76.27298434000001 896.0
76.28385078000001 921.0
76.29471722000001 963.0
76.30558366000001 920.0
76.3164501 918.0
76.32731654 871.0
76.33818298 893.0
76.34904942 1029.0
76.35991586 944.0
76.3707823 958.0
76.38164874 891.0
76.39251518 940.0
76.40338162 950.0
76.41424806 939.0
76.4251145 907.0
76.43598094000001 913.0
76.44684738000001 985.0
76.45771382000001 985.0
76.46858026000001 977.0
76.47944670000001 921.0
76.49031314 907.0
76.50117958 982.0
76.51204602 969.0
76.52291246 968.0
76.5337789 950.0
76.54464534 994.0
76.55551178 979.0
76.56637822 983.0
76.57724466 1002.0
76.5881111 1007.0
76.59897754 1006.0
76.60984398000001 1058.0
76.62071042000001 935.0
76.63157686000001 972.0
76.64244330000001 987.0
76.65330974 962.0
76.66417618 1024.0
76.67504262 979.0
76.68590906 949.0
76.6967755 936.0
76.70764194 911.0
76.71850838 887.0
76.72937482 904.0
76.74024126 887.0
76.7511077 940.0
76.76197414 839.0
76.77284058000001 952.0
76.78370702000001 944.0
76.79457346000001 943.0
76.80543990000001 939.0
76.81630634 941.0
76.82717278 924.0
76.83803922 892.0
76.84890566 827.0
76.8597721 870.0
76.87063854 932.0
76.88150498 901.0
76.89237142 888.0
76.90323786 882.0
76.9141043 897.0
76.92497074 864.0
76.93583718000001 838.0
76.94670362000001 908.0
76.95757006000001 825.0
76.96843650000001 901.0
76.97930294000001 917.0
76.99016938 897.0
77.00103582 888.0
77.01190226 928.0
77.0227687 855.0
77.03363514 827.0
77.04450158 904.0
77.05536802 920.0
77.06623446 904.0
77.0771009 916.0
77.08796734 935.0
77.09883378 901.0
77.10970022000001 862.0
77.12056666000001 890.0
77.13143310000001 942.0
77.14229954000001 857.0
77.15316598 934.0
77.16403242 939.0
77.17489886 862.0
77.1857653 956.0
77.19663174 886.0
77.20749818 965.0
77.21836462 919.0
77.22923106 935.0
77.2400975 962.0
77.25096394 979.0
77.26183038 974.0
77.27269682000001 977.0
77.28356326000001 982.0
77.29442970000001 1008.0
77.30529614000001 940.0
77.31616258000001 958.0
77.32702902 962.0
77.33789546 988.0
77.3487619 975.0
77.35962834 965.0
77.37049478 1028.0
77.38136122 1027.0
77.39222766 1035.0
77.4030941 947.0
77.41396054 960.0
77.42482698 999.0
77.43569342 1000.0
77.44655986000001 990.0
77.45742630000001 960.0
77.46829274000001 975.0
77.47915918000001 984.0
77.49002562 983.0
77.50089206 959.0
77.5117585 966.0
77.52262494 927.0
77.53349138 949.0
77.54435782 1001.0
77.55522426 931.0
77.5660907 948.0
77.57695714 935.0
77.58782358 932.0
77.59869002 960.0
77.60955646000001 929.0
77.62042290000001 926.0
77.63128934000001 953.0
77.64215578000001 1011.0
77.65302222 929.0
77.66388866 912.0
77.6747551 943.0
77.68562154 927.0
77.69648798 937.0
77.70735442 1007.0
77.71822086 898.0
77.7290873 883.0
77.73995374 883.0
77.75082018 967.0
77.76168662 957.0
77.77255306 848.0
77.78341950000001 938.0
77.79428594000001 857.0
77.80515238000001 893.0
77.81601882000001 840.0
77.82688526 943.0
77.8377517 918.0
77.84861814 897.0
77.85948458 895.0
77.87035102 886.0
77.88121746 884.0
77.8920839 859.0
77.90295034 835.0
77.91381678 903.0
77.92468322 881.0
77.93554966 882.0
77.94641610000001 868.0
77.95728254000001 866.0
77.96814898000001 889.0
77.97901542000001 920.0
77.98988186 877.0
78.0007483 870.0
78.01161474 912.0
78.02248118 901.0
78.03334762 860.0
78.04421406 826.0
78.0550805 882.0
78.06594694 890.0
78.07681338 919.0
78.08767982 862.0
78.09854626 855.0
78.10941270000001 860.0
78.12027914000001 918.0
78.13114558000001 889.0
78.14201202000001 882.0
78.15287846000001 889.0
78.1637449 892.0
78.17461134 866.0
78.18547778 878.0
78.19634422 867.0
78.20721066 883.0
78.2180771 848.0
78.22894354 776.0
78.23980998 873.0
78.25067642 834.0
78.26154286 851.0
78.2724093 929.0
78.28327574000001 885.0
78.29414218000001 881.0
78.30500862000001 881.0
78.31587506000001 899.0
78.3267415 899.0
78.33760794 825.0
78.34847438 817.0
78.35934082 809.0
78.37020726 885.0
78.3810737 837.0
78.39194014 844.0
78.40280658 844.0
78.41367302 865.0
78.42453946 869.0
78.4354059 868.0
78.44627234000001 856.0
78.45713878000001 894.0
78.46800522000001 902.0
78.47887166000001 871.0
78.48973810000001 827.0
78.50060454 888.0
78.51147098 792.0
78.52233742 849.0
78.53320386 830.0
78.5440703 804.0
78.55493674 822.0
78.56580318 903.0
78.57666962 858.0
78.58753606 867.0
78.5984025 889.0
78.60926894 879.0
78.62013538000001 886.0
78.63100182000001 868.0
78.64186826000001 841.0
78.65273470000001 877.0
78.66360114 838.0
78.67446758 937.0
78.68533402 855.0
78.69620046 874.0
78.7070669 860.0
78.71793334 880.0
78.72879978 866.0
78.73966622 914.0
78.75053266 900.0
78.7613991 933.0
78.77226554 844.0
78.78313198000001 932.0
78.79399842000001 940.0
78.80486486000001 981.0
78.81573130000001 945.0
78.82659774 890.0
78.83746418 966.0
78.84833062 910.0
78.85919706 989.0
78.8700635 942.0
78.88092994 928.0
78.89179638 1022.0
78.90266282 970.0
78.91352926 983.0
78.9243957 1009.0
78.93526214 1002.0
78.94612858 1047.0
78.95699502000001 977.0
78.96786146000001 1008.0
78.97872790000001 1026.0
78.98959434000001 971.0
79.00046078 1002.0
79.01132722 976.0
79.02219366 968.0
79.0330601 996.0
79.04392654 929.0
79.05479298 980.0
79.06565942 959.0
79.07652586 918.0
79.0873923 957.0
79.09825874 867.0
79.10912518 929.0
79.11999162000001 949.0
79.13085806000001 943.0
79.14172450000001 971.0
79.15259094000001 882.0
79.16345738 949.0
79.17432382 952.0
79.18519026 918.0
79.1960567 934.0
79.20692314 912.0
79.21778958 920.0
79.22865602 933.0
79.23952246 893.0
79.2503889 897.0
79.26125534 864.0
79.27212178 908.0
79.28298822000001 857.0
79.29385466000001 867.0
79.30472110000001 816.0
79.31558754000001 890.0
79.32645398000001 872.0
79.33732042 813.0
79.34818686 847.0
79.3590533 798.0
79.36991974 853.0
79.38078618 796.0
79.39165262 835.0
79.40251906 806.0
79.4133855 803.0
79.42425194 793.0
79.43511838 779.0
79.44598482 800.0
79.45685126000001 902.0
79.46771770000001 781.0
79.47858414000001 751.0
79.48945058000001 826.0
79.50031702 811.0
79.51118346 818.0
79.5220499 802.0
79.53291634 757.0
79.54378278 765.0
79.55464922 793.0
79.56551566 828.0
79.5763821 806.0
79.58724854 797.0
79.59811498 783.0
79.60898142 777.0
79.61984786000001 781.0
79.63071430000001 768.0
79.64158074000001 785.0
79.65244718000001 759.0
79.66331362000001 779.0
79.67418006 800.0
79.6850465 774.0
79.69591294 769.0
79.70677938 703.0
79.71764582 741.0
79.72851226 861.0
79.7393787 803.0
79.75024514 829.0
79.76111158 749.0
79.77197802 765.0
79.78284446 737.0
79.79371090000001 735.0
79.80457734000001 782.0
79.81544378000001 783.0
79.82631022000001 809.0
79.83717666 777.0
79.8480431 755.0
79.85890954 767.0
79.86977598 828.0
79.88064242 771.0
79.89150886 746.0
79.9023753 776.0
79.91324174 784.0
79.92410818 789.0
79.93497462 811.0
79.94584106 740.0
79.95670750000001 775.0
79.96757394000001 762.0
79.97844038000001 775.0
79.98930682000001 766.0
80.00017326 721.0
80.0110397 751.0
80.02190614 770.0
80.03277258 752.0
80.04363902 748.0
80.05450546 812.0
80.0653719 747.0
80.07623834 773.0
80.08710478 758.0
80.09797122 752.0
80.10883766 700.0
80.1197041 738.0
80.13057054000001 780.0
80.14143698000001 769.0
80.15230342000001 825.0
80.16316986000001 701.0
80.1740363 780.0
80.18490274 803.0
80.19576918 766.0
80.20663562 798.0
80.21750206 810.0
80.2283685 770.0
80.23923494 805.0
80.25010138 786.0
80.26096782 804.0
80.27183426 849.0
80.2827007 784.0
80.29356714000001 828.0
80.30443358000001 736.0
80.31530002000001 780.0
80.32616646000001 762.0
80.3370329 749.0
80.34789934 744.0
80.35876578 751.0
80.36963222 778.0
80.38049866 782.0
80.3913651 776.0
80.40223154 762.0
80.41309798 779.0
80.42396442 727.0
80.43483086 799.0
80.4456973 842.0
80.45656374 740.0
80.46743018000001 804.0
80.47829662000001 802.0
80.48916306000001 810.0
80.50002950000001 779.0
80.51089594 826.0
80.52176238 760.0
80.53262882 791.0
80.54349526 801.0
80.5543617 830.0
80.56522814 819.0
80.57609458 837.0
80.58696102 752.0
80.59782746 808.0
80.6086939 816.0
80.61956034 780.0
80.63042678000001 846.0
80.64129322000001 860.0
80.65215966000001 800.0
80.66302610000001 770.0
80.67389254 845.0
80.68475898 773.0
80.69562542 815.0
80.70649186 820.0
80.7173583 781.0
80.72822474 799.0
80.73909118 836.0
80.74995762 829.0
80.76082406 850.0
80.7716905 857.0
80.78255694 874.0
80.79342338000001 823.0
80.80428982000001 907.0
80.81515626000001 849.0
80.82602270000001 826.0
80.83688914000001 830.0
80.84775558 861.0
80.85862202 869.0
80.86948846 869.0
80.8803549 835.0
80.89122134 823.0
80.90208778 866.0
80.91295422 829.0
80.92382066 874.0
80.9346871 881.0
80.94555354 832.0
80.95641998 858.0
80.96728642000001 905.0
80.97815286000001 861.0
80.98901930000001 822.0
80.99988574000001 821.0
81.01075218 792.0
81.02161862 803.0
81.03248506 839.0
81.0433515 879.0
81.05421794 816.0
81.06508438 876.0
81.07595082 851.0
81.08681726 828.0
81.0976837 855.0
81.10855014 858.0
81.11941658 804.0
81.13028302000001 829.0
81.14114946000001 850.0
81.15201590000001 832.0
81.16288234000001 818.0
81.17374878 873.0
81.18461522 845.0
81.19548166 892.0
81.2063481 876.0
81.21721454 887.0
81.22808098 876.0
81.23894742 886.0
81.24981386 853.0
81.2606803 917.0
81.27154674 784.0
81.28241318 873.0
81.29327962 889.0
81.30414606000001 861.0
81.31501250000001 865.0
81.32587894000001 870.0
81.33674538000001 866.0
81.34761182 848.0
81.35847826 903.0
81.3693447 869.0
81.38021114 876.0
81.39107758 938.0
81.40194402 836.0
81.41281046 920.0
81.4236769 863.0
81.43454334 909.0
81.44540978 909.0
81.45627622 938.0
81.46714266000001 966.0
81.47800910000001 887.0
81.48887554000001 922.0
81.49974198000001 926.0
81.51060842 951.0
81.52147486 957.0
81.5323413 1013.0
81.54320774 953.0
81.55407418 993.0
81.56494062 984.0
81.57580706 957.0
81.5866735 966.0
81.59753994 974.0
81.60840638 944.0
81.61927282 1011.0
81.63013926 1027.0
81.64100570000001 1063.0
81.65187214000001 1044.0
81.66273858000001 936.0
81.67360502000001 982.0
81.68447146 1016.0
81.6953379 941.0
81.70620434 1042.0
81.71707078 961.0
81.72793722 1022.0
81.73880366 971.0
81.7496701 967.0
81.76053654 1048.0
81.77140298 1056.0
81.78226942 997.0
81.79313586 930.0
81.80400230000001 1046.0
81.81486874000001 1061.0
81.82573518000001 1033.0
81.83660162000001 1010.0
81.84746806 991.0
81.8583345 946.0
81.86920094 977.0
81.88006738 1004.0
81.89093382 1050.0
81.90180026 1018.0
81.9126667 995.0
81.92353314 1083.0
81.93439958 1036.0
81.94526602 1017.0
81.95613246 1004.0
81.96699890000001 1005.0
81.97786534000001 1026.0
81.98873178000001 1002.0
81.99959822000001 1030.0
82.01046466000001 990.0
82.0213311 982.0
82.03219754 1038.0
82.04306398 1002.0
82.05393042 947.0
82.06479686 1021.0
82.0756633 1004.0
82.08652974 978.0
82.09739618 996.0
82.10826262 992.0
82.11912906 1006.0
82.1299955 972.0
82.14086194000001 983.0
82.15172838000001 936.0
82.16259482000001 959.0
82.17346126000001 1001.0
82.1843277 1002.0
82.19519414 957.0
82.20606058 911.0
82.21692702 975.0
82.22779346 975.0
82.2386599 886.0
82.24952634 991.0
82.26039278 938.0
82.27125922 1019.0
82.28212566 987.0
82.2929921 917.0
82.30385854000001 982.0
82.31472498000001 949.0
82.32559142000001 955.0
82.33645786000001 951.0
82.3473243 911.0
82.35819074 950.0
82.36905718 921.0
82.37992362 997.0
82.39079006 928.0
82.4016565 999.0
82.41252294 966.0
82.42338938 937.0
82.43425582 1031.0
82.44512226 965.0
82.4559887 986.0
82.46685514 932.0
82.47772158000001 949.0
82.48858802000001 1032.0
82.49945446000001 1043.0
82.51032090000001 964.0
82.52118734 992.0
82.53205378 1002.0
82.54292022 995.0
82.55378666 968.0
82.5646531 1050.0
82.57551954 986.0
82.58638598 1000.0
82.59725242 974.0
82.60811886 1019.0
82.6189853 990.0
82.62985174 1014.0
82.64071818000001 1051.0
82.65158462000001 931.0
82.66245106000001 1065.0
82.67331750000001 1051.0
82.68418394 987.0
82.69505038 994.0
82.70591682 969.0
82.71678326 1065.0
82.7276497 1000.0
82.73851614 1008.0
82.74938258 942.0
82.76024902 1006.0
82.77111546 934.0
82.7819819 982.0
82.79284834 970.0
82.80371478 978.0
82.81458122000001 1018.0
82.82544766000001 975.0
82.83631410000001 945.0
82.84718054000001 946.0
82.85804698 1013.0
82.86891342 1003.0
82.87977986 1007.0
82.8906463 1092.0
82.90151274 955.0
82.91237918 949.0
82.92324562 988.0
82.93411206 1012.0
82.9449785 952.0
82.95584494 964.0
82.96671138 1026.0
82.97757782000001 938.0
82.98844426000001 964.0
82.99931070000001 976.0
83.01017714000001 1012.0
83.02104358 1005.0
83.03191002 1012.0
83.04277646 1008.0
83.0536429 1066.0
83.06450934 1007.0
83.07537578 985.0
83.08624222 1117.0
83.09710866 1087.0
83.1079751 1018.0
83.11884154 1089.0
83.12970798 1039.0
83.14057442000001 1020.0
83.15144086000001 1042.0
83.16230730000001 1028.0
83.17317374000001 1056.0
83.18404018000001 1031.0
83.19490662 1051.0
83.20577306 1060.0
83.2166395 1142.0
83.22750594 1101.0
83.23837238 1081.0
83.24923882 1104.0
83.26010526 1098.0
83.2709717 1037.0
83.28183814 1100.0
83.29270458 1074.0
83.30357102 1113.0
83.31443746000001 1093.0
83.32530390000001 1071.0
83.33617034000001 1072.0
83.34703678000001 1052.0
83.35790322 1066.0
83.36876966 1096.0
83.3796361 1040.0
83.39050254 1064.0
83.40136898 1057.0
83.41223542 1066.0
83.42310186 1064.0
83.4339683 1026.0
83.44483474 1016.0
83.45570118 980.0
83.46656762 1024.0
83.47743406000001 1010.0
83.48830050000001 1090.0
83.49916694000001 1017.0
83.51003338000001 979.0
83.52089982 990.0
83.53176626 999.0
83.5426327 1001.0
83.55349914 975.0
83.56436558 988.0
83.57523202 953.0
83.58609846 971.0
83.5969649 990.0
83.60783134 976.0
83.61869778 964.0
83.62956422 930.0
83.64043066 954.0
83.65129710000001 986.0
83.66216354000001 1021.0
83.67302998000001 968.0
83.68389642000001 911.0
83.69476286 921.0
83.7056293 930.0
83.71649574 974.0
83.72736218 954.0
83.73822862 940.0
83.74909506 967.0
83.7599615 966.0
83.77082794 998.0
83.78169438 891.0
83.79256082 936.0
83.80342726 921.0
83.81429370000001 922.0
83.82516014000001 913.0
83.83602658000001 939.0
83.84689302000001 902.0
83.85775946 935.0
83.8686259 951.0
83.87949234 1021.0
83.89035878 924.0
83.90122522 973.0
83.91209166 999.0
83.9229581 991.0
83.93382454 1002.0
83.94469098 1030.0
83.95555742 985.0
83.96642386 999.0
83.9772903 995.0
83.98815674000001 948.0
83.99902318000001 998.0
84.00988962000001 1021.0
84.02075606000001 1004.0
84.0316225 955.0
84.04248894 1069.0
84.05335538 1062.0
84.06422182 1032.0
84.07508826 1049.0
84.0859547 1026.0
84.09682114 1009.0
84.10768758 1031.0
84.11855402 1014.0
84.12942046 1014.0
84.1402869 1051.0
84.15115334000001 1026.0
84.16201978000001 997.0
84.17288622000001 980.0
84.18375266000001 1003.0
84.1946191 998.0
84.20548554 1021.0
84.21635198 1059.0
84.22721842 1000.0
84.23808486 934.0
84.2489513 977.0
84.25981774 998.0
84.27068418 1045.0
84.28155062 956.0
84.29241706 942.0
84.3032835 996.0
84.31414994000001 964.0
84.32501638000001 997.0
84.33588282000001 909.0
84.34674926000001 1019.0
84.35761570000001 1025.0
84.36848214 958.0
84.37934858 955.0
84.39021502 930.0
84.40108146 939.0
84.4119479 951.0
84.42281434 890.0
84.43368078 955.0
84.44454722 926.0
84.45541366 919.0
84.4662801 951.0
84.47714654 888.0
84.48801298000001 958.0
84.49887942000001 922.0
84.50974586000001 912.0
84.52061230000001 917.0
84.53147874 891.0
84.54234518 886.0
84.55321162 875.0
84.56407806 906.0
84.5749445 880.0
84.58581094 891.0
84.59667738 890.0
84.60754382 936.0
84.61841026 895.0
84.6292767 832.0
84.64014314 931.0
84.65100958000001 890.0
84.66187602000001 878.0
84.67274246000001 934.0
84.68360890000001 857.0
84.69447534 833.0
84.70534178 848.0
84.71620822 934.0
84.72707466 847.0
84.7379411 814.0
84.74880754 887.0
84.75967398 911.0
84.77054042 887.0
84.78140686 907.0
84.7922733 893.0
84.80313974 883.0
84.81400618 874.0
84.82487262000001 889.0
84.83573906000001 884.0
84.84660550000001 896.0
84.85747194000001 899.0
84.86833838 895.0
84.87920482 916.0
84.89007126 948.0
84.9009377 901.0
84.91180414 908.0
84.92267058 874.0
84.93353702 930.0
84.94440346 914.0
84.9552699 874.0
84.96613634 904.0
84.97700278 904.0
84.98786922000001 909.0
84.99873566000001 965.0
85.00960210000001 963.0
85.02046854000001 959.0
85.03133498 916.0
85.04220142 871.0
85.05306786 962.0
85.0639343 949.0
85.07480074 863.0
85.08566718 933.0
85.09653362 913.0
85.10740006 894.0
85.1182665 892.0
85.12913294 856.0
85.13999938 872.0
85.15086582 873.0
85.16173226000001 874.0
85.17259870000001 899.0
85.18346514000001 827.0
85.19433158000001 915.0
85.20519802 890.0
85.21606446 874.0
85.2269309 888.0
85.23779734 989.0
85.24866378 859.0
85.25953022 916.0
85.27039666 910.0
85.2812631 870.0
85.29212954 883.0
85.30299598 875.0
85.31386242 922.0
85.32472886000001 907.0
85.33559530000001 837.0
85.34646174000001 848.0
85.35732818000001 817.0
85.36819462 925.0
85.37906106 884.0
85.3899275 886.0
85.40079394 898.0
85.41166038 834.0
85.42252682 874.0
85.43339326 921.0
85.4442597 973.0
85.45512614 844.0
85.46599258 905.0
85.47685902 901.0
85.48772546000001 849.0
85.49859190000001 847.0
85.50945834000001 890.0
85.52032478000001 923.0
85.53119122000001 895.0
85.54205766 841.0
85.5529241 820.0
85.56379054 866.0
85.57465698 849.0
85.58552342 848.0
85.59638986 843.0
85.6072563 850.0
85.61812274 883.0
85.62898918 831.0
85.63985562 864.0
85.65072206 870.0
85.66158850000001 818.0
85.67245494000001 836.0
85.68332138000001 894.0
85.69418782000001 908.0
85.70505426 859.0
85.7159207 876.0
85.72678714 849.0
85.73765358 856.0
85.74852002 858.0
85.75938646 867.0
85.7702529 891.0
85.78111934 845.0
85.79198578 871.0
85.80285222 840.0
85.81371866 884.0
85.82458510000001 877.0
85.83545154000001 905.0
85.84631798000001 815.0
85.85718442000001 880.0
85.86805086 852.0
85.8789173 815.0
85.88978374 924.0
85.90065018 906.0
85.91151662 859.0
85.92238306 918.0
85.9332495 901.0
85.94411594 916.0
85.95498238 942.0
85.96584882 932.0
85.97671526 924.0
85.9875817 953.0
85.99844814000001 939.0
86.00931458000001 903.0
86.02018102000001 934.0
86.03104746000001 964.0
86.0419139 977.0
86.05278034 1004.0
86.06364678 1003.0
86.07451322 1015.0
86.08537966 1029.0
86.0962461 1013.0
86.10711254 1006.0
86.11797898 1090.0
86.12884542 1006.0
86.13971186 1143.0
86.1505783 1113.0
86.16144474000001 1057.0
86.17231118000001 1131.0
86.18317762000001 1152.0
86.19404406000001 1168.0
86.2049105 1181.0
86.21577694 1173.0
86.22664338 1168.0
86.23750982 1095.0
86.24837626 1194.0
86.2592427 1174.0
86.27010914 1158.0
86.28097558 1263.0
86.29184202 1169.0
86.30270846 1236.0
86.3135749 1252.0
86.32444134 1220.0
86.33530778000001 1222.0
86.34617422000001 1240.0
86.35704066000001 1262.0
86.36790710000001 1158.0
86.37877354 1153.0
86.38963998 1120.0
86.40050642 1170.0
86.41137286 1126.0
86.4222393 1212.0
86.43310574 1152.0
86.44397218 1157.0
86.45483862 1145.0
86.46570506 1186.0
86.4765715 1227.0
86.48743794 1125.0
86.49830438000001 1076.0
86.50917082000001 1143.0
86.52003726000001 1080.0
86.53090370000001 1135.0
86.54177014 1088.0
86.55263658 1147.0
86.56350302 1070.0
86.57436946 1115.0
86.5852359 1065.0
86.59610234 1016.0
86.60696878 1080.0
86.61783522 1010.0
86.62870166 1028.0
86.6395681 1119.0
86.65043454 991.0
86.66130098000001 952.0
86.67216742000001 975.0
86.68303386000001 972.0
86.69390030000001 938.0
86.70476674000001 1000.0
86.71563318 914.0
86.72649962 979.0
86.73736606 1009.0
86.7482325 939.0
86.75909894 825.0
86.76996538 949.0
86.78083182 901.0
86.79169826 973.0
86.8025647 904.0
86.81343114 932.0
86.82429758 895.0
86.83516402000001 899.0
86.84603046000001 965.0
86.85689690000001 908.0
86.86776334000001 910.0
86.87862978 852.0
86.88949622 886.0
86.90036266 905.0
86.9112291 892.0
86.92209554 895.0
86.93296198 874.0
86.94382842 877.0
86.95469486 902.0
86.9655613 886.0
86.97642774 879.0
86.98729418 929.0
86.99816062000001 877.0
87.00902706000001 969.0
87.01989350000001 840.0
87.03075994000001 875.0
87.04162638 869.0
87.05249282 934.0
87.06335926 892.0
87.0742257 876.0
87.08509214 862.0
87.09595858 821.0
87.10682502 857.0
87.11769146 891.0
87.1285579 833.0
87.13942434 828.0
87.15029078 899.0
87.16115722 860.0
87.17202366000001 903.0
87.18289010000001 855.0
87.19375654000001 804.0
87.20462298000001 872.0
87.21548942 858.0
87.22635586 880.0
87.2372223 878.0
87.24808874 878.0
87.25895518 924.0
87.26982162 875.0
87.28068806 917.0
87.2915545 841.0
87.30242094 879.0
87.31328738 878.0
87.32415382 893.0
87.33502026000001 918.0
87.34588670000001 864.0
87.35675314000001 901.0
87.36761958000001 859.0
87.37848602 871.0
87.38935246 940.0
87.4002189 933.0
87.41108534 919.0
87.42195178 969.0
87.43281822 955.0
87.44368466 914.0
87.4545511 891.0
87.46541754 948.0
87.47628398 965.0
87.48715042 997.0
87.49801686 978.0
87.50888330000001 886.0
87.51974974000001 985.0
87.53061618000001 996.0
87.54148262000001 970.0
87.55234906 948.0
87.5632155 940.0
87.57408194 958.0
87.58494838 976.0
87.59581482 911.0
87.60668126 896.0
87.6175477 958.0
87.62841414 945.0
87.63928058 963.0
87.65014702 1003.0
87.66101346 954.0
87.67187990000001 899.0
87.68274634000001 930.0
87.69361278000001 995.0
87.70447922000001 978.0
87.71534566 986.0
87.7262121 1003.0
87.73707854 911.0
87.74794498 934.0
87.75881142 956.0
87.76967786 929.0
87.7805443 982.0
87.79141074 898.0
87.80227718 931.0
87.81314362 888.0
87.82401006 942.0
87.83487650000001 873.0
87.84574294000001 909.0
87.85660938000001 959.0
87.86747582000001 898.0
87.87834226000001 900.0
87.8892087 936.0
87.90007514 909.0
87.91094158 883.0
87.92180802 888.0
87.93267446 904.0
87.9435409 890.0
87.95440734 972.0
87.96527378 876.0
87.97614022 923.0
87.98700666 929.0
87.9978731 905.0
88.00873954000001 867.0
88.01960598000001 888.0
88.03047242000001 880.0
88.04133886000001 902.0
88.0522053 935.0
88.06307174 904.0
88.07393818 949.0
88.08480462 940.0
88.09567106 931.0
88.1065375 994.0
88.11740394 910.0
88.12827038 1005.0
88.13913682 909.0
88.15000326 949.0
88.1608697 894.0
88.17173614000001 970.0
88.18260258000001 956.0
88.19346902000001 947.0
88.20433546000001 952.0
88.2152019 970.0
88.22606834 929.0
88.23693478 977.0
88.24780122 951.0
88.25866766 988.0
88.2695341 969.0
88.28040054 1054.0
88.29126698 1081.0
88.30213342 1035.0
88.31299986 1032.0
88.3238663 1044.0
88.33473274 1031.0
88.34559918000001 977.0
88.35646562000001 1054.0
88.36733206000001 992.0
88.37819850000001 1030.0
88.38906494 1004.0
88.39993138 1019.0
88.41079782 1015.0
88.42166426 1071.0
88.4325307 1043.0
88.44339714 1055.0
88.45426358 1069.0
88.46513002 1052.0
88.47599646 1064.0
88.4868629 997.0
88.49772934 1067.0
88.50859578000001 1038.0
88.51946222000001 1055.0
88.53032866000001 1075.0
88.54119510000001 1116.0
88.55206154 1031.0
88.56292798 1072.0
88.57379442 988.0
88.58466086 1059.0
88.5955273 1042.0
88.60639374 1107.0
88.61726018 1052.0
88.62812662 1084.0
88.63899306 1042.0
88.6498595 1030.0
88.66072594 986.0
88.67159238 1029.0
88.68245882000001 984.0
88.69332526000001 1016.0
88.70419170000001 1025.0
88.71505814000001 1039.0
88.72592458 1073.0
88.73679102 940.0
88.74765746 1024.0
88.7585239 970.0
88.76939034 960.0
88.78025678 1023.0
88.79112322 1023.0
88.80198966 1009.0
88.8128561 961.0
88.82372254 926.0
88.83458898 956.0
88.84545542000001 911.0
88.85632186000001 906.0
88.86718830000001 916.0
88.87805474000001 912.0
88.88892118 958.0
88.89978762 933.0
88.91065406 874.0
88.9215205 891.0
88.93238694 913.0
88.94325338 963.0
88.95411982 893.0
88.96498626 926.0
88.9758527 962.0
88.98671914 898.0
88.99758558 889.0
89.00845202000001 919.0
89.01931846000001 907.0
89.03018490000001 891.0
89.04105134000001 871.0
89.05191778000001 889.0
89.06278422 808.0
89.07365066 840.0
89.0845171 831.0
89.09538354 831.0
89.10624998 808.0
89.11711642 917.0
89.12798286 807.0
89.1388493 858.0
89.14971574 834.0
89.16058218 825.0
89.17144862 899.0
89.18231506000001 820.0
89.19318150000001 822.0
89.20404794000001 848.0
89.21491438000001 841.0
89.22578082 826.0
89.23664726 828.0
89.2475137 817.0
89.25838014 853.0
89.26924658 847.0
89.28011302 851.0
89.29097946 889.0
89.3018459 854.0
89.31271234 783.0
89.32357878 874.0
89.33444522 861.0
89.34531166000001 830.0
89.35617810000001 880.0
89.36704454000001 826.0
89.37791098000001 874.0
89.38877742 872.0
89.39964386 874.0
89.4105103 826.0
89.42137674 887.0
89.43224318 895.0
89.44310962 829.0
89.45397606 853.0
89.4648425 893.0
89.47570894 856.0
89.48657538 974.0
89.49744182 894.0
89.50830826 888.0
89.51917470000001 896.0
89.53004114000001 854.0
89.54090758000001 847.0
89.55177402000001 925.0
89.56264046 879.0
89.5735069 875.0
89.58437334 885.0
89.59523978 844.0
89.60610622 905.0
89.61697266 907.0
89.6278391 832.0
89.63870554 890.0
89.64957198 941.0
89.66043842 918.0
89.67130486 908.0
89.68217130000001 925.0
89.69303774000001 936.0
89.70390418000001 909.0
89.71477062000001 886.0
89.72563706 898.0
89.7365035 891.0
89.74736994 971.0
89.75823638 922.0
89.76910282 930.0
89.77996926 946.0
89.7908357 883.0
89.80170214 928.0
89.81256858 934.0
89.82343502 928.0
89.83430146 948.0
89.8451679 960.0
89.85603434000001 928.0
89.86690078000001 975.0
89.87776722000001 1019.0
89.88863366000001 985.0
89.8995001 1006.0
89.91036654 964.0
89.92123298 1017.0
89.93209942 1007.0
89.94296586 943.0
89.9538323 1018.0
89.96469874 929.0
89.97556518 989.0
89.98643162 986.0
89.99729806 960.0
90.0081645 966.0
90.01903094000001 962.0
90.02989738000001 975.0
90.04076382000001 954.0
90.05163026000001 953.0
90.0624967 970.0
90.07336314 941.0
90.08422958 921.0
90.09509602 897.0
90.10596246 888.0
90.1168289 918.0
90.12769534 898.0
90.13856178 902.0
90.14942822 938.0
90.16029466 906.0
90.1711611 830.0
90.18202754 888.0
90.19289398000001 919.0
90.20376042000001 923.0
90.21462686000001 917.0
90.22549330000001 836.0
90.23635974 906.0
90.24722618 845.0
90.25809262 888.0
90.26895906 874.0
90.2798255 866.0
90.29069194 883.0
90.30155838 864.0
90.31242482 878.0
90.32329126 830.0
90.3341577 861.0
90.34502414 833.0
90.35589058000001 837.0
90.36675702000001 810.0
90.37762346000001 827.0
90.38848990000001 846.0
90.39935634 785.0
90.41022278 844.0
90.42108922 735.0
90.43195566 848.0
90.4428221 817.0
90.45368854 801.0
90.46455498 812.0
90.47542142 792.0
90.48628786 833.0
90.4971543 809.0
90.50802074 788.0
90.51888718000001 830.0
90.52975362000001 807.0
90.54062006000001 714.0
90.55148650000001 784.0
90.56235294 696.0
90.57321938 821.0
90.58408582 787.0
90.59495226 796.0
90.6058187 791.0
90.61668514 764.0
90.62755158 812.0
90.63841802 769.0
90.64928446 841.0
90.6601509 742.0
90.67101734 800.0
90.68188378 842.0
90.69275022000001 775.0
90.70361666000001 848.0
90.71448310000001 786.0
90.72534954000001 805.0
90.73621598 812.0
90.74708242 827.0
90.75794886 795.0
90.7688153 802.0
90.77968174 758.0
90.79054818 800.0
90.80141462 809.0
90.81228106 824.0
90.8231475 801.0
90.83401394 794.0
90.84488038 776.0
90.85574682000001 759.0
90.86661326000001 777.0
90.87747970000001 818.0
90.88834614000001 802.0
90.89921258 795.0
90.91007902 786.0
90.92094546 810.0
90.9318119 774.0
90.94267834 831.0
90.95354478 783.0
90.96441122 703.0
90.97527766 770.0
90.9861441 775.0
90.99701054 776.0
91.00787698 762.0
91.01874342 777.0
91.02960986000001 786.0
91.04047630000001 771.0
91.05134274000001 773.0
91.06220918000001 780.0
91.07307562 784.0
91.08394206 764.0
91.0948085 759.0
91.10567494 774.0
91.11654138 813.0
91.12740782 777.0
91.13827426 770.0
91.1491407 767.0
91.16000714 789.0
91.17087358 770.0
91.18174002 763.0
91.19260646000001 792.0
91.20347290000001 818.0
91.21433934000001 804.0
91.22520578000001 786.0
91.23607222 827.0
91.24693866 797.0
91.2578051 786.0
91.26867154 870.0
91.27953798 776.0
91.29040442 769.0
91.30127086 755.0
91.3121373 827.0
91.32300374 796.0
91.33387018 801.0
91.34473662 749.0
91.35560306 756.0
91.36646950000001 794.0
91.37733594000001 798.0
91.38820238000001 774.0
91.39906882000001 800.0
91.40993526 746.0
91.4208017 847.0
91.43166814 819.0
91.44253458 780.0
91.45340102 803.0
91.46426746 818.0
91.4751339 757.0
91.48600034 789.0
91.49686678 768.0
91.50773322 801.0
91.51859966 809.0
91.52946610000001 798.0
91.54033254000001 811.0
91.55119898000001 776.0
91.56206542000001 793.0
91.57293186 827.0
91.5837983 797.0
91.59466474 835.0
91.60553118 781.0
91.61639762 796.0
91.62726406 780.0
91.6381305 772.0
91.64899694 784.0
91.65986338 770.0
91.67072982 802.0
91.68159626 765.0
91.69246270000001 732.0
91.70332914000001 784.0
91.71419558000001 776.0
91.72506202000001 811.0
91.73592846 803.0
91.7467949 808.0
91.75766134 762.0
91.76852778 693.0
91.77939422 774.0
91.79026066 782.0
91.8011271 738.0
91.81199354 836.0
91.82285998 798.0
91.83372642 817.0
91.84459286 753.0
91.8554593 778.0
91.86632574000001 840.0
91.87719218000001 741.0
91.88805862000001 822.0
91.89892506000001 748.0
91.9097915 726.0
91.92065794 768.0
91.93152438 777.0
91.94239082 736.0
91.95325726 820.0
91.9641237 767.0
91.97499014 817.0
91.98585658 735.0
91.99672302 772.0
92.00758946 782.0
92.0184559 778.0
92.02932234000001 763.0
92.04018878000001 775.0
92.05105522000001 766.0
92.06192166000001 765.0
92.0727881 804.0
92.08365454 765.0
92.09452098 807.0
92.10538742 749.0
92.11625386 790.0
92.1271203 836.0
92.13798674 832.0
92.14885318 837.0
92.15971962 832.0
92.17058606 864.0
92.1814525 884.0
92.19231894 861.0
92.20318538000001 853.0
92.21405182000001 863.0
92.22491826000001 878.0
92.23578470000001 862.0
92.24665114 868.0
92.25751758 942.0
92.26838402 941.0
92.27925046 916.0
92.2901169 999.0
92.30098334 977.0
92.31184978 866.0
92.32271622 982.0
92.33358266 987.0
92.3444491 993.0
92.35531554 1053.0
92.36618198000001 973.0
92.37704842000001 1014.0
92.38791486000001 979.0
92.39878130000001 1001.0
92.40964774 1034.0
92.42051418 1061.0
92.43138062 1059.0
92.44224706 1030.0
92.4531135 1053.0
92.46397994 1002.0
92.47484638 996.0
92.48571282 994.0
92.49657926 1089.0
92.5074457 1021.0
92.51831214 1048.0
92.52917858 997.0
92.54004502000001 1001.0
92.55091146000001 1047.0
92.56177790000001 959.0
92.57264434000001 950.0
92.58351078 973.0
92.59437722 976.0
92.60524366 921.0
92.6161101 952.0
92.62697654 951.0
92.63784298 928.0
92.64870942 934.0
92.65957586 936.0
92.6704423 971.0
92.68130874 1042.0
92.69217518 919.0
92.70304162000001 952.0
92.71390806000001 841.0
92.72477450000001 873.0
92.73564094000001 886.0
92.74650738 892.0
92.75737382 875.0
92.76824026 900.0
92.7791067 865.0
92.78997314 824.0
92.80083958 901.0
92.81170602 887.0
92.82257246 908.0
92.8334389 904.0
92.84430534 905.0
92.85517178 867.0
92.86603822000001 906.0
92.87690466000001 894.0
92.88777110000001 851.0
92.89863754000001 841.0
92.90950398 832.0
92.92037042 891.0
92.93123686 769.0
92.9421033 828.0
92.95296974 824.0
92.96383618 852.0
92.97470262 850.0
92.98556906 884.0
92.9964355 845.0
93.00730194 866.0
93.01816838 844.0
93.02903482 836.0
93.03990126000001 862.0
93.05076770000001 845.0
93.06163414000001 816.0
93.07250058000001 861.0
93.08336702 850.0
93.09423346 852.0
93.1050999 871.0
93.11596634 862.0
93.12683278 908.0
93.13769922 934.0
93.14856566 950.0
93.1594321 896.0
93.17029854 904.0
93.18116498 884.0
93.19203142 838.0
93.20289786000001 949.0
93.21376430000001 871.0
93.22463074000001 895.0
93.23549718000001 884.0
93.24636362 917.0
93.25723006 900.0
93.2680965 936.0
93.27896294 900.0
93.28982938 891.0
93.30069582 915.0
93.31156226 931.0
93.3224287 925.0
93.33329514 971.0
93.34416158 927.0
93.35502802 979.0
93.36589446 891.0
93.37676090000001 932.0
93.38762734000001 909.0
93.39849378000001 924.0
93.40936022000001 892.0
93.42022666 945.0
93.4310931 884.0
93.44195954 925.0
93.45282598 860.0
93.46369242 955.0
93.47455886 889.0
93.4854253 896.0
93.49629174 937.0
93.50715818 967.0
93.51802462 906.0
93.52889106 878.0
93.53975750000001 861.0
93.55062394000001 915.0
93.56149038000001 852.0
93.57235682000001 855.0
93.58322326 863.0
93.5940897 957.0
93.60495614 858.0
93.61582258 862.0
93.62668902 954.0
93.63755546 923.0
93.6484219 877.0
93.65928834 870.0
93.67015478 873.0
93.68102122 888.0
93.69188766 929.0
93.7027541 946.0
93.71362054000001 948.0
93.72448698000001 938.0
93.73535342000001 917.0
93.74621986000001 916.0
93.7570863 917.0
93.76795274 919.0
93.77881918 906.0
93.78968562 936.0
93.80055206 974.0
93.8114185 957.0
93.82228494 874.0
93.83315138 939.0
93.84401782 914.0
93.85488426 903.0
93.8657507 942.0
93.87661714000001 915.0
93.88748358000001 900.0
93.89835002000001 890.0
93.90921646000001 876.0
93.9200829 920.0
93.93094934 913.0
93.94181578 860.0
93.95268222 858.0
93.96354866 876.0
93.9744151 853.0
93.98528154 827.0
93.99614798 911.0
94.00701442 875.0
94.01788086 832.0
94.0287473 846.0
94.03961374000001 819.0
94.05048018000001 882.0
94.06134662000001 848.0
94.07221306000001 915.0
94.0830795 835.0
94.09394594 807.0
94.10481238 805.0
94.11567882 882.0
94.12654526 850.0
94.1374117 860.0
94.14827814 874.0
94.15914458 766.0
94.17001102 859.0
94.18087746 875.0
94.1917439 866.0
94.20261034 795.0
94.21347678000001 844.0
94.22434322000001 903.0
94.23520966000001 778.0
94.24607610000001 847.0
94.25694254 773.0
94.26780898 776.0
94.27867542 847.0
94.28954186 820.0
94.3004083 850.0
94.31127474 795.0
94.32214118 789.0
94.33300762 821.0
94.34387406 752.0
94.3547405 749.0
94.36560694 772.0
94.37647338000001 812.0
94.38733982000001 801.0
94.39820626000001 782.0
94.40907270000001 824.0
94.41993914 769.0
94.43080558 772.0
94.44167202 782.0
94.45253846 759.0
94.4634049 787.0
94.47427134 804.0
94.48513778 779.0
94.49600422 793.0
94.50687066 739.0
94.5177371 849.0
94.52860354 788.0
94.53946998 819.0
94.55033642000001 808.0
94.56120286000001 808.0
94.57206930000001 793.0
94.58293574000001 797.0
94.59380218 804.0
94.60466862 750.0
94.61553506 836.0
94.6264015 770.0
94.63726794 803.0
94.64813438 815.0
94.65900082 789.0
94.66986726 834.0
94.6807337 774.0
94.69160014 795.0
94.70246658 827.0
94.71333302000001 757.0
94.72419946000001 864.0
94.73506590000001 821.0
94.74593234000001 860.0
94.75679878 805.0
94.76766522 813.0
94.77853166 850.0
94.7893981 822.0
94.80026454 867.0
94.81113098 854.0
94.82199742 875.0
94.83286386 831.0
94.8437303 859.0
94.85459674 809.0
94.86546318 880.0
94.87632962 850.0
94.88719606000001 852.0
94.89806250000001 865.0
94.90892894000001 886.0
94.91979538000001 914.0
94.93066182 930.0
94.94152826 855.0
94.9523947 908.0
94.96326114 883.0
94.97412758 834.0
94.98499402 912.0
94.99586046 862.0
95.0067269 892.0
95.01759334 896.0
95.02845978 898.0
95.03932622 883.0
95.05019266000001 890.0
95.06105910000001 912.0
95.07192554000001 958.0
95.08279198000001 973.0
95.09365842 919.0
95.10452486 887.0
95.1153913 955.0
95.12625774 1003.0
95.13712418 943.0
95.14799062 879.0
95.15885706 957.0
95.1697235 940.0
95.18058994 945.0
95.19145638 969.0
95.20232282 937.0
95.21318926000001 1001.0
95.22405570000001 930.0
95.23492214000001 926.0
95.24578858000001 962.0
95.25665502 963.0
95.26752146 971.0
95.2783879 915.0
95.28925434 970.0
95.30012078 952.0
95.31098722 943.0
95.32185366 962.0
95.3327201 868.0
95.34358654 986.0
95.35445298 922.0
95.36531942 996.0
95.37618586 979.0
95.38705230000001 954.0
95.39791874000001 1038.0
95.40878518000001 970.0
95.41965162000001 955.0
95.43051806 907.0
95.4413845 850.0
95.45225094 942.0
95.46311738 925.0
95.47398382 929.0
95.48485026 920.0
95.4957167 912.0
95.50658314 907.0
95.51744958 931.0
95.52831602 913.0
95.53918246 955.0
95.55004890000001 926.0
95.56091534000001 925.0
95.57178178000001 913.0
95.58264822000001 909.0
95.59351466 936.0
95.6043811 904.0
95.61524754 967.0
95.62611398 931.0
95.63698042 883.0
95.64784686 956.0
95.6587133 932.0
95.66957974 892.0
95.68044618 843.0
95.69131262 888.0
95.70217906 851.0
95.7130455 950.0
95.72391194000001 904.0
95.73477838000001 865.0
95.74564482000001 895.0
95.75651126000001 871.0
95.7673777 924.0
95.77824414 982.0
95.78911058 875.0
95.79997702 868.0
95.81084346 923.0
95.8217099 923.0
95.83257634 937.0
95.84344278 887.0
95.85430922 903.0
95.86517566 893.0
95.8760421 886.0
95.88690854000001 872.0
95.89777498000001 928.0
95.90864142000001 908.0
95.91950786000001 873.0
95.9303743 881.0
95.94124074 891.0
95.95210718 877.0
95.96297362 875.0
95.97384006 927.0
95.9847065 930.0
95.99557294 927.0
96.00643938 921.0
96.01730582 927.0
96.02817226 889.0
96.0390387 934.0
96.04990514 897.0
96.06077158000001 965.0
96.07163802000001 912.0
96.08250446000001 935.0
96.09337090000001 1027.0
96.10423734 959.0
96.11510378 974.0
96.12597022 1007.0
96.13683666 982.0
96.1477031 1012.0
96.15856954 962.0
96.16943598 1062.0
96.18030242 969.0
96.19116886 1019.0
96.2020353 1044.0
96.21290174 1023.0
96.22376818000001 1065.0
96.23463462000001 1008.0
96.24550106000001 1015.0
96.25636750000001 1050.0
96.26723394 979.0
96.27810038 1044.0
96.28896682 992.0
96.29983326 1007.0
96.3106997 990.0
96.32156614 1040.0
96.33243258 1032.0
96.34329902 946.0
96.35416546 1126.0
96.3650319 1014.0
96.37589834 1111.0
96.38676478000001 1088.0
96.39763122000001 1078.0
96.40849766000001 1078.0
96.41936410000001 1094.0
96.43023054 1062.0
96.44109698 1060.0
96.45196342 1074.0
96.46282986 1108.0
96.4736963 1051.0
96.48456274 1078.0
96.49542918 1083.0
96.50629562 1046.0
96.51716206 1116.0
96.5280285 1101.0
96.53889494 1150.0
96.54976138 1174.0
96.56062782000001 1172.0
96.57149426000001 1080.0
96.58236070000001 1176.0
96.59322714000001 1166.0
96.60409358 1113.0
96.61496002 1179.0
96.62582646 1201.0
96.6366929 1193.0
96.64755934 1246.0
96.65842578 1184.0
96.66929222 1191.0
96.68015866 1127.0
96.6910251 1183.0
96.70189154 1126.0
96.71275798 1155.0
96.72362442000001 1118.0
96.73449086000001 1142.0
96.74535730000001 1158.0
96.75622374000001 1124.0
96.76709018 1052.0
96.77795662 1180.0
96.78882306 1129.0
96.7996895 1162.0
96.81055594 1073.0
96.82142238 1130.0
96.83228882 1101.0
96.84315526 1045.0
96.8540217 1067.0
96.86488814 1093.0
96.87575458 1137.0
96.88662102 1077.0
96.89748746000001 1116.0
96.90835390000001 1168.0
96.91922034000001 1135.0
96.93008678000001 1071.0
96.94095322 1139.0
96.95181966 1117.0
96.9626861 1064.0
96.97355254 1069.0
96.98441898 1049.0
96.99528542 1087.0
97.00615186 1155.0
97.0170183 1108.0
97.02788474 1109.0
97.03875118 1107.0
97.04961762 1088.0
97.06048406000001 1003.0
97.07135050000001 1052.0
97.08221694000001 1090.0
97.09308338000001 1032.0
97.10394982 1076.0
97.11481626 1112.0
97.1256827 1030.0
97.13654914 1071.0
97.14741558 1100.0
97.15828202 984.0
97.16914846 1121.0
97.1800149 1023.0
97.19088134 1005.0
97.20174778 1041.0
97.21261422 1019.0
97.22348066 1002.0
97.23434710000001 1018.0
97.24521354000001 1066.0
97.25607998000001 1026.0
97.26694642000001 1000.0
97.27781286 1022.0
97.2886793 984.0
97.29954574 1008.0
97.31041218 914.0
97.32127862 1010.0
97.33214506 972.0
97.3430115 966.0
97.35387794 994.0
97.36474438 945.0
97.37561082 950.0
97.38647726 914.0
97.39734370000001 913.0
97.40821014000001 908.0
97.41907658000001 915.0
97.42994302000001 914.0
97.44080946 954.0
97.4516759 908.0
97.46254234 903.0
97.47340878 836.0
97.48427522 928.0
97.49514166 1007.0
97.5060081 949.0
97.51687454 925.0
97.52774098 858.0
97.53860742 925.0
97.54947386 852.0
97.56034030000001 914.0
97.57120674000001 878.0
97.58207318000001 881.0
97.59293962000001 865.0
97.60380606 904.0
97.6146725 922.0
97.62553894 914.0
97.63640538 874.0
97.64727182 873.0
97.65813826 864.0
97.6690047 867.0
97.67987114 872.0
97.69073758 901.0
97.70160402 855.0
97.71247046 850.0
97.7233369 836.0
97.73420334000001 843.0
97.74506978000001 868.0
97.75593622000001 804.0
97.76680266000001 840.0
97.7776691 802.0
97.78853554 834.0
97.79940198 884.0
97.81026842 842.0
97.82113486 951.0
97.8320013 902.0
97.84286774 908.0
97.85373418 856.0
97.86460062 882.0
97.87546706 894.0
97.8863335 947.0
97.89719994000001 873.0
97.90806638000001 870.0
97.91893282000001 878.0
97.92979926000001 921.0
97.9406657 902.0
97.95153214 866.0
97.96239858 912.0
97.97326502 953.0
97.98413146 887.0
97.9949979 948.0
98.00586434 929.0
98.01673078 933.0
98.02759722 959.0
98.03846366 906.0
98.0493301 943.0
98.06019654 881.0
98.07106298000001 874.0
98.08192942000001 876.0
98.09279586000001 966.0
98.10366230000001 892.0
98.11452874 905.0
98.12539518 914.0
98.13626162 868.0
98.14712806 918.0
98.1579945 886.0
98.16886094 898.0
98.17972738 928.0
98.19059382 887.0
98.20146026 925.0
98.2123267 897.0
98.22319314 920.0
98.23405958000001 884.0
98.24492602000001 924.0
98.25579246000001 901.0
98.26665890000001 940.0
98.27752534 964.0
98.28839178 1012.0
98.29925822 872.0
98.31012466 896.0
98.3209911 934.0
98.33185754 916.0
98.34272398 891.0
98.35359042 913.0
98.36445686 917.0
98.3753233 973.0
98.38618974 919.0
98.39705618 996.0
98.40792262000001 918.0
98.41878906000001 929.0
98.42965550000001 944.0
98.44052194000001 917.0
98.45138838 924.0
98.46225482 907.0
98.47312126 981.0
98.4839877 913.0
98.49485414 983.0
98.50572058 925.0
98.51658702 963.0
98.52745346 975.0
98.5383199 990.0
98.54918634 962.0
98.56005278 987.0
98.57091922000001 941.0
98.58178566000001 997.0
98.59265210000001 962.0
98.60351854000001 977.0
98.61438498 978.0
98.62525142 987.0
98.63611786 978.0
98.6469843 1070.0
98.65785074 1043.0
98.66871718 1000.0
98.67958362 1019.0
98.69045006 1033.0
98.7013165 973.0
98.71218294 1011.0
98.72304938 1071.0
98.73391582 1004.0
98.74478226000001 1111.0
98.75564870000001 1040.0
98.76651514000001 1065.0
98.77738158 1055.0
98.78824802 1120.0
98.79911446 1135.0
98.8099809 1138.0
98.82084734 1063.0
98.83171378 1073.0
98.84258022 1106.0
98.85344666 1124.0
98.8643131 1076.0
98.87517954 1117.0
98.88604598 1105.0
98.89691242 1228.0
98.90777886000001 1124.0
98.91864530000001 1138.0
98.92951174000001 1092.0
98.94037818000001 1104.0
98.95124462 1144.0
98.96211106 1131.0
98.9729775 1088.0
98.98384394 1138.0
98.99471038 1087.0
99.00557682 1136.0
99.01644326 1121.0
99.0273097 1139.0
99.03817614 1150.0
99.04904258 1096.0
99.05990902 1152.0
99.07077546000001 1124.0
99.08164190000001 1117.0
99.09250834000001 1137.0
99.10337478000001 1116.0
99.11424122 1160.0
99.12510766 1117.0
99.1359741 1136.0
99.14684054 1097.0
99.15770698 1092.0
99.16857342 1138.0
99.17943986 1146.0
99.1903063 1138.0
99.20117274 1093.0
99.21203918 1091.0
99.22290562 1119.0
99.23377206 1133.0
99.24463850000001 1112.0
99.25550494000001 1139.0
99.26637138000001 1063.0
99.27723782000001 1148.0
99.28810426 1120.0
99.2989707 1158.0
99.30983714 1162.0
99.32070358 1083.0
99.33157002 1129.0
99.34243646 1138.0
99.3533029 1174.0
99.36416934 1168.0
99.37503578 1160.0
99.38590222 1176.0
99.39676866 1198.0
99.40763510000001 1147.0
99.41850154000001 1121.0
99.42936798000001 1168.0
99.44023442000001 1163.0
99.45110086 1203.0
99.4619673 1110.0
99.47283374 1252.0
99.48370018 1214.0
99.49456662 1193.0
99.50543306 1157.0
99.5162995 1145.0
99.52716594 1156.0
99.53803238 1103.0
99.54889882 1159.0
99.55976526 1135.0
99.5706317 1144.0
99.58149814000001 1188.0
99.59236458000001 1174.0
99.60323102000001 1130.0
99.61409746 1160.0
99.6249639 1114.0
99.63583034 1079.0
99.64669678 1128.0
99.65756322 1110.0
99.66842966 1101.0
99.6792961 1077.0
99.69016254 1104.0
99.70102898 1101.0
99.71189542 1123.0
99.72276186 1112.0
99.7336283 1100.0
99.74449474000001 1144.0
99.75536118000001 1107.0
99.76622762000001 1064.0
99.77709406000001 1058.0
99.7879605 1153.0
99.79882694 1138.0
99.80969338 1113.0
99.82055982 1039.0
99.83142626 1074.0
99.8422927 1058.0
99.85315914 1077.0
99.86402558 1118.0
99.87489202 1065.0
99.88575846 1127.0
99.8966249 1111.0
99.90749134 1070.0
99.91835778000001 1050.0
99.92922422000001 1030.0
99.94009066000001 1086.0
99.9509571 1029.0
99.96182354 985.0
99.97268998 1091.0
99.98355642 1016.0
99.99442286 967.0
