9.995433220 3770.0
10.006299660 3820.0
10.017166100 3807.0
10.028032540 3702.0
10.038898980 3801.0
10.049765420 3893.0
10.060631860 3804.0
10.071498300 3721.0
10.082364740 3808.0
10.093231180 3818.0
10.104097620 3732.0
10.114964060 3782.0
10.125830500 3740.0
10.136696940 3694.0
10.147563380 3699.0
10.158429820 3792.0
10.169296260 3825.0
10.180162700 3712.0
10.191029140 3820.0
10.201895580 3760.0
10.212762020 3808.0
10.223628460 3760.0
10.234494900 3696.0
10.245361340 3728.0
10.256227780 3739.0
10.267094220 3652.0
10.277960660 3588.0
10.288827100 3835.0
10.299693540 3727.0
10.310559980 3614.0
10.321426420 3664.0
10.332292860 3711.0
10.343159300 3648.0
10.354025740 3618.0
10.364892180 3597.0
10.375758620 3746.0
10.386625060 3637.0
10.397491500 3724.0
10.408357940 3652.0
10.419224380 3657.0
10.430090820 3678.0
10.440957260 3571.0
10.451823700 3627.0
10.462690140 3642.0
10.473556580 3609.0
10.484423020 3614.0
10.495289460 3491.0
10.506155900 3539.0
10.517022340 3684.0
10.527888780 3577.0
10.538755220 3459.0
10.549621660 3672.0
10.560488100 3661.0
10.571354540 3540.0
10.582220980 3636.0
10.593087420 3655.0
10.603953860 3571.0
10.614820300 3580.0
10.625686740 3548.0
10.636553180 3537.0
10.647419620 3527.0
10.658286060 3647.0
10.669152500 3605.0
10.680018940 3586.0
10.690885380 3492.0
10.701751820 3494.0
10.712618260 3518.0
10.723484700 3515.0
10.734351140 3426.0
10.745217580 3482.0
10.756084020 3414.0
10.766950460 3481.0
10.777816900 3510.0
10.788683340 3505.0
10.799549780 3479.0
10.810416220 3495.0
10.821282660 3529.0
10.832149100 3422.0
10.843015540 3407.0
10.853881980 3534.0
10.864748420 3542.0
10.875614860 3489.0
10.886481300 3457.0
10.897347740 3444.0
10.908214180 3451.0
10.919080620 3382.0
10.929947060 3399.0
10.940813500 3549.0
10.951679940 3430.0
10.962546380 3465.0
10.973412820 3457.0
10.984279260 3381.0
10.995145700 3403.0
11.006012140 3339.0
11.016878580 3496.0
11.027745020 3525.0
11.038611460 3496.0
11.049477900 3529.0
11.060344340 3316.0
11.071210780 3410.0
11.082077220 3476.0
11.092943660 3404.0
11.103810100 3368.0
11.114676540 3356.0
11.125542980 3270.0
11.136409420 3420.0
11.147275860 3295.0
11.158142300 3433.0
11.169008740 3379.0
11.179875180 3358.0
11.190741620 3193.0
11.201608060 3392.0
11.212474500 3319.0
11.223340940 3408.0
11.234207380 3260.0
11.245073820 3311.0
11.255940260 3392.0
11.266806700 3381.0
11.277673140 3360.0
11.288539580 3288.0
11.299406020 3410.0
11.310272460 3177.0
11.321138900 3357.0
11.332005340 3430.0
11.342871780 3279.0
11.353738220 3226.0
11.364604660 3323.0
11.375471100 3254.0
11.386337540 3352.0
11.397203980 3360.0
11.408070420 3280.0
11.418936860 3314.0
11.429803300 3318.0
11.440669740 3349.0
11.451536180 3359.0
11.462402620 3291.0
11.473269060 3266.0
11.484135500 3223.0
11.495001940 3232.0
11.505868380 3229.0
11.516734820 3361.0
11.527601260 3135.0
11.538467700 3149.0
11.549334140 3157.0
11.560200580 3265.0
11.571067020 3189.0
11.581933460 3156.0
11.592799900 3188.0
11.603666340 3145.0
11.614532780 3315.0
11.625399220 3258.0
11.636265660 3270.0
11.647132100 3179.0
11.657998540 3224.0
11.668864980 3128.0
11.679731420 3206.0
11.690597860 3160.0
11.701464300 3172.0
11.712330740 3152.0
11.723197180 3157.0
11.734063620 3099.0
11.744930060 3158.0
11.755796500 3153.0
11.766662940 3248.0
11.777529380 3149.0
11.788395820 3175.0
11.799262260 3134.0
11.810128700 3215.0
11.820995140 3018.0
11.831861580 3130.0
11.842728020 3138.0
11.853594460 3151.0
11.864460900 3219.0
11.875327340 3150.0
11.886193780 3082.0
11.897060220 3163.0
11.907926660 3148.0
11.918793100 3154.0
11.929659540 3079.0
11.940525980 3131.0
11.951392420 3141.0
11.962258860 3050.0
11.973125300 3124.0
11.983991740 3102.0
11.994858180 3006.0
12.005724620 3088.0
12.016591060 3034.0
12.027457500 3090.0
12.038323940 3056.0
12.049190380 3031.0
12.060056820 3058.0
12.070923260 3135.0
12.081789700 2978.0
12.092656140 3056.0
12.103522580 3091.0
12.114389020 3084.0
12.125255460 3163.0
12.136121900 3142.0
12.146988340 3177.0
12.157854780 3028.0
12.168721220 3003.0
12.179587660 3033.0
12.190454100 3081.0
12.201320540 2971.0
12.212186980 2963.0
12.223053420 3025.0
12.233919860 3059.0
12.244786300 3017.0
12.255652740 2992.0
12.266519180 3110.0
12.277385620 2995.0
12.288252060 3025.0
12.299118500 2946.0
12.309984940 3026.0
12.320851380 2935.0
12.331717820 2983.0
12.342584260 3009.0
12.353450700 2942.0
12.364317140 2940.0
12.375183580 2938.0
12.386050020 3000.0
12.396916460 2901.0
12.407782900 2976.0
12.418649340 3009.0
12.429515780 2911.0
12.440382220 2889.0
12.451248660 2965.0
12.462115100 2929.0
12.472981540 2998.0
12.483847980 2817.0
12.494714420 2881.0
12.505580860 2872.0
12.516447300 2986.0
12.527313740 2959.0
12.538180180 2998.0
12.549046620 3003.0
12.559913060 2988.0
12.570779500 2914.0
12.581645940 2931.0
12.592512380 3005.0
12.603378820 3017.0
12.614245260 2941.0
12.625111700 2967.0
12.635978140 2893.0
12.646844580 2940.0
12.657711020 2915.0
12.668577460 2867.0
12.679443900 2905.0
12.690310340 2922.0
12.701176780 2965.0
12.712043220 3069.0
12.722909660 2922.0
12.733776100 2937.0
12.744642540 2917.0
12.755508980 2873.0
12.766375420 2811.0
12.777241860 2891.0
12.788108300 2837.0
12.798974740 2886.0
12.809841180 2938.0
12.820707620 2912.0
12.831574060 2958.0
12.842440500 2868.0
12.853306940 2931.0
12.864173380 2927.0
12.875039820 2834.0
12.885906260 2795.0
12.896772700 2796.0
12.907639140 2822.0
12.918505580 2771.0
12.929372020 2784.0
12.940238460 2882.0
12.951104900 2854.0
12.961971340 2802.0
12.972837780 2898.0
12.983704220 2853.0
12.994570660 2868.0
13.005437100 2808.0
13.016303540 2838.0
13.027169980 2824.0
13.038036420 2825.0
13.048902860 2677.0
13.059769300 2780.0
13.070635740 2822.0
13.081502180 2721.0
13.092368620 2712.0
13.103235060 2915.0
13.114101500 2693.0
13.124967940 2782.0
13.135834380 2920.0
13.146700820 2837.0
13.157567260 2814.0
13.168433700 2738.0
13.179300140 2725.0
13.190166580 2878.0
13.201033020 2727.0
13.211899460 2742.0
13.222765900 2833.0
13.233632340 2833.0
13.244498780 2632.0
13.255365220 2792.0
13.266231660 2696.0
13.277098100 2800.0
13.287964540 2688.0
13.298830980 2775.0
13.309697420 2709.0
13.320563860 2771.0
13.331430300 2753.0
13.342296740 2732.0
13.353163180 2706.0
13.364029620 2698.0
13.374896060 2734.0
13.385762500 2725.0
13.396628940 2719.0
13.407495380 2722.0
13.418361820 2714.0
13.429228260 2783.0
13.440094700 2672.0
13.450961140 2622.0
13.461827580 2743.0
13.472694020 2743.0
13.483560460 2687.0
13.494426900 2627.0
13.505293340 2735.0
13.516159780 2618.0
13.527026220 2642.0
13.537892660 2782.0
13.548759100 2658.0
13.559625540 2750.0
13.570491980 2727.0
13.581358420 2702.0
13.592224860 2726.0
13.603091300 2722.0
13.613957740 2797.0
13.624824180 2640.0
13.635690620 2593.0
13.646557060 2691.0
13.657423500 2691.0
13.668289940 2636.0
13.679156380 2679.0
13.690022820 2640.0
13.700889260 2715.0
13.711755700 2635.0
13.722622140 2649.0
13.733488580 2573.0
13.744355020 2675.0
13.755221460 2724.0
13.766087900 2606.0
13.776954340 2634.0
13.787820780 2601.0
13.798687220 2726.0
13.809553660 2724.0
13.820420100 2631.0
13.831286540 2746.0
13.842152980 2613.0
13.853019420 2680.0
13.863885860 2636.0
13.874752300 2626.0
13.885618740 2682.0
13.896485180 2602.0
13.907351620 2635.0
13.918218060 2785.0
13.929084500 2662.0
13.939950940 2644.0
13.950817380 2706.0
13.961683820 2569.0
13.972550260 2683.0
13.983416700 2663.0
13.994283140 2588.0
14.005149580 2564.0
14.016016020 2552.0
14.026882460 2682.0
14.037748900 2433.0
14.048615340 2621.0
14.059481780 2558.0
14.070348220 2631.0
14.081214660 2538.0
14.092081100 2706.0
14.102947540 2577.0
14.113813980 2588.0
14.124680420 2555.0
14.135546860 2535.0
14.146413300 2494.0
14.157279740 2489.0
14.168146180 2560.0
14.179012620 2616.0
14.189879060 2657.0
14.200745500 2552.0
14.211611940 2672.0
14.222478380 2496.0
14.233344820 2607.0
14.244211260 2590.0
14.255077700 2506.0
14.265944140 2495.0
14.276810580 2634.0
14.287677020 2564.0
14.298543460 2432.0
14.309409900 2595.0
14.320276340 2507.0
14.331142780 2675.0
14.342009220 2555.0
14.352875660 2642.0
14.363742100 2550.0
14.374608540 2570.0
14.385474980 2537.0
14.396341420 2525.0
14.407207860 2587.0
14.418074300 2519.0
14.428940740 2529.0
14.439807180 2591.0
14.450673620 2531.0
14.461540060 2538.0
14.472406500 2575.0
14.483272940 2585.0
14.494139380 2450.0
14.505005820 2437.0
14.515872260 2592.0
14.526738700 2545.0
14.537605140 2523.0
14.548471580 2550.0
14.559338020 2552.0
14.570204460 2512.0
14.581070900 2480.0
14.591937340 2481.0
14.602803780 2473.0
14.613670220 2491.0
14.624536660 2488.0
14.635403100 2525.0
14.646269540 2463.0
14.657135980 2490.0
14.668002420 2526.0
14.678868860 2446.0
14.689735300 2307.0
14.700601740 2480.0
14.711468180 2454.0
14.722334620 2503.0
14.733201060 2469.0
14.744067500 2473.0
14.754933940 2449.0
14.765800380 2540.0
14.776666820 2513.0
14.787533260 2478.0
14.798399700 2460.0
14.809266140 2421.0
14.820132580 2443.0
14.830999020 2466.0
14.841865460 2515.0
14.852731900 2414.0
14.863598340 2460.0
14.874464780 2512.0
14.885331220 2419.0
14.896197660 2493.0
14.907064100 2440.0
14.917930540 2430.0
14.928796980 2466.0
14.939663420 2399.0
14.950529860 2422.0
14.961396300 2452.0
14.972262740 2487.0
14.983129180 2427.0
14.993995620 2437.0
15.004862060 2562.0
15.015728500 2424.0
15.026594940 2523.0
15.037461380 2381.0
15.048327820 2402.0
15.059194260 2409.0
15.070060700 2483.0
15.080927140 2508.0
15.091793580 2490.0
15.102660020 2376.0
15.113526460 2480.0
15.124392900 2423.0
15.135259340 2578.0
15.146125780 2507.0
15.156992220 2414.0
15.167858660 2420.0
15.178725100 2454.0
15.189591540 2471.0
15.200457980 2433.0
15.211324420 2515.0
15.222190860 2372.0
15.233057300 2490.0
15.243923740 2366.0
15.254790180 2407.0
15.265656620 2519.0
15.276523060 2436.0
15.287389500 2405.0
15.298255940 2490.0
15.309122380 2402.0
15.319988820 2449.0
15.330855260 2396.0
15.341721700 2411.0
15.352588140 2389.0
15.363454580 2388.0
15.374321020 2375.0
15.385187460 2334.0
15.396053900 2372.0
15.406920340 2453.0
15.417786780 2336.0
15.428653220 2401.0
15.439519660 2318.0
15.450386100 2440.0
15.461252540 2384.0
15.472118980 2269.0
15.482985420 2342.0
15.493851860 2458.0
15.504718300 2377.0
15.515584740 2408.0
15.526451180 2339.0
15.537317620 2356.0
15.548184060 2340.0
15.559050500 2360.0
15.569916940 2336.0
15.580783380 2369.0
15.591649820 2403.0
15.602516260 2379.0
15.613382700 2380.0
15.624249140 2423.0
15.635115580 2291.0
15.645982020 2322.0
15.656848460 2325.0
15.667714900 2341.0
15.678581340 2407.0
15.689447780 2362.0
15.700314220 2361.0
15.711180660 2383.0
15.722047100 2383.0
15.732913540 2410.0
15.743779980 2357.0
15.754646420 2318.0
15.765512860 2370.0
15.776379300 2349.0
15.787245740 2389.0
15.798112180 2356.0
15.808978620 2359.0
15.819845060 2201.0
15.830711500 2276.0
15.841577940 2365.0
15.852444380 2183.0
15.863310820 2372.0
15.874177260 2263.0
15.885043700 2372.0
15.895910140 2221.0
15.906776580 2404.0
15.917643020 2255.0
15.928509460 2362.0
15.939375900 2390.0
15.950242340 2429.0
15.961108780 2314.0
15.971975220 2315.0
15.982841660 2334.0
15.993708100 2300.0
16.004574540 2412.0
16.015440980 2264.0
16.026307420 2322.0
16.037173860 2347.0
16.048040300 2351.0
16.058906740 2357.0
16.069773180 2327.0
16.080639620 2285.0
16.091506060 2295.0
16.102372500 2236.0
16.113238940 2331.0
16.124105380 2325.0
16.134971820 2382.0
16.145838260 2290.0
16.156704700 2274.0
16.167571140 2289.0
16.178437580 2356.0
16.189304020 2230.0
16.200170460 2116.0
16.211036900 2265.0
16.221903340 2279.0
16.232769780 2179.0
16.243636220 2224.0
16.254502660 2276.0
16.265369100 2262.0
16.276235540 2305.0
16.287101980 2289.0
16.297968420 2232.0
16.308834860 2399.0
16.319701300 2291.0
16.330567740 2184.0
16.341434180 2313.0
16.352300620 2201.0
16.363167060 2263.0
16.374033500 2166.0
16.384899940 2344.0
16.395766380 2242.0
16.406632820 2269.0
16.417499260 2306.0
16.428365700 2286.0
16.439232140 2257.0
16.450098580 2221.0
16.460965020 2284.0
16.471831460 2241.0
16.482697900 2273.0
16.493564340 2238.0
16.504430780 2159.0
16.515297220 2258.0
16.526163660 2231.0
16.537030100 2172.0
16.547896540 2153.0
16.558762980 2180.0
16.569629420 2150.0
16.580495860 2261.0
16.591362300 2238.0
16.602228740 2415.0
16.613095180 2241.0
16.623961620 2162.0
16.634828060 2212.0
16.645694500 2247.0
16.656560940 2280.0
16.667427380 2193.0
16.678293820 2170.0
16.689160260 2239.0
16.700026700 2258.0
16.710893140 2204.0
16.721759580 2236.0
16.732626020 2189.0
16.743492460 2318.0
16.754358900 2071.0
16.765225340 2164.0
16.776091780 2208.0
16.786958220 2169.0
16.797824660 2122.0
16.808691100 2188.0
16.819557540 2127.0
16.830423980 2177.0
16.841290420 2251.0
16.852156860 2177.0
16.863023300 2206.0
16.873889740 2181.0
16.884756180 2155.0
16.895622620 2178.0
16.906489060 2257.0
16.917355500 2183.0
16.928221940 2206.0
16.939088380 2141.0
16.949954820 2217.0
16.960821260 2132.0
16.971687700 2254.0
16.982554140 2237.0
16.993420580 2168.0
17.004287020 2184.0
17.015153460 2152.0
17.026019900 2144.0
17.036886340 2189.0
17.047752780 2112.0
17.058619220 2190.0
17.069485660 2121.0
17.080352100 2190.0
17.091218540 2125.0
17.102084980 2154.0
17.112951420 2143.0
17.123817860 2132.0
17.134684300 2035.0
17.145550740 2153.0
17.156417180 2141.0
17.167283620 2183.0
17.178150060 2161.0
17.189016500 2108.0
17.199882940 2203.0
17.210749380 2033.0
17.221615820 2176.0
17.232482260 2156.0
17.243348700 2153.0
17.254215140 2077.0
17.265081580 2199.0
17.275948020 2162.0
17.286814460 2191.0
17.297680900 2116.0
17.308547340 2062.0
17.319413780 2137.0
17.330280220 2175.0
17.341146660 2072.0
17.352013100 2099.0
17.362879540 2149.0
17.373745980 2081.0
17.384612420 2135.0
17.395478860 2205.0
17.406345300 2121.0
17.417211740 2192.0
17.428078180 2132.0
17.438944620 2163.0
17.449811060 2091.0
17.460677500 2082.0
17.471543940 2110.0
17.482410380 2057.0
17.493276820 2189.0
17.504143260 2133.0
17.515009700 2102.0
17.525876140 2055.0
17.536742580 2130.0
17.547609020 2004.0
17.558475460 2112.0
17.569341900 2130.0
17.580208340 2101.0
17.591074780 2077.0
17.601941220 2086.0
17.612807660 2054.0
17.623674100 2121.0
17.634540540 2055.0
17.645406980 2104.0
17.656273420 2142.0
17.667139860 2037.0
17.678006300 2019.0
17.688872740 2142.0
17.699739180 2116.0
17.710605620 2091.0
17.721472060 2056.0
17.732338500 2100.0
17.743204940 2076.0
17.754071380 2073.0
17.764937820 2087.0
17.775804260 2065.0
17.786670700 2087.0
17.797537140 2090.0
17.808403580 2068.0
17.819270020 2029.0
17.830136460 2093.0
17.841002900 2018.0
17.851869340 2057.0
17.862735780 2075.0
17.873602220 2057.0
17.884468660 2039.0
17.895335100 2112.0
17.906201540 2017.0
17.917067980 2056.0
17.927934420 2002.0
17.938800860 2099.0
17.949667300 2061.0
17.960533740 2152.0
17.971400180 2011.0
17.982266620 2052.0
17.993133060 2109.0
18.003999500 2033.0
18.014865940 2004.0
18.025732380 2077.0
18.036598820 1951.0
18.047465260 2091.0
18.058331700 1996.0
18.069198140 2038.0
18.080064580 2025.0
18.090931020 2128.0
18.101797460 2095.0
18.112663900 2034.0
18.123530340 2074.0
18.134396780 1971.0
18.145263220 2089.0
18.156129660 2026.0
18.166996100 2008.0
18.177862540 2022.0
18.188728980 2020.0
18.199595420 1908.0
18.210461860 2025.0
18.221328300 1981.0
18.232194740 1990.0
18.243061180 2055.0
18.253927620 1925.0
18.264794060 1956.0
18.275660500 2014.0
18.286526940 1948.0
18.297393380 1999.0
18.308259820 1978.0
18.319126260 1967.0
18.329992700 2027.0
18.340859140 1993.0
18.351725580 1962.0
18.362592020 1995.0
18.373458460 2092.0
18.384324900 1966.0
18.395191340 2040.0
18.406057780 1971.0
18.416924220 1976.0
18.427790660 1950.0
18.438657100 1966.0
18.449523540 1949.0
18.460389980 1962.0
18.471256420 1982.0
18.482122860 2006.0
18.492989300 1966.0
18.503855740 1992.0
18.514722180 2013.0
18.525588620 1977.0
18.536455060 1888.0
18.547321500 1988.0
18.558187940 1998.0
18.569054380 2030.0
18.579920820 2022.0
18.590787260 1977.0
18.601653700 1984.0
18.612520140 2002.0
18.623386580 1989.0
18.634253020 1978.0
18.645119460 1884.0
18.655985900 1938.0
18.666852340 1961.0
18.677718780 1973.0
18.688585220 1967.0
18.699451660 1938.0
18.710318100 2008.0
18.721184540 1922.0
18.732050980 1827.0
18.742917420 1965.0
18.753783860 1934.0
18.764650300 1917.0
18.775516740 1897.0
18.786383180 1855.0
18.797249620 1939.0
18.808116060 1954.0
18.818982500 1971.0
18.829848940 1913.0
18.840715380 1997.0
18.851581820 1927.0
18.862448260 1940.0
18.873314700 1890.0
18.884181140 1937.0
18.895047580 1839.0
18.905914020 1934.0
18.916780460 1920.0
18.927646900 1956.0
18.938513340 1918.0
18.949379780 2010.0
18.960246220 2043.0
18.971112660 1859.0
18.981979100 1919.0
18.992845540 1957.0
19.003711980 1859.0
19.014578420 1879.0
19.025444860 1824.0
19.036311300 1920.0
19.047177740 1899.0
19.058044180 1889.0
19.068910620 1825.0
19.079777060 1929.0
19.090643500 1890.0
19.101509940 1995.0
19.112376380 1880.0
19.123242820 1885.0
19.134109260 1917.0
19.144975700 1801.0
19.155842140 1874.0
19.166708580 1874.0
19.177575020 1960.0
19.188441460 1891.0
19.199307900 1848.0
19.210174340 1921.0
19.221040780 1924.0
19.231907220 1881.0
19.242773660 1879.0
19.253640100 1883.0
19.264506540 1868.0
19.275372980 1892.0
19.286239420 1950.0
19.297105860 1957.0
19.307972300 1868.0
19.318838740 1913.0
19.329705180 1956.0
19.340571620 1841.0
19.351438060 1900.0
19.362304500 1910.0
19.373170940 1882.0
19.384037380 1872.0
19.394903820 1876.0
19.405770260 1921.0
19.416636700 1836.0
19.427503140 1931.0
19.438369580 1852.0
19.449236020 1850.0
19.460102460 1920.0
19.470968900 1887.0
19.481835340 1896.0
19.492701780 1923.0
19.503568220 1857.0
19.514434660 1852.0
19.525301100 1862.0
19.536167540 1876.0
19.547033980 1852.0
19.557900420 1869.0
19.568766860 1941.0
19.579633300 1955.0
19.590499740 1810.0
19.601366180 1879.0
19.612232620 1871.0
19.623099060 1817.0
19.633965500 1896.0
19.644831940 1803.0
19.655698380 1785.0
19.666564820 1893.0
19.677431260 1829.0
19.688297700 1801.0
19.699164140 1722.0
19.710030580 1778.0
19.720897020 1780.0
19.731763460 1815.0
19.742629900 1809.0
19.753496340 1847.0
19.764362780 1785.0
19.775229220 1733.0
19.786095660 1801.0
19.796962100 1842.0
19.807828540 1819.0
19.818694980 1800.0
19.829561420 1811.0
19.840427860 1821.0
19.851294300 1811.0
19.862160740 1809.0
19.873027180 1862.0
19.883893620 1802.0
19.894760060 1817.0
19.905626500 1838.0
19.916492940 1849.0
19.927359380 1881.0
19.938225820 1764.0
19.949092260 1803.0
19.959958700 1813.0
19.970825140 1840.0
19.981691580 1656.0
19.992558020 1714.0
20.003424460 1844.0
20.014290900 1816.0
20.025157340 1859.0
20.036023780 1677.0
20.046890220 1830.0
20.057756660 1798.0
20.068623100 1756.0
20.079489540 1727.0
20.090355980 1786.0
20.101222420 1807.0
20.112088860 1819.0
20.122955300 1769.0
20.133821740 1786.0
20.144688180 1888.0
20.155554620 1797.0
20.166421060 1694.0
20.177287500 1802.0
20.188153940 1767.0
20.199020380 1762.0
20.209886820 1739.0
20.220753260 1825.0
20.231619700 1808.0
20.242486140 1730.0
20.253352580 1757.0
20.264219020 1666.0
20.275085460 1726.0
20.285951900 1773.0
20.296818340 1818.0
20.307684780 1689.0
20.318551220 1757.0
20.329417660 1726.0
20.340284100 1735.0
20.351150540 1735.0
20.362016980 1805.0
20.372883420 1740.0
20.383749860 1794.0
20.394616300 1773.0
20.405482740 1723.0
20.416349180 1861.0
20.427215620 1713.0
20.438082060 1743.0
20.448948500 1721.0
20.459814940 1725.0
20.470681380 1775.0
20.481547820 1722.0
20.492414260 1698.0
20.503280700 1704.0
20.514147140 1765.0
20.525013580 1724.0
20.535880020 1832.0
20.546746460 1719.0
20.557612900 1727.0
20.568479340 1661.0
20.579345780 1731.0
20.590212220 1701.0
20.601078660 1688.0
20.611945100 1865.0
20.622811540 1719.0
20.633677980 1680.0
20.644544420 1826.0
20.655410860 1736.0
20.666277300 1718.0
20.677143740 1794.0
20.688010180 1751.0
20.698876620 1800.0
20.709743060 1720.0
20.720609500 1768.0
20.731475940 1777.0
20.742342380 1852.0
20.753208820 1695.0
20.764075260 1801.0
20.774941700 1781.0
20.785808140 1847.0
20.796674580 1781.0
20.807541020 1806.0
20.818407460 1702.0
20.829273900 1744.0
20.840140340 1873.0
20.851006780 1767.0
20.861873220 1870.0
20.872739660 1834.0
20.883606100 1836.0
20.894472540 1775.0
20.905338980 1852.0
20.916205420 1915.0
20.927071860 1845.0
20.937938300 1919.0
20.948804740 1924.0
20.959671180 1896.0
20.970537620 1926.0
20.981404060 1870.0
20.992270500 1866.0
21.003136940 1983.0
21.014003380 1917.0
21.024869820 2064.0
21.035736260 2071.0
21.046602700 1970.0
21.057469140 1968.0
21.068335580 2058.0
21.079202020 2005.0
21.090068460 2020.0
21.100934900 2000.0
21.111801340 2062.0
21.122667780 2188.0
21.133534220 2145.0
21.144400660 2164.0
21.155267100 2193.0
21.166133540 2242.0
21.176999980 2221.0
21.187866420 2284.0
21.198732860 2376.0
21.209599300 2407.0
21.220465740 2425.0
21.231332180 2529.0
21.242198620 2481.0
21.253065060 2738.0
21.263931500 2586.0
21.274797940 2782.0
21.285664380 2731.0
21.296530820 2971.0
21.307397260 3115.0
21.318263700 3148.0
21.329130140 3407.0
21.339996580 3518.0
21.350863020 3692.0
21.361729460 3899.0
21.372595900 4162.0
21.383462340 4460.0
21.394328780 4675.0
21.405195220 5011.0
21.416061660 5608.0
21.426928100 6030.0
21.437794540 6438.0
21.448660980 7118.0
21.459527420 7744.0
21.470393860 8289.0
21.481260300 9011.0
21.492126740 10132.0
21.502993180 10873.0
21.513859620 12049.0
21.524726060 13061.0
21.535592500 14038.0
21.546458940 15369.0
21.557325380 16956.0
21.568191820 18062.0
21.579058260 19549.0
21.589924700 20926.0
21.600791140 22039.0
21.611657580 23550.0
21.622524020 24764.0
21.633390460 25182.0
21.644256900 26183.0
21.655123340 26969.0
21.665989780 27191.0
21.676856220 26948.0
21.687722660 26116.0
21.698589100 24897.0
21.709455540 22369.0
21.720321980 20093.0
21.731188420 17042.0
21.742054860 14403.0
21.752921300 12087.0
21.763787740 10069.0
21.774654180 8192.0
21.785520620 6424.0
21.796387060 5217.0
21.807253500 4189.0
21.818119940 3728.0
21.828986380 3229.0
21.839852820 2894.0
21.850719260 2703.0
21.861585700 2667.0
21.872452140 2521.0
21.883318580 2413.0
21.894185020 2434.0
21.905051460 2360.0
21.915917900 2346.0
21.926784340 2262.0
21.937650780 2267.0
21.948517220 2185.0
21.959383660 2157.0
21.970250100 2250.0
21.981116540 2146.0
21.991982980 2099.0
22.002849420 2082.0
22.013715860 2010.0
22.024582300 2019.0
22.035448740 2055.0
22.046315180 1982.0
22.057181620 1959.0
22.068048060 1991.0
22.078914500 1879.0
22.089780940 1902.0
22.100647380 1853.0
22.111513820 1819.0
22.122380260 1888.0
22.133246700 1855.0
22.144113140 1868.0
22.154979580 1699.0
22.165846020 1770.0
22.176712460 1777.0
22.187578900 1806.0
22.198445340 1735.0
22.209311780 1703.0
22.220178220 1736.0
22.231044660 1702.0
22.241911100 1677.0
22.252777540 1717.0
22.263643980 1682.0
22.274510420 1701.0
22.285376860 1689.0
22.296243300 1691.0
22.307109740 1770.0
22.317976180 1773.0
22.328842620 1709.0
22.339709060 1702.0
22.350575500 1709.0
22.361441940 1706.0
22.372308380 1802.0
22.383174820 1634.0
22.394041260 1746.0
22.404907700 1788.0
22.415774140 1726.0
22.426640580 1734.0
22.437507020 1728.0
22.448373460 1723.0
22.459239900 1708.0
22.470106340 1781.0
22.480972780 1698.0
22.491839220 1725.0
22.502705660 1626.0
22.513572100 1747.0
22.524438540 1701.0
22.535304980 1657.0
22.546171420 1748.0
22.557037860 1678.0
22.567904300 1682.0
22.578770740 1609.0
22.589637180 1728.0
22.600503620 1610.0
22.611370060 1700.0
22.622236500 1685.0
22.633102940 1644.0
22.643969380 1711.0
22.654835820 1632.0
22.665702260 1651.0
22.676568700 1631.0
22.687435140 1685.0
22.698301580 1689.0
22.709168020 1653.0
22.720034460 1626.0
22.730900900 1672.0
22.741767340 1640.0
22.752633780 1668.0
22.763500220 1692.0
22.774366660 1726.0
22.785233100 1660.0
22.796099540 1629.0
22.806965980 1608.0
22.817832420 1615.0
22.828698860 1602.0
22.839565300 1746.0
22.850431740 1632.0
22.861298180 1673.0
22.872164620 1725.0
22.883031060 1686.0
22.893897500 1594.0
22.904763940 1690.0
22.915630380 1684.0
22.926496820 1670.0
22.937363260 1629.0
22.948229700 1632.0
22.959096140 1727.0
22.969962580 1656.0
22.980829020 1733.0
22.991695460 1741.0
23.002561900 1678.0
23.013428340 1750.0
23.024294780 1665.0
23.035161220 1650.0
23.046027660 1610.0
23.056894100 1660.0
23.067760540 1687.0
23.078626980 1719.0
23.089493420 1697.0
23.100359860 1675.0
23.111226300 1697.0
23.122092740 1661.0
23.132959180 1687.0
23.143825620 1697.0
23.154692060 1720.0
23.165558500 1678.0
23.176424940 1682.0
23.187291380 1686.0
23.198157820 1678.0
23.209024260 1633.0
23.219890700 1721.0
23.230757140 1743.0
23.241623580 1764.0
23.252490020 1733.0
23.263356460 1722.0
23.274222900 1713.0
23.285089340 1753.0
23.295955780 1767.0
23.306822220 1742.0
23.317688660 1751.0
23.328555100 1759.0
23.339421540 1755.0
23.350287980 1701.0
23.361154420 1892.0
23.372020860 1919.0
23.382887300 1842.0
23.393753740 1939.0
23.404620180 1904.0
23.415486620 1873.0
23.426353060 1908.0
23.437219500 1978.0
23.448085940 2024.0
23.458952380 2113.0
23.469818820 2122.0
23.480685260 2114.0
23.491551700 2311.0
23.502418140 2408.0
23.513284580 2529.0
23.524151020 2534.0
23.535017460 2657.0
23.545883900 2812.0
23.556750340 2999.0
23.567616780 3008.0
23.578483220 3265.0
23.589349660 3490.0
23.600216100 3715.0
23.611082540 3934.0
23.621948980 4073.0
23.632815420 4384.0
23.643681860 4704.0
23.654548300 4783.0
23.665414740 5189.0
23.676281180 5469.0
23.687147620 5732.0
23.698014060 6039.0
23.708880500 6200.0
23.719746940 6401.0
23.730613380 6526.0
23.741479820 6545.0
23.752346260 6730.0
23.763212700 6637.0
23.774079140 6473.0
23.784945580 6267.0
23.795812020 5707.0
23.806678460 5459.0
23.817544900 4986.0
23.828411340 4722.0
23.839277780 4214.0
23.850144220 3751.0
23.861010660 3586.0
23.871877100 3127.0
23.882743540 2787.0
23.893609980 2617.0
23.904476420 2310.0
23.915342860 2332.0
23.926209300 2087.0
23.937075740 2004.0
23.947942180 1952.0
23.958808620 1792.0
23.969675060 1793.0
23.980541500 1811.0
23.991407940 1737.0
24.002274380 1739.0
24.013140820 1721.0
24.024007260 1749.0
24.034873700 1715.0
24.045740140 1577.0
24.056606580 1631.0
24.067473020 1711.0
24.078339460 1658.0
24.089205900 1702.0
24.100072340 1707.0
24.110938780 1701.0
24.121805220 1646.0
24.132671660 1678.0
24.143538100 1583.0
24.154404540 1624.0
24.165270980 1564.0
24.176137420 1608.0
24.187003860 1596.0
24.197870300 1672.0
24.208736740 1653.0
24.219603180 1572.0
24.230469620 1654.0
24.241336060 1594.0
24.252202500 1544.0
24.263068940 1594.0
24.273935380 1667.0
24.284801820 1706.0
24.295668260 1616.0
24.306534700 1657.0
24.317401140 1605.0
24.328267580 1574.0
24.339134020 1643.0
24.350000460 1620.0
24.360866900 1646.0
24.371733340 1652.0
24.382599780 1642.0
24.393466220 1576.0
24.404332660 1637.0
24.415199100 1712.0
24.426065540 1724.0
24.436931980 1587.0
24.447798420 1659.0
24.458664860 1625.0
24.469531300 1715.0
24.480397740 1606.0
24.491264180 1653.0
24.502130620 1620.0
24.512997060 1630.0
24.523863500 1694.0
24.534729940 1703.0
24.545596380 1637.0
24.556462820 1626.0
24.567329260 1658.0
24.578195700 1764.0
24.589062140 1658.0
24.599928580 1750.0
24.610795020 1675.0
24.621661460 1688.0
24.632527900 1755.0
24.643394340 1745.0
24.654260780 1819.0
24.665127220 1728.0
24.675993660 1731.0
24.686860100 1822.0
24.697726540 1774.0
24.708592980 1761.0
24.719459420 1868.0
24.730325860 1816.0
24.741192300 1798.0
24.752058740 1855.0
24.762925180 1818.0
24.773791620 1857.0
24.784658060 1925.0
24.795524500 1964.0
24.806390940 1870.0
24.817257380 1918.0
24.828123820 1926.0
24.838990260 1971.0
24.849856700 1968.0
24.860723140 1959.0
24.871589580 2068.0
24.882456020 2057.0
24.893322460 2112.0
24.904188900 2147.0
24.915055340 2062.0
24.925921780 2144.0
24.936788220 2180.0
24.947654660 2240.0
24.958521100 2157.0
24.969387540 2220.0
24.980253980 2216.0
24.991120420 2277.0
25.001986860 2329.0
25.012853300 2388.0
25.023719740 2341.0
25.034586180 2407.0
25.045452620 2405.0
25.056319060 2519.0
25.067185500 2559.0
25.078051940 2644.0
25.088918380 2716.0
25.099784820 2751.0
25.110651260 2755.0
25.121517700 2882.0
25.132384140 2988.0
25.143250580 3072.0
25.154117020 3120.0
25.164983460 3085.0
25.175849900 3387.0
25.186716340 3430.0
25.197582780 3630.0
25.208449220 3644.0
25.219315660 3920.0
25.230182100 3952.0
25.241048540 4024.0
25.251914980 4136.0
25.262781420 4423.0
25.273647860 4494.0
25.284514300 4676.0
25.295380740 4912.0
25.306247180 5062.0
25.317113620 5254.0
25.327980060 5444.0
25.338846500 5801.0
25.349712940 5930.0
25.360579380 6288.0
25.371445820 6506.0
25.382312260 6817.0
25.393178700 7072.0
25.404045140 7306.0
25.414911580 7685.0
25.425778020 8062.0
25.436644460 8366.0
25.447510900 8561.0
25.458377340 8942.0
25.469243780 9126.0
25.480110220 9336.0
25.490976660 9686.0
25.501843100 10046.0
25.512709540 10206.0
25.523575980 10433.0
25.534442420 10607.0
25.545308860 11014.0
25.556175300 11100.0
25.567041740 11303.0
25.577908180 11229.0
25.588774620 11464.0
25.599641060 11240.0
25.610507500 11225.0
25.621373940 11188.0
25.632240380 11430.0
25.643106820 11007.0
25.653973260 11111.0
25.664839700 10780.0
25.675706140 10683.0
25.686572580 10365.0
25.697439020 10042.0
25.708305460 9730.0
25.719171900 9401.0
25.730038340 9341.0
25.740904780 8789.0
25.751771220 8403.0
25.762637660 8166.0
25.773504100 7744.0
25.784370540 7601.0
25.795236980 7228.0
25.806103420 6776.0
25.816969860 6445.0
25.827836300 6224.0
25.838702740 5833.0
25.849569180 5708.0
25.860435620 5410.0
25.871302060 5160.0
25.882168500 4806.0
25.893034940 4644.0
25.903901380 4417.0
25.914767820 4255.0
25.925634260 4109.0
25.936500700 3884.0
25.947367140 3808.0
25.958233580 3528.0
25.969100020 3550.0
25.979966460 3332.0
25.990832900 3222.0
26.001699340 3118.0
26.012565780 3029.0
26.023432220 2981.0
26.034298660 2735.0
26.045165100 2794.0
26.056031540 2674.0
26.066897980 2705.0
26.077764420 2536.0
26.088630860 2517.0
26.099497300 2367.0
26.110363740 2358.0
26.121230180 2372.0
26.132096620 2260.0
26.142963060 2253.0
26.153829500 2240.0
26.164695940 2054.0
26.175562380 2168.0
26.186428820 2188.0
26.197295260 2083.0
26.208161700 2025.0
26.219028140 1992.0
26.229894580 1957.0
26.240761020 1935.0
26.251627460 2013.0
26.262493900 1850.0
26.273360340 1913.0
26.284226780 1868.0
26.295093220 1839.0
26.305959660 1886.0
26.316826100 1917.0
26.327692540 1798.0
26.338558980 1888.0
26.349425420 1863.0
26.360291860 1874.0
26.371158300 1793.0
26.382024740 1795.0
26.392891180 1745.0
26.403757620 1722.0
26.414624060 1774.0
26.425490500 1753.0
26.436356940 1718.0
26.447223380 1726.0
26.458089820 1722.0
26.468956260 1678.0
26.479822700 1716.0
26.490689140 1691.0
26.501555580 1760.0
26.512422020 1660.0
26.523288460 1730.0
26.534154900 1656.0
26.545021340 1600.0
26.555887780 1662.0
26.566754220 1707.0
26.577620660 1615.0
26.588487100 1568.0
26.599353540 1589.0
26.610219980 1638.0
26.621086420 1617.0
26.631952860 1598.0
26.642819300 1550.0
26.653685740 1524.0
26.664552180 1595.0
26.675418620 1518.0
26.686285060 1563.0
26.697151500 1626.0
26.708017940 1626.0
26.718884380 1609.0
26.729750820 1571.0
26.740617260 1527.0
26.751483700 1499.0
26.762350140 1573.0
26.773216580 1519.0
26.784083020 1510.0
26.794949460 1587.0
26.805815900 1513.0
26.816682340 1526.0
26.827548780 1522.0
26.838415220 1530.0
26.849281660 1496.0
26.860148100 1557.0
26.871014540 1495.0
26.881880980 1481.0
26.892747420 1544.0
26.903613860 1498.0
26.914480300 1552.0
26.925346740 1549.0
26.936213180 1516.0
26.947079620 1521.0
26.957946060 1553.0
26.968812500 1535.0
26.979678940 1497.0
26.990545380 1434.0
27.001411820 1446.0
27.012278260 1453.0
27.023144700 1528.0
27.034011140 1459.0
27.044877580 1508.0
27.055744020 1450.0
27.066610460 1411.0
27.077476900 1503.0
27.088343340 1533.0
27.099209780 1486.0
27.110076220 1458.0
27.120942660 1531.0
27.131809100 1446.0
27.142675540 1545.0
27.153541980 1399.0
27.164408420 1479.0
27.175274860 1512.0
27.186141300 1447.0
27.197007740 1463.0
27.207874180 1460.0
27.218740620 1479.0
27.229607060 1490.0
27.240473500 1506.0
27.251339940 1598.0
27.262206380 1532.0
27.273072820 1513.0
27.283939260 1535.0
27.294805700 1551.0
27.305672140 1512.0
27.316538580 1497.0
27.327405020 1581.0
27.338271460 1468.0
27.349137900 1553.0
27.360004340 1552.0
27.370870780 1611.0
27.381737220 1562.0
27.392603660 1611.0
27.403470100 1597.0
27.414336540 1620.0
27.425202980 1715.0
27.436069420 1632.0
27.446935860 1655.0
27.457802300 1723.0
27.468668740 1720.0
27.479535180 1747.0
27.490401620 1730.0
27.501268060 1813.0
27.512134500 1793.0
27.523000940 1781.0
27.533867380 1907.0
27.544733820 1918.0
27.555600260 1969.0
27.566466700 1976.0
27.577333140 2085.0
27.588199580 2033.0
27.599066020 2166.0
27.609932460 2147.0
27.620798900 2165.0
27.631665340 2223.0
27.642531780 2264.0
27.653398220 2327.0
27.664264660 2298.0
27.675131100 2378.0
27.685997540 2506.0
27.696863980 2399.0
27.707730420 2296.0
27.718596860 2506.0
27.729463300 2471.0
27.740329740 2433.0
27.751196180 2445.0
27.762062620 2506.0
27.772929060 2490.0
27.783795500 2496.0
27.794661940 2429.0
27.805528380 2448.0
27.816394820 2395.0
27.827261260 2246.0
27.838127700 2224.0
27.848994140 2196.0
27.859860580 2099.0
27.870727020 2127.0
27.881593460 1985.0
27.892459900 2051.0
27.903326340 1860.0
27.914192780 1849.0
27.925059220 1832.0
27.935925660 1745.0
27.946792100 1725.0
27.957658540 1680.0
27.968524980 1649.0
27.979391420 1702.0
27.990257860 1624.0
28.001124300 1628.0
28.011990740 1525.0
28.022857180 1521.0
28.033723620 1586.0
28.044590060 1526.0
28.055456500 1558.0
28.066322940 1404.0
28.077189380 1528.0
28.088055820 1410.0
28.098922260 1451.0
28.109788700 1508.0
28.120655140 1430.0
28.131521580 1431.0
28.142388020 1502.0
28.153254460 1340.0
28.164120900 1439.0
28.174987340 1342.0
28.185853780 1475.0
28.196720220 1362.0
28.207586660 1350.0
28.218453100 1300.0
28.229319540 1379.0
28.240185980 1326.0
28.251052420 1311.0
28.261918860 1277.0
28.272785300 1298.0
28.283651740 1307.0
28.294518180 1335.0
28.305384620 1347.0
28.316251060 1329.0
28.327117500 1406.0
28.337983940 1353.0
28.348850380 1353.0
28.359716820 1332.0
28.370583260 1387.0
28.381449700 1404.0
28.392316140 1324.0
28.403182580 1350.0
28.414049020 1327.0
28.424915460 1335.0
28.435781900 1359.0
28.446648340 1320.0
28.457514780 1285.0
28.468381220 1333.0
28.479247660 1356.0
28.490114100 1344.0
28.500980540 1326.0
28.511846980 1268.0
28.522713420 1298.0
28.533579860 1330.0
28.544446300 1234.0
28.555312740 1276.0
28.566179180 1333.0
28.577045620 1310.0
28.587912060 1305.0
28.598778500 1317.0
28.609644940 1303.0
28.620511380 1301.0
28.631377820 1377.0
28.642244260 1384.0
28.653110700 1288.0
28.663977140 1333.0
28.674843580 1265.0
28.685710020 1306.0
28.696576460 1324.0
28.707442900 1275.0
28.718309340 1303.0
28.729175780 1370.0
28.740042220 1267.0
28.750908660 1406.0
28.761775100 1439.0
28.772641540 1353.0
28.783507980 1319.0
28.794374420 1354.0
28.805240860 1358.0
28.816107300 1404.0
28.826973740 1378.0
28.837840180 1389.0
28.848706620 1393.0
28.859573060 1414.0
28.870439500 1427.0
28.881305940 1391.0
28.892172380 1454.0
28.903038820 1408.0
28.913905260 1408.0
28.924771700 1354.0
28.935638140 1362.0
28.946504580 1396.0
28.957371020 1426.0
28.968237460 1394.0
28.979103900 1429.0
28.989970340 1367.0
29.000836780 1358.0
29.011703220 1357.0
29.022569660 1376.0
29.033436100 1377.0
29.044302540 1296.0
29.055168980 1379.0
29.066035420 1283.0
29.076901860 1326.0
29.087768300 1366.0
29.098634740 1405.0
29.109501180 1380.0
29.120367620 1316.0
29.131234060 1304.0
29.142100500 1379.0
29.152966940 1270.0
29.163833380 1435.0
29.174699820 1330.0
29.185566260 1404.0
29.196432700 1426.0
29.207299140 1356.0
29.218165580 1389.0
29.229032020 1445.0
29.239898460 1422.0
29.250764900 1376.0
29.261631340 1378.0
29.272497780 1519.0
29.283364220 1493.0
29.294230660 1525.0
29.305097100 1494.0
29.315963540 1542.0
29.326829980 1562.0
29.337696420 1590.0
29.348562860 1522.0
29.359429300 1629.0
29.370295740 1603.0
29.381162180 1719.0
29.392028620 1684.0
29.402895060 1742.0
29.413761500 1774.0
29.424627940 1784.0
29.435494380 1910.0
29.446360820 1851.0
29.457227260 2029.0
29.468093700 2084.0
29.478960140 2209.0
29.489826580 2252.0
29.500693020 2344.0
29.511559460 2479.0
29.522425900 2703.0
29.533292340 2780.0
29.544158780 2871.0
29.555025220 3030.0
29.565891660 3309.0
29.576758100 3497.0
29.587624540 3872.0
29.598490980 3995.0
29.609357420 4351.0
29.620223860 4574.0
29.631090300 5005.0
29.641956740 5308.0
29.652823180 5446.0
29.663689620 6154.0
29.674556060 6589.0
29.685422500 6491.0
29.696288940 7216.0
29.707155380 7523.0
29.718021820 7697.0
29.728888260 7975.0
29.739754700 8369.0
29.750621140 8629.0
29.761487580 8771.0
29.772354020 8532.0
29.783220460 8458.0
29.794086900 8192.0
29.804953340 7888.0
29.815819780 7516.0
29.826686220 6815.0
29.837552660 6262.0
29.848419100 5655.0
29.859285540 5292.0
29.870151980 4648.0
29.881018420 4121.0
29.891884860 3755.0
29.902751300 3274.0
29.913617740 2974.0
29.924484180 2667.0
29.935350620 2462.0
29.946217060 2351.0
29.957083500 2185.0
29.967949940 2086.0
29.978816380 1944.0
29.989682820 1853.0
30.000549260 1860.0
30.011415700 1804.0
30.022282140 1754.0
30.033148580 1732.0
30.044015020 1755.0
30.054881460 1718.0
30.065747900 1766.0
30.076614340 1650.0
30.087480780 1682.0
30.098347220 1653.0
30.109213660 1538.0
30.120080100 1687.0
30.130946540 1635.0
30.141812980 1617.0
30.152679420 1573.0
30.163545860 1612.0
30.174412300 1635.0
30.185278740 1595.0
30.196145180 1597.0
30.207011620 1581.0
30.217878060 1584.0
30.228744500 1635.0
30.239610940 1644.0
30.250477380 1564.0
30.261343820 1615.0
30.272210260 1623.0
30.283076700 1735.0
30.293943140 1685.0
30.304809580 1723.0
30.315676020 1779.0
30.326542460 1818.0
30.337408900 1788.0
30.348275340 1814.0
30.359141780 1759.0
30.370008220 1834.0
30.380874660 1883.0
30.391741100 1966.0
30.402607540 1952.0
30.413473980 2061.0
30.424340420 2165.0
30.435206860 2129.0
30.446073300 2228.0
30.456939740 2295.0
30.467806180 2343.0
30.478672620 2457.0
30.489539060 2611.0
30.500405500 2663.0
30.511271940 2660.0
30.522138380 2861.0
30.533004820 3000.0
30.543871260 3138.0
30.554737700 3305.0
30.565604140 3521.0
30.576470580 3534.0
30.587337020 3873.0
30.598203460 4181.0
30.609069900 4479.0
30.619936340 4721.0
30.630802780 5059.0
30.641669220 5605.0
30.652535660 5981.0
30.663402100 6564.0
30.674268540 7023.0
30.685134980 7687.0
30.696001420 8375.0
30.706867860 9008.0
30.717734300 9746.0
30.728600740 10615.0
30.739467180 11495.0
30.750333620 12461.0
30.761200060 13597.0
30.772066500 14650.0
30.782932940 15884.0
30.793799380 17260.0
30.804665820 18437.0
30.815532260 19437.0
30.826398700 21132.0
30.837265140 22016.0
30.848131580 22878.0
30.858998020 24308.0
30.869864460 25031.0
30.880730900 25528.0
30.891597340 26036.0
30.902463780 26202.0
30.913330220 25667.0
30.924196660 25637.0
30.935063100 24722.0
30.945929540 23357.0
30.956795980 21922.0
30.967662420 20488.0
30.978528860 18591.0
30.989395300 16517.0
31.000261740 15096.0
31.011128180 13404.0
31.021994620 11533.0
31.032861060 10186.0
31.043727500 9049.0
31.054593940 7901.0
31.065460380 6697.0
31.076326820 5686.0
31.087193260 4874.0
31.098059700 4404.0
31.108926140 3875.0
31.119792580 3529.0
31.130659020 3222.0
31.141525460 3042.0
31.152391900 2882.0
31.163258340 2737.0
31.174124780 2680.0
31.184991220 2550.0
31.195857660 2456.0
31.206724100 2427.0
31.217590540 2363.0
31.228456980 2415.0
31.239323420 2260.0
31.250189860 2186.0
31.261056300 2154.0
31.271922740 2131.0
31.282789180 2173.0
31.293655620 2262.0
31.304522060 2065.0
31.315388500 2113.0
31.326254940 2034.0
31.337121380 1953.0
31.347987820 2042.0
31.358854260 1993.0
31.369720700 1958.0
31.380587140 1978.0
31.391453580 1940.0
31.402320020 2014.0
31.413186460 2034.0
31.424052900 2016.0
31.434919340 1961.0
31.445785780 2168.0
31.456652220 2011.0
31.467518660 2052.0
31.478385100 2036.0
31.489251540 2170.0
31.500117980 2134.0
31.510984420 2233.0
31.521850860 2107.0
31.532717300 2218.0
31.543583740 2265.0
31.554450180 2274.0
31.565316620 2528.0
31.576183060 2532.0
31.587049500 2494.0
31.597915940 2536.0
31.608782380 2654.0
31.619648820 2698.0
31.630515260 2924.0
31.641381700 3008.0
31.652248140 3120.0
31.663114580 3127.0
31.673981020 3350.0
31.684847460 3423.0
31.695713900 3666.0
31.706580340 3773.0
31.717446780 4118.0
31.728313220 4382.0
31.739179660 4650.0
31.750046100 4832.0
31.760912540 5151.0
31.771778980 5511.0
31.782645420 5962.0
31.793511860 6362.0
31.804378300 6959.0
31.815244740 7354.0
31.826111180 7963.0
31.836977620 8574.0
31.847844060 9312.0
31.858710500 10377.0
31.869576940 10978.0
31.880443380 12080.0
31.891309820 13061.0
31.902176260 14289.0
31.913042700 15414.0
31.923909140 16766.0
31.934775580 18152.0
31.945642020 19489.0
31.956508460 21362.0
31.967374900 22268.0
31.978241340 24362.0
31.989107780 25651.0
31.999974220 27358.0
32.010840660 28907.0
32.021707100 30641.0
32.032573540 31873.0
32.043439980 32364.0
32.054306420 33248.0
32.065172860 33874.0
32.076039300 33917.0
32.086905740 33465.0
32.097772180 33038.0
32.108638620 31445.0
32.119505060 29886.0
32.130371500 27968.0
32.141237940 25756.0
32.152104380 23535.0
32.162970820 21256.0
32.173837260 19088.0
32.184703700 17373.0
32.195570140 15403.0
32.206436580 13185.0
32.217303020 11435.0
32.228169460 9802.0
32.239035900 8525.0
32.249902340 7488.0
32.260768780 6382.0
32.271635220 5684.0
32.282501660 4985.0
32.293368100 4302.0
32.304234540 4036.0
32.315100980 3807.0
32.325967420 3480.0
32.336833860 3281.0
32.347700300 2979.0
32.358566740 2960.0
32.369433180 2746.0
32.380299620 2676.0
32.391166060 2593.0
32.402032500 2449.0
32.412898940 2337.0
32.423765380 2363.0
32.434631820 2166.0
32.445498260 2232.0
32.456364700 2034.0
32.467231140 2105.0
32.478097580 2037.0
32.488964020 1917.0
32.499830460 1839.0
32.510696900 1828.0
32.521563340 1826.0
32.532429780 1706.0
32.543296220 1724.0
32.554162660 1717.0
32.565029100 1664.0
32.575895540 1717.0
32.586761980 1718.0
32.597628420 1549.0
32.608494860 1609.0
32.619361300 1591.0
32.630227740 1536.0
32.641094180 1539.0
32.651960620 1588.0
32.662827060 1482.0
32.673693500 1523.0
32.684559940 1500.0
32.695426380 1471.0
32.706292820 1469.0
32.717159260 1432.0
32.728025700 1483.0
32.738892140 1532.0
32.749758580 1508.0
32.760625020 1495.0
32.771491460 1416.0
32.782357900 1491.0
32.793224340 1455.0
32.804090780 1450.0
32.814957220 1405.0
32.825823660 1447.0
32.836690100 1361.0
32.847556540 1449.0
32.858422980 1389.0
32.869289420 1372.0
32.880155860 1318.0
32.891022300 1390.0
32.901888740 1374.0
32.912755180 1318.0
32.923621620 1397.0
32.934488060 1297.0
32.945354500 1353.0
32.956220940 1337.0
32.967087380 1387.0
32.977953820 1361.0
32.988820260 1348.0
32.999686700 1363.0
33.010553140 1348.0
33.021419580 1344.0
33.032286020 1366.0
33.043152460 1287.0
33.054018900 1371.0
33.064885340 1353.0
33.075751780 1398.0
33.086618220 1337.0
33.097484660 1376.0
33.108351100 1319.0
33.119217540 1330.0
33.130083980 1322.0
33.140950420 1400.0
33.151816860 1355.0
33.162683300 1359.0
33.173549740 1361.0
33.184416180 1280.0
33.195282620 1269.0
33.206149060 1305.0
33.217015500 1317.0
33.227881940 1369.0
33.238748380 1306.0
33.249614820 1460.0
33.260481260 1400.0
33.271347700 1299.0
33.282214140 1270.0
33.293080580 1323.0
33.303947020 1366.0
33.314813460 1368.0
33.325679900 1349.0
33.336546340 1295.0
33.347412780 1305.0
33.358279220 1293.0
33.369145660 1403.0
33.380012100 1343.0
33.390878540 1308.0
33.401744980 1320.0
33.412611420 1323.0
33.423477860 1299.0
33.434344300 1265.0
33.445210740 1333.0
33.456077180 1364.0
33.466943620 1294.0
33.477810060 1316.0
33.488676500 1370.0
33.499542940 1323.0
33.510409380 1333.0
33.521275820 1331.0
33.532142260 1258.0
33.543008700 1295.0
33.553875140 1343.0
33.564741580 1315.0
33.575608020 1359.0
33.586474460 1348.0
33.597340900 1343.0
33.608207340 1318.0
33.619073780 1335.0
33.629940220 1317.0
33.640806660 1337.0
33.651673100 1366.0
33.662539540 1382.0
33.673405980 1366.0
33.684272420 1397.0
33.695138860 1360.0
33.706005300 1393.0
33.716871740 1366.0
33.727738180 1329.0
33.738604620 1392.0
33.749471060 1303.0
33.760337500 1299.0
33.771203940 1424.0
33.782070380 1387.0
33.792936820 1376.0
33.803803260 1353.0
33.814669700 1474.0
33.825536140 1384.0
33.836402580 1467.0
33.847269020 1495.0
33.858135460 1476.0
33.869001900 1427.0
33.879868340 1487.0
33.890734780 1525.0
33.901601220 1439.0
33.912467660 1486.0
33.923334100 1492.0
33.934200540 1611.0
33.945066980 1498.0
33.955933420 1599.0
33.966799860 1722.0
33.977666300 1656.0
33.988532740 1733.0
33.999399180 1766.0
34.010265620 1782.0
34.021132060 1900.0
34.031998500 1874.0
34.042864940 2033.0
34.053731380 1952.0
34.064597820 2127.0
34.075464260 2176.0
34.086330700 2362.0
34.097197140 2421.0
34.108063580 2484.0
34.118930020 2641.0
34.129796460 2828.0
34.140662900 2959.0
34.151529340 3101.0
34.162395780 3245.0
34.173262220 3476.0
34.184128660 3668.0
34.194995100 3986.0
34.205861540 4325.0
34.216727980 4455.0
34.227594420 4788.0
34.238460860 5170.0
34.249327300 5480.0
34.260193740 5989.0
34.271060180 6599.0
34.281926620 6800.0
34.292793060 7522.0
34.303659500 7813.0
34.314525940 8305.0
34.325392380 8907.0
34.336258820 9442.0
34.347125260 9624.0
34.357991700 10081.0
34.368858140 10392.0
34.379724580 10635.0
34.390591020 10970.0
34.401457460 11028.0
34.412323900 10683.0
34.423190340 10397.0
34.434056780 10034.0
34.444923220 9402.0
34.455789660 8989.0
34.466656100 8165.0
34.477522540 7596.0
34.488388980 6879.0
34.499255420 6201.0
34.510121860 5732.0
34.520988300 5197.0
34.531854740 4583.0
34.542721180 4120.0
34.553587620 3645.0
34.564454060 3114.0
34.575320500 2787.0
34.586186940 2430.0
34.597053380 2265.0
34.607919820 2005.0
34.618786260 1963.0
34.629652700 1863.0
34.640519140 1720.0
34.651385580 1700.0
34.662252020 1688.0
34.673118460 1604.0
34.683984900 1563.0
34.694851340 1544.0
34.705717780 1449.0
34.716584220 1458.0
34.727450660 1394.0
34.738317100 1411.0
34.749183540 1442.0
34.760049980 1386.0
34.770916420 1385.0
34.781782860 1364.0
34.792649300 1288.0
34.803515740 1375.0
34.814382180 1296.0
34.825248620 1305.0
34.836115060 1278.0
34.846981500 1259.0
34.857847940 1318.0
34.868714380 1261.0
34.879580820 1201.0
34.890447260 1273.0
34.901313700 1255.0
34.912180140 1199.0
34.923046580 1253.0
34.933913020 1295.0
34.944779460 1207.0
34.955645900 1256.0
34.966512340 1238.0
34.977378780 1185.0
34.988245220 1190.0
34.999111660 1232.0
35.009978100 1220.0
35.020844540 1165.0
35.031710980 1212.0
35.042577420 1183.0
35.053443860 1187.0
35.064310300 1255.0
35.075176740 1263.0
35.086043180 1163.0
35.096909620 1240.0
35.107776060 1198.0
35.118642500 1163.0
35.129508940 1171.0
35.140375380 1241.0
35.151241820 1154.0
35.162108260 1173.0
35.172974700 1220.0
35.183841140 1217.0
35.194707580 1201.0
35.205574020 1185.0
35.216440460 1204.0
35.227306900 1207.0
35.238173340 1173.0
35.249039780 1104.0
35.259906220 1258.0
35.270772660 1181.0
35.281639100 1159.0
35.292505540 1136.0
35.303371980 1192.0
35.314238420 1219.0
35.325104860 1140.0
35.335971300 1135.0
35.346837740 1162.0
35.357704180 1165.0
35.368570620 1152.0
35.379437060 1179.0
35.390303500 1229.0
35.401169940 1198.0
35.412036380 1234.0
35.422902820 1167.0
35.433769260 1208.0
35.444635700 1192.0
35.455502140 1177.0
35.466368580 1204.0
35.477235020 1186.0
35.488101460 1194.0
35.498967900 1188.0
35.509834340 1192.0
35.520700780 1112.0
35.531567220 1163.0
35.542433660 1208.0
35.553300100 1137.0
35.564166540 1194.0
35.575032980 1233.0
35.585899420 1169.0
35.596765860 1206.0
35.607632300 1192.0
35.618498740 1222.0
35.629365180 1188.0
35.640231620 1187.0
35.651098060 1204.0
35.661964500 1210.0
35.672830940 1139.0
35.683697380 1245.0
35.694563820 1192.0
35.705430260 1252.0
35.716296700 1228.0
35.727163140 1193.0
35.738029580 1180.0
35.748896020 1244.0
35.759762460 1242.0
35.770628900 1204.0
35.781495340 1280.0
35.792361780 1242.0
35.803228220 1166.0
35.814094660 1241.0
35.824961100 1314.0
35.835827540 1302.0
35.846693980 1306.0
35.857560420 1228.0
35.868426860 1348.0
35.879293300 1345.0
35.890159740 1336.0
35.901026180 1391.0
35.911892620 1397.0
35.922759060 1356.0
35.933625500 1407.0
35.944491940 1404.0
35.955358380 1491.0
35.966224820 1459.0
35.977091260 1480.0
35.987957700 1530.0
35.998824140 1512.0
36.009690580 1555.0
36.020557020 1638.0
36.031423460 1646.0
36.042289900 1673.0
36.053156340 1726.0
36.064022780 1810.0
36.074889220 1820.0
36.085755660 1990.0
36.096622100 1966.0
36.107488540 2004.0
36.118354980 2072.0
36.129221420 2276.0
36.140087860 2359.0
36.150954300 2525.0
36.161820740 2411.0
36.172687180 2666.0
36.183553620 2792.0
36.194420060 2848.0
36.205286500 3062.0
36.216152940 3198.0
36.227019380 3491.0
36.237885820 3745.0
36.248752260 4016.0
36.259618700 4200.0
36.270485140 4572.0
36.281351580 4728.0
36.292218020 4888.0
36.303084460 5424.0
36.313950900 5574.0
36.324817340 5941.0
36.335683780 6441.0
36.346550220 6722.0
36.357416660 7064.0
36.368283100 7005.0
36.379149540 7424.0
36.390015980 7455.0
36.400882420 7593.0
36.411748860 7469.0
36.422615300 7170.0
36.433481740 6820.0
36.444348180 6355.0
36.455214620 5675.0
36.466081060 5158.0
36.476947500 4766.0
36.487813940 4445.0
36.498680380 4152.0
36.509546820 3856.0
36.520413260 3543.0
36.531279700 3169.0
36.542146140 2825.0
36.553012580 2577.0
36.563879020 2229.0
36.574745460 2035.0
36.585611900 1776.0
36.596478340 1769.0
36.607344780 1767.0
36.618211220 1719.0
36.629077660 1680.0
36.639944100 1631.0
36.650810540 1587.0
36.661676980 1647.0
36.672543420 1602.0
36.683409860 1628.0
36.694276300 1598.0
36.705142740 1679.0
36.716009180 1687.0
36.726875620 1646.0
36.737742060 1704.0
36.748608500 1725.0
36.759474940 1750.0
36.770341380 1679.0
36.781207820 1787.0
36.792074260 1803.0
36.802940700 1829.0
36.813807140 1829.0
36.824673580 1904.0
36.835540020 1916.0
36.846406460 1967.0
36.857272900 2047.0
36.868139340 2113.0
36.879005780 2360.0
36.889872220 2158.0
36.900738660 2336.0
36.911605100 2421.0
36.922471540 2525.0
36.933337980 2606.0
36.944204420 2753.0
36.955070860 2955.0
36.965937300 3038.0
36.976803740 3339.0
36.987670180 3447.0
36.998536620 3541.0
37.009403060 3890.0
37.020269500 4063.0
37.031135940 4343.0
37.042002380 4487.0
37.052868820 4852.0
37.063735260 5329.0
37.074601700 5428.0
37.085468140 6055.0
37.096334580 6365.0
37.107201020 6832.0
37.118067460 7413.0
37.128933900 7859.0
37.139800340 8311.0
37.150666780 9154.0
37.161533220 9499.0
37.172399660 10127.0
37.183266100 11050.0
37.194132540 11611.0
37.204998980 12226.0
37.215865420 12815.0
37.226731860 13199.0
37.237598300 13619.0
37.248464740 14058.0
37.259331180 14196.0
37.270197620 13791.0
37.281064060 13665.0
37.291930500 13304.0
37.302796940 12612.0
37.313663380 11867.0
37.324529820 11006.0
37.335396260 10197.0
37.346262700 9191.0
37.357129140 8679.0
37.367995580 7664.0
37.378862020 7017.0
37.389728460 6608.0
37.400594900 5814.0
37.411461340 5233.0
37.422327780 4699.0
37.433194220 3993.0
37.444060660 3525.0
37.454927100 3259.0
37.465793540 2907.0
37.476659980 2658.0
37.487526420 2568.0
37.498392860 2268.0
37.509259300 2248.0
37.520125740 2112.0
37.530992180 2103.0
37.541858620 1986.0
37.552725060 1955.0
37.563591500 2025.0
37.574457940 1919.0
37.585324380 1789.0
37.596190820 1885.0
37.607057260 1915.0
37.617923700 1828.0
37.628790140 1831.0
37.639656580 1835.0
37.650523020 1781.0
37.661389460 1761.0
37.672255900 1782.0
37.683122340 1781.0
37.693988780 1746.0
37.704855220 1785.0
37.715721660 1798.0
37.726588100 1726.0
37.737454540 1844.0
37.748320980 1896.0
37.759187420 1824.0
37.770053860 1850.0
37.780920300 1966.0
37.791786740 1881.0
37.802653180 1906.0
37.813519620 1953.0
37.824386060 1994.0
37.835252500 2043.0
37.846118940 2103.0
37.856985380 2083.0
37.867851820 2157.0
37.878718260 2239.0
37.889584700 2127.0
37.900451140 2278.0
37.911317580 2313.0
37.922184020 2346.0
37.933050460 2465.0
37.943916900 2482.0
37.954783340 2509.0
37.965649780 2523.0
37.976516220 2621.0
37.987382660 2609.0
37.998249100 2692.0
38.009115540 2572.0
38.019981980 2573.0
38.030848420 2705.0
38.041714860 2666.0
38.052581300 2797.0
38.063447740 2734.0
38.074314180 2757.0
38.085180620 2870.0
38.096047060 2773.0
38.106913500 2780.0
38.117779940 2814.0
38.128646380 2799.0
38.139512820 2837.0
38.150379260 2833.0
38.161245700 2727.0
38.172112140 2775.0
38.182978580 2780.0
38.193845020 2720.0
38.204711460 2620.0
38.215577900 2665.0
38.226444340 2617.0
38.237310780 2514.0
38.248177220 2606.0
38.259043660 2402.0
38.269910100 2505.0
38.280776540 2340.0
38.291642980 2355.0
38.302509420 2265.0
38.313375860 2276.0
38.324242300 2115.0
38.335108740 2170.0
38.345975180 2076.0
38.356841620 2105.0
38.367708060 2071.0
38.378574500 1979.0
38.389440940 2056.0
38.400307380 1915.0
38.411173820 1874.0
38.422040260 1827.0
38.432906700 1810.0
38.443773140 1776.0
38.454639580 1743.0
38.465506020 1743.0
38.476372460 1807.0
38.487238900 1699.0
38.498105340 1718.0
38.508971780 1665.0
38.519838220 1714.0
38.530704660 1650.0
38.541571100 1703.0
38.552437540 1637.0
38.563303980 1579.0
38.574170420 1542.0
38.585036860 1549.0
38.595903300 1582.0
38.606769740 1599.0
38.617636180 1588.0
38.628502620 1552.0
38.639369060 1660.0
38.650235500 1592.0
38.661101940 1638.0
38.671968380 1601.0
38.682834820 1555.0
38.693701260 1601.0
38.704567700 1614.0
38.715434140 1692.0
38.726300580 1602.0
38.737167020 1667.0
38.748033460 1600.0
38.758899900 1652.0
38.769766340 1609.0
38.780632780 1650.0
38.791499220 1659.0
38.802365660 1659.0
38.813232100 1660.0
38.824098540 1645.0
38.834964980 1622.0
38.845831420 1703.0
38.856697860 1557.0
38.867564300 1691.0
38.878430740 1606.0
38.889297180 1663.0
38.900163620 1632.0
38.911030060 1606.0
38.921896500 1613.0
38.932762940 1576.0
38.943629380 1573.0
38.954495820 1570.0
38.965362260 1609.0
38.976228700 1522.0
38.987095140 1577.0
38.997961580 1467.0
39.008828020 1490.0
39.019694460 1596.0
39.030560900 1540.0
39.041427340 1508.0
39.052293780 1427.0
39.063160220 1384.0
39.074026660 1431.0
39.084893100 1384.0
39.095759540 1319.0
39.106625980 1373.0
39.117492420 1319.0
39.128358860 1369.0
39.139225300 1287.0
39.150091740 1324.0
39.160958180 1294.0
39.171824620 1310.0
39.182691060 1238.0
39.193557500 1262.0
39.204423940 1220.0
39.215290380 1324.0
39.226156820 1250.0
39.237023260 1242.0
39.247889700 1214.0
39.258756140 1264.0
39.269622580 1250.0
39.280489020 1222.0
39.291355460 1213.0
39.302221900 1258.0
39.313088340 1235.0
39.323954780 1294.0
39.334821220 1185.0
39.345687660 1235.0
39.356554100 1297.0
39.367420540 1245.0
39.378286980 1261.0
39.389153420 1185.0
39.400019860 1263.0
39.410886300 1297.0
39.421752740 1356.0
39.432619180 1401.0
39.443485620 1374.0
39.454352060 1389.0
39.465218500 1373.0
39.476084940 1389.0
39.486951380 1448.0
39.497817820 1444.0
39.508684260 1452.0
39.519550700 1495.0
39.530417140 1527.0
39.541283580 1510.0
39.552150020 1625.0
39.563016460 1637.0
39.573882900 1705.0
39.584749340 1764.0
39.595615780 1771.0
39.606482220 1839.0
39.617348660 1903.0
39.628215100 2033.0
39.639081540 2093.0
39.649947980 2256.0
39.660814420 2240.0
39.671680860 2407.0
39.682547300 2548.0
39.693413740 2658.0
39.704280180 2871.0
39.715146620 2868.0
39.726013060 3147.0
39.736879500 3342.0
39.747745940 3479.0
39.758612380 3739.0
39.769478820 3937.0
39.780345260 4331.0
39.791211700 4501.0
39.802078140 4794.0
39.812944580 5112.0
39.823811020 5226.0
39.834677460 5549.0
39.845543900 5930.0
39.856410340 6152.0
39.867276780 6122.0
39.878143220 6626.0
39.889009660 6350.0
39.899876100 6439.0
39.910742540 6105.0
39.921608980 5958.0
39.932475420 5704.0
39.943341860 5162.0
39.954208300 4884.0
39.965074740 4780.0
39.975941180 4456.0
39.986807620 4348.0
39.997674060 4112.0
40.008540500 3956.0
40.019406940 3738.0
40.030273380 3582.0
40.041139820 3485.0
40.052006260 3275.0
40.062872700 3153.0
40.073739140 3231.0
40.084605580 3113.0
40.095472020 3163.0
40.106338460 3229.0
40.117204900 3235.0
40.128071340 3463.0
40.138937780 3611.0
40.149804220 3783.0
40.160670660 3945.0
40.171537100 4199.0
40.182403540 4285.0
40.193269980 4480.0
40.204136420 4660.0
40.215002860 4746.0
40.225869300 4944.0
40.236735740 4893.0
40.247602180 4730.0
40.258468620 4672.0
40.269335060 4345.0
40.280201500 3956.0
40.291067940 3696.0
40.301934380 3378.0
40.312800820 3113.0
40.323667260 2927.0
40.334533700 2744.0
40.345400140 2653.0
40.356266580 2478.0
40.367133020 2253.0
40.377999460 2142.0
40.388865900 1934.0
40.399732340 1783.0
40.410598780 1526.0
40.421465220 1387.0
40.432331660 1304.0
40.443198100 1147.0
40.454064540 1181.0
40.464930980 1106.0
40.475797420 1148.0
40.486663860 1139.0
40.497530300 1058.0
40.508396740 1072.0
40.519263180 1033.0
40.530129620 1058.0
40.540996060 1120.0
40.551862500 1051.0
40.562728940 1036.0
40.573595380 1006.0
40.584461820 1000.0
40.595328260 1005.0
40.606194700 997.0
40.617061140 1008.0
40.627927580 998.0
40.638794020 1013.0
40.649660460 978.0
40.660526900 1028.0
40.671393340 954.0
40.682259780 1000.0
40.693126220 968.0
40.703992660 957.0
40.714859100 907.0
40.725725540 968.0
40.736591980 985.0
40.747458420 943.0
40.758324860 997.0
40.769191300 963.0
40.780057740 915.0
40.790924180 996.0
40.801790620 921.0
40.812657060 875.0
40.823523500 927.0
40.834389940 954.0
40.845256380 950.0
40.856122820 931.0
40.866989260 895.0
40.877855700 967.0
40.888722140 972.0
40.899588580 941.0
40.910455020 932.0
40.921321460 869.0
40.932187900 955.0
40.943054340 910.0
40.953920780 942.0
40.964787220 943.0
40.975653660 901.0
40.986520100 900.0
40.997386540 940.0
41.008252980 934.0
41.019119420 974.0
41.029985860 969.0
41.040852300 920.0
41.051718740 941.0
41.062585180 959.0
41.073451620 971.0
41.084318060 929.0
41.095184500 983.0
41.106050940 909.0
41.116917380 976.0
41.127783820 913.0
41.138650260 967.0
41.149516700 1006.0
41.160383140 942.0
41.171249580 934.0
41.182116020 1009.0
41.192982460 947.0
41.203848900 951.0
41.214715340 1019.0
41.225581780 947.0
41.236448220 963.0
41.247314660 1034.0
41.258181100 920.0
41.269047540 976.0
41.279913980 981.0
41.290780420 994.0
41.301646860 969.0
41.312513300 1002.0
41.323379740 996.0
41.334246180 984.0
41.345112620 1008.0
41.355979060 1012.0
41.366845500 973.0
41.377711940 954.0
41.388578380 1061.0
41.399444820 1039.0
41.410311260 1033.0
41.421177700 1077.0
41.432044140 1026.0
41.442910580 1053.0
41.453777020 1082.0
41.464643460 1052.0
41.475509900 1141.0
41.486376340 1049.0
41.497242780 1067.0
41.508109220 1074.0
41.518975660 1152.0
41.529842100 1126.0
41.540708540 1134.0
41.551574980 1111.0
41.562441420 1116.0
41.573307860 1065.0
41.584174300 1179.0
41.595040740 1111.0
41.605907180 1046.0
41.616773620 1096.0
41.627640060 1029.0
41.638506500 1056.0
41.649372940 1048.0
41.660239380 1050.0
41.671105820 1001.0
41.681972260 985.0
41.692838700 997.0
41.703705140 974.0
41.714571580 976.0
41.725438020 957.0
41.736304460 934.0
41.747170900 958.0
41.758037340 924.0
41.768903780 1024.0
41.779770220 956.0
41.790636660 844.0
41.801503100 891.0
41.812369540 851.0
41.823235980 970.0
41.834102420 894.0
41.844968860 950.0
41.855835300 876.0
41.866701740 896.0
41.877568180 864.0
41.888434620 846.0
41.899301060 978.0
41.910167500 909.0
41.921033940 895.0
41.931900380 864.0
41.942766820 813.0
41.953633260 896.0
41.964499700 872.0
41.975366140 872.0
41.986232580 844.0
41.997099020 873.0
42.007965460 841.0
42.018831900 903.0
42.029698340 874.0
42.040564780 845.0
42.051431220 854.0
42.062297660 857.0
42.073164100 901.0
42.084030540 859.0
42.094896980 843.0
42.105763420 812.0
42.116629860 851.0
42.127496300 862.0
42.138362740 867.0
42.149229180 802.0
42.160095620 886.0
42.170962060 832.0
42.181828500 872.0
42.192694940 884.0
42.203561380 895.0
42.214427820 881.0
42.225294260 858.0
42.236160700 878.0
42.247027140 774.0
42.257893580 882.0
42.268760020 909.0
42.279626460 897.0
42.290492900 869.0
42.301359340 916.0
42.312225780 864.0
42.323092220 857.0
42.333958660 863.0
42.344825100 831.0
42.355691540 832.0
42.366557980 828.0
42.377424420 865.0
42.388290860 900.0
42.399157300 838.0
42.410023740 903.0
42.420890180 819.0
42.431756620 851.0
42.442623060 859.0
42.453489500 858.0
42.464355940 849.0
42.475222380 847.0
42.486088820 865.0
42.496955260 869.0
42.507821700 876.0
42.518688140 867.0
42.529554580 895.0
42.540421020 878.0
42.551287460 861.0
42.562153900 890.0
42.573020340 925.0
42.583886780 912.0
42.594753220 868.0
42.605619660 913.0
42.616486100 887.0
42.627352540 902.0
42.638218980 930.0
42.649085420 931.0
42.659951860 992.0
42.670818300 991.0
42.681684740 982.0
42.692551180 934.0
42.703417620 1045.0
42.714284060 967.0
42.725150500 1078.0
42.736016940 1029.0
42.746883380 1096.0
42.757749820 1064.0
42.768616260 1157.0
42.779482700 1144.0
42.790349140 1109.0
42.801215580 1148.0
42.812082020 1243.0
42.822948460 1219.0
42.833814900 1175.0
42.844681340 1315.0
42.855547780 1304.0
42.866414220 1365.0
42.877280660 1396.0
42.888147100 1431.0
42.899013540 1602.0
42.909879980 1565.0
42.920746420 1643.0
42.931612860 1702.0
42.942479300 1751.0
42.953345740 1823.0
42.964212180 1742.0
42.975078620 1943.0
42.985945060 1903.0
42.996811500 1836.0
43.007677940 1869.0
43.018544380 1802.0
43.029410820 1827.0
43.040277260 1812.0
43.051143700 1737.0
43.062010140 1624.0
43.072876580 1562.0
43.083743020 1582.0
43.094609460 1387.0
43.105475900 1394.0
43.116342340 1358.0
43.127208780 1322.0
43.138075220 1303.0
43.148941660 1216.0
43.159808100 1130.0
43.170674540 1071.0
43.181540980 1084.0
43.192407420 1000.0
43.203273860 1012.0
43.214140300 952.0
43.225006740 928.0
43.235873180 981.0
43.246739620 910.0
43.257606060 946.0
43.268472500 912.0
43.279338940 899.0
43.290205380 947.0
43.301071820 963.0
43.311938260 921.0
43.322804700 1012.0
43.333671140 901.0
43.344537580 971.0
43.355404020 948.0
43.366270460 961.0
43.377136900 975.0
43.388003340 1014.0
43.398869780 1040.0
43.409736220 995.0
43.420602660 1086.0
43.431469100 1067.0
43.442335540 1118.0
43.453201980 1098.0
43.464068420 1077.0
43.474934860 1112.0
43.485801300 1172.0
43.496667740 1197.0
43.507534180 1225.0
43.518400620 1252.0
43.529267060 1260.0
43.540133500 1304.0
43.550999940 1400.0
43.561866380 1434.0
43.572732820 1484.0
43.583599260 1586.0
43.594465700 1552.0
43.605332140 1635.0
43.616198580 1712.0
43.627065020 1804.0
43.637931460 1851.0
43.648797900 1890.0
43.659664340 2122.0
43.670530780 2186.0
43.681397220 2248.0
43.692263660 2435.0
43.703130100 2436.0
43.713996540 2644.0
43.724862980 2766.0
43.735729420 2809.0
43.746595860 2832.0
43.757462300 2847.0
43.768328740 2965.0
43.779195180 2888.0
43.790061620 2754.0
43.800928060 2615.0
43.811794500 2402.0
43.822660940 2160.0
43.833527380 2111.0
43.844393820 1999.0
43.855260260 1794.0
43.866126700 1793.0
43.876993140 1776.0
43.887859580 1764.0
43.898726020 1642.0
43.909592460 1537.0
43.920458900 1381.0
43.931325340 1267.0
43.942191780 1220.0
43.953058220 1071.0
43.963924660 1065.0
43.974791100 976.0
43.985657540 990.0
43.996523980 993.0
44.007390420 919.0
44.018256860 875.0
44.029123300 898.0
44.039989740 972.0
44.050856180 866.0
44.061722620 911.0
44.072589060 865.0
44.083455500 904.0
44.094321940 954.0
44.105188380 903.0
44.116054820 888.0
44.126921260 886.0
44.137787700 853.0
44.148654140 882.0
44.159520580 867.0
44.170387020 888.0
44.181253460 863.0
44.192119900 896.0
44.202986340 846.0
44.213852780 921.0
44.224719220 829.0
44.235585660 927.0
44.246452100 874.0
44.257318540 841.0
44.268184980 859.0
44.279051420 903.0
44.289917860 878.0
44.300784300 828.0
44.311650740 944.0
44.322517180 894.0
44.333383620 870.0
44.344250060 887.0
44.355116500 867.0
44.365982940 890.0
44.376849380 848.0
44.387715820 884.0
44.398582260 865.0
44.409448700 838.0
44.420315140 844.0
44.431181580 860.0
44.442048020 843.0
44.452914460 852.0
44.463780900 792.0
44.474647340 889.0
44.485513780 814.0
44.496380220 914.0
44.507246660 777.0
44.518113100 835.0
44.528979540 840.0
44.539845980 850.0
44.550712420 807.0
44.561578860 813.0
44.572445300 772.0
44.583311740 767.0
44.594178180 830.0
44.605044620 812.0
44.615911060 802.0
44.626777500 782.0
44.637643940 786.0
44.648510380 836.0
44.659376820 809.0
44.670243260 839.0
44.681109700 779.0
44.691976140 812.0
44.702842580 766.0
44.713709020 801.0
44.724575460 825.0
44.735441900 792.0
44.746308340 824.0
44.757174780 750.0
44.768041220 832.0
44.778907660 829.0
44.789774100 789.0
44.800640540 777.0
44.811506980 825.0
44.822373420 786.0
44.833239860 816.0
44.844106300 772.0
44.854972740 796.0
44.865839180 853.0
44.876705620 862.0
44.887572060 767.0
44.898438500 796.0
44.909304940 854.0
44.920171380 852.0
44.931037820 828.0
44.941904260 827.0
44.952770700 841.0
44.963637140 845.0
44.974503580 827.0
44.985370020 825.0
44.996236460 837.0
45.007102900 906.0
45.017969340 877.0
45.028835780 878.0
45.039702220 863.0
45.050568660 930.0
45.061435100 939.0
45.072301540 954.0
45.083167980 931.0
45.094034420 945.0
45.104900860 942.0
45.115767300 960.0
45.126633740 936.0
45.137500180 987.0
45.148366620 994.0
45.159233060 1003.0
45.170099500 1050.0
45.180965940 1100.0
45.191832380 1045.0
45.202698820 1106.0
45.213565260 1108.0
45.224431700 1177.0
45.235298140 1189.0
45.246164580 1199.0
45.257031020 1243.0
45.267897460 1258.0
45.278763900 1214.0
45.289630340 1271.0
45.300496780 1208.0
45.311363220 1318.0
45.322229660 1260.0
45.333096100 1271.0
45.343962540 1244.0
45.354828980 1252.0
45.365695420 1261.0
45.376561860 1242.0
45.387428300 1139.0
45.398294740 1157.0
45.409161180 1146.0
45.420027620 1127.0
45.430894060 1066.0
45.441760500 1047.0
45.452626940 1025.0
45.463493380 1036.0
45.474359820 959.0
45.485226260 960.0
45.496092700 928.0
45.506959140 945.0
45.517825580 915.0
45.528692020 917.0
45.539558460 906.0
45.550424900 843.0
45.561291340 821.0
45.572157780 798.0
45.583024220 788.0
45.593890660 782.0
45.604757100 847.0
45.615623540 789.0
45.626489980 755.0
45.637356420 776.0
45.648222860 828.0
45.659089300 767.0
45.669955740 809.0
45.680822180 759.0
45.691688620 773.0
45.702555060 775.0
45.713421500 802.0
45.724287940 789.0
45.735154380 811.0
45.746020820 791.0
45.756887260 806.0
45.767753700 782.0
45.778620140 719.0
45.789486580 813.0
45.800353020 778.0
45.811219460 762.0
45.822085900 761.0
45.832952340 754.0
45.843818780 762.0
45.854685220 763.0
45.865551660 763.0
45.876418100 761.0
45.887284540 740.0
45.898150980 769.0
45.909017420 769.0
45.919883860 764.0
45.930750300 768.0
45.941616740 814.0
45.952483180 758.0
45.963349620 777.0
45.974216060 771.0
45.985082500 746.0
45.995948940 775.0
46.006815380 755.0
46.017681820 765.0
46.028548260 782.0
46.039414700 771.0
46.050281140 772.0
46.061147580 747.0
46.072014020 755.0
46.082880460 751.0
46.093746900 764.0
46.104613340 718.0
46.115479780 752.0
46.126346220 785.0
46.137212660 783.0
46.148079100 746.0
46.158945540 766.0
46.169811980 799.0
46.180678420 759.0
46.191544860 765.0
46.202411300 763.0
46.213277740 791.0
46.224144180 799.0
46.235010620 805.0
46.245877060 759.0
46.256743500 751.0
46.267609940 771.0
46.278476380 761.0
46.289342820 795.0
46.300209260 727.0
46.311075700 761.0
46.321942140 717.0
46.332808580 785.0
46.343675020 764.0
46.354541460 759.0
46.365407900 783.0
46.376274340 731.0
46.387140780 795.0
46.398007220 783.0
46.408873660 777.0
46.419740100 761.0
46.430606540 724.0
46.441472980 787.0
46.452339420 821.0
46.463205860 758.0
46.474072300 801.0
46.484938740 800.0
46.495805180 815.0
46.506671620 775.0
46.517538060 770.0
46.528404500 755.0
46.539270940 766.0
46.550137380 772.0
46.561003820 784.0
46.571870260 783.0
46.582736700 781.0
46.593603140 843.0
46.604469580 776.0
46.615336020 760.0
46.626202460 806.0
46.637068900 806.0
46.647935340 800.0
46.658801780 831.0
46.669668220 766.0
46.680534660 801.0
46.691401100 762.0
46.702267540 762.0
46.713133980 782.0
46.724000420 794.0
46.734866860 726.0
46.745733300 818.0
46.756599740 775.0
46.767466180 834.0
46.778332620 779.0
46.789199060 846.0
46.800065500 759.0
46.810931940 781.0
46.821798380 752.0
46.832664820 808.0
46.843531260 797.0
46.854397700 776.0
46.865264140 787.0
46.876130580 795.0
46.886997020 774.0
46.897863460 786.0
46.908729900 825.0
46.919596340 781.0
46.930462780 804.0
46.941329220 795.0
46.952195660 810.0
46.963062100 837.0
46.973928540 756.0
46.984794980 810.0
46.995661420 749.0
47.006527860 803.0
47.017394300 799.0
47.028260740 779.0
47.039127180 763.0
47.049993620 805.0
47.060860060 841.0
47.071726500 837.0
47.082592940 741.0
47.093459380 815.0
47.104325820 757.0
47.115192260 866.0
47.126058700 813.0
47.136925140 793.0
47.147791580 794.0
47.158658020 806.0
47.169524460 819.0
47.180390900 794.0
47.191257340 844.0
47.202123780 788.0
47.212990220 836.0
47.223856660 828.0
47.234723100 867.0
47.245589540 886.0
47.256455980 853.0
47.267322420 874.0
47.278188860 829.0
47.289055300 843.0
47.299921740 847.0
47.310788180 837.0
47.321654620 841.0
47.332521060 849.0
47.343387500 934.0
47.354253940 894.0
47.365120380 859.0
47.375986820 919.0
47.386853260 881.0
47.397719700 872.0
47.408586140 956.0
47.419452580 928.0
47.430319020 922.0
47.441185460 964.0
47.452051900 953.0
47.462918340 928.0
47.473784780 920.0
47.484651220 958.0
47.495517660 899.0
47.506384100 949.0
47.517250540 1045.0
47.528116980 1050.0
47.538983420 1063.0
47.549849860 1023.0
47.560716300 995.0
47.571582740 1002.0
47.582449180 1082.0
47.593315620 1087.0
47.604182060 1062.0
47.615048500 1116.0
47.625914940 1151.0
47.636781380 1108.0
47.647647820 1167.0
47.658514260 1200.0
47.669380700 1232.0
47.680247140 1248.0
47.691113580 1259.0
47.701980020 1252.0
47.712846460 1317.0
47.723712900 1356.0
47.734579340 1329.0
47.745445780 1315.0
47.756312220 1432.0
47.767178660 1418.0
47.778045100 1453.0
47.788911540 1493.0
47.799777980 1469.0
47.810644420 1645.0
47.821510860 1508.0
47.832377300 1569.0
47.843243740 1624.0
47.854110180 1612.0
47.864976620 1731.0
47.875843060 1674.0
47.886709500 1702.0
47.897575940 1750.0
47.908442380 1806.0
47.919308820 1736.0
47.930175260 1794.0
47.941041700 1851.0
47.951908140 1898.0
47.962774580 1915.0
47.973641020 1974.0
47.984507460 2016.0
47.995373900 2010.0
48.006240340 2067.0
48.017106780 2093.0
48.027973220 2170.0
48.038839660 2283.0
48.049706100 2309.0
48.060572540 2287.0
48.071438980 2475.0
48.082305420 2507.0
48.093171860 2416.0
48.104038300 2541.0
48.114904740 2611.0
48.125771180 2763.0
48.136637620 2773.0
48.147504060 2885.0
48.158370500 2837.0
48.169236940 2961.0
48.180103380 3080.0
48.190969820 3108.0
48.201836260 3283.0
48.212702700 3245.0
48.223569140 3348.0
48.234435580 3360.0
48.245302020 3388.0
48.256168460 3475.0
48.267034900 3539.0
48.277901340 3577.0
48.288767780 3652.0
48.299634220 3682.0
48.310500660 3542.0
48.321367100 3667.0
48.332233540 3482.0
48.343099980 3485.0
48.353966420 3445.0
48.364832860 3473.0
48.375699300 3325.0
48.386565740 3298.0
48.397432180 3365.0
48.408298620 3197.0
48.419165060 3231.0
48.430031500 3166.0
48.440897940 3047.0
48.451764380 3003.0
48.462630820 2884.0
48.473497260 2888.0
48.484363700 2701.0
48.495230140 2622.0
48.506096580 2702.0
48.516963020 2528.0
48.527829460 2418.0
48.538695900 2466.0
48.549562340 2349.0
48.560428780 2456.0
48.571295220 2305.0
48.582161660 2222.0
48.593028100 2134.0
48.603894540 2069.0
48.614760980 2233.0
48.625627420 2150.0
48.636493860 2135.0
48.647360300 2163.0
48.658226740 2149.0
48.669093180 2106.0
48.679959620 2122.0
48.690826060 2194.0
48.701692500 2186.0
48.712558940 2178.0
48.723425380 2204.0
48.734291820 2342.0
48.745158260 2355.0
48.756024700 2344.0
48.766891140 2398.0
48.777757580 2544.0
48.788624020 2493.0
48.799490460 2687.0
48.810356900 2715.0
48.821223340 2813.0
48.832089780 2989.0
48.842956220 3027.0
48.853822660 3319.0
48.864689100 3494.0
48.875555540 3569.0
48.886421980 3735.0
48.897288420 3909.0
48.908154860 4157.0
48.919021300 4272.0
48.929887740 4409.0
48.940754180 4824.0
48.951620620 4897.0
48.962487060 5050.0
48.973353500 5259.0
48.984219940 5481.0
48.995086380 5480.0
49.005952820 5657.0
49.016819260 5656.0
49.027685700 5746.0
49.038552140 5566.0
49.049418580 5320.0
49.060285020 5161.0
49.071151460 5016.0
49.082017900 4803.0
49.092884340 4576.0
49.103750780 4365.0
49.114617220 4361.0
49.125483660 4152.0
49.136350100 3930.0
49.147216540 3851.0
49.158082980 3549.0
49.168949420 3409.0
49.179815860 3068.0
49.190682300 2930.0
49.201548740 2556.0
49.212415180 2563.0
49.223281620 2219.0
49.234148060 2059.0
49.245014500 1939.0
49.255880940 1893.0
49.266747380 1675.0
49.277613820 1609.0
49.288480260 1556.0
49.299346700 1498.0
49.310213140 1429.0
49.321079580 1293.0
49.331946020 1286.0
49.342812460 1163.0
49.353678900 1139.0
49.364545340 1114.0
49.375411780 1079.0
49.386278220 1069.0
49.397144660 1034.0
49.408011100 998.0
49.418877540 981.0
49.429743980 937.0
49.440610420 883.0
49.451476860 962.0
49.462343300 932.0
49.473209740 969.0
49.484076180 870.0
49.494942620 915.0
49.505809060 868.0
49.516675500 911.0
49.527541940 896.0
49.538408380 869.0
49.549274820 890.0
49.560141260 802.0
49.571007700 891.0
49.581874140 813.0
49.592740580 767.0
49.603607020 836.0
49.614473460 808.0
49.625339900 814.0
49.636206340 786.0
49.647072780 866.0
49.657939220 825.0
49.668805660 833.0
49.679672100 814.0
49.690538540 837.0
49.701404980 827.0
49.712271420 823.0
49.723137860 812.0
49.734004300 755.0
49.744870740 814.0
49.755737180 820.0
49.766603620 845.0
49.777470060 796.0
49.788336500 844.0
49.799202940 767.0
49.810069380 785.0
49.820935820 728.0
49.831802260 763.0
49.842668700 769.0
49.853535140 832.0
49.864401580 842.0
49.875268020 807.0
49.886134460 771.0
49.897000900 829.0
49.907867340 743.0
49.918733780 758.0
49.929600220 794.0
49.940466660 776.0
49.951333100 811.0
49.962199540 784.0
49.973065980 796.0
49.983932420 768.0
49.994798860 777.0
50.005665300 762.0
50.016531740 840.0
50.027398180 773.0
50.038264620 744.0
50.049131060 815.0
50.059997500 815.0
50.070863940 789.0
50.081730380 860.0
50.092596820 739.0
50.103463260 816.0
50.114329700 797.0
50.125196140 823.0
50.136062580 840.0
50.146929020 883.0
50.157795460 863.0
50.168661900 905.0
50.179528340 900.0
50.190394780 936.0
50.201261220 896.0
50.212127660 971.0
50.222994100 909.0
50.233860540 934.0
50.244726980 1005.0
50.255593420 924.0
50.266459860 953.0
50.277326300 997.0
50.288192740 1053.0
50.299059180 1058.0
50.309925620 1088.0
50.320792060 1089.0
50.331658500 1105.0
50.342524940 1178.0
50.353391380 1173.0
50.364257820 1245.0
50.375124260 1215.0
50.385990700 1240.0
50.396857140 1321.0
50.407723580 1380.0
50.418590020 1380.0
50.429456460 1405.0
50.440322900 1476.0
50.451189340 1532.0
50.462055780 1516.0
50.472922220 1576.0
50.483788660 1627.0
50.494655100 1695.0
50.505521540 1666.0
50.516387980 1721.0
50.527254420 1808.0
50.538120860 1820.0
50.548987300 1841.0
50.559853740 1822.0
50.570720180 1802.0
50.581586620 1769.0
50.592453060 1835.0
50.603319500 1779.0
50.614185940 1620.0
50.625052380 1622.0
50.635918820 1640.0
50.646785260 1592.0
50.657651700 1496.0
50.668518140 1532.0
50.679384580 1430.0
50.690251020 1459.0
50.701117460 1370.0
50.711983900 1272.0
50.722850340 1238.0
50.733716780 1202.0
50.744583220 1142.0
50.755449660 1146.0
50.766316100 1076.0
50.777182540 1013.0
50.788048980 1040.0
50.798915420 986.0
50.809781860 991.0
50.820648300 997.0
50.831514740 857.0
50.842381180 873.0
50.853247620 883.0
50.864114060 805.0
50.874980500 822.0
50.885846940 770.0
50.896713380 805.0
50.907579820 759.0
50.918446260 802.0
50.929312700 740.0
50.940179140 758.0
50.951045580 759.0
50.961912020 751.0
50.972778460 733.0
50.983644900 770.0
50.994511340 733.0
51.005377780 770.0
51.016244220 704.0
51.027110660 755.0
51.037977100 731.0
51.048843540 727.0
51.059709980 752.0
51.070576420 741.0
51.081442860 712.0
51.092309300 716.0
51.103175740 722.0
51.114042180 781.0
51.124908620 712.0
51.135775060 749.0
51.146641500 734.0
51.157507940 784.0
51.168374380 670.0
51.179240820 724.0
51.190107260 660.0
51.200973700 703.0
51.211840140 724.0
51.222706580 725.0
51.233573020 712.0
51.244439460 718.0
51.255305900 730.0
51.266172340 717.0
51.277038780 726.0
51.287905220 750.0
51.298771660 723.0
51.309638100 766.0
51.320504540 722.0
51.331370980 748.0
51.342237420 711.0
51.353103860 732.0
51.363970300 733.0
51.374836740 663.0
51.385703180 725.0
51.396569620 724.0
51.407436060 741.0
51.418302500 680.0
51.429168940 699.0
51.440035380 731.0
51.450901820 699.0
51.461768260 677.0
51.472634700 693.0
51.483501140 688.0
51.494367580 716.0
51.505234020 702.0
51.516100460 699.0
51.526966900 714.0
51.537833340 675.0
51.548699780 743.0
51.559566220 735.0
51.570432660 713.0
51.581299100 694.0
51.592165540 755.0
51.603031980 733.0
51.613898420 711.0
51.624764860 675.0
51.635631300 697.0
51.646497740 723.0
51.657364180 709.0
51.668230620 702.0
51.679097060 675.0
51.689963500 695.0
51.700829940 671.0
51.711696380 689.0
51.722562820 688.0
51.733429260 682.0
51.744295700 774.0
51.755162140 697.0
51.766028580 702.0
51.776895020 718.0
51.787761460 706.0
51.798627900 689.0
51.809494340 671.0
51.820360780 704.0
51.831227220 739.0
51.842093660 736.0
51.852960100 715.0
51.863826540 689.0
51.874692980 725.0
51.885559420 656.0
51.896425860 702.0
51.907292300 664.0
51.918158740 665.0
51.929025180 691.0
51.939891620 684.0
51.950758060 701.0
51.961624500 709.0
51.972490940 695.0
51.983357380 692.0
51.994223820 756.0
52.005090260 730.0
52.015956700 755.0
52.026823140 717.0
52.037689580 729.0
52.048556020 724.0
52.059422460 673.0
52.070288900 660.0
52.081155340 672.0
52.092021780 660.0
52.102888220 746.0
52.113754660 729.0
52.124621100 689.0
52.135487540 660.0
52.146353980 685.0
52.157220420 714.0
52.168086860 683.0
52.178953300 719.0
52.189819740 763.0
52.200686180 744.0
52.211552620 756.0
52.222419060 663.0
52.233285500 717.0
52.244151940 717.0
52.255018380 715.0
52.265884820 681.0
52.276751260 686.0
52.287617700 703.0
52.298484140 693.0
52.309350580 687.0
52.320217020 664.0
52.331083460 705.0
52.341949900 716.0
52.352816340 723.0
52.363682780 730.0
52.374549220 730.0
52.385415660 746.0
52.396282100 721.0
52.407148540 666.0
52.418014980 755.0
52.428881420 735.0
52.439747860 741.0
52.450614300 701.0
52.461480740 731.0
52.472347180 680.0
52.483213620 718.0
52.494080060 708.0
52.504946500 729.0
52.515812940 746.0
52.526679380 705.0
52.537545820 724.0
52.548412260 728.0
52.559278700 700.0
52.570145140 731.0
52.581011580 729.0
52.591878020 730.0
52.602744460 751.0
52.613610900 758.0
52.624477340 715.0
52.635343780 717.0
52.646210220 750.0
52.657076660 739.0
52.667943100 713.0
52.678809540 751.0
52.689675980 706.0
52.700542420 705.0
52.711408860 731.0
52.722275300 816.0
52.733141740 692.0
52.744008180 707.0
52.754874620 697.0
52.765741060 701.0
52.776607500 692.0
52.787473940 681.0
52.798340380 767.0
52.809206820 716.0
52.820073260 704.0
52.830939700 749.0
52.841806140 794.0
52.852672580 732.0
52.863539020 692.0
52.874405460 735.0
52.885271900 712.0
52.896138340 735.0
52.907004780 756.0
52.917871220 756.0
52.928737660 694.0
52.939604100 764.0
52.950470540 776.0
52.961336980 732.0
52.972203420 745.0
52.983069860 721.0
52.993936300 747.0
53.004802740 759.0
53.015669180 748.0
53.026535620 735.0
53.037402060 690.0
53.048268500 786.0
53.059134940 730.0
53.070001380 691.0
53.080867820 754.0
53.091734260 750.0
53.102600700 749.0
53.113467140 698.0
53.124333580 748.0
53.135200020 755.0
53.146066460 736.0
53.156932900 715.0
53.167799340 778.0
53.178665780 738.0
53.189532220 764.0
53.200398660 731.0
53.211265100 791.0
53.222131540 722.0
53.232997980 763.0
53.243864420 706.0
53.254730860 767.0
53.265597300 781.0
53.276463740 776.0
53.287330180 812.0
53.298196620 792.0
53.309063060 792.0
53.319929500 789.0
53.330795940 818.0
53.341662380 777.0
53.352528820 775.0
53.363395260 820.0
53.374261700 800.0
53.385128140 817.0
53.395994580 816.0
53.406861020 791.0
53.417727460 770.0
53.428593900 791.0
53.439460340 868.0
53.450326780 793.0
53.461193220 835.0
53.472059660 816.0
53.482926100 921.0
53.493792540 873.0
53.504658980 824.0
53.515525420 870.0
53.526391860 856.0
53.537258300 870.0
53.548124740 950.0
53.558991180 914.0
53.569857620 914.0
53.580724060 909.0
53.591590500 895.0
53.602456940 910.0
53.613323380 913.0
53.624189820 931.0
53.635056260 905.0
53.645922700 1001.0
53.656789140 985.0
53.667655580 1033.0
53.678522020 1024.0
53.689388460 1016.0
53.700254900 1060.0
53.711121340 1037.0
53.721987780 1098.0
53.732854220 1070.0
53.743720660 1108.0
53.754587100 1078.0
53.765453540 1146.0
53.776319980 1175.0
53.787186420 1246.0
53.798052860 1173.0
53.808919300 1242.0
53.819785740 1278.0
53.830652180 1280.0
53.841518620 1380.0
53.852385060 1348.0
53.863251500 1366.0
53.874117940 1454.0
53.884984380 1421.0
53.895850820 1427.0
53.906717260 1420.0
53.917583700 1515.0
53.928450140 1599.0
53.939316580 1498.0
53.950183020 1616.0
53.961049460 1688.0
53.971915900 1639.0
53.982782340 1684.0
53.993648780 1796.0
54.004515220 1806.0
54.015381660 1842.0
54.026248100 1788.0
54.037114540 1891.0
54.047980980 1970.0
54.058847420 1944.0
54.069713860 1998.0
54.080580300 2029.0
54.091446740 2097.0
54.102313180 2070.0
54.113179620 2071.0
54.124046060 2065.0
54.134912500 2173.0
54.145778940 2265.0
54.156645380 2166.0
54.167511820 2244.0
54.178378260 2158.0
54.189244700 2191.0
54.200111140 2230.0
54.210977580 2252.0
54.221844020 2145.0
54.232710460 2204.0
54.243576900 2198.0
54.254443340 2114.0
54.265309780 2192.0
54.276176220 2183.0
54.287042660 2221.0
54.297909100 2218.0
54.308775540 2191.0
54.319641980 2163.0
54.330508420 2115.0
54.341374860 2154.0
54.352241300 2103.0
54.363107740 2061.0
54.373974180 2047.0
54.384840620 2028.0
54.395707060 2007.0
54.406573500 2036.0
54.417439940 2007.0
54.428306380 1917.0
54.439172820 1902.0
54.450039260 1950.0
54.460905700 1884.0
54.471772140 1977.0
54.482638580 1895.0
54.493505020 1914.0
54.504371460 1886.0
54.515237900 1956.0
54.526104340 1823.0
54.536970780 1827.0
54.547837220 1905.0
54.558703660 1873.0
54.569570100 1868.0
54.580436540 1800.0
54.591302980 1759.0
54.602169420 1836.0
54.613035860 1803.0
54.623902300 1697.0
54.634768740 1730.0
54.645635180 1713.0
54.656501620 1699.0
54.667368060 1684.0
54.678234500 1595.0
54.689100940 1546.0
54.699967380 1579.0
54.710833820 1523.0
54.721700260 1598.0
54.732566700 1529.0
54.743433140 1526.0
54.754299580 1443.0
54.765166020 1507.0
54.776032460 1358.0
54.786898900 1487.0
54.797765340 1447.0
54.808631780 1489.0
54.819498220 1410.0
54.830364660 1374.0
54.841231100 1248.0
54.852097540 1366.0
54.862963980 1441.0
54.873830420 1362.0
54.884696860 1486.0
54.895563300 1413.0
54.906429740 1424.0
54.917296180 1353.0
54.928162620 1333.0
54.939029060 1373.0
54.949895500 1388.0
54.960761940 1478.0
54.971628380 1454.0
54.982494820 1507.0
54.993361260 1451.0
55.004227700 1545.0
55.015094140 1528.0
55.025960580 1544.0
55.036827020 1564.0
55.047693460 1614.0
55.058559900 1639.0
55.069426340 1647.0
55.080292780 1733.0
55.091159220 1728.0
55.102025660 1717.0
55.112892100 1786.0
55.123758540 1809.0
55.134624980 1863.0
55.145491420 1890.0
55.156357860 1925.0
55.167224300 1918.0
55.178090740 1965.0
55.188957180 1915.0
55.199823620 1992.0
55.210690060 2025.0
55.221556500 2056.0
55.232422940 2084.0
55.243289380 2013.0
55.254155820 2066.0
55.265022260 2166.0
55.275888700 2133.0
55.286755140 2046.0
55.297621580 2116.0
55.308488020 2046.0
55.319354460 2068.0
55.330220900 2091.0
55.341087340 2065.0
55.351953780 2123.0
55.362820220 2059.0
55.373686660 2051.0
55.384553100 2153.0
55.395419540 2119.0
55.406285980 2052.0
55.417152420 2000.0
55.428018860 1975.0
55.438885300 2038.0
55.449751740 1866.0
55.460618180 1961.0
55.471484620 1820.0
55.482351060 1837.0
55.493217500 1765.0
55.504083940 1742.0
55.514950380 1654.0
55.525816820 1633.0
55.536683260 1696.0
55.547549700 1633.0
55.558416140 1560.0
55.569282580 1490.0
55.580149020 1517.0
55.591015460 1481.0
55.601881900 1390.0
55.612748340 1336.0
55.623614780 1345.0
55.634481220 1310.0
55.645347660 1321.0
55.656214100 1237.0
55.667080540 1193.0
55.677946980 1168.0
55.688813420 1148.0
55.699679860 1117.0
55.710546300 1163.0
55.721412740 1076.0
55.732279180 1053.0
55.743145620 1101.0
55.754012060 1070.0
55.764878500 1019.0
55.775744940 989.0
55.786611380 1026.0
55.797477820 955.0
55.808344260 943.0
55.819210700 962.0
55.830077140 903.0
55.840943580 911.0
55.851810020 945.0
55.862676460 915.0
55.873542900 891.0
55.884409340 954.0
55.895275780 882.0
55.906142220 843.0
55.917008660 854.0
55.927875100 870.0
55.938741540 806.0
55.949607980 807.0
55.960474420 866.0
55.971340860 817.0
55.982207300 814.0
55.993073740 835.0
56.003940180 777.0
56.014806620 829.0
56.025673060 831.0
56.036539500 818.0
56.047405940 857.0
56.058272380 817.0
56.069138820 775.0
56.080005260 857.0
56.090871700 785.0
56.101738140 832.0
56.112604580 792.0
56.123471020 775.0
56.134337460 754.0
56.145203900 741.0
56.156070340 752.0
56.166936780 772.0
56.177803220 760.0
56.188669660 788.0
56.199536100 790.0
56.210402540 786.0
56.221268980 744.0
56.232135420 774.0
56.243001860 732.0
56.253868300 744.0
56.264734740 770.0
56.275601180 743.0
56.286467620 746.0
56.297334060 766.0
56.308200500 798.0
56.319066940 770.0
56.329933380 771.0
56.340799820 748.0
56.351666260 700.0
56.362532700 746.0
56.373399140 756.0
56.384265580 787.0
56.395132020 795.0
56.405998460 769.0
56.416864900 737.0
56.427731340 815.0
56.438597780 754.0
56.449464220 715.0
56.460330660 775.0
56.471197100 816.0
56.482063540 785.0
56.492929980 793.0
56.503796420 721.0
56.514662860 757.0
56.525529300 756.0
56.536395740 813.0
56.547262180 812.0
56.558128620 743.0
56.568995060 777.0
56.579861500 836.0
56.590727940 806.0
56.601594380 807.0
56.612460820 806.0
56.623327260 905.0
56.634193700 847.0
56.645060140 880.0
56.655926580 926.0
56.666793020 997.0
56.677659460 863.0
56.688525900 975.0
56.699392340 852.0
56.710258780 917.0
56.721125220 952.0
56.731991660 1025.0
56.742858100 958.0
56.753724540 1045.0
56.764590980 959.0
56.775457420 1077.0
56.786323860 1091.0
56.797190300 1152.0
56.808056740 1134.0
56.818923180 1180.0
56.829789620 1197.0
56.840656060 1189.0
56.851522500 1218.0
56.862388940 1222.0
56.873255380 1338.0
56.884121820 1325.0
56.894988260 1385.0
56.905854700 1365.0
56.916721140 1441.0
56.927587580 1499.0
56.938454020 1511.0
56.949320460 1592.0
56.960186900 1668.0
56.971053340 1765.0
56.981919780 1729.0
56.992786220 1857.0
57.003652660 1881.0
57.014519100 1935.0
57.025385540 2081.0
57.036251980 1945.0
57.047118420 2101.0
57.057984860 2028.0
57.068851300 1957.0
57.079717740 1985.0
57.090584180 1915.0
57.101450620 1873.0
57.112317060 1732.0
57.123183500 1597.0
57.134049940 1513.0
57.144916380 1441.0
57.155782820 1382.0
57.166649260 1351.0
57.177515700 1307.0
57.188382140 1389.0
57.199248580 1295.0
57.210115020 1357.0
57.220981460 1363.0
57.231847900 1250.0
57.242714340 1259.0
57.253580780 1203.0
57.264447220 1126.0
57.275313660 1082.0
57.286180100 932.0
57.297046540 872.0
57.307912980 868.0
57.318779420 855.0
57.329645860 840.0
57.340512300 795.0
57.351378740 754.0
57.362245180 790.0
57.373111620 799.0
57.383978060 783.0
57.394844500 794.0
57.405710940 833.0
57.416577380 806.0
57.427443820 791.0
57.438310260 769.0
57.449176700 778.0
57.460043140 732.0
57.470909580 809.0
57.481776020 794.0
57.492642460 786.0
57.503508900 777.0
57.514375340 813.0
57.525241780 763.0
57.536108220 808.0
57.546974660 826.0
57.557841100 764.0
57.568707540 851.0
57.579573980 819.0
57.590440420 860.0
57.601306860 827.0
57.612173300 843.0
57.623039740 859.0
57.633906180 920.0
57.644772620 934.0
57.655639060 968.0
57.666505500 952.0
57.677371940 949.0
57.688238380 1020.0
57.699104820 1048.0
57.709971260 1093.0
57.720837700 1020.0
57.731704140 1105.0
57.742570580 1124.0
57.753437020 1181.0
57.764303460 1146.0
57.775169900 1294.0
57.786036340 1243.0
57.796902780 1361.0
57.807769220 1389.0
57.818635660 1411.0
57.829502100 1451.0
57.840368540 1463.0
57.851234980 1534.0
57.862101420 1614.0
57.872967860 1684.0
57.883834300 1716.0
57.894700740 1815.0
57.905567180 1939.0
57.916433620 1992.0
57.927300060 2013.0
57.938166500 2137.0
57.949032940 2227.0
57.959899380 2342.0
57.970765820 2349.0
57.981632260 2408.0
57.992498700 2566.0
58.003365140 2546.0
58.014231580 2508.0
58.025098020 2468.0
58.035964460 2520.0
58.046830900 2481.0
58.057697340 2300.0
58.068563780 2211.0
58.079430220 2129.0
58.090296660 2040.0
58.101163100 1943.0
58.112029540 1907.0
58.122895980 1899.0
58.133762420 1828.0
58.144628860 1852.0
58.155495300 1800.0
58.166361740 1884.0
58.177228180 1749.0
58.188094620 1816.0
58.198961060 1784.0
58.209827500 1711.0
58.220693940 1704.0
58.231560380 1606.0
58.242426820 1644.0
58.253293260 1569.0
58.264159700 1499.0
58.275026140 1420.0
58.285892580 1446.0
58.296759020 1504.0
58.307625460 1563.0
58.318491900 1586.0
58.329358340 1483.0
58.340224780 1545.0
58.351091220 1626.0
58.361957660 1634.0
58.372824100 1577.0
58.383690540 1616.0
58.394556980 1702.0
58.405423420 1759.0
58.416289860 1692.0
58.427156300 1758.0
58.438022740 1723.0
58.448889180 1767.0
58.459755620 1785.0
58.470622060 1804.0
58.481488500 1825.0
58.492354940 1872.0
58.503221380 1857.0
58.514087820 1806.0
58.524954260 1955.0
58.535820700 1772.0
58.546687140 1896.0
58.557553580 1962.0
58.568420020 2034.0
58.579286460 1965.0
58.590152900 2055.0
58.601019340 1975.0
58.611885780 1937.0
58.622752220 1935.0
58.633618660 1940.0
58.644485100 1941.0
58.655351540 1951.0
58.666217980 1925.0
58.677084420 1855.0
58.687950860 1973.0
58.698817300 1843.0
58.709683740 1855.0
58.720550180 1825.0
58.731416620 1928.0
58.742283060 1915.0
58.753149500 1923.0
58.764015940 1914.0
58.774882380 1895.0
58.785748820 1895.0
58.796615260 1914.0
58.807481700 1941.0
58.818348140 1956.0
58.829214580 2033.0
58.840081020 2018.0
58.850947460 2080.0
58.861813900 2177.0
58.872680340 2111.0
58.883546780 2122.0
58.894413220 2095.0
58.905279660 2137.0
58.916146100 2128.0
58.927012540 2144.0
58.937878980 2174.0
58.948745420 2315.0
58.959611860 2213.0
58.970478300 2154.0
58.981344740 2281.0
58.992211180 2139.0
59.003077620 2219.0
59.013944060 2328.0
59.024810500 2242.0
59.035676940 2225.0
59.046543380 2278.0
59.057409820 2266.0
59.068276260 2367.0
59.079142700 2411.0
59.090009140 2474.0
59.100875580 2412.0
59.111742020 2618.0
59.122608460 2657.0
59.133474900 2700.0
59.144341340 2774.0
59.155207780 2760.0
59.166074220 2731.0
59.176940660 2774.0
59.187807100 2881.0
59.198673540 2819.0
59.209539980 2925.0
59.220406420 2740.0
59.231272860 2819.0
59.242139300 2861.0
59.253005740 2705.0
59.263872180 2782.0
59.274738620 2671.0
59.285605060 2682.0
59.296471500 2626.0
59.307337940 2527.0
59.318204380 2340.0
59.329070820 2358.0
59.339937260 2277.0
59.350803700 2208.0
59.361670140 2217.0
59.372536580 2104.0
59.383403020 1966.0
59.394269460 1973.0
59.405135900 1856.0
59.416002340 1791.0
59.426868780 1768.0
59.437735220 1668.0
59.448601660 1687.0
59.459468100 1599.0
59.470334540 1515.0
59.481200980 1560.0
59.492067420 1395.0
59.502933860 1474.0
59.513800300 1381.0
59.524666740 1283.0
59.535533180 1283.0
59.546399620 1316.0
59.557266060 1371.0
59.568132500 1266.0
59.578998940 1337.0
59.589865380 1271.0
59.600731820 1339.0
59.611598260 1317.0
59.622464700 1400.0
59.633331140 1402.0
59.644197580 1354.0
59.655064020 1377.0
59.665930460 1528.0
59.676796900 1512.0
59.687663340 1497.0
59.698529780 1544.0
59.709396220 1669.0
59.720262660 1793.0
59.731129100 1714.0
59.741995540 1870.0
59.752861980 1935.0
59.763728420 1992.0
59.774594860 2120.0
59.785461300 2182.0
59.796327740 2232.0
59.807194180 2289.0
59.818060620 2334.0
59.828927060 2404.0
59.839793500 2592.0
59.850659940 2681.0
59.861526380 2584.0
59.872392820 2894.0
59.883259260 2858.0
59.894125700 3055.0
59.904992140 3063.0
59.915858580 3010.0
59.926725020 3189.0
59.937591460 3160.0
59.948457900 3109.0
59.959324340 3297.0
59.970190780 3201.0
59.981057220 3325.0
59.991923660 3248.0
60.002790100 3342.0
60.013656540 3219.0
60.024522980 3114.0
60.035389420 2811.0
60.046255860 2900.0
60.057122300 2710.0
60.067988740 2620.0
60.078855180 2535.0
60.089721620 2356.0
60.100588060 2278.0
60.111454500 2274.0
60.122320940 2049.0
60.133187380 2138.0
60.144053820 1939.0
60.154920260 1889.0
60.165786700 1800.0
60.176653140 1742.0
60.187519580 1698.0
60.198386020 1620.0
60.209252460 1588.0
60.220118900 1430.0
60.230985340 1359.0
60.241851780 1275.0
60.252718220 1192.0
60.263584660 1112.0
60.274451100 1113.0
60.285317540 1083.0
60.296183980 1005.0
60.307050420 987.0
60.317916860 900.0
60.328783300 899.0
60.339649740 963.0
60.350516180 852.0
60.361382620 854.0
60.372249060 847.0
60.383115500 874.0
60.393981940 847.0
60.404848380 845.0
60.415714820 885.0
60.426581260 848.0
60.437447700 818.0
60.448314140 808.0
60.459180580 766.0
60.470047020 707.0
60.480913460 740.0
60.491779900 771.0
60.502646340 749.0
60.513512780 785.0
60.524379220 812.0
60.535245660 820.0
60.546112100 689.0
60.556978540 758.0
60.567844980 764.0
60.578711420 696.0
60.589577860 717.0
60.600444300 783.0
60.611310740 734.0
60.622177180 714.0
60.633043620 710.0
60.643910060 729.0
60.654776500 727.0
60.665642940 785.0
60.676509380 724.0
60.687375820 714.0
60.698242260 685.0
60.709108700 719.0
60.719975140 701.0
60.730841580 790.0
60.741708020 730.0
60.752574460 760.0
60.763440900 772.0
60.774307340 725.0
60.785173780 734.0
60.796040220 786.0
60.806906660 711.0
60.817773100 746.0
60.828639540 802.0
60.839505980 774.0
60.850372420 776.0
60.861238860 715.0
60.872105300 753.0
60.882971740 765.0
60.893838180 719.0
60.904704620 789.0
60.915571060 766.0
60.926437500 822.0
60.937303940 787.0
60.948170380 819.0
60.959036820 870.0
60.969903260 891.0
60.980769700 828.0
60.991636140 869.0
61.002502580 929.0
61.013369020 932.0
61.024235460 925.0
61.035101900 1061.0
61.045968340 919.0
61.056834780 1003.0
61.067701220 965.0
61.078567660 1014.0
61.089434100 1065.0
61.100300540 1057.0
61.111166980 1088.0
61.122033420 1073.0
61.132899860 1109.0
61.143766300 1208.0
61.154632740 1267.0
61.165499180 1194.0
61.176365620 1236.0
61.187232060 1314.0
61.198098500 1337.0
61.208964940 1290.0
61.219831380 1437.0
61.230697820 1527.0
61.241564260 1561.0
61.252430700 1595.0
61.263297140 1619.0
61.274163580 1708.0
61.285030020 1743.0
61.295896460 1774.0
61.306762900 1804.0
61.317629340 1926.0
61.328495780 1866.0
61.339362220 1950.0
61.350228660 1966.0
61.361095100 2079.0
61.371961540 1982.0
61.382827980 2069.0
61.393694420 2074.0
61.404560860 1961.0
61.415427300 1999.0
61.426293740 1920.0
61.437160180 1912.0
61.448026620 1860.0
61.458893060 1852.0
61.469759500 1879.0
61.480625940 1894.0
61.491492380 1898.0
61.502358820 1939.0
61.513225260 2008.0
61.524091700 2004.0
61.534958140 2023.0
61.545824580 1972.0
61.556691020 2026.0
61.567557460 1960.0
61.578423900 1971.0
61.589290340 1979.0
61.600156780 2054.0
61.611023220 2024.0
61.621889660 2028.0
61.632756100 1976.0
61.643622540 2100.0
61.654488980 2038.0
61.665355420 2067.0
61.676221860 1957.0
61.687088300 1993.0
61.697954740 1993.0
61.708821180 1873.0
61.719687620 1776.0
61.730554060 1776.0
61.741420500 1725.0
61.752286940 1700.0
61.763153380 1672.0
61.774019820 1647.0
61.784886260 1578.0
61.795752700 1552.0
61.806619140 1562.0
61.817485580 1549.0
61.828352020 1540.0
61.839218460 1501.0
61.850084900 1451.0
61.860951340 1385.0
61.871817780 1424.0
61.882684220 1311.0
61.893550660 1280.0
61.904417100 1265.0
61.915283540 1208.0
61.926149980 1267.0
61.937016420 1162.0
61.947882860 1142.0
61.958749300 1153.0
61.969615740 1079.0
61.980482180 1101.0
61.991348620 1082.0
62.002215060 1073.0
62.013081500 1068.0
62.023947940 1087.0
62.034814380 1057.0
62.045680820 1053.0
62.056547260 1109.0
62.067413700 1025.0
62.078280140 1073.0
62.089146580 1055.0
62.100013020 1053.0
62.110879460 1135.0
62.121745900 1115.0
62.132612340 1144.0
62.143478780 1082.0
62.154345220 1129.0
62.165211660 1104.0
62.176078100 1081.0
62.186944540 1130.0
62.197810980 1094.0
62.208677420 1114.0
62.219543860 1168.0
62.230410300 1105.0
62.241276740 1123.0
62.252143180 1103.0
62.263009620 1108.0
62.273876060 1152.0
62.284742500 1111.0
62.295608940 1075.0
62.306475380 1114.0
62.317341820 1215.0
62.328208260 1179.0
62.339074700 1134.0
62.349941140 1102.0
62.360807580 1174.0
62.371674020 1144.0
62.382540460 1161.0
62.393406900 1125.0
62.404273340 1185.0
62.415139780 1085.0
62.426006220 1118.0
62.436872660 1113.0
62.447739100 1130.0
62.458605540 1155.0
62.469471980 1186.0
62.480338420 1200.0
62.491204860 1195.0
62.502071300 1116.0
62.512937740 1232.0
62.523804180 1213.0
62.534670620 1261.0
62.545537060 1198.0
62.556403500 1207.0
62.567269940 1198.0
62.578136380 1260.0
62.589002820 1259.0
62.599869260 1216.0
62.610735700 1274.0
62.621602140 1253.0
62.632468580 1278.0
62.643335020 1252.0
62.654201460 1268.0
62.665067900 1372.0
62.675934340 1398.0
62.686800780 1415.0
62.697667220 1414.0
62.708533660 1445.0
62.719400100 1486.0
62.730266540 1464.0
62.741132980 1384.0
62.751999420 1530.0
62.762865860 1452.0
62.773732300 1623.0
62.784598740 1438.0
62.795465180 1601.0
62.806331620 1597.0
62.817198060 1551.0
62.828064500 1587.0
62.838930940 1603.0
62.849797380 1659.0
62.860663820 1757.0
62.871530260 1724.0
62.882396700 1753.0
62.893263140 1687.0
62.904129580 1715.0
62.914996020 1760.0
62.925862460 1786.0
62.936728900 1804.0
62.947595340 1832.0
62.958461780 1806.0
62.969328220 1822.0
62.980194660 1801.0
62.991061100 1751.0
63.001927540 1723.0
63.012793980 1838.0
63.023660420 1697.0
63.034526860 1789.0
63.045393300 1790.0
63.056259740 1737.0
63.067126180 1752.0
63.077992620 1694.0
63.088859060 1741.0
63.099725500 1699.0
63.110591940 1695.0
63.121458380 1638.0
63.132324820 1669.0
63.143191260 1636.0
63.154057700 1550.0
63.164924140 1575.0
63.175790580 1518.0
63.186657020 1558.0
63.197523460 1560.0
63.208389900 1516.0
63.219256340 1511.0
63.230122780 1444.0
63.240989220 1428.0
63.251855660 1459.0
63.262722100 1383.0
63.273588540 1418.0
63.284454980 1384.0
63.295321420 1458.0
63.306187860 1412.0
63.317054300 1441.0
63.327920740 1466.0
63.338787180 1455.0
63.349653620 1507.0
63.360520060 1503.0
63.371386500 1438.0
63.382252940 1474.0
63.393119380 1475.0
63.403985820 1606.0
63.414852260 1480.0
63.425718700 1615.0
63.436585140 1499.0
63.447451580 1534.0
63.458318020 1583.0
63.469184460 1615.0
63.480050900 1646.0
63.490917340 1668.0
63.501783780 1737.0
63.512650220 1732.0
63.523516660 1638.0
63.534383100 1824.0
63.545249540 1731.0
63.556115980 1716.0
63.566982420 1827.0
63.577848860 1819.0
63.588715300 1836.0
63.599581740 1825.0
63.610448180 1857.0
63.621314620 1862.0
63.632181060 1860.0
63.643047500 1808.0
63.653913940 1839.0
63.664780380 1749.0
63.675646820 1777.0
63.686513260 1714.0
63.697379700 1683.0
63.708246140 1833.0
63.719112580 1774.0
63.729979020 1770.0
63.740845460 1748.0
63.751711900 1802.0
63.762578340 1693.0
63.773444780 1742.0
63.784311220 1728.0
63.795177660 1755.0
63.806044100 1784.0
63.816910540 1808.0
63.827776980 1718.0
63.838643420 1668.0
63.849509860 1600.0
63.860376300 1633.0
63.871242740 1642.0
63.882109180 1621.0
63.892975620 1542.0
63.903842060 1461.0
63.914708500 1441.0
63.925574940 1375.0
63.936441380 1332.0
63.947307820 1271.0
63.958174260 1297.0
63.969040700 1228.0
63.979907140 1186.0
63.990773580 1179.0
64.001640020 1189.0
64.012506460 1152.0
64.023372900 1191.0
64.034239340 1050.0
64.045105780 1134.0
64.055972220 1059.0
64.066838660 1064.0
64.077705100 1042.0
64.088571540 981.0
64.099437980 948.0
64.110304420 916.0
64.121170860 962.0
64.132037300 929.0
64.142903740 913.0
64.153770180 944.0
64.164636620 873.0
64.175503060 865.0
64.186369500 918.0
64.197235940 877.0
64.208102380 949.0
64.218968820 892.0
64.229835260 917.0
64.240701700 911.0
64.251568140 869.0
64.262434580 900.0
64.273301020 861.0
64.284167460 907.0
64.295033900 872.0
64.305900340 892.0
64.316766780 916.0
64.327633220 879.0
64.338499660 853.0
64.349366100 899.0
64.360232540 805.0
64.371098980 847.0
64.381965420 813.0
64.392831860 790.0
64.403698300 835.0
64.414564740 824.0
64.425431180 777.0
64.436297620 746.0
64.447164060 783.0
64.458030500 751.0
64.468896940 774.0
64.479763380 829.0
64.490629820 745.0
64.501496260 781.0
64.512362700 729.0
64.523229140 732.0
64.534095580 719.0
64.544962020 745.0
64.555828460 757.0
64.566694900 743.0
64.577561340 730.0
64.588427780 723.0
64.599294220 694.0
64.610160660 707.0
64.621027100 676.0
64.631893540 705.0
64.642759980 717.0
64.653626420 665.0
64.664492860 728.0
64.675359300 719.0
64.686225740 762.0
64.697092180 672.0
64.707958620 736.0
64.718825060 728.0
64.729691500 737.0
64.740557940 696.0
64.751424380 730.0
64.762290820 723.0
64.773157260 742.0
64.784023700 708.0
64.794890140 723.0
64.805756580 734.0
64.816623020 720.0
64.827489460 793.0
64.838355900 764.0
64.849222340 734.0
64.860088780 794.0
64.870955220 802.0
64.881821660 812.0
64.892688100 822.0
64.903554540 828.0
64.914420980 790.0
64.925287420 827.0
64.936153860 832.0
64.947020300 843.0
64.957886740 813.0
64.968753180 848.0
64.979619620 929.0
64.990486060 866.0
65.001352500 952.0
65.012218940 918.0
65.023085380 936.0
65.033951820 910.0
65.044818260 979.0
65.055684700 900.0
65.066551140 916.0
65.077417580 902.0
65.088284020 946.0
65.099150460 959.0
65.110016900 929.0
65.120883340 973.0
65.131749780 980.0
65.142616220 943.0
65.153482660 880.0
65.164349100 934.0
65.175215540 901.0
65.186081980 971.0
65.196948420 915.0
65.207814860 900.0
65.218681300 872.0
65.229547740 908.0
65.240414180 934.0
65.251280620 910.0
65.262147060 887.0
65.273013500 954.0
65.283879940 872.0
65.294746380 925.0
65.305612820 884.0
65.316479260 881.0
65.327345700 891.0
65.338212140 919.0
65.349078580 866.0
65.359945020 956.0
65.370811460 903.0
65.381677900 950.0
65.392544340 905.0
65.403410780 902.0
65.414277220 967.0
65.425143660 957.0
65.436010100 1027.0
65.446876540 972.0
65.457742980 969.0
65.468609420 1037.0
65.479475860 1102.0
65.490342300 1108.0
65.501208740 1100.0
65.512075180 1147.0
65.522941620 1225.0
65.533808060 1196.0
65.544674500 1221.0
65.555540940 1303.0
65.566407380 1341.0
65.577273820 1380.0
65.588140260 1400.0
65.599006700 1445.0
65.609873140 1601.0
65.620739580 1606.0
65.631606020 1647.0
65.642472460 1731.0
65.653338900 1778.0
65.664205340 1872.0
65.675071780 1843.0
65.685938220 1825.0
65.696804660 1816.0
65.707671100 1905.0
65.718537540 1858.0
65.729403980 1893.0
65.740270420 1803.0
65.751136860 1743.0
65.762003300 1670.0
65.772869740 1510.0
65.783736180 1434.0
65.794602620 1363.0
65.805469060 1274.0
65.816335500 1263.0
65.827201940 1331.0
65.838068380 1220.0
65.848934820 1180.0
65.859801260 1209.0
65.870667700 1242.0
65.881534140 1226.0
65.892400580 1199.0
65.903267020 1234.0
65.914133460 1184.0
65.924999900 1133.0
65.935866340 1045.0
65.946732780 952.0
65.957599220 930.0
65.968465660 838.0
65.979332100 832.0
65.990198540 780.0
66.001064980 798.0
66.011931420 767.0
66.022797860 693.0
66.033664300 741.0
66.044530740 690.0
66.055397180 686.0
66.066263620 662.0
66.077130060 678.0
66.087996500 628.0
66.098862940 641.0
66.109729380 691.0
66.120595820 664.0
66.131462260 650.0
66.142328700 613.0
66.153195140 661.0
66.164061580 604.0
66.174928020 600.0
66.185794460 629.0
66.196660900 646.0
66.207527340 687.0
66.218393780 663.0
66.229260220 673.0
66.240126660 631.0
66.250993100 651.0
66.261859540 648.0
66.272725980 657.0
66.283592420 627.0
66.294458860 647.0
66.305325300 649.0
66.316191740 638.0
66.327058180 686.0
66.337924620 665.0
66.348791060 671.0
66.359657500 623.0
66.370523940 665.0
66.381390380 656.0
66.392256820 642.0
66.403123260 731.0
66.413989700 650.0
66.424856140 702.0
66.435722580 676.0
66.446589020 685.0
66.457455460 655.0
66.468321900 695.0
66.479188340 693.0
66.490054780 705.0
66.500921220 637.0
66.511787660 665.0
66.522654100 709.0
66.533520540 676.0
66.544386980 674.0
66.555253420 672.0
66.566119860 686.0
66.576986300 692.0
66.587852740 759.0
66.598719180 717.0
66.609585620 731.0
66.620452060 671.0
66.631318500 737.0
66.642184940 712.0
66.653051380 756.0
66.663917820 706.0
66.674784260 693.0
66.685650700 714.0
66.696517140 693.0
66.707383580 673.0
66.718250020 683.0
66.729116460 713.0
66.739982900 682.0
66.750849340 659.0
66.761715780 641.0
66.772582220 680.0
66.783448660 683.0
66.794315100 633.0
66.805181540 658.0
66.816047980 642.0
66.826914420 676.0
66.837780860 687.0
66.848647300 636.0
66.859513740 676.0
66.870380180 646.0
66.881246620 660.0
66.892113060 686.0
66.902979500 649.0
66.913845940 664.0
66.924712380 674.0
66.935578820 696.0
66.946445260 649.0
66.957311700 651.0
66.968178140 712.0
66.979044580 682.0
66.989911020 700.0
67.000777460 675.0
67.011643900 667.0
67.022510340 713.0
67.033376780 683.0
67.044243220 698.0
67.055109660 702.0
67.065976100 691.0
67.076842540 733.0
67.087708980 707.0
67.098575420 727.0
67.109441860 721.0
67.120308300 757.0
67.131174740 730.0
67.142041180 826.0
67.152907620 795.0
67.163774060 800.0
67.174640500 790.0
67.185506940 790.0
67.196373380 821.0
67.207239820 867.0
67.218106260 883.0
67.228972700 889.0
67.239839140 930.0
67.250705580 946.0
67.261572020 932.0
67.272438460 940.0
67.283304900 962.0
67.294171340 976.0
67.305037780 962.0
67.315904220 988.0
67.326770660 1055.0
67.337637100 1097.0
67.348503540 1060.0
67.359369980 1107.0
67.370236420 1084.0
67.381102860 1122.0
67.391969300 1118.0
67.402835740 1149.0
67.413702180 1058.0
67.424568620 1133.0
67.435435060 1100.0
67.446301500 1108.0
67.457167940 1117.0
67.468034380 1139.0
67.478900820 990.0
67.489767260 1092.0
67.500633700 1009.0
67.511500140 966.0
67.522366580 956.0
67.533233020 975.0
67.544099460 957.0
67.554965900 899.0
67.565832340 939.0
67.576698780 958.0
67.587565220 918.0
67.598431660 906.0
67.609298100 838.0
67.620164540 924.0
67.631030980 887.0
67.641897420 900.0
67.652763860 901.0
67.663630300 940.0
67.674496740 878.0
67.685363180 882.0
67.696229620 849.0
67.707096060 862.0
67.717962500 828.0
67.728828940 814.0
67.739695380 765.0
67.750561820 764.0
67.761428260 795.0
67.772294700 800.0
67.783161140 775.0
67.794027580 757.0
67.804894020 652.0
67.815760460 696.0
67.826626900 660.0
67.837493340 706.0
67.848359780 681.0
67.859226220 679.0
67.870092660 705.0
67.880959100 654.0
67.891825540 697.0
67.902691980 730.0
67.913558420 727.0
67.924424860 718.0
67.935291300 720.0
67.946157740 660.0
67.957024180 705.0
67.967890620 674.0
67.978757060 667.0
67.989623500 650.0
68.000489940 660.0
68.011356380 632.0
68.022222820 697.0
68.033089260 669.0
68.043955700 672.0
68.054822140 736.0
68.065688580 697.0
68.076555020 716.0
68.087421460 654.0
68.098287900 662.0
68.109154340 676.0
68.120020780 684.0
68.130887220 741.0
68.141753660 731.0
68.152620100 727.0
68.163486540 755.0
68.174352980 739.0
68.185219420 774.0
68.196085860 755.0
68.206952300 744.0
68.217818740 770.0
68.228685180 767.0
68.239551620 812.0
68.250418060 807.0
68.261284500 817.0
68.272150940 834.0
68.283017380 877.0
68.293883820 838.0
68.304750260 916.0
68.315616700 869.0
68.326483140 880.0
68.337349580 890.0
68.348216020 904.0
68.359082460 847.0
68.369948900 906.0
68.380815340 887.0
68.391681780 883.0
68.402548220 824.0
68.413414660 842.0
68.424281100 879.0
68.435147540 836.0
68.446013980 809.0
68.456880420 817.0
68.467746860 794.0
68.478613300 768.0
68.489479740 801.0
68.500346180 823.0
68.511212620 791.0
68.522079060 799.0
68.532945500 786.0
68.543811940 851.0
68.554678380 806.0
68.565544820 818.0
68.576411260 795.0
68.587277700 803.0
68.598144140 813.0
68.609010580 793.0
68.619877020 813.0
68.630743460 776.0
68.641609900 812.0
68.652476340 807.0
68.663342780 805.0
68.674209220 787.0
68.685075660 807.0
68.695942100 767.0
68.706808540 844.0
68.717674980 857.0
68.728541420 876.0
68.739407860 837.0
68.750274300 810.0
68.761140740 874.0
68.772007180 849.0
68.782873620 875.0
68.793740060 848.0
68.804606500 880.0
68.815472940 920.0
68.826339380 910.0
68.837205820 918.0
68.848072260 890.0
68.858938700 905.0
68.869805140 960.0
68.880671580 994.0
68.891538020 970.0
68.902404460 972.0
68.913270900 990.0
68.924137340 1004.0
68.935003780 1028.0
68.945870220 1056.0
68.956736660 1047.0
68.967603100 1116.0
68.978469540 1086.0
68.989335980 1037.0
69.000202420 1040.0
69.011068860 1080.0
69.021935300 1087.0
69.032801740 1047.0
69.043668180 1048.0
69.054534620 1086.0
69.065401060 1060.0
69.076267500 1060.0
69.087133940 1102.0
69.098000380 1090.0
69.108866820 1082.0
69.119733260 1077.0
69.130599700 1082.0
69.141466140 1181.0
69.152332580 1087.0
69.163199020 1082.0
69.174065460 1056.0
69.184931900 1133.0
69.195798340 1065.0
69.206664780 1109.0
69.217531220 1094.0
69.228397660 1128.0
69.239264100 1088.0
69.250130540 1090.0
69.260996980 1082.0
69.271863420 1012.0
69.282729860 1033.0
69.293596300 1095.0
69.304462740 1003.0
69.315329180 1005.0
69.326195620 948.0
69.337062060 1026.0
69.347928500 1029.0
69.358794940 1049.0
69.369661380 982.0
69.380527820 977.0
69.391394260 949.0
69.402260700 973.0
69.413127140 943.0
69.423993580 1003.0
69.434860020 988.0
69.445726460 1000.0
69.456592900 984.0
69.467459340 959.0
69.478325780 967.0
69.489192220 1028.0
69.500058660 965.0
69.510925100 977.0
69.521791540 1025.0
69.532657980 985.0
69.543524420 1004.0
69.554390860 989.0
69.565257300 1013.0
69.576123740 983.0
69.586990180 1012.0
69.597856620 1075.0
69.608723060 1028.0
69.619589500 1044.0
69.630455940 1013.0
69.641322380 1026.0
69.652188820 976.0
69.663055260 1054.0
69.673921700 1041.0
69.684788140 1010.0
69.695654580 1025.0
69.706521020 1020.0
69.717387460 1021.0
69.728253900 1050.0
69.739120340 1002.0
69.749986780 983.0
69.760853220 1035.0
69.771719660 1028.0
69.782586100 945.0
69.793452540 1011.0
69.804318980 1018.0
69.815185420 1000.0
69.826051860 1011.0
69.836918300 995.0
69.847784740 986.0
69.858651180 1020.0
69.869517620 1073.0
69.880384060 921.0
69.891250500 963.0
69.902116940 941.0
69.912983380 920.0
69.923849820 936.0
69.934716260 927.0
69.945582700 919.0
69.956449140 897.0
69.967315580 912.0
69.978182020 901.0
69.989048460 903.0
69.999914900 898.0
70.010781340 895.0
70.021647780 856.0
70.032514220 852.0
70.043380660 889.0
70.054247100 872.0
70.065113540 852.0
70.075979980 900.0
70.086846420 900.0
70.097712860 911.0
70.108579300 912.0
70.119445740 898.0
70.130312180 891.0
70.141178620 901.0
70.152045060 851.0
70.162911500 879.0
70.173777940 856.0
70.184644380 911.0
70.195510820 853.0
70.206377260 880.0
70.217243700 902.0
70.228110140 927.0
70.238976580 910.0
70.249843020 928.0
70.260709460 958.0
70.271575900 1028.0
70.282442340 964.0
70.293308780 1006.0
70.304175220 977.0
70.315041660 1006.0
70.325908100 994.0
70.336774540 1060.0
70.347640980 1008.0
70.358507420 1018.0
70.369373860 1043.0
70.380240300 1016.0
70.391106740 1053.0
70.401973180 1075.0
70.412839620 1095.0
70.423706060 1093.0
70.434572500 1099.0
70.445438940 1048.0
70.456305380 1092.0
70.467171820 1151.0
70.478038260 1173.0
70.488904700 1153.0
70.499771140 1113.0
70.510637580 1232.0
70.521504020 1157.0
70.532370460 1143.0
70.543236900 1268.0
70.554103340 1256.0
70.564969780 1232.0
70.575836220 1205.0
70.586702660 1192.0
70.597569100 1134.0
70.608435540 1156.0
70.619301980 1159.0
70.630168420 1136.0
70.641034860 1194.0
70.651901300 1171.0
70.662767740 1098.0
70.673634180 1139.0
70.684500620 1116.0
70.695367060 1098.0
70.706233500 1071.0
70.717099940 1117.0
70.727966380 1039.0
70.738832820 1048.0
70.749699260 1003.0
70.760565700 1026.0
70.771432140 963.0
70.782298580 959.0
70.793165020 927.0
70.804031460 912.0
70.814897900 931.0
70.825764340 909.0
70.836630780 914.0
70.847497220 906.0
70.858363660 840.0
70.869230100 884.0
70.880096540 794.0
70.890962980 776.0
70.901829420 873.0
70.912695860 778.0
70.923562300 803.0
70.934428740 802.0
70.945295180 765.0
70.956161620 735.0
70.967028060 768.0
70.977894500 716.0
70.988760940 699.0
70.999627380 728.0
71.010493820 679.0
71.021360260 690.0
71.032226700 698.0
71.043093140 707.0
71.053959580 657.0
71.064826020 621.0
71.075692460 666.0
71.086558900 667.0
71.097425340 688.0
71.108291780 655.0
71.119158220 597.0
71.130024660 614.0
71.140891100 641.0
71.151757540 629.0
71.162623980 590.0
71.173490420 610.0
71.184356860 620.0
71.195223300 599.0
71.206089740 593.0
71.216956180 663.0
71.227822620 580.0
71.238689060 590.0
71.249555500 601.0
71.260421940 627.0
71.271288380 631.0
71.282154820 592.0
71.293021260 638.0
71.303887700 638.0
71.314754140 585.0
71.325620580 634.0
71.336487020 565.0
71.347353460 575.0
71.358219900 620.0
71.369086340 550.0
71.379952780 580.0
71.390819220 563.0
71.401685660 590.0
71.412552100 589.0
71.423418540 569.0
71.434284980 559.0
71.445151420 553.0
71.456017860 556.0
71.466884300 592.0
71.477750740 612.0
71.488617180 616.0
71.499483620 571.0
71.510350060 596.0
71.521216500 581.0
71.532082940 632.0
71.542949380 596.0
71.553815820 603.0
71.564682260 607.0
71.575548700 628.0
71.586415140 592.0
71.597281580 642.0
71.608148020 595.0
71.619014460 586.0
71.629880900 640.0
71.640747340 660.0
71.651613780 639.0
71.662480220 634.0
71.673346660 644.0
71.684213100 643.0
71.695079540 613.0
71.705945980 671.0
71.716812420 680.0
71.727678860 720.0
71.738545300 717.0
71.749411740 693.0
71.760278180 718.0
71.771144620 722.0
71.782011060 741.0
71.792877500 744.0
71.803743940 778.0
71.814610380 792.0
71.825476820 752.0
71.836343260 821.0
71.847209700 789.0
71.858076140 846.0
71.868942580 753.0
71.879809020 781.0
71.890675460 833.0
71.901541900 890.0
71.912408340 830.0
71.923274780 812.0
71.934141220 897.0
71.945007660 891.0
71.955874100 945.0
71.966740540 956.0
71.977606980 971.0
71.988473420 912.0
71.999339860 907.0
72.010206300 949.0
72.021072740 910.0
72.031939180 925.0
72.042805620 967.0
72.053672060 891.0
72.064538500 920.0
72.075404940 979.0
72.086271380 948.0
72.097137820 863.0
72.108004260 882.0
72.118870700 887.0
72.129737140 851.0
72.140603580 837.0
72.151470020 827.0
72.162336460 794.0
72.173202900 810.0
72.184069340 793.0
72.194935780 806.0
72.205802220 816.0
72.216668660 793.0
72.227535100 800.0
72.238401540 796.0
72.249267980 766.0
72.260134420 725.0
72.271000860 736.0
72.281867300 739.0
72.292733740 710.0
72.303600180 736.0
72.314466620 761.0
72.325333060 740.0
72.336199500 699.0
72.347065940 756.0
72.357932380 695.0
72.368798820 706.0
72.379665260 686.0
72.390531700 705.0
72.401398140 650.0
72.412264580 678.0
72.423131020 669.0
72.433997460 670.0
72.444863900 676.0
72.455730340 677.0
72.466596780 673.0
72.477463220 703.0
72.488329660 663.0
72.499196100 711.0
72.510062540 646.0
72.520928980 694.0
72.531795420 667.0
72.542661860 693.0
72.553528300 709.0
72.564394740 660.0
72.575261180 724.0
72.586127620 711.0
72.596994060 699.0
72.607860500 707.0
72.618726940 738.0
72.629593380 715.0
72.640459820 727.0
72.651326260 707.0
72.662192700 667.0
72.673059140 662.0
72.683925580 666.0
72.694792020 709.0
72.705658460 679.0
72.716524900 603.0
72.727391340 684.0
72.738257780 655.0
72.749124220 619.0
72.759990660 640.0
72.770857100 636.0
72.781723540 667.0
72.792589980 646.0
72.803456420 585.0
72.814322860 655.0
72.825189300 648.0
72.836055740 613.0
72.846922180 622.0
72.857788620 608.0
72.868655060 557.0
72.879521500 628.0
72.890387940 612.0
72.901254380 584.0
72.912120820 545.0
72.922987260 609.0
72.933853700 599.0
72.944720140 573.0
72.955586580 533.0
72.966453020 582.0
72.977319460 573.0
72.988185900 553.0
72.999052340 590.0
73.009918780 591.0
73.020785220 565.0
73.031651660 547.0
73.042518100 543.0
73.053384540 564.0
73.064250980 566.0
73.075117420 580.0
73.085983860 558.0
73.096850300 533.0
73.107716740 576.0
73.118583180 555.0
73.129449620 536.0
73.140316060 568.0
73.151182500 570.0
73.162048940 570.0
73.172915380 531.0
73.183781820 603.0
73.194648260 555.0
73.205514700 579.0
73.216381140 579.0
73.227247580 591.0
73.238114020 557.0
73.248980460 564.0
73.259846900 563.0
73.270713340 570.0
73.281579780 586.0
73.292446220 586.0
73.303312660 600.0
73.314179100 615.0
73.325045540 598.0
73.335911980 573.0
73.346778420 555.0
73.357644860 550.0
73.368511300 609.0
73.379377740 606.0
73.390244180 570.0
73.401110620 586.0
73.411977060 612.0
73.422843500 591.0
73.433709940 630.0
73.444576380 615.0
73.455442820 562.0
73.466309260 635.0
73.477175700 605.0
73.488042140 662.0
73.498908580 621.0
73.509775020 644.0
73.520641460 630.0
73.531507900 650.0
73.542374340 614.0
73.553240780 627.0
73.564107220 644.0
73.574973660 614.0
73.585840100 664.0
73.596706540 651.0
73.607572980 731.0
73.618439420 682.0
73.629305860 731.0
73.640172300 708.0
73.651038740 731.0
73.661905180 775.0
73.672771620 810.0
73.683638060 751.0
73.694504500 791.0
73.705370940 799.0
73.716237380 793.0
73.727103820 836.0
73.737970260 819.0
73.748836700 879.0
73.759703140 883.0
73.770569580 953.0
73.781436020 909.0
73.792302460 943.0
73.803168900 923.0
73.814035340 1002.0
73.824901780 1023.0
73.835768220 942.0
73.846634660 1005.0
73.857501100 1020.0
73.868367540 1102.0
73.879233980 1170.0
73.890100420 1155.0
73.900966860 1099.0
73.911833300 1201.0
73.922699740 1192.0
73.933566180 1175.0
73.944432620 1210.0
73.955299060 1203.0
73.966165500 1240.0
73.977031940 1273.0
73.987898380 1293.0
73.998764820 1217.0
74.009631260 1263.0
74.020497700 1228.0
74.031364140 1197.0
74.042230580 1232.0
74.053097020 1244.0
74.063963460 1304.0
74.074829900 1277.0
74.085696340 1345.0
74.096562780 1332.0
74.107429220 1441.0
74.118295660 1412.0
74.129162100 1438.0
74.140028540 1381.0
74.150894980 1499.0
74.161761420 1435.0
74.172627860 1636.0
74.183494300 1569.0
74.194360740 1526.0
74.205227180 1561.0
74.216093620 1541.0
74.226960060 1506.0
74.237826500 1484.0
74.248692940 1341.0
74.259559380 1376.0
74.270425820 1307.0
74.281292260 1277.0
74.292158700 1192.0
74.303025140 1171.0
74.313891580 1172.0
74.324758020 1145.0
74.335624460 1072.0
74.346490900 1132.0
74.357357340 1058.0
74.368223780 1077.0
74.379090220 989.0
74.389956660 1003.0
74.400823100 1037.0
74.411689540 1001.0
74.422555980 1083.0
74.433422420 1019.0
74.444288860 1009.0
74.455155300 937.0
74.466021740 957.0
74.476888180 937.0
74.487754620 929.0
74.498621060 919.0
74.509487500 881.0
74.520353940 794.0
74.531220380 827.0
74.542086820 764.0
74.552953260 765.0
74.563819700 758.0
74.574686140 737.0
74.585552580 752.0
74.596419020 772.0
74.607285460 728.0
74.618151900 758.0
74.629018340 694.0
74.639884780 711.0
74.650751220 728.0
74.661617660 737.0
74.672484100 692.0
74.683350540 730.0
74.694216980 739.0
74.705083420 732.0
74.715949860 730.0
74.726816300 733.0
74.737682740 777.0
74.748549180 754.0
74.759415620 800.0
74.770282060 782.0
74.781148500 808.0
74.792014940 868.0
74.802881380 718.0
74.813747820 858.0
74.824614260 816.0
74.835480700 888.0
74.846347140 902.0
74.857213580 893.0
74.868080020 879.0
74.878946460 934.0
74.889812900 966.0
74.900679340 942.0
74.911545780 918.0
74.922412220 979.0
74.933278660 976.0
74.944145100 1090.0
74.955011540 1059.0
74.965877980 1136.0
74.976744420 1122.0
74.987610860 1166.0
74.998477300 1169.0
75.009343740 1241.0
75.020210180 1291.0
75.031076620 1232.0
75.041943060 1354.0
75.052809500 1344.0
75.063675940 1381.0
75.074542380 1450.0
75.085408820 1472.0
75.096275260 1576.0
75.107141700 1565.0
75.118008140 1632.0
75.128874580 1636.0
75.139741020 1804.0
75.150607460 1695.0
75.161473900 1781.0
75.172340340 1725.0
75.183206780 1861.0
75.194073220 1867.0
75.204939660 1964.0
75.215806100 1917.0
75.226672540 1877.0
75.237538980 1934.0
75.248405420 1915.0
75.259271860 1801.0
75.270138300 1725.0
75.281004740 1756.0
75.291871180 1722.0
75.302737620 1705.0
75.313604060 1672.0
75.324470500 1715.0
75.335336940 1608.0
75.346203380 1593.0
75.357069820 1652.0
75.367936260 1608.0
75.378802700 1631.0
75.389669140 1713.0
75.400535580 1663.0
75.411402020 1708.0
75.422268460 1651.0
75.433134900 1623.0
75.444001340 1628.0
75.454867780 1561.0
75.465734220 1573.0
75.476600660 1535.0
75.487467100 1504.0
75.498333540 1417.0
75.509199980 1403.0
75.520066420 1426.0
75.530932860 1377.0
75.541799300 1320.0
75.552665740 1285.0
75.563532180 1267.0
75.574398620 1297.0
75.585265060 1231.0
75.596131500 1278.0
75.606997940 1166.0
75.617864380 1253.0
75.628730820 1132.0
75.639597260 1209.0
75.650463700 1158.0
75.661330140 1204.0
75.672196580 1156.0
75.683063020 1193.0
75.693929460 1081.0
75.704795900 1100.0
75.715662340 1047.0
75.726528780 1070.0
75.737395220 1042.0
75.748261660 970.0
75.759128100 1074.0
75.769994540 961.0
75.780860980 991.0
75.791727420 989.0
75.802593860 1042.0
75.813460300 948.0
75.824326740 976.0
75.835193180 878.0
75.846059620 941.0
75.856926060 984.0
75.867792500 872.0
75.878658940 874.0
75.889525380 828.0
75.900391820 890.0
75.911258260 887.0
75.922124700 892.0
75.932991140 859.0
75.943857580 811.0
75.954724020 822.0
75.965590460 825.0
75.976456900 840.0
75.987323340 866.0
75.998189780 799.0
76.009056220 754.0
76.019922660 827.0
76.030789100 785.0
76.041655540 810.0
76.052521980 737.0
76.063388420 760.0
76.074254860 753.0
76.085121300 767.0
76.095987740 767.0
76.106854180 697.0
76.117720620 784.0
76.128587060 806.0
76.139453500 788.0
76.150319940 776.0
76.161186380 774.0
76.172052820 766.0
76.182919260 788.0
76.193785700 720.0
76.204652140 822.0
76.215518580 797.0
76.226385020 820.0
76.237251460 783.0
76.248117900 839.0
76.258984340 760.0
76.269850780 788.0
76.280717220 806.0
76.291583660 775.0
76.302450100 792.0
76.313316540 756.0
76.324182980 742.0
76.335049420 720.0
76.345915860 730.0
76.356782300 757.0
76.367648740 731.0
76.378515180 790.0
76.389381620 731.0
76.400248060 739.0
76.411114500 753.0
76.421980940 697.0
76.432847380 728.0
76.443713820 731.0
76.454580260 749.0
76.465446700 718.0
76.476313140 734.0
76.487179580 734.0
76.498046020 720.0
76.508912460 633.0
76.519778900 681.0
76.530645340 696.0
76.541511780 657.0
76.552378220 684.0
76.563244660 646.0
76.574111100 689.0
76.584977540 641.0
76.595843980 711.0
76.606710420 625.0
76.617576860 695.0
76.628443300 636.0
76.639309740 613.0
76.650176180 611.0
76.661042620 617.0
76.671909060 640.0
76.682775500 629.0
76.693641940 598.0
76.704508380 634.0
76.715374820 601.0
76.726241260 572.0
76.737107700 592.0
76.747974140 588.0
76.758840580 646.0
76.769707020 590.0
76.780573460 601.0
76.791439900 614.0
76.802306340 622.0
76.813172780 613.0
76.824039220 563.0
76.834905660 584.0
76.845772100 641.0
76.856638540 577.0
76.867504980 590.0
76.878371420 575.0
76.889237860 580.0
76.900104300 605.0
76.910970740 586.0
76.921837180 561.0
76.932703620 579.0
76.943570060 598.0
76.954436500 580.0
76.965302940 561.0
76.976169380 618.0
76.987035820 595.0
76.997902260 536.0
77.008768700 564.0
77.019635140 621.0
77.030501580 573.0
77.041368020 521.0
77.052234460 627.0
77.063100900 566.0
77.073967340 567.0
77.084833780 544.0
77.095700220 615.0
77.106566660 560.0
77.117433100 571.0
77.128299540 585.0
77.139165980 566.0
77.150032420 597.0
77.160898860 626.0
77.171765300 591.0
77.182631740 568.0
77.193498180 593.0
77.204364620 604.0
77.215231060 617.0
77.226097500 566.0
77.236963940 646.0
77.247830380 604.0
77.258696820 658.0
77.269563260 644.0
77.280429700 663.0
77.291296140 634.0
77.302162580 626.0
77.313029020 669.0
77.323895460 651.0
77.334761900 644.0
77.345628340 627.0
77.356494780 640.0
77.367361220 674.0
77.378227660 669.0
77.389094100 702.0
77.399960540 692.0
77.410826980 711.0
77.421693420 665.0
77.432559860 662.0
77.443426300 689.0
77.454292740 668.0
77.465159180 728.0
77.476025620 677.0
77.486892060 668.0
77.497758500 679.0
77.508624940 682.0
77.519491380 657.0
77.530357820 651.0
77.541224260 652.0
77.552090700 651.0
77.562957140 663.0
77.573823580 651.0
77.584690020 645.0
77.595556460 603.0
77.606422900 684.0
77.617289340 651.0
77.628155780 654.0
77.639022220 609.0
77.649888660 594.0
77.660755100 623.0
77.671621540 652.0
77.682487980 599.0
77.693354420 623.0
77.704220860 576.0
77.715087300 568.0
77.725953740 621.0
77.736820180 602.0
77.747686620 583.0
77.758553060 602.0
77.769419500 598.0
77.780285940 590.0
77.791152380 596.0
77.802018820 571.0
77.812885260 598.0
77.823751700 578.0
77.834618140 553.0
77.845484580 560.0
77.856351020 551.0
77.867217460 571.0
77.878083900 566.0
77.888950340 545.0
77.899816780 510.0
77.910683220 574.0
77.921549660 524.0
77.932416100 544.0
77.943282540 538.0
77.954148980 533.0
77.965015420 563.0
77.975881860 508.0
77.986748300 533.0
77.997614740 535.0
78.008481180 520.0
78.019347620 480.0
78.030214060 531.0
78.041080500 525.0
78.051946940 530.0
78.062813380 543.0
78.073679820 517.0
78.084546260 502.0
78.095412700 473.0
78.106279140 545.0
78.117145580 568.0
78.128012020 512.0
78.138878460 555.0
78.149744900 504.0
78.160611340 512.0
78.171477780 507.0
78.182344220 483.0
78.193210660 518.0
78.204077100 512.0
78.214943540 493.0
78.225809980 491.0
78.236676420 550.0
78.247542860 506.0
78.258409300 505.0
78.269275740 540.0
78.280142180 498.0
78.291008620 525.0
78.301875060 524.0
78.312741500 518.0
78.323607940 524.0
78.334474380 537.0
78.345340820 541.0
78.356207260 523.0
78.367073700 523.0
78.377940140 556.0
78.388806580 496.0
78.399673020 525.0
78.410539460 520.0
78.421405900 520.0
78.432272340 505.0
78.443138780 515.0
78.454005220 488.0
78.464871660 507.0
78.475738100 475.0
78.486604540 497.0
78.497470980 463.0
78.508337420 515.0
78.519203860 489.0
78.530070300 485.0
78.540936740 475.0
78.551803180 513.0
78.562669620 488.0
78.573536060 473.0
78.584402500 481.0
78.595268940 502.0
78.606135380 470.0
78.617001820 533.0
78.627868260 488.0
78.638734700 503.0
78.649601140 486.0
78.660467580 463.0
78.671334020 507.0
78.682200460 535.0
78.693066900 506.0
78.703933340 484.0
78.714799780 515.0
78.725666220 539.0
78.736532660 514.0
78.747399100 491.0
78.758265540 544.0
78.769131980 542.0
78.779998420 508.0
78.790864860 537.0
78.801731300 525.0
78.812597740 540.0
78.823464180 519.0
78.834330620 528.0
78.845197060 487.0
78.856063500 483.0
78.866929940 520.0
78.877796380 535.0
78.888662820 534.0
78.899529260 522.0
78.910395700 514.0
78.921262140 531.0
78.932128580 533.0
78.942995020 488.0
78.953861460 535.0
78.964727900 517.0
78.975594340 520.0
78.986460780 513.0
78.997327220 572.0
79.008193660 510.0
79.019060100 498.0
79.029926540 532.0
79.040792980 505.0
79.051659420 518.0
79.062525860 489.0
79.073392300 505.0
79.084258740 525.0
79.095125180 452.0
79.105991620 541.0
79.116858060 486.0
79.127724500 533.0
79.138590940 518.0
79.149457380 539.0
79.160323820 484.0
79.171190260 508.0
79.182056700 513.0
79.192923140 506.0
79.203789580 541.0
79.214656020 516.0
79.225522460 513.0
79.236388900 476.0
79.247255340 479.0
79.258121780 492.0
79.268988220 528.0
79.279854660 524.0
79.290721100 492.0
79.301587540 515.0
79.312453980 522.0
79.323320420 492.0
79.334186860 505.0
79.345053300 500.0
79.355919740 464.0
79.366786180 478.0
79.377652620 496.0
79.388519060 521.0
79.399385500 503.0
79.410251940 511.0
79.421118380 465.0
79.431984820 500.0
79.442851260 533.0
79.453717700 465.0
79.464584140 509.0
79.475450580 487.0
79.486317020 477.0
79.497183460 496.0
79.508049900 472.0
79.518916340 483.0
79.529782780 489.0
79.540649220 510.0
79.551515660 495.0
79.562382100 507.0
79.573248540 482.0
79.584114980 464.0
79.594981420 481.0
79.605847860 449.0
79.616714300 487.0
79.627580740 488.0
79.638447180 488.0
79.649313620 482.0
79.660180060 514.0
79.671046500 464.0
79.681912940 495.0
79.692779380 452.0
79.703645820 514.0
79.714512260 456.0
79.725378700 477.0
79.736245140 507.0
79.747111580 485.0
79.757978020 470.0
79.768844460 510.0
79.779710900 516.0
79.790577340 511.0
79.801443780 504.0
79.812310220 509.0
79.823176660 526.0
79.834043100 497.0
79.844909540 522.0
79.855775980 481.0
79.866642420 479.0
79.877508860 489.0
79.888375300 469.0
79.899241740 493.0
79.910108180 459.0
79.920974620 491.0
79.931841060 529.0
79.942707500 510.0
79.953573940 528.0
79.964440380 519.0
79.975306820 472.0
79.986173260 508.0
79.997039700 509.0
80.007906140 515.0
80.018772580 469.0
80.029639020 496.0
80.040505460 514.0
80.051371900 480.0
80.062238340 490.0
80.073104780 480.0
80.083971220 488.0
80.094837660 514.0
