10.0 40.078567230084445
10.015555555555556 40.222636777207185
10.03111111111111 40.378885460101515
10.046666666666667 40.555473499916275
10.062222222222223 40.71157866708597
10.077777777777778 40.804055685329104
10.093333333333334 40.79202344541284
10.108888888888888 40.662099329380226
10.124444444444444 40.419217259967354
10.14 40.06864335814714
10.155555555555555 39.62416434866259
10.171111111111111 39.15715769411054
10.186666666666667 38.76284802820237
10.202222222222222 38.53653622799982
10.217777777777778 38.54430543008425
10.233333333333333 38.74721982060021
10.248888888888889 39.0545656458994
10.264444444444445 39.387079220087344
10.28 39.68902960558637
10.295555555555556 39.96107911081356
10.311111111111112 40.21216935371524
10.326666666666666 40.451056858103584
10.342222222222222 40.67643102383113
10.357777777777777 40.871946431424476
10.373333333333333 41.02002864819053
10.38888888888889 41.10339013917712
10.404444444444444 41.110761067114026
10.42 41.03658309801892
10.435555555555556 40.87552350455235
10.45111111111111 40.62522993423988
10.466666666666667 40.31492858564354
10.482222222222223 39.99285063180457
10.497777777777777 39.70748782065368
10.513333333333334 39.49846396956377
10.528888888888888 39.351996051147694
10.544444444444444 39.234404119520036
10.56 39.11197508137161
10.575555555555555 38.96305656964637
10.591111111111111 38.80914307296507
10.606666666666667 38.68137381945303
10.622222222222222 38.61074803913391
10.637777777777778 38.60184260797621
10.653333333333332 38.601806299725695
10.668888888888889 38.55024826362978
10.684444444444445 38.38789751234833
10.7 38.10424812433996
10.715555555555556 37.75534525602245
10.731111111111112 37.40201930310457
10.746666666666666 37.10343333320452
10.762222222222222 36.88849652246779
10.777777777777779 36.7597764177616
10.793333333333333 36.71896039673743
10.80888888888889 36.765370991090776
10.824444444444444 36.87590823529911
10.84 37.015097826947
10.855555555555556 37.147335670094435
10.87111111111111 37.245537569231374
10.886666666666667 37.329261440959044
10.902222222222223 37.43394495123732
10.917777777777777 37.59592282277947
10.933333333333334 37.8389387521222
10.948888888888888 38.14969933504585
10.964444444444444 38.50784478088951
10.98 38.89294027565154
10.995555555555555 39.274333265666655
11.011111111111111 39.60088147870772
11.026666666666667 39.81899585623137
11.042222222222222 39.87646657991479
11.057777777777778 39.77187500874925
11.073333333333334 39.56819156640131
11.088888888888889 39.33253355933084
11.104444444444445 39.12767756121025
11.12 38.952568068692585
11.135555555555555 38.73751981392661
11.151111111111112 38.41459400890619
11.166666666666666 37.9318078326296
11.182222222222222 37.36204445692306
11.197777777777778 36.84237830216921
11.213333333333333 36.510411266421215
11.22888888888889 36.468806504187455
11.244444444444444 36.642923587675796
11.26 36.90201563917549
11.275555555555556 37.1153423884723
11.29111111111111 37.201255259364416
11.306666666666667 37.22780007566587
11.322222222222223 37.291680755978746
11.337777777777777 37.4896159150785
11.353333333333333 37.84607461582175
11.36888888888889 38.254344866821384
11.384444444444444 38.593074800599766
11.4 38.74323430698462
11.415555555555555 38.66145918358245
11.431111111111111 38.39498192910685
11.446666666666667 37.996373350937915
11.462222222222222 37.517007236432846
11.477777777777778 36.9903987303727
11.493333333333332 36.43634201187183
11.508888888888889 35.874279837576864
11.524444444444445 35.323026963239045
11.54 34.79628620741107
11.555555555555555 34.305271125023296
11.571111111111112 33.861178593285786
11.586666666666666 33.47990312424895
11.602222222222222 33.19987441867795
11.617777777777778 33.06627149862402
11.633333333333333 33.12424125604264
11.648888888888889 33.38364264387519
11.664444444444445 33.75210963497295
11.68 34.11887172747845
11.695555555555556 34.37363046980249
11.71111111111111 34.45019959250283
11.726666666666667 34.36183282688762
11.742222222222223 34.13009746561204
11.757777777777777 33.77699028127415
11.773333333333333 33.3373988879506
11.788888888888888 32.86103748828816
11.804444444444444 32.39843929139511
11.82 31.99863473304879
11.835555555555555 31.68945189709291
11.851111111111111 31.48302975080992
11.866666666666667 31.391138577561946
11.882222222222222 31.420803618937384
11.897777777777778 31.5420501930638
11.913333333333334 31.70753313308103
11.928888888888888 31.86980697651063
11.944444444444445 31.991548195649898
11.96 32.08225491253313
11.975555555555555 32.164954273122476
11.991111111111111 32.26264592305051
12.006666666666668 32.3748234374483
12.022222222222222 32.43502249258859
12.037777777777778 32.36529622710589
12.053333333333333 32.08862085692499
12.068888888888889 31.607193327435652
12.084444444444443 31.06291967878576
12.1 30.610646836370393
12.115555555555556 30.400155641261676
12.13111111111111 30.441746345952765
12.146666666666667 30.58835359465263
12.162222222222223 30.68453850029107
12.177777777777777 30.58640154078762
12.193333333333333 30.30815055750338
12.20888888888889 29.97866493650838
12.224444444444444 29.729394331482695
12.24 29.67065968007796
12.255555555555556 29.75144470854741
12.27111111111111 29.846342271160097
12.286666666666667 29.82954738499882
12.302222222222222 29.611299368937694
12.317777777777778 29.26591663415695
12.333333333333334 28.914381011794717
12.348888888888888 28.677612751770994
12.364444444444445 28.628308657915454
12.379999999999999 28.705483246813174
12.395555555555555 28.825176169811584
12.411111111111111 28.903686693022564
12.426666666666666 28.87903202067787
12.442222222222222 28.726997901353002
12.457777777777778 28.4271512653537
12.473333333333333 27.961020127197457
12.488888888888889 27.365835019087058
12.504444444444445 26.74114223913716
12.52 26.18977704016345
12.535555555555556 25.806287012090593
12.551111111111112 25.571979512906182
12.566666666666666 25.386187795324076
12.582222222222223 25.146416041008592
12.597777777777777 24.768987504333154
12.613333333333333 24.314133424324723
12.628888888888888 23.908521929063113
12.644444444444444 23.67917834183538
12.66 23.709530479809473
12.675555555555555 23.883575583029938
12.69111111111111 24.028319515699877
12.706666666666667 23.970862951162985
12.722222222222221 23.61678772370692
12.737777777777778 23.09100676142043
12.753333333333334 22.556453199397197
12.768888888888888 22.175044220039126
12.784444444444444 22.020805812287563
12.8 22.013261382313203
12.815555555555555 22.05625214873703
12.831111111111111 22.055346166778463
12.846666666666668 21.9664884065445
12.862222222222222 21.802747948520505
12.877777777777778 21.5802768356524
12.893333333333333 21.31518178224644
12.908888888888889 21.022934869153573
12.924444444444443 20.718540981709452
12.94 20.41699415223343
12.955555555555556 20.13227613829804
12.97111111111111 19.870435710321317
12.986666666666666 19.633781275432966
13.002222222222223 19.42459924941045
13.017777777777777 19.242809798868166
13.033333333333333 19.07721925374699
13.04888888888889 18.913373888622118
13.064444444444444 18.73681594010725
13.08 18.529490970296592
13.095555555555556 18.262996924002323
13.11111111111111 17.907082200047398
13.126666666666667 17.431948081081146
13.142222222222223 16.850988836686952
13.157777777777778 16.2558718505079
13.173333333333334 15.746520632097486
13.188888888888888 15.419927020125328
13.204444444444444 15.281764264384833
13.219999999999999 15.230736034084089
13.235555555555555 15.159459553877468
13.251111111111111 14.968468345161227
13.266666666666666 14.675212861475757
13.282222222222222 14.386368070256594
13.297777777777778 14.210859584992022
13.313333333333333 14.238455681408936
13.328888888888889 14.401298301321958
13.344444444444445 14.55407595111501
13.36 14.551588434748737
13.375555555555556 14.2813497086712
13.391111111111112 13.795035271931056
13.406666666666666 13.19561709793254
13.422222222222222 12.586062367403429
13.437777777777779 12.039564467209857
13.453333333333333 11.539192372095613
13.46888888888889 11.051027884410473
13.484444444444444 10.541422908715731
13.5 10.007338818825247
13.515555555555554 9.504101246453388
13.53111111111111 9.09359266438878
13.546666666666667 8.835914577632252
13.562222222222221 8.729301008184848
13.577777777777778 8.695637891211163
13.593333333333334 8.652093859519596
13.608888888888888 8.519552726176244
13.624444444444444 8.278618721164321
13.64 7.958077395229566
13.655555555555555 7.588088259958909
13.671111111111111 7.196670745797064
13.686666666666667 6.792874415378037
13.702222222222222 6.375833917941577
13.717777777777778 5.944597451639879
13.733333333333334 5.501689609646405
13.748888888888889 5.068056795291909
13.764444444444445 4.670724294443289
13.78 4.336717339158099
13.795555555555556 4.0786385033756005
13.81111111111111 3.862096645349652
13.826666666666666 3.6431452441840975
13.842222222222222 3.3780103310958793
13.857777777777777 3.0484987400661794
13.873333333333333 2.6888529209691114
13.88888888888889 2.3397428470113937
13.904444444444444 2.0411329958808437
13.92 1.8042131603655207
13.935555555555556 1.6019942431789786
13.95111111111111 1.4048535347591269
13.966666666666667 1.1845203858784998
13.982222222222223 0.9372332754571744
13.997777777777777 0.6805573921770929
14.013333333333334 0.43276963915718625
14.02888888888889 0.21350486650283074
14.044444444444444 0.055734918260327504
14.059999999999999 0.0
14.075555555555557 0.08692712241918343
14.091111111111111 0.3410042202713157
14.106666666666666 0.6925399356895241
14.122222222222222 1.0377769113396198
14.137777777777778 1.2729124229551871
14.153333333333332 1.3276719242171566
14.168888888888889 1.2522265097886702
14.184444444444445 1.1237837649422318
14.2 1.0193940895543392
14.215555555555556 0.981162013207836
14.231111111111112 0.9724102862903692
14.246666666666666 0.9456748243432003
14.262222222222222 0.8543782130167301
14.277777777777779 0.697243349004907
14.293333333333333 0.5390075724728831
14.308888888888887 0.44962275601358215
14.324444444444445 0.4951807729170241
14.34 0.6595033180212795
14.355555555555554 0.84760368491402
14.371111111111112 0.9613279244431396
14.386666666666667 0.9147924938064307
14.402222222222221 0.7599196999057085
14.417777777777777 0.6352943635237125
14.433333333333334 0.6808481030336679
14.448888888888888 1.0102613618084888
14.464444444444444 1.5640167612158393
14.48 2.2124262417896716
14.495555555555555 2.8256024663673998
14.511111111111111 3.3033674725969604
14.526666666666667 3.6661612755389115
14.542222222222222 3.965030143861668
14.557777777777778 4.250951449436343
14.573333333333334 4.546241532153658
14.588888888888889 4.800397033293166
14.604444444444443 4.951521208703525
14.620000000000001 4.938295510786247
14.635555555555555 4.739787871337967
14.65111111111111 4.401179568342172
14.666666666666668 3.984628959737165
14.682222222222222 3.539187750492488
14.697777777777777 3.091105926736873
14.713333333333333 2.659357276326773
14.72888888888889 2.2621004313732556
14.744444444444444 1.9181586539540376
14.76 1.6552106609459543
14.775555555555556 1.5072346258881453
14.79111111111111 1.5083434928897077
14.806666666666667 1.6844318761279737
14.822222222222223 1.9982719152370692
14.837777777777777 2.3833835409807307
14.853333333333333 2.773126815324872
14.86888888888889 3.112503622388317
14.884444444444444 3.401293196877077
14.899999999999999 3.655371081502949
14.915555555555557 3.8906086785879097
14.931111111111111 4.115289227442531
14.946666666666665 4.315387264334959
14.962222222222222 4.4727983275944325
14.977777777777778 4.5694246683546
14.993333333333332 4.587898896524848
15.008888888888889 4.519498821847947
15.024444444444445 4.342633614932652
15.04 4.040993527224032
15.055555555555555 3.636335740829054
15.071111111111112 3.1956737062694174
15.086666666666666 2.7888315323148163
15.102222222222222 2.4829658380509727
15.117777777777778 2.3011246324973627
15.133333333333333 2.2301187788182233
15.148888888888889 2.255685036859404
15.164444444444445 2.3637577126341967
15.18 2.542098134580101
15.195555555555554 2.779455992140697
15.211111111111112 3.0645906711856696
15.226666666666667 3.385504406619816
15.242222222222221 3.725956735640011
15.257777777777777 4.068230279526574
15.273333333333333 4.394606162950822
15.288888888888888 4.687478833664954
15.304444444444444 4.929639306599938
15.32 5.103965285285085
15.335555555555555 5.193454774248721
15.351111111111111 5.206393894645203
15.366666666666667 5.208284492115013
15.382222222222222 5.27079041611114
15.397777777777778 5.464447480346166
15.413333333333334 5.793253589145138
15.428888888888888 6.163699790032183
15.444444444444445 6.474572833242291
15.46 6.628931964701678
15.475555555555555 6.622805837561373
15.49111111111111 6.542341024265966
15.506666666666668 6.477386121844802
15.522222222222222 6.516476561352874
15.537777777777777 6.635414308232839
15.553333333333333 6.703457201751462
15.568888888888889 6.608944291670014
15.584444444444443 6.26550065177662
15.6 5.760846068305568
15.615555555555556 5.2559938119045455
15.63111111111111 4.912212693962488
15.646666666666667 4.8467152871185135
15.662222222222223 4.98789971358201
15.677777777777777 5.213591460992234
15.693333333333333 5.401673298930177
15.70888888888889 5.466634068368876
15.724444444444444 5.422203173871594
15.74 5.298765135236863
15.755555555555556 5.126668868259344
15.77111111111111 4.933164405880802
15.786666666666665 4.740043508461895
15.802222222222223 4.568542512270255
15.817777777777778 4.439081254704888
15.833333333333332 4.34670319202246
15.848888888888888 4.256758551046801
15.864444444444445 4.13291100484696
15.879999999999999 3.941727845271771
15.895555555555555 3.6943403576293576
15.911111111111111 3.4367657799862172
15.926666666666666 3.2159529138843936
15.942222222222222 3.0734122413657587
15.957777777777778 3.0028673617747472
15.973333333333333 2.9732431862486237
15.988888888888889 2.97376822131298
16.004444444444445 2.9660147862563235
16.02 2.9504604527555784
16.035555555555554 2.945920104612128
16.051111111111112 2.9712164435915156
16.066666666666666 3.0419357343073443
16.08222222222222 3.162630828681813
16.09777777777778 3.3355054325835454
16.113333333333333 3.562721700187808
16.128888888888888 3.838292427570309
16.144444444444446 4.138361248751835
16.16 4.436701773560117
16.175555555555555 4.707213408961707
16.191111111111113 4.931016034365484
16.206666666666667 5.097006544245232
16.22222222222222 5.194935463145839
16.23777777777778 5.216182501887147
16.253333333333334 5.1795188231118345
16.26888888888889 5.130334437873216
16.284444444444446 5.115117976605916
16.3 5.176623304664304
16.315555555555555 5.313598843753766
16.331111111111113 5.496120263560897
16.346666666666668 5.693772511117459
16.362222222222222 5.881540061334022
16.377777777777776 6.072482356002524
16.393333333333334 6.296033122643962
16.40888888888889 6.581689615468008
16.424444444444443 6.944127426838236
16.439999999999998 7.332399259080944
16.455555555555556 7.677402306571139
16.47111111111111 7.910046714456598
16.486666666666665 7.972910863832226
16.502222222222223 7.841529150360543
16.517777777777777 7.497213103893955
16.53333333333333 6.921724164985335
16.54888888888889 6.142531575902694
16.564444444444444 5.271528717704427
16.58 4.429728383958491
16.595555555555556 3.7360103665808992
16.61111111111111 3.2349514193012965
16.626666666666665 2.8793148093789114
16.642222222222223 2.616179481267409
16.657777777777778 2.3948049317173172
16.673333333333332 2.2613778196882777
16.68888888888889 2.178724181375628
16.704444444444444 2.158948036861034
16.72 2.2169012596654056
16.735555555555557 2.3377871350801342
16.75111111111111 2.49022286868194
16.766666666666666 2.6426438677000306
16.782222222222224 2.774359509177998
16.797777777777778 2.9256341754542063
16.813333333333333 3.1609799204010187
16.82888888888889 3.5393044260948727
16.844444444444445 4.09662163367318
16.86 4.76979749718339
16.875555555555557 5.47305809604245
16.891111111111112 6.119700261763796
16.906666666666666 6.655621958663687
16.92222222222222 7.10727381746392
16.93777777777778 7.513078749910278
16.953333333333333 7.911143505836435
16.968888888888888 8.318267184898332
16.984444444444446 8.716802363940019
17.0 9.085966100437986
17.015555555555554 9.405974860863239
17.03111111111111 9.684104509932581
17.046666666666667 9.957167300224228
17.06222222222222 10.263471482917794
17.077777777777776 10.64079009590364
17.093333333333334 11.1193446451108
17.108888888888888 11.723768546657766
17.124444444444443 12.478563887021664
17.14 13.399449489344306
17.155555555555555 14.428989857243664
17.17111111111111 15.473434289273996
17.186666666666667 16.438770028742738
17.202222222222222 17.257967534980367
17.217777777777776 18.00501460512703
17.233333333333334 18.79981357796146
17.24888888888889 19.762283941220176
17.264444444444443 20.967607641144582
17.28 22.34220783496528
17.295555555555556 23.778614977178563
17.31111111111111 25.170811151151156
17.326666666666668 26.495689072390178
17.342222222222222 27.771909855176432
17.357777777777777 29.03690508937177
17.373333333333335 30.343270898101878
17.38888888888889 31.709310833591758
17.404444444444444 33.10297595489112
17.42 34.48819751808037
17.435555555555556 35.829977437793445
17.45111111111111 37.1178778795919
17.46666666666667 38.36598518762253
17.482222222222223 39.58944915009431
17.497777777777777 40.80455403385179
17.513333333333332 42.04175001973624
17.52888888888889 43.34111324520961
17.544444444444444 44.74290362723525
17.56 46.27881684477086
17.575555555555553 47.91592454721945
17.59111111111111 49.59180536024155
17.606666666666666 51.24388708031904
17.62222222222222 52.8358926625167
17.637777777777778 54.45766357623063
17.653333333333332 56.23680728857437
17.668888888888887 58.30091492925294
17.684444444444445 60.72981550932968
17.7 63.45520705854301
17.715555555555554 66.3801558048226
17.73111111111111 69.40805025156055
17.746666666666666 72.48980863368581
17.76222222222222 75.6736472047669
17.77777777777778 79.01969027586006
17.793333333333333 82.58757140123305
17.808888888888887 86.41485373529281
17.824444444444445 90.50856784661119
17.84 94.87350502576373
17.855555555555554 99.51494688566618
17.871111111111112 104.44841033524756
17.886666666666667 109.69909999644972
17.90222222222222 115.29260119312562
17.91777777777778 121.25449085062507
17.933333333333334 127.61024799579195
17.948888888888888 134.3852883346799
17.964444444444446 141.6050265046697
17.98 149.2956666676256
17.995555555555555 157.48906254102235
18.011111111111113 166.21952915448423
18.026666666666667 175.52139170164833
18.04222222222222 185.43726594972304
18.05777777777778 196.04782285805743
18.07333333333333 207.44464566116676
18.08888888888889 219.7193291108672
18.104444444444447 232.9783523689082
18.119999999999997 247.37268455501783
18.135555555555555 263.06157125701054
18.151111111111113 280.20410061969926
18.166666666666664 298.9385971290063
18.182222222222222 319.3623707662339
18.197777777777777 341.5683253045928
18.21333333333333 365.65194631187524
18.22888888888889 391.89439165153374
18.244444444444444 420.82657539805155
18.259999999999998 452.99713457018595
18.275555555555556 488.94058589679184
18.29111111111111 528.9052167022186
18.306666666666665 572.872986364502
18.322222222222223 620.815720744503
18.337777777777777 672.7117057817923
18.35333333333333 728.61335753983
18.36888888888889 788.6204621301022
18.384444444444444 852.8335749290571
18.4 921.1849705411346
18.415555555555557 992.4122915566732
18.43111111111111 1064.7363582982157
18.446666666666665 1136.3759266085021
18.462222222222223 1205.526696168564
18.477777777777778 1270.278678639043
18.493333333333332 1328.6916205149591
18.50888888888889 1378.8252871529135
18.524444444444445 1418.7707752512943
18.54 1446.713270202561
18.555555555555557 1460.8555459961967
18.57111111111111 1459.4090625303045
18.586666666666666 1441.775099836405
18.602222222222224 1409.744453090847
18.617777777777775 1365.3937707356322
18.633333333333333 1310.7984801888406
18.64888888888889 1247.9800730619595
18.66444444444444 1178.8859860125767
18.68 1105.4582836512807
18.695555555555558 1029.6389765481254
18.71111111111111 953.3689410741714
18.726666666666667 878.5879766329564
18.742222222222225 807.2358400433758
18.757777777777775 741.1419513656233
18.773333333333333 680.8234670797796
18.788888888888888 625.9366520432844
18.804444444444442 576.1227679580406
18.82 531.0321125132506
18.835555555555555 490.38162360631566
18.85111111111111 453.9180522162691
18.866666666666667 421.3882887626444
18.88222222222222 392.4938473908928
18.897777777777776 366.7192636719044
18.913333333333334 343.484292447935
18.92888888888889 322.20872935110583
18.944444444444443 302.4394379074789
18.96 284.1233788629946
18.975555555555555 267.2868269855418
18.99111111111111 251.95459746367612
19.006666666666668 238.07157244371888
19.022222222222222 225.41504131846182
19.037777777777777 213.7409412328459
19.053333333333335 202.8074188202089
19.06888888888889 192.48388924225333
19.084444444444443 182.80098772550684
19.1 173.8019819461997
19.115555555555556 165.52795430312847
19.13111111111111 157.9691077851353
19.14666666666667 151.0644201404533
19.162222222222223 144.75061467268063
19.177777777777777 138.96382735071097
19.193333333333335 133.6325419761854
19.208888888888886 128.6798834918419
19.224444444444444 124.41911181070282
19.240000000000002 120.51306546834633
19.255555555555553 116.81553054066717
19.27111111111111 113.32792041311984
19.28666666666667 110.05179965196135
19.30222222222222 106.98164679541856
19.317777777777778 104.07496426371642
19.333333333333336 101.27723289856692
19.348888888888887 98.53392978176316
19.364444444444445 95.81628473114574
19.38 93.18441440293748
19.395555555555553 90.71759895467733
19.41111111111111 88.49492342124472
19.426666666666666 86.54599993828481
19.44222222222222 84.78578390872462
19.45777777777778 83.11410306448693
19.473333333333333 81.43012069098245
19.488888888888887 79.70695419682613
19.504444444444445 78.03516178754933
19.52 76.51574375297139
19.535555555555554 75.24705923450142
19.551111111111112 74.25356244051011
19.566666666666666 73.47765649806206
19.58222222222222 72.85746857028698
19.59777777777778 72.33349517454178
19.613333333333333 71.88222553226421
19.628888888888888 71.50813492641657
19.644444444444446 71.21643481955459
19.66 71.01270712304154
19.675555555555555 70.90595770730613
19.691111111111113 70.90704375880716
19.706666666666667 71.02684059733451
19.72222222222222 71.27662460811541
19.73777777777778 71.67006720101631
19.753333333333334 72.22172501127818
19.76888888888889 72.94615608393246
19.784444444444446 73.85240800406177
19.799999999999997 74.92768876707794
19.815555555555555 76.15379655659206
19.831111111111113 77.51253985627
19.846666666666664 78.99146005733496
19.862222222222222 80.59335070759903
19.87777777777778 82.32351384416904
19.89333333333333 84.18738907748605
19.90888888888889 86.2038470454579
19.924444444444443 88.4162709494567
19.939999999999998 90.87065259851454
19.955555555555556 93.6131369534819
19.97111111111111 96.69558110031176
19.986666666666665 100.17712534405985
20.002222222222223 104.21619557077622
20.017777777777777 108.80718572397973
20.03333333333333 113.92487829726053
20.04888888888889 119.53870400802077
20.064444444444444 125.61661742191586
20.08 132.133604651807
20.095555555555556 139.14401917771772
20.11111111111111 146.75231381202775
20.126666666666665 155.06372805493413
20.142222222222223 164.16668947662754
20.157777777777778 174.0286004347762
20.173333333333332 184.56385630565728
20.18888888888889 195.6866278108413
20.204444444444444 207.30953675635124
20.22 219.33781316680563
20.235555555555557 231.67448449571884
20.25111111111111 244.22256584126376
20.266666666666666 256.84855213537196
20.282222222222224 269.3018036079012
20.297777777777778 281.3082439483842
20.313333333333333 292.59398747926934
20.32888888888889 302.9224457019552
20.344444444444445 312.1389164650758
20.36 320.10054740384965
20.375555555555557 326.6625712606824
20.39111111111111 331.7151981891693
20.406666666666666 335.2000830457539
20.422222222222224 337.0632235450446
20.437777777777775 337.25596565223645
20.453333333333333 335.87171419328035
20.46888888888889 333.15739791368276
20.484444444444442 329.3675911525337
20.5 324.75148267810687
20.515555555555554 319.47821071217265
20.53111111111111 313.6555620687966
20.546666666666667 307.3897609915108
20.56222222222222 300.78807754521176
20.577777777777776 293.96742711094885
20.593333333333334 287.0499312083716
20.608888888888888 280.1577620683822
20.624444444444443 273.40485366435723
20.64 266.85529700335894
20.655555555555555 260.5545343380762
20.67111111111111 254.54797539538754
20.686666666666667 248.86701250965746
20.702222222222222 243.48594347964377
20.717777777777776 238.3645315450725
20.733333333333334 233.46256524554917
20.74888888888889 228.75856266301048
20.764444444444443 224.2829287735001
20.78 220.07497968771406
20.795555555555556 216.17367584433816
20.81111111111111 212.57652762294686
20.826666666666668 209.2013819323348
20.842222222222222 205.9570488224506
20.857777777777777 202.7539945173712
20.873333333333335 199.57393387924583
20.88888888888889 196.49531569724456
20.904444444444444 193.60349186773078
20.92 190.97949108096486
20.935555555555553 188.61043586378787
20.95111111111111 186.39251439835073
20.96666666666667 184.218186217283
20.98222222222222 181.98795488218582
20.997777777777777 179.70508514512846
21.013333333333335 177.4438130471582
21.028888888888886 175.279786361515
21.044444444444444 173.2805615532037
21.060000000000002 171.44766864613553
21.075555555555553 169.75041921400054
21.09111111111111 168.15790729360617
21.106666666666666 166.6766042035673
21.12222222222222 165.62029665761736
21.137777777777778 164.69354783865583
21.153333333333332 163.92775055545167
21.168888888888887 163.34267030027547
21.184444444444445 162.91495821721514
21.2 162.6112744238959
21.215555555555554 162.3983407160158
21.23111111111111 162.2691942727664
21.246666666666666 162.28400826605912
21.26222222222222 162.51350725605403
21.27777777777778 163.02732279086501
21.293333333333333 163.79478990827215
21.308888888888887 164.6056355857654
21.324444444444445 165.23092301911538
21.34 165.44535504882992
21.355555555555554 165.15991244687427
21.371111111111112 164.4596468304925
21.386666666666667 163.44095028343168
21.40222222222222 162.1941536540097
21.41777777777778 160.689493826707
21.433333333333334 158.78695426436332
21.448888888888888 156.3424298141598
21.464444444444446 153.22996240528903
21.48 149.54071775084822
21.495555555555555 145.50892478059745
21.511111111111113 141.37133446974997
21.526666666666664 137.3427855847973
21.54222222222222 133.46782197375364
21.55777777777778 129.71126630459992
21.57333333333333 126.03748641929087
21.58888888888889 122.42949394553727
21.604444444444447 118.96819324304636
21.619999999999997 115.76650680742762
21.635555555555555 112.93737366856283
21.651111111111113 110.55008978604849
21.666666666666664 108.51661406579478
21.682222222222222 106.71346204743168
21.697777777777777 105.01725074348406
21.71333333333333 103.34330967867436
21.72888888888889 101.70387671609285
21.744444444444444 100.15590940498089
21.759999999999998 98.69708146917628
21.775555555555556 97.33731245914669
21.79111111111111 96.05791188527269
21.806666666666665 94.83719586321286
21.822222222222223 93.65360053093661
21.837777777777777 92.49002963438318
21.85333333333333 91.33507768316781
21.86888888888889 90.1777083405392
21.884444444444444 89.00784723264212
21.9 87.83462824259607
21.915555555555557 86.68490016702208
21.93111111111111 85.58617448403061
21.946666666666665 84.56194577638598
21.962222222222223 83.58683685651306
21.977777777777778 82.60287553286628
21.993333333333332 81.55149642798301
22.00888888888889 80.38762363238868
22.024444444444445 79.17356564048123
22.04 78.02294327956156
22.055555555555557 77.04969597197953
22.07111111111111 76.34018492960524
22.086666666666666 75.8313931206036
22.102222222222224 75.40996175448174
22.117777777777775 74.96249394072368
22.133333333333333 74.41265977484534
22.14888888888889 73.82307697531417
22.16444444444444 73.288914789758
22.18 72.90525111166983
22.195555555555558 72.72124666143827
22.21111111111111 72.66576843356529
22.226666666666667 72.64822480233829
22.24222222222222 72.57846283128129
22.257777777777775 72.41237356505655
22.273333333333333 72.19171552714215
22.288888888888888 71.96763392783384
22.304444444444442 71.7901436183596
22.32 71.66141185622143
22.335555555555555 71.51909119631682
22.35111111111111 71.29627679335636
22.366666666666667 70.92908052324196
22.38222222222222 70.42091433124756
22.397777777777776 69.84135185663365
22.413333333333334 69.26275576450212
22.42888888888889 68.7533105075994
22.444444444444443 68.32487771147339
22.46 67.94892659855043
22.475555555555555 67.59604506755807
22.49111111111111 67.23844070005896
22.506666666666668 66.8625698138901
22.522222222222222 66.46228994002752
22.537777777777777 66.03152170999033
22.553333333333335 65.57024765620156
22.56888888888889 65.10985532495874
22.584444444444443 64.69235452512737
22.6 64.3607561518935
22.615555555555556 64.14445694112669
22.63111111111111 64.01599351831055
22.64666666666667 63.93306029536791
22.662222222222223 63.85336735747387
22.677777777777777 63.753165052752365
22.693333333333335 63.66308089125175
22.708888888888886 63.62366004232638
22.724444444444444 63.67526017790988
22.740000000000002 63.82804092415438
22.755555555555553 64.02896159110628
22.77111111111111 64.21704187080024
22.78666666666667 64.33188331672068
22.80222222222222 64.34613822323968
22.817777777777778 64.28264457859666
22.833333333333332 64.16843776315136
22.848888888888887 64.03061407001803
22.864444444444445 63.89798489902853
22.88 63.80127156546507
22.895555555555553 63.771295400895156
22.91111111111111 63.836932172930915
22.926666666666666 64.01707481225515
22.94222222222222 64.26652793579763
22.95777777777778 64.54870836256418
22.973333333333333 64.83629759467783
22.988888888888887 65.13261689469346
23.004444444444445 65.45940075024453
23.02 65.8386350291654
23.035555555555554 66.28676988213783
23.051111111111112 66.78060066813691
23.066666666666666 67.27962974509967
23.08222222222222 67.74328766246515
23.09777777777778 68.14140193715036
23.113333333333333 68.49576270612226
23.128888888888888 68.84436064272302
23.144444444444446 69.22519103663012
23.16 69.66589857101121
23.175555555555555 70.15760290820253
23.191111111111113 70.68337109559673
23.206666666666667 71.22682013636631
23.22222222222222 71.79168844496598
23.23777777777778 72.4302169798026
23.25333333333333 73.20358099289854
23.26888888888889 74.19632038422151
23.284444444444446 75.41800404638673
23.299999999999997 76.80265680493676
23.315555555555555 78.28938866298381
23.331111111111113 79.81755947212059
23.346666666666664 81.33702086543724
23.362222222222222 82.81172174902179
23.37777777777778 84.20660175755972
23.39333333333333 85.48722651436105
23.40888888888889 86.63345705494305
23.424444444444443 87.63939296525143
23.439999999999998 88.49974844783219
23.455555555555556 89.2088818964263
23.47111111111111 89.75614144252313
23.486666666666665 90.12717256762028
23.502222222222223 90.30753398913407
23.517777777777777 90.28733433879256
23.53333333333333 90.09917472367545
23.54888888888889 89.79882450527691
23.564444444444444 89.4422865097606
23.58 89.07888226636669
23.595555555555556 88.71474389129446
23.61111111111111 88.33882764623422
23.626666666666665 87.94004589430426
23.642222222222223 87.51442749270666
23.657777777777778 87.09057923482419
23.673333333333332 86.70642464715013
23.68888888888889 86.39988359506799
23.704444444444444 86.19155414349393
23.72 86.04539617474893
23.735555555555557 85.91381185323098
23.75111111111111 85.74930900263064
23.766666666666666 85.53394032822416
23.782222222222224 85.31958671612233
23.797777777777778 85.1682144706142
23.813333333333333 85.14106072270192
23.82888888888889 85.2387045020348
23.84444444444444 85.35642651527291
23.86 85.37898972385699
23.875555555555557 85.19473846460085
23.89111111111111 84.82925728265911
23.906666666666666 84.48526989864399
23.922222222222224 84.3772244747937
23.937777777777775 84.70864195953027
23.953333333333333 85.44709611215524
23.96888888888889 86.33246261356499
23.984444444444442 87.09319491157771
24.0 87.47740695640357
24.015555555555554 87.48462187020539
24.03111111111111 87.29613523522755
24.046666666666667 87.09728668751904
24.06222222222222 87.0489610274251
24.077777777777776 87.08733318469456
24.093333333333334 87.02764795698431
24.108888888888888 86.6839836703167
24.124444444444443 85.90779047590138
24.14 84.79113698241167
24.155555555555555 83.52143451146651
24.17111111111111 82.2863328246583
24.186666666666667 81.24162446620494
24.202222222222222 80.39627693315288
24.217777777777776 79.71698628766114
24.233333333333334 79.17044421811931
24.24888888888889 78.7208246826558
24.264444444444443 78.323927120147
24.28 77.93381195066695
24.295555555555556 77.50462097347588
24.31111111111111 77.01661603380717
24.326666666666668 76.51344430128904
24.342222222222222 76.04818134032848
24.357777777777777 75.67372044925355
24.373333333333335 75.426024739387
24.38888888888889 75.31062413377242
24.404444444444444 75.32987097348223
24.42 75.486026406689
24.435555555555553 75.7774954925527
24.45111111111111 76.19748606820792
24.46666666666667 76.73883903854733
24.48222222222222 77.39391307034725
24.497777777777777 78.14361916681355
24.513333333333335 78.95721905322193
24.528888888888886 79.80345189021216
24.544444444444444 80.65132490726205
24.56 81.47385343771327
24.575555555555553 82.24713663373245
24.59111111111111 82.94735286803143
24.606666666666666 83.55576983929086
24.62222222222222 84.10498468416904
24.637777777777778 84.65733396639826
24.653333333333332 85.27551811874775
24.668888888888887 86.01501130356974
24.684444444444445 86.88001839710068
24.7 87.85257569514408
24.715555555555554 88.91463115236672
24.73111111111111 90.05535439281437
24.746666666666666 91.300842745419
24.76222222222222 92.68896576874249
24.77777777777778 94.25759791707048
24.793333333333333 96.0327839633909
24.808888888888887 97.99649877229365
24.824444444444445 100.12045686887632
24.84 102.3763867663231
24.855555555555554 104.74542575112173
24.871111111111112 107.23443668281345
24.886666666666667 109.85463925586396
24.90222222222222 112.61726775482896
24.91777777777778 115.5356608355072
24.933333333333334 118.62743965904076
24.948888888888888 121.9107458374175
24.964444444444446 125.40397349772206
24.98 129.1402665309755
24.995555555555555 133.17540288253508
25.011111111111113 137.56708108712314
25.026666666666664 142.37326024717038
25.04222222222222 147.66089005151173
25.05777777777778 153.50496654876542
25.07333333333333 159.98095429737305
25.08888888888889 167.1702227412611
25.104444444444447 175.25616306668496
25.119999999999997 184.51313237104034
25.135555555555555 195.21867453028597
25.15111111111111 207.6538476865535
25.166666666666664 222.14366344131372
25.182222222222222 239.04303543334333
25.197777777777777 258.7074499046813
25.21333333333333 281.4695252183733
25.22888888888889 307.4622757594814
25.244444444444444 336.7156994844644
25.259999999999998 369.25893572767586
25.275555555555556 405.0761161975472
25.29111111111111 443.86836623932743
25.306666666666665 485.2270787457527
25.322222222222223 528.7434057199983
25.337777777777777 573.8659937642118
25.35333333333333 619.3864063917927
25.36888888888889 663.9069459666605
25.384444444444444 706.0299263772711
25.4 744.575152939768
25.415555555555557 779.103038274271
25.43111111111111 809.3314958932939
25.446666666666665 834.9788917535507
25.462222222222223 855.9504162754841
25.477777777777778 872.6253323063839
25.493333333333332 885.4569742907539
25.50888888888889 894.9033258522338
25.524444444444445 901.9587777660449
25.54 908.6457292871498
25.555555555555557 917.1027913766997
25.571111111111108 929.4841191421226
25.586666666666666 948.7475087266439
25.602222222222224 979.0273926345867
25.617777777777775 1024.5517626537849
25.633333333333333 1089.5169320226798
25.64888888888889 1177.2062118996653
25.66444444444444 1289.8739435559469
25.68 1429.7194921443074
25.695555555555558 1598.9728062564902
25.71111111111111 1800.4183367488495
25.726666666666667 2037.3230959529255
25.74222222222222 2312.9702043270663
25.757777777777775 2629.930276945641
25.773333333333333 2982.02884845379
25.788888888888888 3357.221944052984
25.804444444444442 3743.357014422243
25.82 4128.473709859012
25.835555555555555 4502.284420954782
25.85111111111111 4855.362775692234
25.866666666666667 5178.289518340146
25.88222222222222 5461.290834674045
25.897777777777776 5692.340077179662
25.913333333333334 5858.528675765226
25.92888888888889 5946.946007788727
25.944444444444443 5947.699613156774
25.96 5865.135047604314
25.975555555555555 5707.792424649728
25.99111111111111 5484.212481628322
26.006666666666668 5203.430267096811
26.022222222222222 4876.224401627042
26.037777777777777 4513.757741855088
26.053333333333335 4127.194048097521
26.06888888888889 3728.1956925928666
26.084444444444443 3329.7500235075513
26.099999999999998 2945.0620300650426
26.115555555555556 2587.3024657057986
26.13111111111111 2264.7845963102386
26.146666666666665 1975.976407042583
26.162222222222223 1718.1551224878067
26.177777777777777 1488.6159188078718
26.19333333333333 1285.7564749178641
26.20888888888889 1109.6981207689792
26.224444444444444 960.7121973839347
26.24 838.9969975258161
26.255555555555556 742.2933330343486
26.27111111111111 665.3547235361508
26.286666666666665 602.7544104761126
26.302222222222223 549.1849368456964
26.317777777777778 501.84111646978783
26.333333333333332 460.29275177592274
26.34888888888889 424.2046632951027
26.364444444444445 393.218090177623
26.38 366.67764280174094
26.395555555555553 343.7070876048124
26.41111111111111 323.42497948857863
26.426666666666666 304.99525249391513
26.44222222222222 288.03716612652397
26.45777777777778 272.4327301282169
26.473333333333333 258.0671296640461
26.488888888888887 244.82939995255788
26.504444444444445 232.63688512286774
26.52 221.41956074962968
26.535555555555554 211.1074607776767
26.551111111111112 201.6263516999403
26.566666666666666 192.87853292634486
26.58222222222222 184.7582799530917
26.59777777777778 177.1598612852905
26.613333333333333 169.99441663719722
26.628888888888888 163.24322949698217
26.644444444444446 156.90581000230077
26.66 150.98166418320523
26.675555555555555 145.45985237064644
26.69111111111111 140.29644263234047
26.706666666666667 135.4410052444697
26.72222222222222 130.84313017609213
26.737777777777776 126.45866675624029
26.753333333333334 122.25862568690809
26.76888888888889 118.21626823648955
26.784444444444443 114.30501725929548
26.8 110.51569429779681
26.815555555555555 106.8718110217194
26.83111111111111 103.40048578925985
26.846666666666668 100.12837472696162
26.862222222222222 97.05793163751821
26.877777777777776 94.15599745563497
26.893333333333334 91.3865615011332
26.90888888888889 88.71468734530777
26.924444444444443 86.13823945833144
26.94 83.69313021072333
26.955555555555556 81.417402873784
26.97111111111111 79.34635098280148
26.986666666666665 77.46085318719759
27.002222222222223 75.69186839198449
27.017777777777777 73.96850689015378
27.03333333333333 72.22498992403598
27.04888888888889 70.46560275052798
27.064444444444444 68.74546437496986
27.08 67.12083415446511
27.095555555555556 65.72936443317053
27.11111111111111 64.47330610117501
27.126666666666665 63.283947311057204
27.142222222222223 62.10339079470202
27.157777777777778 60.88021464462349
27.173333333333332 59.631296474483406
27.18888888888889 58.403541908406964
27.204444444444444 57.24399828644789
27.22 56.18780175610209
27.235555555555553 55.20325963130722
27.25111111111111 54.23660397128174
27.266666666666666 53.23173196845926
27.28222222222222 52.15354725805173
27.297777777777778 51.0532912311769
27.313333333333333 50.005392407916816
27.328888888888887 49.084273804284635
27.344444444444445 48.33735809398274
27.36 47.71669965407921
27.375555555555554 47.15578574781921
27.391111111111112 46.58836198784286
27.406666666666666 45.97579318906776
27.42222222222222 45.3505495160357
27.43777777777778 44.75638751398435
27.453333333333333 44.23680686679688
27.468888888888888 43.7993381770483
27.484444444444446 43.37885686637753
27.5 42.90148652545304
27.515555555555554 42.29432191564047
27.53111111111111 41.52873729092448
27.546666666666667 40.6445297266705
27.56222222222222 39.688816307035836
27.577777777777776 38.7084718600247
27.593333333333334 37.74132431102987
27.608888888888888 36.813659307972216
27.624444444444443 35.95101186594627
27.64 35.177771021350736
27.655555555555555 34.490914898859614
27.67111111111111 33.85941229685443
27.686666666666667 33.25096633467501
27.702222222222222 32.63577265510253
27.717777777777776 32.02509095785422
27.733333333333334 31.463837637309553
27.74888888888889 30.99792173820822
27.764444444444443 30.667437027492497
27.78 30.44322958213172
27.795555555555556 30.250675745946296
27.81111111111111 30.014357551590933
27.826666666666664 29.669316543543005
27.842222222222222 29.243618588488744
27.857777777777777 28.814083030141887
27.87333333333333 28.457958379128627
27.88888888888889 28.233875361290643
27.904444444444444 28.0740213761419
27.919999999999998 27.857999597923254
27.935555555555556 27.465241165010525
27.95111111111111 26.811069589552517
27.966666666666665 26.00008231176048
27.982222222222223 25.19870307912936
27.997777777777777 24.572142668244283
28.013333333333332 24.24025589832479
28.02888888888889 24.13311851006881
28.044444444444444 24.132088786593272
28.06 24.11853366780565
28.075555555555557 24.001632775292933
28.09111111111111 23.780096477800612
28.106666666666666 23.470615347787202
28.12222222222222 23.08988242315047
28.137777777777778 22.65562255677628
28.153333333333332 22.18818357910027
28.168888888888887 21.708323947681606
28.184444444444445 21.236751566470843
28.2 20.78700844361822
28.215555555555554 20.358115652793117
28.23111111111111 19.947338437251233
28.246666666666666 19.552008452834684
28.26222222222222 19.174031586613978
28.27777777777778 18.822765005885117
28.293333333333333 18.508251002176735
28.308888888888887 18.24022583479075
28.324444444444445 18.016132908916347
28.34 17.81721377180213
28.355555555555554 17.62360340649809
28.371111111111112 17.415927286876922
28.386666666666667 17.187615369713853
28.40222222222222 16.9458101450316
28.417777777777776 16.698326471080463
28.433333333333334 16.452340546598066
28.448888888888888 16.203413840902613
28.464444444444442 15.9369810222571
28.48 15.638137439389197
28.495555555555555 15.292740884575437
28.51111111111111 14.896774010096237
28.526666666666667 14.453405196533481
28.54222222222222 13.965955689569228
28.557777777777776 13.439060444295137
28.573333333333334 12.890516075011988
28.58888888888889 12.345705316500698
28.604444444444443 11.830102245278567
28.62 11.368314955852043
28.635555555555555 10.978254446297228
28.65111111111111 10.674709769047922
28.666666666666668 10.472452474632746
28.682222222222222 10.382006970112343
28.697777777777777 10.388142669021704
28.71333333333333 10.46626095927752
28.72888888888889 10.5921477991875
28.744444444444444 10.742315275121427
28.759999999999998 10.905764137989308
28.775555555555556 11.074946097372958
28.79111111111111 11.242313506054757
28.806666666666665 11.399717920429794
28.822222222222223 11.536713764762453
28.837777777777777 11.642306524565583
28.85333333333333 11.705503325308541
28.86888888888889 11.718189512767253
28.884444444444444 11.681045638710884
28.9 11.596426379973536
28.915555555555557 11.466702809669641
28.93111111111111 11.299921457981213
28.946666666666665 11.118093055091663
28.962222222222223 10.94533747944456
28.977777777777778 10.805677458768969
28.993333333333332 10.710097316848646
29.008888888888887 10.643537137856356
29.024444444444445 10.587841434842971
29.04 10.524937353087466
29.055555555555554 10.442489413554085
29.07111111111111 10.337534565703777
29.086666666666666 10.207974752676364
29.10222222222222 10.05175677375064
29.11777777777778 9.868711207570755
29.133333333333333 9.661199805512979
29.148888888888887 9.431762206009921
29.164444444444445 9.183151620905505
29.18 8.924091609208745
29.195555555555554 8.669930709103483
29.211111111111112 8.43636240304545
29.226666666666667 8.238517022786937
29.24222222222222 8.080359124418123
29.25777777777778 7.955598140500456
29.273333333333333 7.857562896679951
29.288888888888888 7.779533432241237
29.304444444444442 7.714072948030889
29.32 7.653199427220102
29.335555555555555 7.588917198656873
29.35111111111111 7.515828594690106
29.366666666666667 7.457731452951293
29.38222222222222 7.456792321420835
29.397777777777776 7.555463569761059
29.413333333333334 7.789218502967287
29.42888888888889 8.132183094477114
29.444444444444443 8.52663824192257
29.46 8.914593865607344
29.475555555555555 9.244749914392742
29.49111111111111 9.512559316779061
29.506666666666668 9.733421435743367
29.522222222222222 9.922810019289841
29.537777777777777 10.08812615419265
29.55333333333333 10.191408253520194
29.56888888888889 10.17886147541185
29.584444444444443 9.996674537408353
29.599999999999998 9.60839760412432
29.615555555555556 9.05659818339791
29.63111111111111 8.406311877884491
29.646666666666665 7.722575624458045
29.662222222222223 7.056032028684399
29.677777777777777 6.404062755338259
29.69333333333333 5.75173354755168
29.70888888888889 5.084117635030111
29.724444444444444 4.397904672498271
29.74 3.7248634111007277
29.755555555555556 3.103358204195274
29.77111111111111 2.5723907455654853
29.786666666666665 2.1528761919620365
29.802222222222223 1.8224113998097664
29.817777777777778 1.552624011506623
29.833333333333332 1.3151959839896108
29.848888888888887 1.0899044854351132
29.864444444444445 0.8731425214891715
29.88 0.6633430904848865
29.895555555555553 0.45905022255124095
29.91111111111111 0.2676166890229297
29.926666666666666 0.11145118178876601
29.94222222222222 0.014436533976663668
29.95777777777778 0.0
29.973333333333333 0.06933135041890637
29.988888888888887 0.19180144638755792
30.004444444444445 0.33433183948898204
30.02 0.464324350540096
30.035555555555554 0.564979657726326
30.051111111111112 0.6384995407699989
30.066666666666666 0.6882133437485436
30.08222222222222 0.7171561332564806
30.09777777777778 0.7214267512463266
30.113333333333333 0.695464889053369
30.128888888888888 0.6372832468732668
30.144444444444442 0.5223970573064207
30.16 0.36546147983074206
30.175555555555555 0.20210134889191522
30.19111111111111 0.06861768262365331
30.206666666666667 0.0
30.22222222222222 0.013376906174471515
30.237777777777776 0.11297694187089746
30.253333333333334 0.302742365092854
30.26888888888889 0.5857324739429259
30.284444444444443 0.9555012253564428
30.3 1.3998122634018273
30.315555555555555 1.9063469915313362
30.33111111111111 2.461045464183826
30.346666666666668 3.0347671681986412
30.362222222222222 3.5906386175615808
30.377777777777776 4.091723357980754
30.393333333333334 4.509745325160111
30.40888888888889 4.875040641523356
30.424444444444443 5.241742412062877
30.439999999999998 5.664957607542192
30.455555555555556 6.195371568530732
30.47111111111111 6.857988445279375
30.486666666666665 7.668564167803879
30.502222222222223 8.64284238020241
30.517777777777777 9.788129679436565
30.53333333333333 11.071144121107523
30.54888888888889 12.44641347941149
30.564444444444444 13.868463162493072
30.58 15.294997549417417
30.595555555555556 16.69643886466349
30.61111111111111 18.046389275732622
30.626666666666665 19.318450230626695
30.642222222222223 20.4824296406955
30.657777777777778 21.495481194074614
30.673333333333332 22.312123225806886
30.68888888888889 22.886885194517504
30.704444444444444 23.18309059628814
30.72 23.188637987558877
30.735555555555553 22.895685615135676
30.75111111111111 22.296464110325587
30.766666666666666 21.403072178010802
30.78222222222222 20.27439473453751
30.797777777777778 18.976046505925638
30.813333333333333 17.573633535192585
30.828888888888887 16.131600730147852
30.844444444444445 14.712075472963306
30.86 13.376909946161277
30.875555555555554 12.187566731217885
30.891111111111112 11.17506992440235
30.906666666666666 10.318680569869457
30.92222222222222 9.592624540081601
30.93777777777778 8.971399666322782
30.953333333333333 8.443353040984789
30.968888888888888 8.016987533629958
30.984444444444446 7.702395220465974
31.0 7.509095590193965
31.015555555555554 7.426162349201718
31.03111111111111 7.417113278512488
31.046666666666667 7.4438555709961065
31.06222222222222 7.4693215475257375
31.077777777777776 7.483464065694534
31.093333333333334 7.50531978179913
31.108888888888888 7.555363833068782
31.124444444444443 7.653228284595116
31.14 7.80151551080678
31.155555555555555 7.9870148648117265
31.17111111111111 8.19591638062252
31.186666666666667 8.415555430447512
31.202222222222222 8.651504154698046
31.217777777777776 8.923957616409325
31.233333333333334 9.253522378789967
31.24888888888889 9.659073904304137
31.264444444444443 10.137286348898556
31.28 10.669458067585879
31.295555555555556 11.236579429076187
31.31111111111111 11.82202188616509
31.326666666666664 12.434169686902237
31.342222222222222 13.096361926097757
31.357777777777777 13.832138822405454
31.37333333333333 14.659171447098629
31.38888888888889 15.543964833560267
31.404444444444444 16.426643821566927
31.419999999999998 17.24711417618755
31.435555555555556 17.956564622259407
31.45111111111111 18.588653552008168
31.466666666666665 19.21364612676132
31.482222222222223 19.901972673831892
31.497777777777777 20.71451171481192
31.513333333333332 21.645851853136605
31.52888888888889 22.666139842467373
31.544444444444444 23.74581023021358
31.56 24.86390216625523
31.575555555555557 26.04463760874944
31.59111111111111 27.327017495980385
31.606666666666666 28.75005117077501
31.62222222222222 30.34649187058426
31.637777777777778 32.121047145668626
31.653333333333332 34.07056877744333
31.668888888888887 36.191908141582076
31.684444444444445 38.476035664851224
31.7 40.89135298569374
31.715555555555554 43.400848671360336
31.73111111111111 45.96751097021934
31.746666666666666 48.552958607544724
31.76222222222222 51.11429973472934
31.77777777777778 53.60771523053302
31.793333333333333 55.989386302591356
31.808888888888887 58.21579325591779
31.824444444444445 60.244265232307725
31.84 62.03228092119707
31.855555555555554 63.53738411464997
31.87111111111111 64.73945882217822
31.886666666666667 65.67327260102456
31.90222222222222 66.3818687075252
31.917777777777776 66.90837006878542
31.933333333333334 67.30987892754376
31.948888888888888 67.67336560787737
31.964444444444442 68.08964457438799
31.98 68.64914946812712
31.995555555555555 69.40224522976712
32.011111111111106 70.32451715488037
32.02666666666667 71.38336839059104
32.04222222222222 72.54688378115793
32.05777777777777 73.83072413820071
32.07333333333334 75.32841019739851
32.08888888888889 77.14066576079881
32.10444444444444 79.36704832779594
32.120000000000005 82.04928542057883
32.135555555555555 85.14583206749569
32.151111111111106 88.60867547724399
32.166666666666664 92.39178410229079
32.18222222222222 96.52245596129274
32.19777777777777 101.12116453436636
32.21333333333333 106.31440524363813
32.22888888888889 112.22623848064381
32.24444444444444 118.9109298276328
32.26 126.34430321207878
32.275555555555556 134.49801076316987
32.29111111111111 143.3488972659403
32.306666666666665 152.99237470729793
32.32222222222222 163.6419442315904
32.337777777777774 175.51620402957974
32.35333333333333 188.83810295862838
32.36888888888889 203.9115029416048
32.38444444444444 221.111783051138
32.4 240.81678486284738
32.41555555555556 263.417350332722
32.43111111111111 289.5047696837978
32.446666666666665 319.82772566125595
32.46222222222222 355.1391320896206
32.477777777777774 396.2102959623828
32.49333333333333 444.05103546616965
32.50888888888889 499.83764510958065
32.52444444444444 564.7498191531198
32.54 639.91580804456
32.55555555555556 725.8962108340979
32.57111111111111 822.8993289338824
32.586666666666666 931.1281873543352
32.602222222222224 1050.6927051895082
32.617777777777775 1180.821388113133
32.63333333333333 1320.5211429336903
32.64888888888889 1468.333506541773
32.66444444444444 1622.7261567544278
32.68 1780.6589458642786
32.69555555555556 1938.3155146724648
32.71111111111111 2091.874155148537
32.72666666666667 2237.441703243234
32.742222222222225 2370.6134806931923
32.757777777777775 2486.76188172965
32.77333333333333 2581.2583778675007
32.78888888888889 2649.961904146029
32.80444444444444 2691.7902315801693
32.82 2706.8449091212115
32.83555555555556 2695.2300539354287
32.85111111111111 2657.3254850955536
32.86666666666667 2595.034325045489
32.882222222222225 2510.782905329608
32.897777777777776 2406.9980313011743
32.913333333333334 2286.264240817164
32.92888888888889 2151.9362079970624
32.94444444444444 2007.6032953921792
32.96 1856.8549219905785
32.97555555555556 1703.291578525587
32.99111111111111 1550.5616628600992
33.00666666666667 1402.3265274412488
33.022222222222226 1262.2475233076043
33.03777777777778 1133.2802055665456
33.05333333333333 1015.6678391020403
33.06888888888889 909.0022589320134
33.08444444444444 812.8752930082339
33.099999999999994 726.8213835546575
33.11555555555556 650.1786903745677
33.13111111111111 582.2434423817089
33.14666666666666 522.3118730723583
33.162222222222226 469.68817155467275
33.17777777777778 423.7008175063596
33.19333333333333 383.6829102661185
33.20888888888889 348.9678277364517
33.224444444444444 318.8656241102859
33.239999999999995 292.62008041013075
33.25555555555556 269.4649785742847
33.27111111111111 248.6346935062918
33.28666666666666 229.56737845638338
33.30222222222223 212.20195388512366
33.31777777777778 196.55287290195315
33.33333333333333 182.63409871583713
33.34888888888889 170.35892727335693
33.364444444444445 159.41759944514376
33.379999999999995 149.4704135736382
33.39555555555555 140.17865216901714
33.41111111111111 131.33739429297964
33.42666666666666 123.0098862132055
33.44222222222222 115.29137788795526
33.45777777777778 108.27632927631385
33.47333333333333 101.98299881226058
33.48888888888889 96.29107686409509
33.504444444444445 91.06557441992732
33.519999999999996 86.17242870199277
33.535555555555554 81.54428404295618
33.55111111111111 77.22414748674248
33.56666666666666 73.26538332155917
33.58222222222222 69.72059477968844
33.59777777777778 66.59985162594273
33.61333333333333 63.84903590809415
33.62888888888889 61.408706525242906
33.644444444444446 59.219106924882794
33.66 57.20638243583164
33.675555555555555 55.27722581828175
33.69111111111111 53.33690857621582
33.70666666666666 51.292545664144995
33.72222222222222 49.11873673048444
33.73777777777778 46.8754022712684
33.75333333333333 44.62793507873084
33.76888888888889 42.44021968410391
33.784444444444446 40.330023700638776
33.8 38.26158377439276
33.815555555555555 36.1961351421387
33.83111111111111 34.09699469097859
33.846666666666664 31.98150563647596
33.86222222222222 29.924691461340444
33.87777777777778 28.004389067656916
33.89333333333333 26.294995758609844
33.90888888888889 24.794104864566293
33.92444444444445 23.42376578152539
33.94 22.10284033590756
33.955555555555556 20.754927665724153
33.971111111111114 19.39568606152659
33.986666666666665 18.124321356994756
34.00222222222222 17.04306935130046
34.01777777777778 16.247757855082455
34.03333333333333 15.724772719934094
34.04888888888889 15.368728523320328
34.06444444444445 15.071400381203034
34.08 14.729967767428548
34.095555555555556 14.323423080651423
34.111111111111114 13.894226682031785
34.126666666666665 13.486499994115547
34.14222222222222 13.140110277962549
34.15777777777778 12.837417165158172
34.17333333333333 12.519458109487232
34.18888888888888 12.126364755835198
34.20444444444445 11.603266212737253
34.22 10.956011420328764
34.23555555555555 10.23090661136996
34.251111111111115 9.474992369364486
34.266666666666666 8.730996914005118
34.28222222222222 7.9942825711617616
34.29777777777778 7.230916814197599
34.31333333333333 6.406532626202193
34.32888888888888 5.492537234493739
34.34444444444445 4.517967947461102
34.36 3.544980173936551
34.37555555555555 2.6361244503450507
34.391111111111115 1.84965980091863
34.406666666666666 1.2047458108118008
34.42222222222222 0.699644486140528
34.43777777777778 0.3324209191130194
34.45333333333333 0.10082708664606344
34.468888888888884 0.0
34.48444444444444 0.023775584211989553
34.5 0.16598028792986952
34.51555555555555 0.4184242049969953
34.53111111111111 0.7574228889046708
34.54666666666667 1.1521083913821712
34.56222222222222 1.5715734298844382
34.577777777777776 2.0005290195996395
34.593333333333334 2.5344968785506126
34.608888888888885 3.3503911747824304
34.62444444444444 4.943635108825106
34.64 7.037679303927121
34.65555555555555 9.51433148222759
34.67111111111111 12.163667482309165
34.68666666666667 14.775507874425784
34.70222222222222 17.36544521752853
34.717777777777776 21.32717545883054
34.733333333333334 28.57427008990487
34.748888888888885 41.02125824015957
34.76444444444444 60.37133896404271
34.78 87.12628309447905
34.79555555555555 121.36386454414503
34.81111111111111 163.16137581434327
34.82666666666667 212.87531656066471
34.84222222222222 272.34427813493517
34.85777777777778 343.89672707901286
34.873333333333335 429.8614400456038
34.888888888888886 533.092423772014
34.904444444444444 659.0529716819075
34.92 814.0151203504776
34.93555555555555 1004.2511518422554
34.95111111111111 1232.2127477877048
34.96666666666667 1482.5490606639246
34.98222222222222 1734.7280248187449
34.99777777777778 1968.2169887870884
35.013333333333335 2166.19317326247
35.028888888888886 2328.0815036644935
35.044444444444444 2457.753664716889
35.06 2559.0814532050736
35.07555555555555 2634.2113823151753
35.09111111111111 2678.174032346818
35.10666666666667 2684.165639837137
35.12222222222222 2645.3824412423055
35.13777777777778 2557.4698341304124
35.153333333333336 2425.604452312552
35.16888888888889 2257.281174600187
35.184444444444445 2059.9948951737
35.2 1842.0089024106892
35.215555555555554 1614.413404736079
35.23111111111111 1388.948552010721
35.24666666666667 1177.3542711382443
35.26222222222222 988.7577147229865
35.27777777777778 823.1805088995687
35.29333333333334 678.6619417951707
35.30888888888889 553.2413509811566
35.324444444444445 445.1895443381019
35.34 353.54306482942127
35.355555555555554 277.4965830627615
35.371111111111105 216.24468099784303
35.38666666666667 168.7676748693243
35.40222222222222 133.37160779605097
35.41777777777777 108.2302252210003
35.43333333333334 91.51729817408216
35.44888888888889 81.4438014704723
35.46444444444444 76.33231825108851
35.480000000000004 74.52627288193446
35.495555555555555 74.3695147000434
35.511111111111106 74.61629984512297
35.52666666666667 75.1970494480745
35.54222222222222 76.25155625464015
35.55777777777777 77.91952376949268
35.57333333333334 80.27919151890956
35.58888888888889 83.24017005715552
35.60444444444444 86.6834072076831
35.620000000000005 90.48993980392811
35.635555555555555 94.58691783256722
35.651111111111106 99.0228582721927
35.666666666666664 103.86600860867941
35.68222222222222 109.18474899290186
35.69777777777777 115.02852185784207
35.71333333333333 121.39430909744533
35.72888888888889 128.27253040540427
35.74444444444444 135.65357886523236
35.76 143.51911322029275
35.775555555555556 151.82950628553203
35.79111111111111 160.54194966215653
35.806666666666665 169.61376003064902
35.82222222222222 179.03638905489106
35.837777777777774 188.88157927489283
35.85333333333333 199.23260762786708
35.86888888888889 210.17260020481262
35.88444444444444 221.7497136030438
35.9 233.93255954516314
35.91555555555556 246.67874668609272
35.93111111111111 259.9460126981519
35.946666666666665 273.7179891554091
35.96222222222222 288.0353793563917
35.977777777777774 302.9465012821262
35.99333333333333 318.498829154231
36.00888888888889 334.59088666489527
36.02444444444444 350.80248498055016
36.04 366.6723455954078
36.05555555555556 381.7395407870829
36.07111111111111 395.5983863783259
36.086666666666666 407.95817180732035
36.102222222222224 418.54253559350593
36.117777777777775 427.07517355507457
36.13333333333333 433.2879322199627
36.14888888888889 436.9291885228831
36.16444444444444 437.7493201890089
36.18 435.50010892301646
36.19555555555556 430.1156683757157
36.21111111111111 421.8911295465282
36.22666666666667 411.16870349228645
36.242222222222225 398.28387840776054
36.257777777777775 383.5748801771633
36.27333333333333 367.38399025503566
36.28888888888889 350.0550789198028
36.30444444444444 331.93249023397357
36.32 313.41336783735403
36.33555555555556 294.99504987551813
36.35111111111111 277.18606484707743
36.36666666666667 260.4931661992116
36.382222222222225 245.23752068406054
36.397777777777776 231.39458123579288
36.413333333333334 218.90206094703
36.42888888888889 207.6977401188658
36.44444444444444 197.72604311985515
36.46 188.9435658685187
36.47555555555556 181.30820566157377
36.49111111111111 174.77795303392782
36.50666666666666 169.31957420331958
36.522222222222226 164.91567376729256
36.53777777777778 161.55051839759028
36.55333333333333 159.2082230586875
36.56888888888889 157.85921833666885
36.58444444444444 157.449559605353
36.599999999999994 157.92278632277248
36.61555555555556 159.22316068528642
36.63111111111111 161.35783545503898
36.64666666666666 164.4447222861803
36.662222222222226 168.61300144780307
36.67777777777778 173.99141505252237
36.69333333333333 180.6717056150237
36.70888888888889 188.68107568472863
36.724444444444444 198.04024123216254
36.739999999999995 208.76971754786473
36.75555555555556 220.87347864131755
36.77111111111111 234.32686927883083
36.78666666666666 249.10238547027666
36.80222222222222 265.17136474801737
36.81777777777778 282.41140401980886
36.83333333333333 300.538832472378
36.84888888888889 319.2540563273096
36.864444444444445 338.25674274152016
36.879999999999995 357.1884251226991
36.89555555555555 375.588149651002
36.91111111111111 392.98506175743773
36.92666666666666 408.9092384295808
36.94222222222222 422.9301235566239
36.95777777777778 434.68443088080244
36.97333333333333 443.81545858515653
36.98888888888889 449.9687838882752
37.004444444444445 452.9702614953262
37.019999999999996 452.95358284958775
37.035555555555554 450.0825430018979
37.05111111111111 444.52150586054336
37.06666666666666 436.4799799339653
37.08222222222222 426.24464392226866
37.09777777777778 414.1097334935479
37.11333333333333 400.37009787665477
37.12888888888889 385.3697013582299
37.144444444444446 369.5367049708766
37.16 353.30754514750515
37.175555555555555 337.11788463132905
37.19111111111111 321.3405719485852
37.20666666666666 306.2402742540345
37.22222222222222 292.0709622427355
37.23777777777778 279.08572526162254
37.25333333333333 267.46466817907526
37.26888888888889 257.2613868326058
37.284444444444446 248.5168645936634
37.3 241.27215411243515
37.315555555555555 235.57419413729087
37.33111111111111 231.4802105986946
37.346666666666664 229.0484658793356
37.36222222222222 228.33760614082598
37.37777777777778 229.43992655906015
37.39333333333333 232.50712505775084
37.40888888888889 237.69696164232892
37.42444444444445 245.1684447767368
37.44 255.19426490633066
37.455555555555556 268.25020143323536
37.471111111111114 284.83307345575895
37.486666666666665 305.43850542367136
37.50222222222222 330.44839964151606
37.51777777777778 360.03869231925034
37.53333333333333 394.36361026435316
37.54888888888889 433.5783365238548
37.56444444444445 477.9338871147121
37.58 527.8575673171113
37.595555555555556 583.7956289287955
37.611111111111114 646.1867069319472
37.626666666666665 714.6606730645121
37.64222222222222 787.3302811535916
37.65777777777778 862.1420120658731
37.67333333333333 937.0458175222745
37.68888888888888 1010.3440975022813
37.70444444444445 1081.0118725548946
37.72 1148.0998095810482
37.73555555555555 1210.6555138495744
37.751111111111115 1267.3511281489564
37.766666666666666 1316.1268832894252
37.78222222222222 1354.8385388899917
37.79777777777778 1381.3485237508326
37.81333333333333 1394.410197030428
37.82888888888888 1394.5543402526432
37.84444444444445 1382.5226805362145
37.86 1359.0578734600663
37.87555555555555 1325.0391499951097
37.891111111111115 1281.6251396065318
37.906666666666666 1230.0086398280064
37.92222222222222 1171.3840729164817
37.93777777777778 1107.2122064652435
37.95333333333333 1039.513640600123
37.968888888888884 970.3796620276844
37.98444444444444 901.8985650055855
38.0 835.6044334009072
38.01555555555555 771.832069666035
38.03111111111111 710.7596238458451
38.04666666666667 652.5655837426957
38.06222222222222 597.5002254104032
38.077777777777776 545.9740836095305
38.093333333333334 498.4193910460698
38.108888888888885 455.2672309355023
38.12444444444444 416.6631801378627
38.14 382.0939390805794
38.15555555555555 350.953566205578
38.17111111111111 322.6365511968512
38.18666666666667 296.66526744777116
38.20222222222222 272.86781975701194
38.217777777777776 251.1170397449523
38.233333333333334 231.28574027840932
38.248888888888885 213.23992416413614
38.26444444444444 196.82869191736904
38.28 181.89856650636443
38.29555555555555 168.29609805954885
38.31111111111111 155.8803109099381
38.32666666666667 144.54244241241418
38.34222222222222 134.17886002886166
38.35777777777778 124.68596186685352
38.373333333333335 115.97864893220026
38.388888888888886 108.02287226906526
38.404444444444444 100.79047343285583
38.42 94.2544291130323
38.43555555555555 88.37770302806973
38.45111111111111 83.09496850323524
38.46666666666667 78.33595822913162
38.48222222222222 74.03042006779253
38.49777777777778 70.12684318394531
38.513333333333335 66.62897071504051
38.528888888888886 63.55067845103213
38.544444444444444 60.905834702783864
38.56 58.69330507425025
38.57555555555555 56.86551150311175
38.59111111111111 55.36591613380858
38.60666666666667 54.13798379663967
38.62222222222222 53.13530232968651
38.63777777777778 52.344442216207085
38.653333333333336 51.75868009806936
38.66888888888889 51.37129036998567
38.684444444444445 51.15557334916798
38.7 51.01617119707066
38.715555555555554 50.842985310441804
38.73111111111111 50.52591787346296
38.74666666666667 49.981627449856774
38.76222222222222 49.2240296254198
38.77777777777778 48.28913132343678
38.79333333333334 47.21293943859894
38.80888888888889 46.019489436444815
38.82444444444444 44.68669500007843
38.84 43.181364213945585
38.855555555555554 41.47030515652159
38.871111111111105 39.535865900165504
38.88666666666667 37.423991439001156
38.90222222222222 35.19689349057319
38.91777777777777 32.91678377349501
38.93333333333334 30.638284150180084
38.94888888888889 28.382950938527415
38.96444444444444 26.163338296469192
38.980000000000004 23.992000185452298
38.995555555555555 21.88363529362914
39.011111111111106 19.86291126103788
39.02666666666667 17.957389993663583
39.04222222222222 16.194633703939417
39.05777777777777 14.595027628206935
39.07333333333334 13.143280378795794
39.08888888888889 11.813035939516567
39.10444444444444 10.577934902537777
39.12 9.419581782257296
39.135555555555555 8.362026883900853
39.151111111111106 7.4446554940030865
39.166666666666664 6.704361582899651
39.18222222222222 6.164334793306352
39.19777777777777 5.762084021957548
39.21333333333333 5.404655223802251
39.22888888888889 4.999057675521044
39.24444444444444 4.470362067696783
39.26 3.855218713938598
39.275555555555556 3.232841774874828
39.29111111111111 2.6825297185403087
39.306666666666665 2.2707804716039846
39.32222222222222 1.9785621422314534
39.337777777777774 1.7517916516485457
39.35333333333333 1.536279904127241
39.36888888888889 1.285042988979626
39.38444444444444 1.0033448455524194
39.4 0.719480249099206
39.41555555555556 0.46184456862533807
39.43111111111111 0.25653955894756564
39.446666666666665 0.11154961747661218
39.46222222222222 0.026259005934662127
39.477777777777774 0.0
39.49333333333333 0.030729174410566884
39.50888888888889 0.10451713608028967
39.52444444444444 0.2013514483411427
39.54 0.30117048845738736
39.55555555555556 0.38709638426814763
39.57111111111111 0.4724756298195416
39.586666666666666 0.5873510538071969
39.602222222222224 0.7619411563305221
39.617777777777775 1.0220968506566805
39.63333333333333 1.3478801871821133
39.64888888888889 1.6920184882236526
39.66444444444444 2.0068730993032204
39.68 2.2483149233803488
39.69555555555556 2.4130786635728327
39.71111111111111 2.5242937234319243
39.72666666666667 2.605530805479475
39.742222222222225 2.6788337236358757
39.757777777777775 2.746374600836589
39.77333333333333 2.796419998559486
39.78888888888889 2.8169506953569226
39.80444444444444 2.7974127671699307
39.82 2.7487237184565174
39.83555555555556 2.698100715008195
39.85111111111111 2.6731671795222383
39.86666666666667 2.701466295390901
39.882222222222225 2.809743473140088
39.897777777777776 3.0232841377170416
39.913333333333334 3.366448108766008
39.92888888888889 3.862672521230479
39.94444444444444 4.504165309524865
39.96 5.255109090897804
39.97555555555556 6.078692131982734
39.99111111111111 6.938976085543686
40.00666666666666 7.819333790161977
40.022222222222226 8.722027312710452
40.03777777777778 9.650107701760248
40.05333333333333 10.60599778110452
40.06888888888889 11.575801055837019
40.08444444444444 12.528189639453672
40.099999999999994 13.430984703030731
40.11555555555556 14.25408577573046
40.13111111111111 15.031840827963038
40.14666666666666 15.873925956269431
40.162222222222226 16.894288162937414
40.17777777777778 18.204847608406567
40.19333333333333 19.84103999358831
40.20888888888889 21.740260414901286
40.224444444444444 23.833482408115856
40.239999999999995 26.054865119041096
40.25555555555556 28.48837210147019
40.27111111111111 31.42908208190795
40.28666666666666 35.18797577274643
40.30222222222222 40.076798889005886
40.31777777777778 46.45348662535275
40.33333333333333 54.74773452487091
40.34888888888889 65.39543057724211
40.364444444444445 78.86460042914575
40.379999999999995 98.21219341395658
40.39555555555555 130.94253509590442
40.41111111111111 184.9982421956422
40.42666666666666 268.2837674176319
40.44222222222222 384.3872908601551
40.45777777777778 528.6719296651958
40.47333333333333 695.5753302846243
40.48888888888889 879.5598708891737
40.504444444444445 1079.1170566283354
40.519999999999996 1301.286625168179
40.535555555555554 1554.1995074702022
40.55111111111111 1845.9732574063582
40.56666666666666 2180.923326709407
40.58222222222222 2554.349945138638
40.59777777777778 2960.2465314661904
40.61333333333333 3392.595583911337
40.62888888888889 3839.301843021299
40.644444444444446 4272.098489831648
40.66 4660.058648893866
40.675555555555555 4972.26200219865
40.69111111111111 5187.272670634986
40.70666666666666 5312.093129690334
40.72222222222222 5359.033550539201
40.73777777777778 5340.403666238798
40.75333333333333 5265.432843761316
40.76888888888889 5132.878963354704
40.784444444444446 4939.284117529168
40.8 4681.191571387429
40.815555555555555 4361.010046093905
40.83111111111111 4003.751772807871
40.846666666666664 3639.8730758083598
40.86222222222222 3299.830279367568
40.87777777777778 3005.6638652528436
40.89333333333333 2742.4751221051256
40.90888888888889 2485.2334299788745
40.92444444444445 2208.9078950928024
40.94 1895.9225079007433
40.955555555555556 1566.0782597122734
40.971111111111114 1250.8654612384448
40.986666666666665 981.778406088139
41.00222222222222 784.5741105975528
41.01777777777778 652.0256239732073
41.03333333333333 565.1417685894894
41.04888888888889 504.91685173313124
41.06444444444445 453.9929578678177
41.08 405.92793416460347
41.095555555555556 358.71840604954934
41.111111111111114 310.37493235006514
41.126666666666665 259.511214430039
41.142222222222216 209.38867641000786
41.15777777777778 165.42239122876128
41.17333333333333 133.03919779281944
41.18888888888888 116.93024907627205
41.20444444444445 115.1862657066954
41.22 122.41398856210708
41.23555555555555 133.1887149106857
41.251111111111115 142.49596614864504
41.266666666666666 149.6609110091723
41.28222222222222 156.61730408439212
41.29777777777778 165.33454109383797
41.31333333333333 177.6486077046725
41.32888888888888 193.71217822343988
41.34444444444445 212.52554437039453
41.36 233.06657649511817
41.37555555555555 254.34097416792054
41.391111111111115 275.77925513203263
41.406666666666666 297.1433186165176
41.42222222222222 318.2053822584703
41.437777777777775 338.74976252218755
41.45333333333333 358.3981470106596
41.468888888888884 376.6862078091632
41.48444444444444 393.1458633214587
41.5 407.31081686127357
41.51555555555555 418.7570375392106
41.53111111111111 427.1034451809411
41.54666666666667 431.9708815168019
41.56222222222222 432.98806179126393
41.577777777777776 430.02545265218987
41.593333333333334 423.2347155529824
41.608888888888885 412.7844481028202
41.62444444444444 398.84613436969505
41.64 381.7968415200871
41.65555555555555 362.2872184435588
41.67111111111111 340.9869465050824
41.68666666666667 318.56402581598195
41.70222222222222 295.5877592552904
41.717777777777776 272.4757081415796
41.733333333333334 249.97831200723738
41.748888888888885 228.30007783909525
41.76444444444444 207.6007039967327
41.78 188.0143872981963
41.79555555555555 169.65757043227143
41.81111111111111 152.64648582182656
41.82666666666667 137.06519753428836
41.84222222222222 122.9313021175534
41.85777777777778 110.25417113905053
41.873333333333335 99.04307262093153
41.888888888888886 89.27492005922522
41.904444444444444 80.8485018881587
41.92 73.6510496254798
41.93555555555555 67.56978469451747
41.95111111111111 62.48291006876525
41.96666666666667 58.24302508911626
41.98222222222222 54.69821628257603
41.99777777777778 51.69657441813115
42.013333333333335 49.11138818594088
42.028888888888886 46.90057076299047
42.044444444444444 45.03978076634985
42.06 43.50467680200734
42.07555555555555 42.268736067580335
42.09111111111111 41.29672512762363
42.10666666666667 40.55123661565517
42.12222222222222 39.99486315432944
42.13777777777778 39.59349535376407
42.15333333333333 39.32873409832018
42.16888888888889 39.186853144667
42.184444444444445 39.15412701378739
42.199999999999996 39.2158178006232
42.215555555555554 39.35140848653225
42.23111111111111 39.539378863271395
42.24666666666666 39.75649147710919
42.26222222222222 39.984278270755226
42.27777777777778 40.23545863395077
42.29333333333333 40.53572730383462
42.30888888888889 40.91082430937797
42.324444444444445 41.384195497928545
42.339999999999996 41.96004071629466
42.355555555555554 42.63294801098459
42.37111111111111 43.39743445422414
42.38666666666666 44.24775327775046
42.40222222222222 45.1754268431265
42.41777777777778 46.17036316959411
42.43333333333333 47.22244927435031
42.44888888888889 48.321189866609984
42.464444444444446 49.451123469583536
42.48 50.59331798096093
42.495555555555555 51.72877019363
42.51111111111111 52.83993832319868
42.526666666666664 53.933648889034885
42.54222222222222 55.03685467416403
42.55777777777778 56.17711173602129
42.57333333333333 57.381407983225586
42.58888888888889 58.66419952676347
42.60444444444445 60.02770110772724
42.62 61.47361741407258
42.635555555555555 63.00347353312611
42.65111111111111 64.61333451734777
42.666666666666664 66.29294539935461
42.68222222222222 68.03169845991499
42.69777777777778 69.81919227861806
42.71333333333333 71.65418505295577
42.72888888888889 73.54803828554805
42.74444444444444 75.51303058258588
42.76 77.56133128547833
42.775555555555556 79.69739729907758
42.79111111111111 81.91301371289796
42.806666666666665 84.19878715534048
42.82222222222222 86.54542873767105
42.837777777777774 88.95705533168712
42.85333333333333 91.46424020203472
42.86888888888889 94.10065578248009
42.88444444444444 96.8999604750669
42.9 99.89168372112692
42.91555555555556 103.09604910823111
42.93111111111111 106.53154129548795
42.946666666666665 110.21558553185218
42.96222222222222 114.16530196686858
42.977777777777774 118.39457673847426
42.99333333333333 122.91671065238984
43.00888888888889 127.74500483265149
43.02444444444444 132.89986752700497
43.04 138.42714128419357
43.05555555555556 144.3783560317305
43.07111111111111 150.8050416887752
43.086666666666666 157.7543404671094
43.102222222222224 165.253989222933
43.117777777777775 173.3263618632326
43.13333333333333 181.9938321047223
43.14888888888889 191.2966795589423
43.16444444444444 201.3734889849585
43.18 212.3964052898599
43.19555555555556 224.53760218031402
43.21111111111111 237.95786074888645
43.22666666666667 252.73968443905005
43.242222222222225 268.93268234253674
43.257777777777775 286.58634992929797
43.27333333333333 305.77778323270945
43.28888888888889 326.82268631970067
43.30444444444444 350.1575257762281
43.32 376.22085206659483
43.33555555555555 405.44647313431165
43.35111111111111 438.2370269592433
43.36666666666667 474.91788484418544
43.38222222222222 515.8348942141895
43.397777777777776 561.3444674016521
43.413333333333334 611.9516513471949
43.428888888888885 668.2755214363619
43.44444444444444 730.9380637717711
43.46 800.5772947370831
43.47555555555555 878.1588106195127
43.49111111111111 964.9544529669535
43.50666666666667 1062.247820612272
43.52222222222222 1171.2895596188364
43.53777777777778 1292.357158639898
43.553333333333335 1424.6178211616593
43.568888888888885 1567.1782228571878
43.58444444444444 1719.1586600422163
43.6 1880.3067664271537
43.61555555555555 2051.2467106920303
43.63111111111111 2232.667876310131
43.64666666666667 2425.2367187253562
43.66222222222222 2627.7630524543256
43.67777777777778 2835.861833447531
43.693333333333335 3044.8324722249035
43.708888888888886 3249.977426194245
43.724444444444444 3447.1327329961623
43.74 3633.273968079987
43.75555555555555 3805.5232944642503
43.77111111111111 3961.0028368548324
43.78666666666667 4096.8125746649985
43.80222222222222 4209.993229522232
43.81777777777778 4297.575716319546
43.833333333333336 4356.591038988413
43.84888888888889 4384.678137783147
43.864444444444445 4381.535000745189
43.88 4347.295118596638
43.89555555555555 4282.092380987851
43.91111111111111 4186.530122381688
43.92666666666666 4063.2375947103096
43.94222222222222 3915.3922491751473
43.95777777777778 3746.1715454974988
43.97333333333333 3558.9576129924885
43.98888888888889 3358.2659364687415
44.004444444444445 3149.0021011882955
44.019999999999996 2936.072052246632
44.035555555555554 2724.0882789268258
44.05111111111111 2515.5586670804946
44.06666666666666 2312.072368727146
44.08222222222222 2115.2147031905006
44.09777777777778 1926.5729558568314
44.11333333333333 1747.7529889710067
44.12888888888889 1580.3708884358603
44.144444444444446 1426.0428464056472
44.16 1286.2544127590995
44.175555555555555 1160.8221417953519
44.19111111111111 1048.4098767874016
44.20666666666666 947.6585300377769
44.22222222222222 857.2298835698263
44.23777777777778 776.1602276560516
44.25333333333333 703.8097148718169
44.26888888888889 639.5491712444513
44.284444444444446 582.7451743845573
44.3 532.6509691374621
44.315555555555555 488.39704456382697
44.33111111111111 449.107752934317
44.346666666666664 413.91253833767655
44.36222222222222 382.1611767082503
44.37777777777778 353.50333282894644
44.39333333333333 327.6101502352416
44.40888888888889 304.1533805387779
44.42444444444445 282.854042937749
44.44 263.5179501438397
44.455555555555556 245.95929155808335
44.47111111111111 229.99226429335624
44.486666666666665 215.43259121564267
44.50222222222222 202.09934660003273
44.51777777777777 189.81205011838165
44.53333333333333 178.39027499468057
44.54888888888889 167.70169384163626
44.56444444444444 157.74835836429008
44.58 148.55520502660625
44.595555555555556 140.1478805354958
44.61111111111111 132.52708069784876
44.626666666666665 125.6010373800907
44.64222222222222 119.25656826714078
44.657777777777774 113.38049103741218
44.67333333333333 107.87320964036155
44.68888888888889 102.70137406427682
44.70444444444444 97.8517951371415
44.72 93.31128843769648
44.73555555555556 89.06537417941911
44.75111111111111 85.09119168542259
44.766666666666666 81.36254463185071
44.782222222222224 77.85322812682466
44.797777777777775 74.53687647624872
44.81333333333333 71.38571960923741
44.82888888888889 68.37126228571242
44.84444444444444 65.4650032043736
44.86 62.64094620471565
44.87555555555556 59.90347649509522
44.89111111111111 57.277195056891856
44.906666666666666 54.787068529617954
44.922222222222224 52.45673928462054
44.937777777777775 50.286553710206135
44.95333333333333 48.25695903254871
44.96888888888889 46.347762868063114
44.98444444444444 44.53933814779816
45.0 42.82749377822313
45.01555555555556 41.22496146016999
45.03111111111111 39.74533636146043
45.04666666666667 38.40180265262359
45.06222222222222 37.18811477954068
45.077777777777776 36.07058574727819
45.093333333333334 35.01361271115343
45.108888888888885 33.982592817116824
45.12444444444444 32.961727833931604
45.14 31.97457104658133
45.15555555555555 31.04876999828116
45.17111111111111 30.211950970150497
45.18666666666667 29.48518253341058
45.20222222222222 28.873737015867277
45.217777777777776 28.380556325251177
45.233333333333334 28.008578056292095
45.248888888888885 27.74748537117921
45.26444444444444 27.544421488338685
45.28 27.338012465105635
45.29555555555555 27.066884352745546
45.31111111111111 26.681694417158837
45.32666666666667 26.18514835799124
45.34222222222222 25.594023539290788
45.35777777777778 24.925097551043564
45.373333333333335 24.19412687882175
45.388888888888886 23.410870386862825
45.404444444444444 22.58290416993873
45.42 21.7178011828629
45.43555555555555 20.822887928334694
45.45111111111111 19.903492937027977
45.46666666666667 18.963975154133777
45.48222222222222 18.00868711317287
45.49777777777778 17.041966957313548
45.513333333333335 16.0679869894974
45.528888888888886 15.090813170403976
45.544444444444444 14.115410577551415
45.56 13.145837035113573
45.57555555555555 12.195661236752017
45.59111111111111 11.286655246121313
45.60666666666667 10.440836441914257
45.62222222222222 9.67933434878239
45.63777777777778 8.998608562666163
45.65333333333333 8.367827986480393
45.66888888888889 7.75474784084372
45.684444444444445 7.127663778753686
45.699999999999996 6.482542859024193
45.715555555555554 5.85571161148448
45.73111111111111 5.2866884767272495
45.74666666666666 4.814809798610213
45.76222222222222 4.457414132633062
45.77777777777778 4.189135985734879
45.79333333333333 3.9797060769783457
45.80888888888889 3.7988776139962965
45.824444444444445 3.627744925162233
45.839999999999996 3.4771266811347914
45.855555555555554 3.362651981699628
45.87111111111111 3.2999494709736155
45.88666666666666 3.2934765061879716
45.90222222222222 3.3084464779564087
45.91777777777778 3.299491372794705
45.93333333333333 3.2215444231246693
45.94888888888889 3.0394944975869294
45.964444444444446 2.7662844782715865
45.98 2.4298025060169266
45.995555555555555 2.0579414595957815
46.01111111111111 1.6776023512395568
46.026666666666664 1.3087491498987447
46.04222222222222 0.9683841622409091
46.05777777777778 0.6734986047290477
46.07333333333333 0.43953795188679123
46.08888888888889 0.26636625697653926
46.10444444444445 0.1448237326256958
46.12 0.07209204618845888
46.135555555555555 0.058659921802927784
46.15111111111111 0.07149025640342188
46.166666666666664 0.10530070496531607
46.18222222222222 0.15485338694281836
46.19777777777778 0.21490372104040034
46.21333333333333 0.2800403598370167
46.22888888888889 0.3446777655092319
46.24444444444444 0.4032222137542476
46.26 0.4501149398686266
46.275555555555556 0.48143023728800927
46.29111111111111 0.495537361471861
46.306666666666665 0.49097773161031455
46.32222222222222 0.4663236922719989
46.337777777777774 0.4236702748521566
46.35333333333333 0.37183885692206786
46.36888888888889 0.32040778099769796
46.38444444444444 0.2789494977223512
46.4 0.25395800885166864
46.41555555555556 0.24381304672158421
46.43111111111111 0.24557310219097417
46.446666666666665 0.25629663485631227
46.46222222222222 0.271389877690126
46.477777777777774 0.28013650479488206
46.49333333333333 0.2704023037584875
46.50888888888889 0.23005305630886141
46.52444444444444 0.15369257105919587
46.54 0.06637540534779873
46.55555555555556 0.003259708667542327
46.57111111111111 0.0
46.586666666666666 0.08622398201316628
46.602222222222224 0.24573701064866782
46.617777777777775 0.44129476112857446
46.63333333333333 0.6355421333250888
46.64888888888889 0.7940684129310966
46.66444444444444 0.9159529903791963
46.68 1.0215362233193446
46.69555555555556 1.1314976069063505
46.71111111111111 1.265576445185502
46.72666666666667 1.4264703961763416
46.742222222222225 1.6020489360396368
46.757777777777775 1.7796867306981312
46.77333333333333 1.9469285353626447
46.788888888888884 2.0968050256878996
46.80444444444444 2.228882495110952
46.82 2.3431092852381425
46.83555555555555 2.4394758922207984
46.85111111111111 2.5209450065514147
46.86666666666667 2.595360513479818
46.88222222222222 2.6710199603689944
46.897777777777776 2.7561851246515516
46.913333333333334 2.8504287236573873
46.928888888888885 2.9333629087110467
46.94444444444444 2.9818077497791364
46.96 2.97258684847111
46.97555555555555 2.897063912742169
46.99111111111111 2.794277941253654
47.00666666666667 2.7130243289245755
47.02222222222222 2.702098464763594
47.03777777777778 2.799029607049647
47.053333333333335 2.9877963551004996
47.068888888888885 3.2364831728258423
47.08444444444444 3.513171973899375
47.1 3.787771298740381
47.11555555555555 4.042947251239525
47.13111111111111 4.266805803261718
47.14666666666667 4.447473154088698
47.16222222222222 4.576639145126819
47.17777777777778 4.683842751982752
47.193333333333335 4.8214434802534925
47.208888888888886 5.042115408614677
47.224444444444444 5.394835764881805
47.24 5.8648573270127144
47.25555555555555 6.3836866155526195
47.27111111111111 6.88114709834133
47.28666666666667 7.289062435720439
47.30222222222222 7.602187247558277
47.31777777777778 7.8893536472292
47.333333333333336 8.223641848039051
47.34888888888889 8.677585521648325
47.364444444444445 9.28435351276039
47.379999999999995 10.011985918615778
47.39555555555555 10.822410407417351
47.41111111111111 11.677596304276676
47.42666666666666 12.551166959339184
47.44222222222222 13.44429232981804
47.45777777777778 14.362121431433593
47.47333333333333 15.30980342532905
47.48888888888889 16.29396615134931
47.504444444444445 17.32634426193647
47.519999999999996 18.4197740744695
47.535555555555554 19.587091900218866
47.55111111111111 20.83904472554582
47.56666666666666 22.175672605181944
47.58222222222222 23.593595084296908
47.59777777777778 25.089430197046113
47.61333333333333 26.66237330634999
47.62888888888889 28.331583407992184
47.644444444444446 30.125538493591876
47.66 32.0731248114389
47.675555555555555 34.20364110038577
47.69111111111111 36.547562242220124
47.70666666666666 39.138039785832234
47.72222222222222 42.00825789368355
47.73777777777778 45.1893406147484
47.75333333333333 48.668824639548575
47.76888888888889 52.39266892067042
47.784444444444446 56.30517450203081
47.8 60.35161923550163
47.815555555555555 64.51936436609685
47.83111111111111 68.85294297819712
47.846666666666664 73.40097174742994
47.86222222222222 78.21172767631288
47.87777777777778 83.29113022054776
47.89333333333333 88.56214881375729
47.90888888888889 93.93812610197904
47.92444444444445 99.33241871781274
47.94 104.67269979619994
47.955555555555556 109.92795565134782
47.97111111111111 115.07458042646158
47.986666666666665 120.08896825834529
48.00222222222222 124.95463878308294
48.01777777777777 129.686102607547
48.03333333333333 134.3062937082109
48.04888888888889 138.8381462234338
48.06444444444444 143.2961224741291
48.08 147.63834992528848
48.095555555555556 151.79996941265154
48.11111111111111 155.71605387311877
48.126666666666665 159.32636897647012
48.14222222222222 162.6202524416625
48.157777777777774 165.61680738144594
48.17333333333333 168.33554228252854
48.18888888888889 170.793113829503
48.20444444444444 172.98393431508964
48.22 174.80421958990348
48.23555555555556 176.166038934526
48.25111111111111 176.9879921368189
48.266666666666666 177.20445674627103
48.282222222222224 176.76972170415456
48.297777777777775 175.63934945126334
48.31333333333333 173.76923091730157
48.32888888888889 171.14862658995685
48.34444444444444 167.8284303276547
48.36 163.86619335673436
48.37555555555556 159.31944919202704
48.39111111111111 154.23282598163144
48.406666666666666 148.6152716298866
48.422222222222224 142.46961932865713
48.437777777777775 135.7987022633847
48.45333333333333 128.63668852593594
48.46888888888889 121.1507637294842
48.48444444444444 113.54340346868389
48.5 106.01708359050872
48.51555555555556 98.75293275638921
48.53111111111111 91.79075759314537
48.54666666666667 85.11293191243215
48.56222222222222 78.70166360850294
48.577777777777776 72.54476921231583
48.593333333333334 66.69042463183246
48.608888888888885 61.22356538034694
48.62444444444444 56.22964865546464
48.64 51.790334702884934
48.65555555555555 47.91464026547942
48.67111111111111 44.546267076882145
48.68666666666667 41.62708014971099
48.70222222222222 39.09923070686273
48.717777777777776 36.922892543149146
48.733333333333334 35.084380722174274
48.748888888888885 33.5717561663522
48.76444444444444 32.37297147393804
48.78 31.461910542993564
48.79555555555555 30.784600274457944
48.81111111111111 30.28379123742218
48.82666666666667 29.902244758538473
48.84222222222222 29.600345522139946
48.85777777777778 29.39198700210727
48.873333333333335 29.301180364405354
48.888888888888886 29.35193676813776
48.904444444444444 29.556707722503234
48.92 29.87278651718077
48.93555555555555 30.241032876077156
48.95111111111111 30.602303715825087
48.96666666666667 30.906036967249065
48.98222222222222 31.167370064122792
48.99777777777778 31.431803764496067
49.013333333333335 31.745002820065338
49.028888888888886 32.14961025765433
49.044444444444444 32.64889230638357
49.06 33.218535719923466
49.07555555555555 33.83365918797017
49.09111111111111 34.47051371737791
49.10666666666666 35.133796229284485
49.12222222222222 35.85805196053707
49.13777777777778 36.67923914900791
49.15333333333333 37.6329783775775
49.16888888888889 38.733573756145574
49.184444444444445 39.961665957771174
49.199999999999996 41.294925821855145
49.215555555555554 42.71107010019273
49.23111111111111 44.20256513720972
49.24666666666666 45.79767606765063
49.26222222222222 47.52999400030467
49.27777777777778 49.4331100189288
49.29333333333333 51.53224741796123
49.30888888888889 53.82043748182696
49.324444444444445 56.28297113802785
49.339999999999996 58.90513930659051
49.355555555555554 61.67365645543941
49.37111111111111 64.58408533720103
49.38666666666666 67.63538312395315
49.40222222222222 70.82651395070468
49.41777777777778 74.1586360364978
49.43333333333333 77.65590235057186
49.44888888888889 81.35618960169688
49.464444444444446 85.29755809262656
49.48 89.51598861700177
49.495555555555555 94.00676722954313
49.51111111111111 98.72809335626425
49.526666666666664 103.63681048649164
49.54222222222222 108.69170006750721
49.55777777777778 113.93962543629789
49.57333333333333 119.54984351350959
49.58888888888889 125.70064517658989
49.60444444444445 132.56995161304235
49.62 140.26837439031772
49.635555555555555 148.76144869858365
49.65111111111111 157.9958468121298
49.666666666666664 167.91824586003895
49.68222222222222 178.52229968253846
49.69777777777777 189.96381657151107
49.71333333333333 202.43356704025064
49.72888888888889 216.12232159387213
49.74444444444444 231.24695160837098
49.76 248.17205894732604
49.775555555555556 267.3141630443988
49.79111111111111 289.0898403177554
49.806666666666665 313.8965293624858
49.82222222222222 341.9407903515331
49.837777777777774 373.3220131372026
49.85333333333333 408.139146991042
49.86888888888889 446.5343682288308
49.88444444444444 489.4310716311611
49.9 538.4311711598157
49.91555555555556 595.1591399746183
49.93111111111111 661.2163310420427
49.946666666666665 737.2315556432659
49.96222222222222 822.5258597752809
49.977777777777774 916.328275654547
49.99333333333333 1017.8717121971771
50.00888888888889 1127.0436900931793
50.02444444444444 1245.1175935313834
50.04 1373.5432721217726
50.05555555555556 1513.7704672458271
50.07111111111111 1666.2293157001122
50.086666666666666 1827.835012333749
50.102222222222224 1994.7458807988805
50.117777777777775 2163.1202447386513
50.13333333333333 2329.3376257950067
50.14888888888889 2490.974970689148
50.16444444444444 2646.049045974142
50.18 2792.5793611160316
50.19555555555556 2928.5441011305593
50.21111111111111 3051.5072266230054
50.22666666666667 3158.7938532605526
50.242222222222225 3247.9588145765047
50.257777777777775 3316.288672142577
50.27333333333333 3361.6143349593244
50.288888888888884 3382.512749315079
50.30444444444444 3377.5820586208765
50.32 3345.4592297191116
50.33555555555555 3286.6787873719595
50.35111111111111 3204.4918622147243
50.36666666666667 3102.3588580287624
50.38222222222222 2983.7393995262396
50.397777777777776 2851.9023455095385
50.413333333333334 2709.677611329368
50.428888888888885 2559.8335997271124
50.44444444444444 2405.138712813994
50.46 2248.117272030152
50.47555555555555 2090.357024924955
50.49111111111111 1933.22111137825
50.50666666666667 1778.0726712635362
50.52222222222222 1626.398924804333
50.53777777777778 1480.5008352436325
50.553333333333335 1343.0072592239826
50.568888888888885 1216.547956506171
50.58444444444444 1103.5113216639525
50.6 1003.415557205314
50.61555555555555 913.89612154577
50.63111111111111 832.5556710675302
50.64666666666667 757.0580972000866
50.66222222222222 686.6007632338332
50.67777777777778 621.9873817243728
50.693333333333335 564.0974856059598
50.708888888888886 513.7992701333438
50.724444444444444 471.1042199640232
50.74 434.5830931224716
50.75555555555555 402.66851990120074
50.77111111111111 373.7936470401893
50.78666666666667 346.7856929699076
50.80222222222222 321.5680688728962
50.81777777777778 298.2537024855666
50.833333333333336 276.95549164600436
50.84888888888889 257.73812466990046
50.864444444444445 240.44299424791495
50.879999999999995 224.8447160711246
50.89555555555555 210.7178944439255
50.91111111111111 197.84083701562838
50.92666666666666 186.02313843416505
50.94222222222222 175.09011049476555
50.95777777777778 164.8671836168171
50.97333333333333 155.18740915840465
50.98888888888889 146.0096797070198
51.004444444444445 137.39617973168652
51.019999999999996 129.41214957525756
51.035555555555554 122.12064167086146
51.05111111111111 115.49502814013215
51.06666666666666 109.38943429946085
51.08222222222222 103.64973334086642
51.09777777777778 98.1221385575866
51.11333333333333 92.72001059648028
51.12888888888889 87.50416134645639
51.144444444444446 82.55499259537896
51.16 77.95290592615311
51.175555555555555 73.74844255202333
51.19111111111111 69.87937636895094
51.20666666666666 66.25686572838754
51.22222222222222 62.792068975716916
51.23777777777778 59.40916560018786
51.25333333333333 56.11936600230797
51.26888888888889 52.969556928007705
51.284444444444446 50.012836531924336
51.3 47.28770918012583
51.315555555555555 44.78734152779509
51.33111111111111 42.47298303257219
51.346666666666664 40.305228145408705
51.36222222222222 38.245864306567455
51.37777777777778 36.29120358386365
51.39333333333333 34.47654868471966
51.40888888888889 32.83929265389918
51.42444444444444 31.416533694619034
51.44 30.21381032522038
51.455555555555556 29.17746496932625
51.47111111111111 28.24732266086903
51.486666666666665 27.36321233196827
51.50222222222222 26.478362764664098
51.51777777777777 25.58936933781706
51.53333333333333 24.70158448899167
51.54888888888889 23.820360649788995
51.56444444444444 22.9499725008111
51.58 22.088462423653823
51.595555555555556 21.231637680680592
51.61111111111111 20.375526769061025
51.626666666666665 19.516550336658725
51.64222222222222 18.647236188046577
51.657777777777774 17.759874640175553
51.67333333333333 16.846737485020753
51.68888888888889 15.900470110914625
51.70444444444444 14.922752614807564
51.72 13.92455232040686
51.73555555555556 12.917260663448019
51.75111111111111 11.912248670986742
51.766666666666666 10.919222110808846
51.782222222222224 9.945013818738175
51.797777777777775 8.996171932603943
51.81333333333333 8.079243662840895
51.82888888888889 7.199426017382166
51.84444444444444 6.357862118566345
51.86 5.554937418539566
51.87555555555556 4.79103736356501
51.89111111111111 4.067319013162887
51.906666666666666 3.389133857947627
51.922222222222224 2.763251783151077
51.937777777777775 2.196443785547558
51.95333333333333 1.6954960850448515
51.96888888888889 1.26735254881919
51.98444444444444 0.9190502432677476
52.0 0.6576274412855128
52.01555555555555 0.48928589016895785
52.03111111111111 0.40089599658551833
52.04666666666667 0.3599459226917361
52.06222222222222 0.33307712425153113
52.077777777777776 0.28718286068624366
52.093333333333334 0.20900632045538714
52.108888888888885 0.11914713395799481
52.12444444444444 0.041510888024390624
52.14 0.0
52.15555555555555 0.013732151145973148
52.17111111111111 0.08741244720692976
52.18666666666667 0.2230431908291166
52.20222222222222 0.42262667879788296
52.217777777777776 0.6853835906574659
52.233333333333334 0.9951126402335149
52.248888888888885 1.3302981215342697
52.26444444444444 1.6694193710092122
52.28 1.9942515732564061
52.29555555555555 2.322139640369869
52.31111111111111 2.692137303441882
52.32666666666667 3.1436276203272655
52.34222222222222 3.7157273584201675
52.35777777777778 4.408509808873305
52.373333333333335 5.1848989617554935
52.388888888888886 6.00600393249556
52.404444444444444 6.833174308567777
52.42 7.650737390730228
52.43555555555555 8.48468381305338
52.45111111111111 9.36540193711005
52.46666666666667 10.323277419151054
52.48222222222222 11.377974303935616
52.49777777777778 12.51408655715295
52.513333333333335 13.709048970789468
52.528888888888886 14.940296330938736
52.544444444444444 16.19166274738882
52.56 17.48630367777787
52.57555555555555 18.86229973683851
52.59111111111111 20.357760159826967
52.60666666666666 22.009266299649312
52.62222222222222 23.83442181918042
52.63777777777778 25.83798336053235
52.65333333333333 28.02446462798696
52.66888888888889 30.39872415999332
52.684444444444445 32.97646774033035
52.699999999999996 35.786168418910506
52.715555555555554 38.857031284034974
52.73111111111111 42.21824667956639
52.74666666666666 45.896698004896166
52.76222222222222 49.91447469857394
52.77777777777778 54.29306896045432
52.79333333333333 59.053973017481894
52.80888888888889 64.23714331336441
52.824444444444445 69.95371979932929
52.839999999999996 76.33199397620342
52.855555555555554 83.50025733883638
52.87111111111111 91.58531827067429
52.88666666666666 100.70295327225313
52.90222222222222 110.96396647702431
52.91777777777778 122.47913795501836
52.93333333333333 135.37181837696903
52.94888888888889 149.96705112686618
52.964444444444446 166.75240619931458
52.98 186.22007632795385
52.995555555555555 208.85490354497904
53.01111111111111 234.78922402214255
53.026666666666664 263.6545983916426
53.04222222222222 295.04443202547634
53.05777777777778 328.552630824423
53.07333333333333 364.00260814376884
53.08888888888889 401.81031430536996
53.10444444444445 442.4863279471068
53.12 486.5416279754779
53.135555555555555 534.1972273915372
53.15111111111111 584.2507344059716
53.166666666666664 635.0606513518491
53.18222222222222 684.9853565189057
53.19777777777777 732.4617171343394
53.21333333333333 776.7091797916768
53.22888888888889 817.3965626050523
53.24444444444444 854.198032183342
53.26 886.7765697329215
53.275555555555556 914.5242073785005
53.29111111111111 936.5542000217192
53.306666666666665 951.967051135218
53.32222222222222 959.8675955598723
53.337777777777774 959.805961019463
53.35333333333333 952.1576575447075
53.36888888888889 937.3877440167552
53.38444444444444 915.9612794407107
53.4 888.3450719185562
53.41555555555556 855.0120641390653
53.43111111111111 816.4365429501098
53.446666666666665 773.0927951931942
53.46222222222222 725.5583075442132
53.477777777777774 675.1269276813857
53.49333333333333 623.3962977330818
53.50888888888889 571.9651591447055
53.52444444444444 522.3714139441383
53.54 475.22166526132787
53.55555555555556 430.3947264609642
53.57111111111111 387.7500505909636
53.586666666666666 347.1523180279461
53.602222222222224 308.7141874556295
53.617777777777775 272.89904389157755
53.63333333333333 240.19682658793124
53.64888888888889 211.097012120184
53.66444444444444 185.84186689640865
53.68 164.01992080073353
53.69555555555556 145.11288093897122
53.71111111111111 128.6024544103949
53.72666666666667 114.02518633939451
53.74222222222222 101.20409207443993
53.757777777777775 90.05542265526242
53.77333333333333 80.49547946596385
53.788888888888884 72.43531238224796
53.80444444444444 65.72810431466814
53.82 60.19116195403467
53.83555555555555 55.64125623866778
53.85111111111111 51.897094380016824
53.86666666666667 48.834256233806286
53.88222222222222 46.393032245408676
53.897777777777776 44.51793095556957
53.913333333333334 43.15267964644033
53.928888888888885 42.24900917718787
53.94444444444444 41.7771575537663
53.96 41.70964828973865
53.97555555555555 42.01900489187801
53.99111111111111 42.67750334745949
54.00666666666667 43.65638445583534
54.02222222222222 44.92661842207269
54.03777777777778 46.45917544353006
54.053333333333335 48.22041796746885
54.068888888888885 50.13670310559826
54.08444444444444 52.1138314069492
54.1 54.057434772123656
54.11555555555555 55.87541450050628
54.13111111111111 57.524322907751525
54.14666666666667 59.00747160309834
54.16222222222222 60.33006306341599
54.17777777777778 61.49711655079955
54.193333333333335 62.49666261909715
54.208888888888886 63.28621020202047
54.224444444444444 63.82008362770739
54.24 64.05260755815573
54.25555555555555 63.943807770940225
54.27111111111111 63.473898137544666
54.28666666666667 62.62755898348826
54.30222222222222 61.38947062709235
54.31777777777778 59.75226490581326
54.33333333333333 57.767015782231965
54.34888888888889 55.5108646616751
54.364444444444445 53.06107321540594
54.379999999999995 50.492462482976634
54.39555555555555 47.83714551869525
54.41111111111111 45.09087464139452
54.42666666666666 42.248241298825405
54.44222222222222 39.30415847862548
54.45777777777778 36.27476769874238
54.47333333333333 33.21027880305087
54.48888888888889 30.163972647542096
54.504444444444445 27.189127065871162
54.519999999999996 24.33105110886129
54.535555555555554 21.6097882890831
54.55111111111111 19.040386488121953
54.56666666666666 16.63789357996177
54.58222222222222 14.415483772214088
54.59777777777778 12.373914876727213
54.61333333333333 10.508894135744185
54.62888888888889 8.816114120417296
54.644444444444446 7.291713537477904
54.66 5.938789165178946
54.675555555555555 4.765942355830475
54.69111111111111 3.7827551395500905
54.70666666666666 2.997337602016728
54.72222222222222 2.400287034572443
54.73777777777778 1.9565502186367212
54.75333333333333 1.628908302567197
54.76888888888889 1.380153258464361
54.784444444444446 1.1888454024390285
54.8 1.0808569120980565
54.815555555555555 1.090896337029335
54.83111111111111 1.2536722187787745
54.846666666666664 1.6004783750483966
54.86222222222222 2.140957966787596
54.87777777777778 2.973740762341322
54.89333333333333 4.1165440788809065
54.90888888888889 5.456364493181582
54.92444444444444 6.990163055931816
54.94 8.711858781037336
54.955555555555556 10.615291997877534
54.97111111111111 12.69466695556855
54.986666666666665 14.963812606118609
55.00222222222222 17.465768808885173
55.01777777777777 20.24595218096681
55.03333333333333 23.35025773352777
55.04888888888889 26.810438159568207
55.06444444444444 30.615430986986325
55.08 34.74713682448612
55.095555555555556 39.187456274884994
55.11111111111111 43.92389228186278
55.126666666666665 48.97997692102808
55.14222222222222 54.393503430250234
55.157777777777774 60.202300489290565
55.17333333333333 66.44092515230545
55.18888888888889 73.09295651878824
55.20444444444444 80.10166867737848
55.22 87.40923567545747
55.23555555555556 94.95880547297998
55.25111111111111 102.75143371658442
55.266666666666666 110.87763101213477
55.282222222222224 119.43556782620931
55.297777777777775 128.5234092581079
55.31333333333333 138.22527205331187
55.32888888888889 148.58076372623816
55.34444444444444 159.62069769919026
55.36 171.37588738854322
55.37555555555556 183.87873905273784
55.39111111111111 197.1726840841834
55.406666666666666 211.3058174870265
55.422222222222224 226.32625091830062
55.437777777777775 242.2822741598127
55.45333333333333 259.22529209536685
55.46888888888889 277.20936070269556
55.48444444444444 296.28862052524187
55.5 316.5149492616338
55.51555555555555 337.7676349446198
55.53111111111111 359.6348108275357
55.54666666666667 381.67658201604115
55.56222222222222 403.4530570126117
55.577777777777776 424.5816194401049
55.593333333333334 444.8825251383935
55.608888888888885 464.22092650682896
55.62444444444444 482.46197593874126
55.64 499.4470359626006
55.65555555555555 514.828819773199
55.67111111111111 528.1701934315519
55.68666666666667 539.0334725290026
55.70222222222222 546.9911190123953
55.717777777777776 551.8336345043929
55.733333333333334 553.5613708347828
55.748888888888885 552.1831875425521
55.76444444444444 547.7087031447094
55.78 540.2394485537839
55.79555555555555 530.0555027584506
55.81111111111111 517.4574644331601
55.82666666666667 502.7459322462207
55.84222222222222 486.22643134194095
55.85777777777778 468.2251643125844
55.873333333333335 449.0737578448411
55.888888888888886 429.10383864054734
55.904444444444444 408.6426434576132
55.92 387.97465443684473
55.93555555555555 367.36025171958966
55.95111111111111 347.059544716486
55.96666666666667 327.3306324063525
55.98222222222222 308.37190984704034
55.99777777777778 290.3134651543521
56.013333333333335 273.28164562823406
56.028888888888886 257.4026070180706
56.044444444444444 242.7484352717895
56.059999999999995 229.26318256634886
56.07555555555555 216.87236966437115
56.09111111111111 205.5016695090511
56.10666666666666 195.08116400757842
56.12222222222222 185.55781896098222
56.13777777777778 176.88595269312964
56.15333333333333 169.019887248484
56.16888888888889 161.91139589939064
56.184444444444445 155.4790772091642
56.199999999999996 149.61831335378577
56.215555555555554 144.22400928457716
56.23111111111111 139.191876568334
56.24666666666666 134.4571290791987
56.26222222222222 130.01157832208435
56.27777777777778 125.85140069156978
56.29333333333333 121.97277110260495
56.30888888888889 118.36912699571201
56.324444444444445 115.02549203577246
56.339999999999996 111.92527870808749
56.355555555555554 109.05189949140583
56.37111111111111 106.38890349154758
56.38666666666666 103.92080903240685
56.40222222222222 101.63255345335142
56.41777777777778 99.50907575543681
56.43333333333333 97.53519180012677
56.44888888888889 95.69331193482913
56.464444444444446 93.96365651189365
56.48 92.32636596691759
56.495555555555555 90.76157250683286
56.51111111111111 89.24848704024839
56.526666666666664 87.76456944737401
56.54222222222222 86.28708365974103
56.55777777777778 84.79329360212705
56.57333333333333 83.26796173361527
56.58888888888889 81.72783700496916
56.60444444444445 80.19819571331664
56.62 78.70431422772776
56.635555555555555 77.2703360729796
56.651111111111106 75.90862876333358
56.666666666666664 74.62457555016306
56.68222222222222 73.42346796125037
56.69777777777777 72.31025098178293
56.71333333333333 71.27760703095714
56.72888888888889 70.30295516552883
56.74444444444444 69.36275871059388
56.76 68.43349207118229
56.775555555555556 67.49840528190805
56.79111111111111 66.55902655808006
56.806666666666665 65.61993542057155
56.82222222222222 64.68571138318327
56.837777777777774 63.75805774452374
56.85333333333333 62.82047260673403
56.86888888888889 61.849352282390555
56.88444444444444 60.821076897347325
56.9 59.713843215541715
56.91555555555556 58.53738259363274
56.93111111111111 57.32814003207079
56.946666666666665 56.12340465201851
56.96222222222222 54.96031077176224
56.977777777777774 53.86141975339319
56.99333333333333 52.822989011607206
57.00888888888889 51.83851526499359
57.02444444444444 50.90149522478441
57.04 50.00738332939807
57.05555555555556 49.15973172168776
57.07111111111111 48.364185914827885
57.086666666666666 47.626391417358604
57.102222222222224 46.95166695563512
57.117777777777775 46.34195328707369
57.13333333333333 45.79719631193643
57.14888888888889 45.31731606088749
57.16444444444444 44.90211001680893
57.18 44.54685995492275
57.19555555555556 44.24112118678863
57.21111111111111 43.97408003378882
57.22666666666667 43.73493029251381
57.24222222222222 43.51928105839738
57.257777777777775 43.34085809345311
57.27333333333333 43.21656244986934
57.288888888888884 43.16329517204804
57.30444444444444 43.197346918007156
57.32 43.33083565301058
57.33555555555555 43.574133791559575
57.35111111111111 43.93760785114978
57.36666666666667 44.431291945204634
57.38222222222222 45.05856076909458
57.397777777777776 45.81663513249259
57.413333333333334 46.702504744979024
57.428888888888885 47.71312398533098
57.44444444444444 48.840449618421076
57.46 50.06631653155944
57.47555555555555 51.37133645775373
57.49111111111111 52.736121121850715
57.50666666666667 54.15036038788878
57.52222222222222 55.64749426326114
57.53777777777778 57.27481740209589
57.553333333333335 59.07889781423239
57.568888888888885 61.102972039422866
57.58444444444444 63.356104804062284
57.6 65.82324150614329
57.61555555555555 68.48884438897994
57.63111111111111 71.33746405179261
57.64666666666667 74.358680668327
57.66222222222222 77.549717603158
57.67777777777778 80.90843816816778
57.693333333333335 84.43270514366623
57.708888888888886 88.11132130227247
57.724444444444444 91.90095969890581
57.74 95.75117430411501
57.75555555555555 99.61151907975727
57.77111111111111 103.43481867301557
57.78666666666666 107.20349562127046
57.80222222222222 110.91570518831873
57.81777777777778 114.5697481056443
57.83333333333333 118.16277762778464
57.84888888888889 121.6554013029014
57.864444444444445 124.96495194807358
57.879999999999995 128.0062570368649
57.89555555555555 130.69416618943512
57.91111111111111 132.9577204673801
57.92666666666666 134.76450236055564
57.94222222222222 136.0885747925381
57.95777777777778 136.90400067772043
57.97333333333333 137.18501354143768
57.98888888888889 136.9070103591239
58.004444444444445 136.04587370285128
58.019999999999996 134.5774877544833
58.035555555555554 132.47994335297608
58.05111111111111 129.7779654874239
58.06666666666666 126.54073354999309
58.08222222222222 122.83919732723041
58.09777777777778 118.74423816236492
58.11333333333333 114.31394065007783
58.12888888888889 109.5786359949675
58.144444444444446 104.56502079507675
58.16 99.29979163872065
58.175555555555555 93.82236711022688
58.19111111111111 88.2408439043827
58.20666666666666 82.68638937831463
58.22222222222222 77.29018796621631
58.23777777777778 72.17781640743624
58.25333333333333 67.38747240387886
58.26888888888889 62.88826821421458
58.284444444444446 58.64743052870199
58.3 54.63251296881185
58.315555555555555 50.841590253371805
58.33111111111111 47.32768453277811
58.346666666666664 44.14956609236879
58.36222222222222 41.36600520713614
58.37777777777777 39.027431957360704
58.39333333333333 37.14714987622642
58.40888888888889 35.72813550145361
58.42444444444444 34.77336493979453
58.44 34.28367566402676
58.455555555555556 34.23344801039036
58.47111111111111 35.11700478881687
58.486666666666665 36.353199402234054
58.50222222222222 37.90368909912763
58.51777777777777 40.08090605915845
58.53333333333333 43.73981914624824
58.54888888888889 49.78200133165444
58.56444444444444 59.109024560171065
58.58 72.38178528453943
58.595555555555556 89.34478890505159
58.61111111111111 109.52446895959213
58.626666666666665 132.44725897787998
58.64222222222222 158.06584647392197
58.657777777777774 190.76661528134264
58.67333333333333 237.566784403935
58.68888888888889 305.51878602740055
58.70444444444444 401.556616391862
58.72 527.3707366946676
58.73555555555556 677.4343404594064
58.75111111111111 845.6949407391194
58.766666666666666 1026.10006042148
58.782222222222224 1212.6607335847664
58.797777777777775 1399.6023916786305
58.81333333333333 1581.1956604061622
58.82888888888889 1751.7111654623523
58.84444444444444 1905.668388155826
58.86 2039.8706090289716
58.87555555555556 2152.348911903132
58.89111111111111 2241.1461828869456
58.906666666666666 2304.3655435640285
58.922222222222224 2342.314123411885
58.937777777777775 2358.084957060457
58.95333333333333 2354.9497004058403
58.968888888888884 2336.1792103412804
58.98444444444444 2303.3984860971495
59.0 2253.125524368132
59.01555555555555 2180.8907083483355
59.03111111111111 2082.2244212242604
59.04666666666667 1953.6925320923579
59.06222222222222 1800.6148390039261
59.077777777777776 1632.7111539071395
59.093333333333334 1459.7345684484658
59.108888888888885 1291.3222433372464
59.12444444444444 1133.3310735823686
59.14 987.0905414715005
59.15555555555555 853.6632435789746
59.17111111111111 734.1113023235106
59.18666666666667 628.8980687334505
59.20222222222222 536.7172240220023
59.217777777777776 455.93708710682483
59.233333333333334 384.9265994972807
59.248888888888885 322.1653707803672
59.26444444444444 267.0343615219077
59.28 219.353109981231
59.29555555555555 178.94405078447937
59.31111111111111 145.61662553914493
59.32666666666667 118.77588664764085
59.34222222222222 97.35337888262768
59.35777777777778 80.25372233130577
59.373333333333335 66.38173090617374
59.388888888888886 54.85910183293561
59.404444444444444 45.43993500891986
59.42 37.992970034461564
59.43555555555555 32.386946502938144
59.45111111111111 28.472594029883567
59.46666666666667 25.954877168009602
59.48222222222222 24.468122958416643
59.49777777777778 23.646194362843175
59.513333333333335 23.128981125252494
59.528888888888886 22.747404783484512
59.544444444444444 22.558068943640706
59.559999999999995 22.630594464784508
59.57555555555555 23.034584896834986
59.59111111111111 23.81606230547527
59.60666666666666 24.950780188921158
59.62222222222222 26.401461920308066
59.63777777777778 28.130830866048882
59.65333333333333 30.107623094677933
59.66888888888889 32.35110857028451
59.684444444444445 34.905833508503065
59.699999999999996 37.81653181811987
59.715555555555554 41.127254706376334
59.73111111111111 44.85849089327462
59.74666666666666 49.001739568214816
59.76222222222222 53.5467171707636
59.77777777777778 58.48315080007944
59.79333333333333 63.82743734173846
59.80888888888889 69.68014149740327
59.824444444444445 76.15839104676718
59.839999999999996 83.37931376300253
59.855555555555554 91.45053854332798
59.87111111111111 100.39331568120917
59.88666666666666 110.18279954561046
59.90222222222222 120.79371244386618
59.91777777777778 132.20094532121948
59.93333333333333 144.3862234468752
59.94888888888889 157.34031455114837
59.964444444444446 171.05460750987083
59.98 185.5204881540484
59.995555555555555 200.6972769360625
60.01111111111111 216.43311588279266
60.026666666666664 232.5520673395066
60.04222222222222 248.87819364514644
60.05777777777778 265.2304803887066
60.07333333333333 281.37570951700013
60.08888888888889 297.050339045211
60.10444444444444 311.9905629607322
60.12 325.93169866504945
60.135555555555555 338.63718697113154
60.151111111111106 349.9105135159019
60.166666666666664 359.55836708066556
60.18222222222222 367.3874364417187
60.19777777777777 373.22830749703087
60.21333333333333 377.00608071722456
60.22888888888889 378.6692197378046
60.24444444444444 378.16618818806626
60.26 375.4556940043499
60.275555555555556 370.6216276524557
60.29111111111111 363.8316328238425
60.306666666666665 355.25488980274656
60.32222222222222 345.0606688128887
60.337777777777774 333.4251478546013
60.35333333333333 320.5361851672625
60.36888888888889 306.58276676988055
60.38444444444444 291.75387867533766
60.4 276.24756651141456
60.41555555555556 260.30431564282515
60.43111111111111 244.17702813587516
60.446666666666665 228.11860759848776
60.46222222222222 212.3775615275507
60.477777777777774 197.1346413198346
60.49333333333333 182.5174094180045
60.50888888888889 168.65199920192026
60.52444444444444 155.6641917541234
60.54 143.63073021491152
60.55555555555556 132.52945979064657
60.57111111111111 122.326335062966
60.586666666666666 112.98731060746832
60.602222222222224 104.47784832226284
60.617777777777775 96.76056544070855
60.63333333333333 89.79706045693592
60.64888888888889 83.54893056214496
60.66444444444444 77.97657811476017
60.68 73.01530346437505
60.69555555555555 68.57655953736742
60.71111111111111 64.57085555126139
60.72666666666667 60.90873439410245
60.74222222222222 57.51359717616572
60.757777777777775 54.34103894522934
60.77333333333333 51.3516116378089
60.788888888888884 48.50586718447039
60.80444444444444 45.76642803256402
60.82 43.11134613787931
60.83555555555555 40.52563903700616
60.85111111111111 37.99435820371673
60.86666666666667 35.50303223022058
60.88222222222222 33.05247395594188
60.897777777777776 30.66164552040277
60.913333333333334 28.350564499641678
60.928888888888885 26.13924614247469
60.94444444444444 24.039295818819028
60.96 22.03499230486318
60.97555555555555 20.105073621721658
60.99111111111111 18.228277784610555
61.00666666666667 16.386030147220822
61.02222222222222 14.587151922982684
61.03777777777778 12.856469772680043
61.053333333333335 11.219011229277385
61.068888888888885 9.699628925925595
61.08444444444444 8.312894858822574
61.1 7.057567325907371
61.11555555555555 5.931058379049773
61.13111111111111 4.930780064245255
61.14666666666667 4.053488661344318
61.16222222222222 3.2930475059949913
61.17777777777778 2.642522417897112
61.193333333333335 2.0949791857286755
61.208888888888886 1.6430802218470717
61.224444444444444 1.273383407520555
61.24 0.9677118484275979
61.25555555555555 0.7077647817009165
61.27111111111111 0.47558975255822133
61.28666666666666 0.26656368337773984
61.30222222222222 0.10112155137926493
61.31777777777778 0.004016083295596218
61.33333333333333 0.0
61.34888888888889 0.10943022334072339
61.364444444444445 0.32513542048786803
61.379999999999995 0.6293104434689667
61.39555555555555 1.0041273321116932
61.41111111111111 1.4322658824619339
61.42666666666666 1.9093890415167607
61.44222222222222 2.444911928447709
61.45777777777778 3.0489113825593677
61.47333333333333 3.7314569314441997
61.48888888888889 4.49344344973747
61.504444444444445 5.308666664320526
61.519999999999996 6.145943163095353
61.535555555555554 6.974089528097579
61.55111111111111 7.765230027729217
61.56666666666666 8.52284269161521
61.58222222222222 9.267705040580609
61.59777777777778 10.020775901623097
61.61333333333333 10.802857821190514
61.62888888888889 11.626175067266786
61.644444444444446 12.490095302844338
61.66 13.392930084530349
61.675555555555555 14.332990963046427
61.69111111111111 15.31160434843025
61.70666666666666 16.343461994651875
61.72222222222222 17.44695805480137
61.73777777777778 18.640486810530774
61.75333333333333 19.94189164788645
61.76888888888889 21.360231559812064
61.784444444444446 22.897515213578913
61.8 24.55555246012375
61.815555555555555 26.33624415743077
61.83111111111111 28.26052797097816
61.846666666666664 30.391689229635972
61.86222222222222 32.798723700334904
61.87777777777777 35.55062714406654
61.89333333333333 38.71070030587259
61.90888888888889 42.30232129558044
61.92444444444444 46.33178891665386
61.94 50.805337389634474
61.955555555555556 55.73090262759035
61.97111111111111 61.172016960758356
61.986666666666665 67.25885930176617
62.00222222222222 74.12554308193603
62.01777777777777 81.90618003787449
62.03333333333333 90.71112251461625
62.04888888888889 100.82973563981216
62.06444444444444 112.1274307010035
62.08 124.49327820180656
62.095555555555556 137.9404851939305
62.11111111111111 152.54158165827357
62.126666666666665 168.40853297705507
62.14222222222222 185.6540214086093
62.157777777777774 204.38966032115013
62.17333333333333 224.61409062650011
62.18888888888889 246.11483593377022
62.20444444444444 268.6562823513772
62.22 292.0028159767942
62.23555555555556 315.9211568675861
62.25111111111111 340.1929828109654
62.266666666666666 364.60277001052407
62.282222222222224 388.9357856001651
62.297777777777775 412.9754438521194
62.31333333333333 436.45254805758
62.32888888888889 459.0423422022319
62.34444444444444 480.41741076266226
62.36 500.2503404598858
62.37555555555556 518.2184876637297
62.39111111111111 534.0140440886382
62.406666666666666 547.332077436974
62.42222222222222 557.8676554007309
62.437777777777775 565.3393951854795
62.45333333333333 569.7192603529531
62.468888888888884 571.1334638979338
62.48444444444444 569.7104062037938
62.5 565.5786746057964
62.51555555555555 558.8824748739677
62.53111111111111 549.7931620092329
62.54666666666667 538.4848075062275
62.56222222222222 525.13148284968
62.577777777777776 509.933451088026
62.593333333333334 493.2363210527275
62.608888888888885 475.43583152306985
62.62444444444444 456.9277683292589
62.64 438.1044430459002
62.65555555555555 419.275326631755
62.67111111111111 400.66436958239933
62.68666666666667 382.49044975990785
62.70222222222222 364.97329599672605
62.717777777777776 348.3055020469319
62.733333333333334 332.5963974195962
62.748888888888885 317.9393942381289
62.76444444444444 304.4279046165359
62.78 292.15080116542504
62.79555555555555 281.14763904149686
62.81111111111111 271.4277225934309
62.82666666666667 262.99991792369747
62.84222222222222 255.87273196672686
62.85777777777778 250.02194947723342
62.873333333333335 245.36488808352647
62.888888888888886 241.8128069817932
62.904444444444444 239.27696535919108
62.92 237.67269443814007
62.93555555555555 236.93917375864044
62.95111111111111 237.02423846135002
62.96666666666667 237.87573585909843
62.98222222222222 239.4424633431346
62.99777777777778 241.6989864329547
63.01333333333333 244.64802266934237
63.028888888888886 248.29371762062476
63.044444444444444 252.64021653472878
63.059999999999995 257.6896419376794
63.07555555555555 263.43728591553474
63.09111111111111 269.8770002264331
63.10666666666666 277.00263661995984
63.12222222222222 284.816582781589
63.13777777777778 293.4284103448682
63.15333333333333 303.02081605474075
63.16888888888889 313.7779070655587
63.184444444444445 325.8836744317231
63.199999999999996 339.5054124289338
63.215555555555554 354.7764547633436
63.23111111111111 371.82601046749403
63.24666666666666 390.78328856566714
63.26222222222222 411.78956522016745
63.27777777777778 435.06997831462195
63.29333333333333 460.88526680188295
63.30888888888889 489.49674057864615
63.324444444444445 521.1656011473659
63.339999999999996 556.1470785202176
63.355555555555554 594.6913587879396
63.37111111111111 637.0482369735497
63.38666666666666 683.4675080920476
63.40222222222222 734.1053023976702
63.41777777777778 788.7280320144314
63.43333333333333 847.0007646535777
63.44888888888889 908.5885677977159
63.464444444444446 973.1653625970704
63.48 1040.5556704361024
63.495555555555555 1110.7099748753249
63.51111111111111 1183.582636180165
63.526666666666664 1259.1274133313595
63.54222222222222 1337.0218294280803
63.55777777777778 1416.230004588676
63.57333333333333 1495.6024349901973
63.58888888888889 1573.9896168021537
63.60444444444444 1650.2884242468867
63.62 1723.832082207838
63.635555555555555 1794.1931425219987
63.651111111111106 1860.9466167191135
63.666666666666664 1923.6671780902338
63.68222222222222 1981.9041313434727
63.69777777777777 2035.164225777979
63.71333333333333 2082.950144045532
63.72888888888889 2124.7645687904105
63.74444444444444 2160.1621575818162
63.76 2188.9970752970285
63.775555555555556 2211.2305468092895
63.79111111111111 2226.8239313469294
63.806666666666665 2235.745272797102
63.82222222222222 2238.1562207528505
63.837777777777774 2234.4371632212888
63.85333333333333 2224.9802228949625
63.86888888888889 2210.177521516229
63.88444444444444 2190.3607889916157
63.9 2165.638055877278
63.91555555555556 2136.065568997233
63.93111111111111 2101.6995751683703
63.946666666666665 2062.614553016144
63.96222222222222 2019.1616056109233
63.977777777777774 1971.906754150838
63.99333333333333 1921.4216633887668
64.00888888888889 1868.2776628802435
64.02444444444444 1812.930937152044
64.03999999999999 1755.5547321971997
64.05555555555556 1696.2796206467883
64.07111111111111 1635.236175125096
64.08666666666667 1572.566630456899
64.10222222222222 1508.520474434509
64.11777777777777 1443.4049540024957
64.13333333333333 1377.527874527427
64.14888888888889 1311.1978380734577
64.16444444444444 1244.785164955283
64.18 1178.764835725068
64.19555555555556 1113.6219743403735
64.21111111111111 1049.8417047517892
64.22666666666666 987.8641711470715
64.24222222222221 927.8499569904142
64.25777777777778 869.8566591088238
64.27333333333334 813.9419256943704
64.28888888888889 760.1652410752691
64.30444444444444 708.647045096641
64.32 659.5814084695677
64.33555555555554 613.1668015078105
64.35111111111111 569.6016945184371
64.36666666666667 529.0216677669979
64.38222222222223 491.3025210232505
64.39777777777778 456.25298712867095
64.41333333333333 423.6817988382138
64.42888888888888 393.4013023453774
64.44444444444444 365.2904611675383
64.46000000000001 339.2868080341266
64.47555555555556 315.32987112119326
64.49111111111111 293.35915206101913
64.50666666666666 273.2854606071825
64.52222222222221 254.93627405893824
64.53777777777778 238.12402581368258
64.55333333333334 222.66114926237992
64.56888888888889 208.36631739871893
64.58444444444444 195.13125415796708
64.6 182.8950590484983
64.61555555555555 171.5976322884419
64.63111111111111 161.1788458454763
64.64666666666668 151.57387184779986
64.66222222222223 142.7079677677035
64.67777777777778 134.50513385099168
64.69333333333333 126.88937033713091
64.70888888888888 119.78879249996476
64.72444444444444 113.16461769214584
64.74 106.99402155557709
64.75555555555556 101.25428242489124
64.77111111111111 95.92264905705326
64.78666666666666 90.9744994038507
64.80222222222221 86.38225477143828
64.81777777777778 82.11807535645016
64.83333333333333 78.1541213492884
64.8488888888889 74.46087500552278
64.86444444444444 70.99907119827321
64.88 67.72593398812751
64.89555555555555 64.5986827615668
64.91111111111111 61.575303188200905
64.92666666666666 58.63949276034498
64.94222222222223 55.806165200454075
64.95777777777778 53.09211439845353
64.97333333333333 50.51413423810584
64.98888888888888 48.08484602832482
65.00444444444445 45.7987845948694
65.02 43.64558537473738
65.03555555555556 41.61488371197868
65.05111111111111 39.69635831135099
65.06666666666666 37.8806011591588
65.08222222222221 36.15907308450414
65.09777777777778 34.52326938252463
65.11333333333333 32.964685682393224
65.1288888888889 31.47641965350533
65.14444444444445 30.056871011898465
65.16 28.70553484181403
65.17555555555555 27.421906221446648
65.19111111111111 26.205202128881183
65.20666666666666 25.04608573489702
65.22222222222223 23.92699596408272
65.23777777777778 22.83113664000041
65.25333333333333 21.741731112252523
65.26888888888888 20.651163611758307
65.28444444444445 19.575555980854915
65.3 18.534824434067332
65.31555555555556 17.548885179921854
65.33111111111111 16.635919644741193
65.34666666666666 15.79534481315784
65.36222222222221 15.015105818482766
65.37777777777777 14.282983167214525
65.39333333333333 13.586785493109574
65.4088888888889 12.918765563746547
65.42444444444445 12.28043242090007
65.44 11.674451356524742
65.45555555555555 11.103487656631842
65.4711111111111 10.569556715673684
65.48666666666666 10.069219924822278
65.50222222222223 9.596313989676105
65.51777777777778 9.144655469575241
65.53333333333333 8.708089330190433
65.54888888888888 8.282737781805963
65.56444444444443 7.868628498911903
65.58 7.466173212525291
65.59555555555556 7.075783647758726
65.61111111111111 6.6983297645321045
65.62666666666667 6.337772117726672
65.64222222222222 5.999348542193843
65.65777777777777 5.688300909347845
65.67333333333333 5.409681858182239
65.6888888888889 5.159113004830488
65.70444444444445 4.918607676541001
65.72 4.66911914254365
65.73555555555555 4.391600666189561
65.7511111111111 4.071152782044464
65.76666666666667 3.7159986955338127
65.78222222222223 3.3423723002828183
65.79777777777778 2.9665152959404395
65.81333333333333 2.6043956125467957
65.82888888888888 2.2624051903861755
65.84444444444443 1.9350805174927928
65.86 1.6162218938700335
65.87555555555556 1.299629613658908
65.89111111111112 0.9827925270608375
65.90666666666667 0.6806104530073753
65.92222222222222 0.4131155431209663
65.93777777777777 0.20034067427684477
65.95333333333333 0.06169534728894632
65.96888888888888 0.0
65.98444444444445 0.00012946096546784247
66.0 0.04718389030006165
66.01555555555555 0.12415182710844874
66.0311111111111 0.21888127518911915
66.04666666666667 0.3356698582661011
66.06222222222222 0.48297910624944507
66.07777777777778 0.6692705444625062
66.09333333333333 0.9023287807606266
66.10888888888888 1.1754082893904751
66.12444444444444 1.467788132225337
66.14 1.831397828240938
66.15555555555555 2.2730827261965487
66.17111111111112 2.6782949126212543
66.18666666666667 3.0631876841530357
66.20222222222222 3.4505099045235283
66.21777777777777 3.863010430451368
66.23333333333333 4.3224841438990325
66.24888888888889 4.833442701183571
66.26444444444445 5.385363774300117
66.28 5.967223651801191
66.29555555555555 6.5680001067253215
66.3111111111111 7.181954438272214
66.32666666666667 7.820487659459673
66.34222222222222 8.498470174908562
66.35777777777778 9.230772382399778
66.37333333333333 10.031334435854319
66.38888888888889 10.899333444185572
66.40444444444444 11.82213418165395
66.42 12.786770534298398
66.43555555555555 13.78028035502291
66.45111111111112 14.795157009408626
66.46666666666667 15.84016293106913
66.48222222222222 16.92707981018941
66.49777777777777 18.067689330266035
66.51333333333332 19.27366135064085
66.52888888888889 20.555060724990994
66.54444444444445 21.920750708437936
66.56 23.3795655387255
66.57555555555555 24.940334436061335
66.5911111111111 26.609018171541834
66.60666666666665 28.378338813149185
66.62222222222222 30.239884159659596
66.63777777777779 32.18540162431998
66.65333333333334 34.208212386629725
66.66888888888889 36.322662852381086
66.68444444444444 38.55808414532339
66.69999999999999 40.9441294427412
66.71555555555555 43.51043151632484
66.73111111111112 46.274822762910276
66.74666666666667 49.22355657669789
66.76222222222222 52.33765975378412
66.77777777777777 55.598159083825976
66.79333333333332 58.987992987186885
66.80888888888889 62.51451160478723
66.82444444444445 66.2019204033918
66.84 70.07475990347746
66.85555555555555 74.15754111302988
66.8711111111111 78.46027061049745
66.88666666666666 82.95509005043573
66.90222222222222 87.60803941043957
66.91777777777779 92.38515866177238
66.93333333333334 97.2537876655424
66.94888888888889 102.19754328536783
66.96444444444444 107.21112508600186
66.97999999999999 112.2894453077954
66.99555555555555 117.42737782753056
67.01111111111112 122.60158076855703
67.02666666666667 127.74141772807559
67.04222222222222 132.768676090266
67.05777777777777 137.60514323307973
67.07333333333332 142.17361222518684
67.08888888888889 146.40953822083247
67.10444444444444 150.2570314195708
67.12 153.66036975850716
67.13555555555556 156.5638415686915
67.1511111111111 158.91713294477972
67.16666666666666 160.68414081875915
67.18222222222222 161.83107310533046
67.19777777777777 162.3241377130546
67.21333333333334 162.13358200472112
67.22888888888889 161.26437324305402
67.24444444444444 159.74838641654242
67.25999999999999 157.6180988613104
67.27555555555556 154.90599147939508
67.2911111111111 151.6468724505654
67.30666666666667 147.88188564797565
67.32222222222222 143.6532429781587
67.33777777777777 139.003156341568
67.35333333333332 133.97487651025256
67.36888888888889 128.62593570999752
67.38444444444444 123.02424780461206
67.4 117.23796061263477
67.41555555555556 111.33521878793454
67.43111111111111 105.3810637914537
67.44666666666666 99.4316253822542
67.46222222222222 93.54144346462033
67.47777777777777 87.76505793684703
67.49333333333334 82.15593968830024
67.50888888888889 76.75155829547703
67.52444444444444 71.57706249541332
67.53999999999999 66.65728391146138
67.55555555555556 62.01704882922638
67.57111111111111 57.67061410678514
67.58666666666667 53.599554920703554
67.60222222222222 49.77914913017503
67.61777777777777 46.184674588427356
67.63333333333333 42.79240574874893
67.64888888888888 39.595370442716444
67.66444444444444 36.60172149212053
67.68 33.81763674382796
67.69555555555556 31.250436063320308
67.71111111111111 28.898693509950704
67.72666666666666 26.731120798028314
67.74222222222221 24.710088476427927
67.75777777777778 22.797967088105338
67.77333333333334 21.133813763864623
67.78888888888889 19.61743966925485
67.80444444444444 18.173757024768065
67.82 16.815168642619483
67.83555555555554 15.554077311914284
67.85111111111111 14.399143251094415
67.86666666666667 13.344728868473453
67.88222222222223 12.381782736699392
67.89777777777778 11.501253418367241
67.91333333333333 10.694331381167103
67.92888888888888 9.95795199003021
67.94444444444444 9.294897818374693
67.96000000000001 8.708213809091717
67.97555555555556 8.200944895255248
67.99111111111111 7.774013790058234
68.00666666666666 7.419037923077212
68.02222222222221 7.125085031583694
68.03777777777778 6.881222776506775
68.05333333333334 6.6768144508967
68.06888888888889 6.5102180604077375
68.08444444444444 6.390206745614023
68.1 6.326135279680841
68.11555555555555 6.327358426347416
68.13111111111111 6.400197813187276
68.14666666666668 6.535375162091043
68.16222222222223 6.718611015778322
68.17777777777778 6.9356236178137465
68.19333333333333 7.172555089836635
68.20888888888888 7.433312028817625
68.22444444444444 7.745650456007013
68.24 8.139000457747159
68.25555555555556 8.642792111317874
68.27111111111111 9.283469189354776
68.28666666666666 10.069020657295994
68.30222222222221 11.000393438960998
68.31777777777778 12.078520472523508
68.33333333333333 13.304409041193196
68.3488888888889 14.683837478839962
68.36444444444444 16.23016312714452
68.38 17.957417252057382
68.39555555555555 19.879631110800176
68.41111111111111 22.009284992185314
68.42666666666666 24.347015375171566
68.44222222222223 26.88799736455718
68.45777777777778 29.62737684276823
68.47333333333333 32.56030844543119
68.48888888888888 35.682968291192026
68.50444444444445 38.99349590772607
68.52 42.49025356741919
68.53555555555556 46.17160353425146
68.55111111111111 50.03241638870537
68.56666666666666 54.03345675200427
68.58222222222221 58.116218296281374
68.59777777777778 62.22197663306298
68.61333333333333 66.29314231961195
68.6288888888889 70.27783911628302
68.64444444444445 74.14318833869783
68.66 77.8592238546492
68.67555555555555 81.39597952376454
68.69111111111111 84.72282834346942
68.70666666666666 87.80050555037081
68.72222222222223 90.58368367690679
68.73777777777778 93.02690972061515
68.75333333333333 95.08473649820911
68.76888888888888 96.7214833644021
68.78444444444445 97.93119170618667
68.8 98.71353634021813
68.81555555555556 99.06819207525729
68.83111111111111 98.99575686031534
68.84666666666666 98.51402408262214
68.86222222222221 97.6560002200909
68.87777777777777 96.45521655584633
68.89333333333333 94.94520436525335
68.9088888888889 93.15966368854555
68.92444444444445 91.13296920363479
68.94 88.89966413091537
68.95555555555555 86.49429168313151
68.9711111111111 83.95126741971518
68.98666666666666 81.30128071699261
69.00222222222223 78.57079434423866
69.01777777777778 75.78604283421163
69.03333333333333 72.97326071213871
69.04888888888888 70.15866928479551
69.06444444444443 67.36841871069879
69.08 64.6286352998498
69.09555555555556 61.96544533756338
69.11111111111111 59.404812377419205
69.12666666666667 56.96397542243079
69.14222222222222 54.64721620426991
69.15777777777777 52.45776544450433
69.17333333333333 50.398853857388815
69.1888888888889 48.47198745994359
69.20444444444445 46.66573959163708
69.22 44.96281347923315
69.23555555555555 43.34588303774859
69.2511111111111 41.79764311159391
69.26666666666667 40.30359778718622
69.28222222222223 38.854862209971486
69.29777777777778 37.4432183788951
69.31333333333333 36.0604482857853
69.32888888888888 34.69886301545688
69.34444444444443 33.356587481923555
69.36 32.035343417743036
69.37555555555555 30.73690594008025
69.39111111111112 29.463057503434186
69.40666666666667 28.221136412983526
69.42222222222222 27.033918080508045
69.43777777777777 25.926837452019356
69.45333333333333 24.925329466593496
69.46888888888888 24.0534642134823
69.48444444444445 23.31146059499048
69.5 22.679247995036633
69.51555555555555 22.136109127324346
69.5311111111111 21.66132669871564
69.54666666666667 21.23844760300409
69.56222222222222 20.86812665823419
69.57777777777778 20.555308485763987
69.59333333333333 20.304937700185235
69.60888888888888 20.121489856298638
69.62444444444444 19.994417188280806
69.64 19.895333836663383
69.65555555555555 19.794816717937636
69.67111111111112 19.66344274190567
69.68666666666667 19.477240670585616
69.70222222222222 19.244803878018274
69.71777777777777 18.98676500880032
69.73333333333333 18.723776037387154
69.74888888888889 18.47638660250442
69.76444444444445 18.257182294662186
69.78 18.065222567914077
69.79555555555555 17.898253320054266
69.8111111111111 17.754020442328738
69.82666666666667 17.63036035512613
69.84222222222222 17.52595510760011
69.85777777777778 17.439947857721222
69.87333333333333 17.371486405561768
69.88888888888889 17.41254306046102
69.90444444444444 17.517856434084706
69.92 17.767940386242003
69.93555555555555 18.274180956455893
69.95111111111112 19.14796417596193
69.96666666666667 20.488610839685066
69.98222222222222 22.202199948046598
69.99777777777777 24.03927158572384
70.01333333333332 25.745952708239372
70.02888888888889 27.068370376215682
70.04444444444445 28.053722022457748
70.06 29.927504606823106
70.07555555555555 34.20343400747896
70.0911111111111 42.39522609457987
70.10666666666665 55.97266717812869
70.12222222222222 74.9628266776819
70.13777777777779 97.65899352269804
70.15333333333334 122.25169735386311
70.16888888888889 146.93146780404066
70.18444444444444 170.66210282619437
70.19999999999999 197.2839331947161
70.21555555555555 232.53320424469206
70.23111111111112 282.1503926065224
70.24666666666667 351.83446334559045
70.26222222222222 443.0867729709881
70.27777777777777 549.6662935033082
70.29333333333332 664.4971156424072
70.30888888888889 780.5033300806176
70.32444444444445 891.0057259703358
70.34 993.6327275382864
70.35555555555555 1088.662389821622
70.3711111111111 1176.3951412580086
70.38666666666666 1257.137632086425
70.40222222222222 1330.6908726480133
70.41777777777779 1395.353483183455
70.43333333333334 1449.146827401192
70.44888888888889 1490.0922690022046
70.46444444444444 1516.2823158554888
70.47999999999999 1527.345307470673
70.49555555555555 1524.3915814834465
70.51111111111112 1508.5918486975784
70.52666666666667 1481.1168199094325
70.54222222222222 1443.0405971110076
70.55777777777777 1394.952798913697
70.57333333333332 1337.2917537227681
70.58888888888889 1270.496264346949
70.60444444444444 1195.0188471114297
70.62 1112.2403566336593
70.63555555555556 1024.9756606153662
70.6511111111111 936.162599610414
70.66666666666666 848.7481831195818
70.68222222222222 765.4095259204264
70.69777777777777 686.4661219512082
70.71333333333334 611.0121048532282
70.72888888888889 538.1305267327552
70.74444444444444 466.9061931508147
70.75999999999999 397.2473152139887
70.77555555555556 331.1961211581265
70.7911111111111 271.13602671070134
70.80666666666667 219.4510773906161
70.82222222222222 178.39104312550012
70.83777777777777 147.75598106153268
70.85333333333332 125.20197251542493
70.86888888888889 108.31260266983668
70.88444444444444 94.67145670015987
70.9 82.24361152739152
70.91555555555556 70.75367770238597
70.93111111111111 60.433210777961904
70.94666666666666 51.51381333563222
70.96222222222222 44.223018889926834
70.97777777777777 38.57472228750146
70.99333333333334 34.26812048115346
71.00888888888889 30.97717412746539
71.02444444444444 28.3758438758926
71.03999999999999 26.15908003904724
71.05555555555556 24.20427478744449
71.07111111111111 22.482654260891934
71.08666666666667 20.966216976088845
71.10222222222222 19.626966404867403
71.11777777777777 18.43926653050977
71.13333333333333 17.383611732956183
71.14888888888888 16.441478716194183
71.16444444444444 15.594344177274934
71.18 14.82428285382565
71.19555555555556 14.124819131531012
71.21111111111111 13.499776155455777
71.22666666666666 12.953344123494162
71.24222222222221 12.489713226697688
71.25777777777778 12.113257358358851
71.27333333333334 11.829249827961746
71.28888888888889 11.643238760087172
71.30444444444444 11.560772341207496
71.32 11.587385509169053
71.33555555555554 11.728979989985248
71.35111111111111 11.987709027630729
71.36666666666667 12.366702849027206
71.38222222222223 12.869154195620467
71.39777777777778 13.497993808672277
71.41333333333333 14.253553537445555
71.42888888888888 15.134678863472345
71.44444444444444 16.140197789882336
71.46000000000001 17.26893800415496
71.47555555555556 18.519292857606104
71.49111111111111 19.8883572722018
71.50666666666666 21.372984579049046
71.52222222222221 22.970028102691288
71.53777777777778 24.676178303322615
71.55333333333334 26.484051796471476
71.56888888888889 28.382000276933923
71.58444444444444 30.35817433481435
71.6 32.40072455372399
71.61555555555555 34.496739410782595
71.63111111111111 36.62691064394278
71.64666666666668 38.769546768181726
71.66222222222223 40.902952254808895
71.67777777777778 43.00542528110299
71.69333333333333 45.05446920170135
71.70888888888888 47.0260250714436
71.72444444444444 48.89585181185595
71.74 50.63970833808838
71.75555555555556 52.234086300854244
71.77111111111111 53.665451209267246
71.78666666666666 54.92746962293569
71.80222222222221 56.01396776370183
71.81777777777778 56.9187718470958
71.83333333333333 57.63477071686742
71.8488888888889 58.15111549051875
71.86444444444444 58.4560257755831
71.88 58.53772117332829
71.89555555555555 58.384573298658154
71.91111111111111 57.9918039903817
71.92666666666666 57.364119630945936
71.94222222222223 56.50692302878173
71.95777777777778 55.425616986109674
71.97333333333333 54.12713069425621
71.98888888888888 52.6317392430239
72.00444444444445 50.96661521450238
72.02 49.15898896249229
72.03555555555556 47.236090481170834
72.05111111111111 45.22486049714411
72.06666666666666 43.1514276972116
72.08222222222221 41.041906985926516
72.09777777777778 38.92329127039051
72.11333333333333 36.82038491867661
72.1288888888889 34.757930534232
72.14444444444445 32.75943844939201
72.16 30.848362441921267
72.17555555555555 29.048156283492744
72.19111111111111 27.377347913991912
72.20666666666666 25.82389018864933
72.22222222222223 24.364021458989782
72.23777777777778 22.97395620751223
72.25333333333333 21.62998800081499
72.26888888888888 20.32154925400073
72.28444444444443 19.065778599997543
72.3 17.885788306158304
72.31555555555556 16.809885979136595
72.33111111111111 15.847040110655314
72.34666666666666 14.99138151943157
72.36222222222221 14.216957623089058
72.37777777777777 13.497246426719926
72.39333333333333 12.806642250400955
72.4088888888889 12.13105548393088
72.42444444444445 11.46731585638804
72.44 10.828436903809973
72.45555555555555 10.226702680235803
72.4711111111111 9.673697765812221
72.48666666666666 9.168736748162246
72.50222222222223 8.689506781305226
72.51777777777778 8.211622728582995
72.53333333333333 7.710699447281968
72.54888888888888 7.165527799268034
72.56444444444443 6.592715895120989
72.58 6.03370243908148
72.59555555555556 5.530359838950005
72.61111111111111 5.124560450445927
72.62666666666667 4.8440835895904115
72.64222222222222 4.662826607115562
72.65777777777777 4.541811635489921
72.67333333333333 4.442060801187722
72.6888888888889 4.325057061675352
72.70444444444445 4.1741082896467105
72.72 4.003369083460029
72.73555555555555 3.8293272143678223
72.7511111111111 3.6684704476580237
72.76666666666667 3.535483999326857
72.78222222222223 3.4276299510004264
72.79777777777778 3.332406972073386
72.81333333333333 3.2372061307082163
72.82888888888888 3.129419466810532
72.84444444444443 3.0002295462459756
72.86 2.853196347217761
72.87555555555555 2.6944021220867853
72.89111111111112 2.529929117291829
72.90666666666667 2.365750091224754
72.92222222222222 2.2039335186000812
72.93777777777777 2.0416707198655786
72.95333333333333 1.8758459290469887
72.96888888888888 1.7033433742683428
72.98444444444445 1.5226397018114426
73.0 1.345627333681307
73.01555555555555 1.190922515242903
73.0311111111111 1.077191795317276
73.04666666666667 1.0230921442219483
73.06222222222222 1.0354667162293936
73.07777777777778 1.0863307454525852
73.09333333333333 1.141313003208836
73.10888888888888 1.1660422549384748
73.12444444444444 1.1271044189822987
73.14 1.0202530305886626
73.15555555555555 0.8750420077950025
73.17111111111112 0.7229152910352923
73.18666666666667 0.5953168148760142
73.20222222222222 0.5191829843427627
73.21777777777777 0.4861833993808773
73.23333333333333 0.47138287925321265
73.24888888888889 0.4497492055995167
73.26444444444445 0.3962655688402492
73.28 0.2986297691374489
73.29555555555555 0.18026897943633458
73.3111111111111 0.07178940385574606
73.32666666666667 0.002199313581684237
73.34222222222222 0.0
73.35777777777778 0.0693142810231393
73.37333333333333 0.18642807815768947
73.38888888888889 0.32613799680740385
73.40444444444444 0.4632406365165025
73.42 0.5754026046354284
73.43555555555555 0.6624419449489096
73.45111111111112 0.7344852778297764
73.46666666666667 0.8017165709763958
73.48222222222222 0.8743345366338531
73.49777777777777 0.9752603953483003
73.51333333333332 1.1633708504285778
73.52888888888889 1.5038495763435549
73.54444444444445 2.061880241694155
73.56 2.9005910587334824
73.57555555555555 4.021201368799041
73.5911111111111 5.353601759933213
73.60666666666665 6.823731531821011
73.62222222222222 8.35752997827234
73.63777777777779 9.908532684080512
73.65333333333334 11.653429486711332
73.66888888888889 13.876969147931163
73.68444444444444 16.86460823051476
73.69999999999999 20.901728447580297
73.71555555555555 26.164805918084994
73.73111111111112 32.503568196091464
73.74666666666667 39.706719366668096
73.76222222222222 47.56296350899402
73.77777777777777 55.875709814589754
73.79333333333332 64.96056969174151
73.80888888888889 75.76603397341137
73.82444444444445 89.27977318538865
73.84 106.48945784753187
73.85555555555555 128.17414765170747
73.8711111111111 153.23115573054736
73.88666666666666 179.56016258882266
73.90222222222222 205.05170667331515
73.91777777777779 227.59644277711334
73.93333333333334 245.8069258724156
73.94888888888889 260.72694552225437
73.96444444444444 273.9115674821088
73.97999999999999 286.9158575014943
73.99555555555555 301.2639260422984
74.0111111111111 317.065705642108
74.02666666666667 332.46186311238296
74.04222222222222 345.44726284436933
74.05777777777777 354.0167692233633
74.07333333333334 356.38329528580937
74.08888888888889 353.11061435025897
74.10444444444444 346.19617076205816
74.12 337.6578361476494
74.13555555555556 329.51348212747416
74.1511111111111 323.2680878794022
74.16666666666667 318.37259984199886
74.18222222222222 313.76383977862645
74.19777777777777 308.3786294465476
74.21333333333334 301.1606330167906
74.22888888888889 291.5455570315569
74.24444444444444 279.7794944338593
74.26 266.18467199663417
74.27555555555556 251.08371320212814
74.2911111111111 234.81020083533053
74.30666666666666 217.85106579699936
74.32222222222222 200.80607310712446
74.33777777777777 184.2776044613438
74.35333333333332 168.86804154912056
74.36888888888889 155.0112989421832
74.38444444444444 142.29097833126832
74.39999999999999 130.0230174887596
74.41555555555556 117.5232553055306
74.43111111111111 104.11068719565333
74.44666666666666 89.59433407866186
74.46222222222222 74.79942995005456
74.47777777777777 60.67750267490703
74.49333333333333 48.18008011203938
74.50888888888889 38.21974624800629
74.52444444444444 30.919592692728088
74.53999999999999 25.6680741865934
74.55555555555556 21.825690538021888
74.57111111111111 18.752941549175603
74.58666666666666 15.880596189229891
74.60222222222222 13.11623205688835
74.61777777777777 10.565558650487958
74.63333333333333 8.334930907486978
74.64888888888889 6.530634602993757
74.66444444444444 5.2076684160637114
74.67999999999999 4.27890492631974
74.69555555555556 3.6327996391867714
74.71111111111111 3.1578080537187248
74.72666666666666 2.7440250842114438
74.74222222222222 2.3386915776151795
74.75777777777778 1.9696844495725259
74.77333333333333 1.6494281572220189
74.78888888888889 1.4000008048915333
74.80444444444444 1.2410342468650128
74.82 1.1662123159763382
74.83555555555556 1.1543896511899447
74.85111111111111 1.1842469775111226
74.86666666666666 1.2344650136301993
74.88222222222223 1.2894360957540698
74.89777777777778 1.3572864536825477
74.91333333333333 1.4498829281056373
74.92888888888889 1.5797061643160646
74.94444444444444 1.7593999928350286
74.96 1.9968809947273485
74.97555555555556 2.291855045753209
74.99111111111111 2.6774146140922426
75.00666666666666 3.189915625861431
75.02222222222223 3.7570400718217343
75.03777777777778 4.385453351065166
75.05333333333333 5.08781117129945
75.06888888888889 5.876944699646458
75.08444444444444 6.765685097348978
75.1 7.764490441383316
75.11555555555556 8.869374073315043
75.13111111111111 10.070914332879966
75.14666666666666 11.359679713284834
75.16222222222223 12.726242544545016
75.17777777777778 14.163099397109704
75.19333333333333 15.667784811090542
75.2088888888889 17.238647705866356
75.22444444444444 18.87451144272211
75.24 20.57397721575734
75.25555555555556 22.332834299363867
75.27111111111111 24.14553539547512
75.28666666666666 26.006404690351985
75.30222222222223 27.909766364338054
75.31777777777778 29.849282240276864
75.33333333333333 31.811805526811384
75.3488888888889 33.78018598556474
75.36444444444444 35.73722214042806
75.38 37.66571250935857
75.39555555555556 39.55201425138699
75.41111111111111 41.3977475240639
75.42666666666666 43.20862364128652
75.44222222222223 44.990353958957485
75.45777777777778 46.748577344480054
75.47333333333333 48.4801707516084
75.48888888888888 50.16499875819568
75.50444444444445 51.780971959407
75.52 53.3060009444157
75.53555555555555 54.71881015767235
75.55111111111111 56.01509967562856
75.56666666666666 57.20662978986638
75.58222222222221 58.305791387471686
75.59777777777778 59.32497534951028
75.61333333333333 60.27461169769924
75.62888888888888 61.150173790555186
75.64444444444445 61.94024509506994
75.66 62.63337237530561
75.67555555555555 63.435030095286436
75.69111111111111 64.1298463961046
75.70666666666666 64.74341193312449
75.72222222222221 65.31166187268497
75.73777777777778 65.8705313742459
75.75333333333333 66.45585241955217
75.76888888888888 67.09670486764327
75.78444444444445 67.8113662593733
75.8 68.61714442046474
75.81555555555555 69.53134716985227
75.83111111111111 70.57215265460758
75.84666666666666 71.77163316737682
75.86222222222221 73.17302068518876
75.87777777777778 74.81986237347638
75.89333333333333 76.75570539096412
75.90888888888888 79.02122726608803
75.92444444444445 81.63865364990926
75.94 84.62290755994599
75.95555555555555 87.98889387090873
75.97111111111111 91.75151472640658
75.98666666666666 95.92223463402769
76.00222222222222 100.50244194990432
76.01777777777778 105.49268822202123
76.03333333333333 110.89121432573359
76.04888888888888 116.69698144395204
76.06444444444445 122.88476092099722
76.08 129.3941693033894
76.09555555555555 136.16205687480135
76.11111111111111 143.12527391240224
76.12666666666667 150.22043968609273
76.14222222222222 157.38086285481234
76.15777777777778 164.5373761555985
76.17333333333333 171.62075268544243
76.18888888888888 178.56176553491844
76.20444444444445 185.29151430504953
76.22 191.74308240513403
76.23555555555555 197.85029839158096
76.25111111111111 203.5469921482328
76.26666666666667 208.76700029892993
76.28222222222222 213.45087510914573
76.29777777777778 217.55848515132402
76.31333333333333 221.05315073977158
76.32888888888888 223.89819218248272
76.34444444444445 226.0570828513496
76.36 227.50104660713941
76.37555555555555 228.21256157466905
76.39111111111112 228.17499040304926
76.40666666666667 227.37169573512517
76.42222222222222 225.78821115081178
76.43777777777778 223.44225896270643
76.45333333333333 220.3761904134933
76.46888888888888 216.6329816764694
76.48444444444445 212.25560891871555
76.5 207.29004047807916
76.51555555555555 201.8014518427941
76.53111111111112 195.86260821317012
76.54666666666667 189.54629346051956
76.56222222222222 182.9252898286394
76.57777777777778 176.0689522885067
76.59333333333333 169.03597638201086
76.60888888888888 161.8835406525955
76.62444444444444 154.6684366185645
76.64 147.44643234205643
76.65555555555555 140.26429261627976
76.6711111111111 133.1532647617974
76.68666666666667 126.14320615699245
76.70222222222222 119.26397417417314
76.71777777777777 112.54527036305848
76.73333333333333 106.01402212471515
76.74888888888889 99.69476953257305
76.76444444444444 93.61197474900968
76.78 87.7900999303493
76.79555555555555 82.25001486313892
76.8111111111111 76.98522534482385
76.82666666666667 71.97664655559055
76.84222222222222 67.20512694954863
76.85777777777777 62.65151501544375
76.87333333333333 58.3010484136675
76.88888888888889 54.15542768624738
76.90444444444444 50.220212472649166
76.92 46.50096240634559
76.93555555555555 43.00317619754031
76.9511111111111 39.724981152029955
76.96666666666667 36.65018799892988
76.98222222222222 33.76096254831913
76.99777777777777 31.039470604303744
77.01333333333334 28.468393250035035
77.02888888888889 26.043698259059965
77.04444444444444 23.77548996717792
77.06 21.674558168482008
77.07555555555555 19.751692651131805
77.0911111111111 18.015478745517157
77.10666666666667 16.451758188236226
77.12222222222222 15.032961728801126
77.13777777777777 13.731347028295659
77.15333333333334 12.519171741887078
77.16888888888889 11.373529669999243
77.18444444444444 10.295992984812017
77.2 9.295860314608092
77.21555555555555 8.382433232337348
77.2311111111111 7.56606646254545
77.24666666666667 6.8500720922803
77.26222222222222 6.224984971668164
77.27777777777777 5.6793353967378835
77.29333333333334 5.201653657628867
77.30888888888889 4.780461695571432
77.32444444444444 4.403859848940783
77.34 4.0593367471003035
77.35555555555555 3.7343329904001052
77.3711111111111 3.4162891733125207
77.38666666666667 3.0931789677123334
77.40222222222222 2.761878459873685
77.41777777777777 2.426623584036747
77.43333333333334 2.0918713326251464
77.44888888888889 1.7620786921952458
77.46444444444444 1.4419293433849703
77.48 1.1378644827616995
77.49555555555555 0.8571463274161601
77.5111111111111 0.6070417309679783
77.52666666666667 0.3948175411749162
77.54222222222222 0.22665767021766214
77.55777777777777 0.1043515397311694
77.57333333333334 0.02857402616808713
77.58888888888889 0.0
77.60444444444444 0.01927626566134677
77.62 0.08131389793470589
77.63555555555556 0.16832987820725975
77.6511111111111 0.2608394499860651
77.66666666666667 0.35382019301721357
77.68222222222222 0.41791217564616545
77.69777777777777 0.4407006543823968
77.71333333333334 0.42812016498078265
77.72888888888889 0.3870146289789318
77.74444444444444 0.32422796205190707
77.76 0.24677962716503998
77.77555555555556 0.16420274054894435
77.7911111111111 0.08790915372867403
77.80666666666666 0.029355898300423178
77.82222222222222 0.0
77.83777777777777 0.01054053561267665
77.85333333333332 0.06628298226297602
77.86888888888889 0.17019447387650644
77.88444444444444 0.3252327012654064
77.89999999999999 0.5343553479732464
77.91555555555556 0.79911181186867
77.93111111111111 1.1155865132111558
77.94666666666666 1.4785384128908277
77.96222222222222 1.882726465935093
77.97777777777777 2.3236280102319142
77.99333333333333 2.797429664180754
78.00888888888889 3.3034366261620676
78.02444444444444 3.841956975344317
78.03999999999999 4.4132987850295535
78.05555555555556 5.0177903690777725
78.07111111111111 5.656549324799698
78.08666666666666 6.331719838433457
78.10222222222222 7.045514828313969
78.11777777777777 7.800147206897236
78.13333333333333 8.597886965543012
78.14888888888889 9.4418906142904
78.16444444444444 10.33601404806251
78.17999999999999 11.28413215313293
78.19555555555556 12.290119809885482
78.21111111111111 13.35833324998066
78.22666666666666 14.496930916851966
78.24222222222222 15.715876102617699
78.25777777777778 17.025143001719698
78.27333333333333 18.434705802697408
78.28888888888889 19.954132186102584
78.30444444444444 21.591188031256024
78.32 23.353140166569517
78.33555555555556 25.247255396491596
78.35111111111111 27.280786204566198
78.36666666666666 29.454566874108593
78.38222222222223 31.75292155111879
78.39777777777778 34.15755607898876
78.41333333333333 36.65017629517291
78.42888888888889 39.21265744135769
78.44444444444444 41.83718572949584
78.46 44.53201411181993
78.47555555555556 47.30678757130852
78.49111111111111 50.17115108496239
78.50666666666666 53.133824399834225
78.52222222222223 56.183262346897095
78.53777777777778 59.288203314249245
78.55333333333333 62.41657018055628
78.56888888888889 65.53689181723138
78.58444444444444 68.61786196373538
78.6 71.63532219330006
78.61555555555556 74.57055231805106
78.63111111111111 77.40490057994742
78.64666666666666 80.11971521493018
78.66222222222223 82.69538495681701
78.67777777777778 85.10645858478716
78.69333333333333 87.32528767216337
78.7088888888889 89.32421980973305
78.72444444444444 91.07560269283857
78.74 92.55502936797751
78.75555555555556 93.7498342664689
78.77111111111111 94.65000625562612
78.78666666666666 95.24553419667262
78.80222222222223 95.52646991589455
78.81777777777778 95.4957210778037
78.83333333333333 95.18463952208123
78.8488888888889 94.62838901065055
78.86444444444444 93.86213329929961
78.88 92.9206067900239
78.89555555555556 91.81846913015858
78.91111111111111 90.54215585055402
78.92666666666666 89.07598371195212
78.94222222222221 87.40426946891165
78.95777777777778 85.51293251529347
78.97333333333333 83.41938731578199
78.98888888888888 81.16982273539116
79.00444444444445 78.81148475166646
79.02 76.39161933592487
79.03555555555555 73.9542629463329
79.05111111111111 71.50994106615696
79.06666666666666 69.04923648930543
79.08222222222221 66.56246746153118
79.09777777777778 64.03995222229793
79.11333333333333 61.47755818437423
79.12888888888888 58.90547084156577
79.14444444444445 56.36697973654731
79.16 53.905400527248105
79.17555555555555 51.564048837145776
79.19111111111111 49.37529549576726
79.20666666666666 47.32765967255733
79.22222222222221 45.39797967393048
79.23777777777778 43.56391109960782
79.25333333333333 41.80314263321367
79.26888888888888 40.10427272435925
79.28444444444445 38.48250724473752
79.3 36.95703186061604
79.31555555555555 35.54703223180826
79.33111111111111 34.271449985584525
79.34666666666666 33.13316611853003
79.36222222222221 32.10931547988611
79.37777777777778 31.174715506828306
79.39333333333333 30.304183630014677
79.40888888888888 29.473170959192714
79.42444444444445 28.673933991296053
79.44 27.91687602651973
79.45555555555555 27.213302823404433
79.47111111111111 26.574520133897693
79.48666666666666 26.011517396572174
79.50222222222222 25.53087105236716
79.51777777777778 25.13591692569048
79.53333333333333 24.829916034858115
79.54888888888888 24.616129391513027
79.56444444444445 24.497573783337543
79.58 24.475228370725574
79.59555555555555 24.549059306793197
79.61111111111111 24.71902538708133
79.62666666666667 24.985085400375226
79.64222222222222 25.345670258299947
79.65777777777778 25.791074001516677
79.67333333333333 26.30889269655512
79.68888888888888 26.886720640811006
79.70444444444445 27.512152659886283
79.72 28.179516620569643
79.73555555555555 28.90668409887951
79.75111111111111 29.716669733687127
79.76666666666667 30.632488156944476
79.78222222222222 31.677133869058594
79.79777777777778 32.868188355743825
79.81333333333333 34.210537420362016
79.82888888888888 35.70724890962538
79.84444444444445 37.362117127156125
79.86 39.17818910500915
79.87555555555555 41.16711834045253
79.89111111111112 43.35573939755312
79.90666666666667 45.77221925716157
79.92222222222222 48.44472489304127
79.93777777777778 51.40099448228017
79.95333333333333 54.65609367092128
79.96888888888888 58.21062443183263
79.98444444444445 62.06439974887286
80.0 66.21723259869117
