10.0 72.27067732773708
10.015555555555556 71.8761375189714
10.03111111111111 71.60044814359969
10.046666666666667 71.48814641219155
10.062222222222223 71.54498553624296
10.077777777777778 71.70723745207101
10.093333333333334 71.9039503498575
10.108888888888888 72.06537684428474
10.124444444444444 72.1580404846053
10.14 72.19025126850272
10.155555555555555 72.17263365481597
10.171111111111111 72.11642312832714
10.186666666666667 72.04158256290384
10.202222222222222 71.97458681700618
10.217777777777778 71.9431569926644
10.233333333333333 71.97550170416957
10.248888888888889 72.04687816753847
10.264444444444445 72.1215683970521
10.28 72.16374010455252
10.295555555555556 72.15196686630054
10.311111111111112 72.13311302236548
10.326666666666666 72.17425836721861
10.342222222222222 72.34243954005512
10.357777777777777 72.65626307341711
10.373333333333333 72.99419496207952
10.38888888888889 73.20949985431537
10.404444444444444 73.15655327956335
10.42 72.79648730023666
10.435555555555556 72.28434455117304
10.45111111111111 71.79568064422494
10.466666666666667 71.50199442161454
10.482222222222223 71.44863667314917
10.497777777777777 71.53331346072173
10.513333333333334 71.64534134407506
10.528888888888888 71.68217017117956
10.544444444444444 71.66064741473292
10.56 71.68837045938312
10.575555555555555 71.87520490596114
10.591111111111111 72.30929293733925
10.606666666666667 72.9016708904835
10.622222222222222 73.4770202313291
10.637777777777778 73.85944113117273
10.653333333333332 73.91313037376858
10.668888888888889 73.697578737139
10.684444444444445 73.33164721165292
10.7 72.93418882102878
10.715555555555556 72.59448603577084
10.731111111111112 72.31372870898554
10.746666666666666 72.07677570366366
10.762222222222222 71.86854521888756
10.777777777777779 71.6802586116986
10.793333333333333 71.51493315119092
10.80888888888889 71.37688116553022
10.824444444444444 71.27027093513254
10.84 71.19449182714663
10.855555555555556 71.1431621705143
10.87111111111111 71.10955560549928
10.886666666666667 71.08758599611667
10.902222222222223 71.08106183238658
10.917777777777777 71.10157281655358
10.933333333333334 71.16091852736815
10.948888888888888 71.2676077274723
10.964444444444444 71.4029495690337
10.98 71.53270376991202
10.995555555555555 71.62245716904181
11.011111111111111 71.63967004769574
11.026666666666667 71.55890864772698
11.042222222222222 71.3569972574511
11.057777777777778 71.01076859941759
11.073333333333334 70.51364417762522
11.088888888888889 69.91084237361792
11.104444444444445 69.2576630524378
11.12 68.67259174781975
11.135555555555555 68.35001909334233
11.151111111111112 68.12887553789813
11.166666666666666 68.05348362068605
11.182222222222222 68.16671928420158
11.197777777777778 68.45832689849954
11.213333333333333 68.85077490951028
11.22888888888889 69.26220680125186
11.244444444444444 69.61420256050064
11.26 69.88574350432236
11.275555555555556 70.10327227231471
11.29111111111111 70.29465744523498
11.306666666666667 70.48220056963328
11.322222222222223 70.6373582893657
11.337777777777777 70.70435810762615
11.353333333333333 70.62716919538923
11.36888888888889 70.36738421019606
11.384444444444444 69.98240072974136
11.4 69.56201570699864
11.415555555555555 69.19604832913296
11.431111111111111 68.95694819112953
11.446666666666667 68.85924065760105
11.462222222222222 68.90539127730221
11.477777777777778 69.09769767319267
11.493333333333332 69.41149084301287
11.508888888888889 69.76570497766829
11.524444444444445 70.0721953390057
11.54 70.24435768492924
11.555555555555555 70.2610049368069
11.571111111111112 70.18927421520186
11.586666666666666 70.10255438868
11.602222222222222 70.07093789609814
11.617777777777778 70.10321957205042
11.633333333333333 70.154019290738
11.648888888888889 70.17701033825688
11.664444444444445 70.13076703940374
11.68 70.03334702025677
11.695555555555556 69.93810404159194
11.71111111111111 69.8988062406554
11.726666666666667 69.95853862983438
11.742222222222223 70.09717108946825
11.757777777777777 70.27140695838511
11.773333333333333 70.43791487288809
11.788888888888888 70.56281844081764
11.804444444444444 70.64658879505339
11.82 70.69749421233632
11.835555555555555 70.72378068818296
11.851111111111111 70.72855074812139
11.866666666666667 70.70321582479778
11.882222222222222 70.63757153101085
11.897777777777778 70.52141502018708
11.913333333333334 70.34462414124505
11.928888888888888 70.09719499540427
11.944444444444445 69.7691330816134
11.96 69.35276333677541
11.975555555555555 68.8901141813867
11.991111111111111 68.47097362126237
12.006666666666668 68.18706012682753
12.022222222222222 68.11905776677634
12.037777777777778 68.22361095061899
12.053333333333333 68.37930463180987
12.068888888888889 68.46350830532322
12.084444444444443 68.37761054277257
12.1 68.18112032312467
12.115555555555556 67.9974801083946
12.13111111111111 67.9503118779345
12.146666666666667 68.11572069104182
12.162222222222223 68.3778823249495
12.177777777777777 68.57252026308254
12.193333333333333 68.5356041146025
12.20888888888889 68.20086481141993
12.224444444444444 67.74847418274749
12.24 67.39683239283954
12.255555555555556 67.3621633873721
12.27111111111111 67.71308171694477
12.286666666666667 68.27903296622969
12.302222222222222 68.86762683027882
12.317777777777778 69.29257058110863
12.333333333333334 69.52460248574528
12.348888888888888 69.70142567419373
12.364444444444445 69.96882997097066
12.379999999999999 70.45825994728557
12.395555555555555 71.11438589572208
12.411111111111111 71.7511414203833
12.426666666666666 72.18109992026496
12.442222222222222 72.24597290007364
12.457777777777778 72.02547976924757
12.473333333333333 71.70718582306495
12.488888888888889 71.47919471050079
12.504444444444445 71.48159748657065
12.52 71.63429913331265
12.535555555555556 71.79412326292709
12.551111111111112 71.81793305972622
12.566666666666666 71.60478653885309
12.582222222222223 71.17430164100438
12.597777777777777 70.56748935076723
12.613333333333333 69.82538664882122
12.628888888888888 68.99158274434615
12.644444444444444 68.1143321443792
12.66 67.2423867949467
12.675555555555555 66.42370569228365
12.69111111111111 65.68035575681381
12.706666666666667 65.003373700878
12.722222222222221 64.38196509285251
12.737777777777778 63.80779831535449
12.753333333333334 63.31104046732867
12.768888888888888 62.95236093465712
12.784444444444444 62.79326540669558
12.8 62.88244441260531
12.815555555555555 63.1559960078863
12.831111111111111 63.49159560791054
12.846666666666668 63.766422208212134
12.862222222222222 63.879358017457776
12.877777777777778 63.84485282283936
12.893333333333333 63.71567054210459
12.908888888888889 63.54459789129305
12.924444444444443 63.37387159722721
12.94 63.210754800789005
12.955555555555556 63.05527308539513
12.97111111111111 62.90739690964972
12.986666666666666 62.75795980541636
13.002222222222223 62.57853766873018
13.017777777777777 62.338267015465135
13.033333333333333 62.007095601679225
13.04888888888889 61.591092197173225
13.064444444444444 61.14608666940353
13.08 60.731536211992534
13.095555555555556 60.40449526576731
13.11111111111111 60.17484642565523
13.126666666666667 60.00940062165478
13.142222222222223 59.87338819347519
13.157777777777778 59.73319319472239
13.173333333333334 59.567460067654565
13.188888888888888 59.362228587972936
13.204444444444444 59.103640590864416
13.219999999999999 58.78056794228553
13.235555555555555 58.39813843277625
13.251111111111111 57.96553070029813
13.266666666666666 57.513699496239724
13.282222222222222 57.040446655426194
13.297777777777778 56.59056006052492
13.313333333333333 56.21669319517673
13.328888888888889 55.97142312759479
13.344444444444445 55.87909997252939
13.36 55.89380636373471
13.375555555555556 55.95887414031233
13.391111111111112 56.01809395361215
13.406666666666666 56.04624381701433
13.422222222222222 56.06823364761476
13.437777777777779 56.113541100460225
13.453333333333333 56.20988427946338
13.46888888888889 56.33892592106099
13.484444444444444 56.43320776375333
13.5 56.42345787424313
13.515555555555554 56.244871267369945
13.53111111111111 55.920822500230884
13.546666666666667 55.536766393436665
13.562222222222221 55.179495020573654
13.577777777777778 54.924553520588574
13.593333333333334 54.76004379958431
13.608888888888888 54.633118187021296
13.624444444444444 54.49069505034697
13.64 54.29291228915588
13.655555555555555 54.063328369446594
13.671111111111111 53.84449770894366
13.686666666666667 53.678960576647
13.702222222222222 53.58191710555877
13.717777777777778 53.48602007076761
13.733333333333334 53.30840431689762
13.748888888888889 52.966730385076175
13.764444444444445 52.44269054908068
13.78 51.84256347022449
13.795555555555556 51.28697374547937
13.81111111111111 50.89374561038767
13.826666666666666 50.674314938364546
13.842222222222222 50.50333056103568
13.857777777777777 50.24644057268688
13.873333333333333 49.777835183553975
13.88888888888889 49.12329845577858
13.904444444444444 48.438810467400685
13.92 47.884582759347836
13.935555555555556 47.60308290463422
13.95111111111111 47.56133129934153
13.966666666666667 47.62625950978111
13.982222222222223 47.66363183505689
13.997777777777777 47.566012749847346
14.013333333333334 47.38671464229776
14.02888888888889 47.23871027022051
14.044444444444444 47.23507053285573
14.059999999999999 47.45069832683839
14.075555555555557 47.81672430841718
14.091111111111111 48.23043273335918
14.106666666666666 48.58924919104095
14.122222222222222 48.83376476789715
14.137777777777778 49.00834803175985
14.153333333333332 49.172645051238646
14.168888888888889 49.385708640492
14.184444444444445 49.66925176419204
14.2 49.986084247636995
14.215555555555556 50.29382708332764
14.231111111111112 50.550768173758684
14.246666666666666 50.73209484825736
14.262222222222222 50.8308090276455
14.277777777777779 50.84097780525849
14.293333333333333 50.7592864136451
14.308888888888887 50.895656619879446
14.324444444444445 51.12247271349099
14.34 51.35449557082791
14.355555555555554 51.6287576219421
14.371111111111112 51.947002492294246
14.386666666666667 52.29783268931885
14.402222222222221 52.66992799728098
14.417777777777777 53.05852964274709
14.433333333333334 53.49054946912213
14.448888888888888 54.00244225410927
14.464444444444444 54.6306472602098
14.48 55.380383853404396
14.495555555555555 56.161242893893586
14.511111111111111 56.864567762123556
14.526666666666667 57.38215716861839
14.542222222222222 57.66583777534299
14.557777777777778 57.786768974934034
14.573333333333334 57.83037258705076
14.588888888888889 57.88271014389056
14.604444444444443 57.990231395055844
14.620000000000001 58.153545320880085
14.635555555555555 58.36998645235394
14.65111111111111 58.6361553510651
14.666666666666668 58.9348448820557
14.682222222222222 59.23655817540953
14.697777777777777 59.513165143159085
14.713333333333333 59.737497286012285
14.72888888888889 59.92965272787251
14.744444444444444 60.137258710425954
14.76 60.408307951745314
14.775555555555556 60.780509115180735
14.79111111111111 61.226023641951656
14.806666666666667 61.6912797809033
14.822222222222223 62.1226448226995
14.837777777777777 62.496202963745645
14.853333333333333 62.907797157883465
14.86888888888889 63.48343444984914
14.884444444444444 64.34897476089975
14.899999999999999 65.56222541990599
14.915555555555557 67.00504290630863
14.931111111111111 68.5312254206018
14.946666666666665 69.99501988609222
14.962222222222222 71.28588591488779
14.977777777777778 72.35325126415285
14.993333333333332 73.15238782828305
15.008888888888889 73.63980550899669
15.024444444444445 73.80880954203042
15.04 73.69481917570249
15.055555555555555 73.33556148386242
15.071111111111112 72.77056705869472
15.086666666666666 72.06104178309477
15.102222222222222 71.2819591246473
15.117777777777778 70.51017658825776
15.133333333333333 69.82049294008289
15.148888888888889 69.26964517577142
15.164444444444445 68.90500927632331
15.18 68.77388198888923
15.195555555555554 68.91049945186865
15.211111111111112 69.27778808869846
15.226666666666667 69.81445802504447
15.242222222222221 70.45919966993915
15.257777777777777 71.15231711255979
15.273333333333333 71.83973929414105
15.288888888888888 72.46861994869096
15.304444444444444 72.98621911389
15.32 73.36390529987716
15.335555555555555 73.62762670199857
15.351111111111111 73.81084056432906
15.366666666666667 73.94657995189846
15.382222222222222 74.04417667358973
15.397777777777778 74.07719692727358
15.413333333333334 74.01624106644022
15.428888888888888 73.8336581528647
15.444444444444445 73.54362761042137
15.46 73.20307344181765
15.475555555555555 72.87085122869996
15.49111111111111 72.60341875070549
15.506666666666668 72.42645585949253
15.522222222222222 72.34431381641696
15.537777777777777 72.3609159971686
15.553333333333333 72.47541150675363
15.568888888888889 72.66018261974114
15.584444444444443 72.88721401514238
15.6 73.06516106993286
15.615555555555556 73.15657532767466
15.63111111111111 73.20784784552211
15.646666666666667 73.29080326612961
15.662222222222223 73.4772555758691
15.677777777777777 73.8022359513451
15.693333333333333 74.18574551993959
15.70888888888889 74.52536047365152
15.724444444444444 74.71904739401282
15.74 74.72312512408541
15.755555555555556 74.61377217614722
15.77111111111111 74.48189564098607
15.786666666666665 74.41711121270566
15.802222222222223 74.45110244590705
15.817777777777778 74.5354920902954
15.833333333333332 74.61604005090669
15.848888888888888 74.64124307423572
15.864444444444445 74.6162033725899
15.879999999999999 74.59931435147519
15.895555555555555 74.65104264733725
15.911111111111111 74.82563777441737
15.926666666666666 75.10580539538739
15.942222222222222 75.4284380979725
15.957777777777778 75.72968021448173
15.973333333333333 75.95280860256605
15.988888888888889 76.09125811465094
16.004444444444445 76.15998194397707
16.02 76.17401576065254
16.035555555555554 76.14994850804237
16.051111111111112 76.11134588022242
16.066666666666666 76.0837315326296
16.08222222222222 76.09261804214088
16.09777777777778 76.15120020158747
16.113333333333333 76.23681093730772
16.128888888888888 76.32029269828593
16.144444444444446 76.37271143773933
16.16 76.39157236235553
16.175555555555555 76.42540621556134
16.191111111111113 76.528561340637
16.206666666666667 76.75438619631564
16.22222222222222 77.1167485279874
16.23777777777778 77.5778729531479
16.253333333333334 78.0964965987979
16.26888888888889 78.6326335735007
16.284444444444446 79.14204266815898
16.3 79.57962080844095
16.315555555555555 79.90051389156065
16.331111111111113 80.06769869955167
16.346666666666668 80.12886392601627
16.362222222222222 80.18349148853281
16.377777777777776 80.3318066688471
16.393333333333334 80.64808157541643
16.40888888888889 81.03279079679032
16.424444444444443 81.31504169200412
16.439999999999998 81.32372339616848
16.455555555555556 80.93741213869464
16.47111111111111 80.24888658605755
16.486666666666665 79.4086352540229
16.502222222222223 78.5670799799143
16.517777777777777 77.81855967785623
16.53333333333333 77.09966535710191
16.54888888888889 76.31945574636813
16.564444444444444 75.38773140341345
16.58 74.29399286053888
16.595555555555556 73.17739244209156
16.61111111111111 72.19358055336579
16.626666666666665 71.4951145890916
16.642222222222223 71.11816793692742
16.657777777777778 70.94992080018767
16.673333333333332 70.86781354716345
16.68888888888889 70.7535702528354
16.704444444444444 70.56815791270424
16.72 70.34235710176074
16.735555555555557 70.10933674013518
16.75111111111111 69.90105675086568
16.766666666666666 69.73660577285898
16.782222222222224 69.62729771026181
16.797777777777778 69.58433870478484
16.813333333333333 69.61712163323739
16.82888888888889 69.72299797770586
16.844444444444445 69.89441184590305
16.86 70.12379293181039
16.875555555555557 70.40102985599924
16.891111111111112 70.70508302227756
16.906666666666666 71.01197563603591
16.92222222222222 71.29773035166363
16.93777777777778 71.53794660945437
16.953333333333333 71.70702979941905
16.968888888888888 71.77917621649465
16.984444444444446 71.72885939350635
17.0 71.56117708492184
17.015555555555554 71.33919296862382
17.03111111111111 71.13242449617951
17.046666666666667 71.00938167512868
17.06222222222222 70.99958283392209
17.077777777777776 71.08199410396628
17.093333333333334 71.23221309196163
17.108888888888888 71.42604454902198
17.124444444444443 71.64323784916519
17.14 71.86707895927634
17.155555555555555 72.0809790797664
17.17111111111111 72.26983739496859
17.186666666666667 72.43488491195365
17.202222222222222 72.58744796585574
17.217777777777776 72.73900237275188
17.233333333333334 72.90285671915342
17.24888888888889 73.10490005808697
17.264444444444443 73.37630341262138
17.28 73.74825595294385
17.295555555555556 74.24244528328734
17.31111111111111 74.83814543548397
17.326666666666668 75.50280035409628
17.342222222222222 76.20385841656991
17.357777777777777 76.91477386406962
17.373333333333335 77.6266677248966
17.38888888888889 78.33389316232831
17.404444444444444 79.03075180178905
17.42 79.70486572484867
17.435555555555556 80.33063784622186
17.45111111111111 80.88091729277028
17.46666666666667 81.32981386637971
17.482222222222223 81.7058911406657
17.497777777777777 82.11177163300886
17.513333333333332 82.65537617085829
17.52888888888889 83.44015735041523
17.544444444444444 84.47657638628027
17.56 85.68723112281873
17.575555555555553 86.99127781019354
17.59111111111111 88.31275051903503
17.606666666666666 89.63365203812225
17.62222222222222 90.97399336872388
17.637777777777778 92.35444690430438
17.653333333333332 93.7893011749743
17.668888888888887 95.24554341762462
17.684444444444445 96.6689129887709
17.7 98.00504798986378
17.715555555555554 99.21379749925211
17.73111111111111 100.32360372469486
17.746666666666666 101.38357735162026
17.76222222222222 102.44283199169183
17.77777777777778 103.54681976237384
17.793333333333333 104.72930181024424
17.808888888888887 106.02171091876062
17.824444444444445 107.45542670591772
17.84 109.05225596648302
17.855555555555554 110.81342551336797
17.871111111111112 112.73749429632198
17.886666666666667 114.82302661830556
17.90222222222222 117.0688717042641
17.91777777777778 119.47430040433665
17.933333333333334 122.03861758580535
17.948888888888888 124.76104703271585
17.964444444444446 127.63883747976047
17.98 130.66822285720582
17.995555555555555 133.84369197572028
18.011111111111113 137.1617538690832
18.026666666666667 140.64363487018215
18.04222222222222 144.3280983733407
18.05777777777778 148.254295462988
18.07333333333333 152.46383886027843
18.08888888888889 157.01897279090053
18.104444444444447 161.99223711867023
18.119999999999997 167.49755370855837
18.135555555555555 173.56676548963378
18.151111111111113 180.14356312381483
18.166666666666664 187.1576710987216
18.182222222222222 194.5387911221976
18.197777777777777 202.2961646207783
18.21333333333333 210.72664845798806
18.22888888888889 220.19208786049307
18.244444444444444 231.05422799659402
18.259999999999998 243.64230449905608
18.275555555555556 258.20647917485746
18.29111111111111 274.9851214840486
18.306666666666665 294.2238043876106
18.322222222222223 316.7042661894991
18.337777777777777 344.10532530847104
18.35333333333333 378.1912366702825
18.36888888888889 420.8102555845262
18.384444444444444 476.4196527348672
18.4 552.5285712824118
18.415555555555557 656.8194092406271
18.43111111111111 797.2823416331411
18.446666666666665 987.0058326658309
18.462222222222223 1243.271528663653
18.477777777777778 1583.485661156385
18.493333333333332 2025.472839108942
18.50888888888889 2591.2386507958727
18.524444444444445 3305.193759968696
18.54 4191.778107144988
18.555555555555557 5268.336258421705
18.57111111111111 6506.534211866521
18.586666666666666 7859.941952950456
18.602222222222224 9282.084238274438
18.617777777777775 10724.514800427305
18.633333333333333 12130.353372490497
18.64888888888889 13440.464256754802
18.66444444444444 14595.715310476457
18.68 15540.533055913449
18.695555555555558 16229.57850179666
18.71111111111111 16619.341264725805
18.726666666666667 16666.542689292233
18.742222222222225 16357.527337215108
18.757777777777775 15737.044806211226
18.773333333333333 14856.678430575372
18.788888888888888 13768.042611306117
18.804444444444442 12524.136302587836
18.82 11179.866606157026
18.835555555555555 9790.279798393854
18.85111111111111 8409.994978187546
18.866666666666667 7084.266244028065
18.88222222222222 5849.231380550675
18.897777777777776 4740.650743502743
18.913333333333334 3791.9431936694364
18.92888888888889 3006.7424695819095
18.944444444444443 2368.196086231672
18.96 1859.0553886039038
18.975555555555555 1462.0280467312828
18.99111111111111 1159.4715952116962
19.006666666666668 933.5752568669791
19.022222222222222 766.5271838075496
19.037777777777777 641.7400473441921
19.053333333333335 549.1152787684694
19.06888888888889 480.6954598853189
19.084444444444443 428.52456826730474
19.1 385.9014542868647
19.115555555555556 350.6011220257749
19.13111111111111 321.39620115931666
19.14666666666667 297.0598129638589
19.162222222222223 276.5246698358925
19.177777777777777 259.11159223101777
19.193333333333335 244.199267883708
19.208888888888886 231.16804366019835
19.224444444444444 219.5262447548306
19.240000000000002 208.9989083537364
19.255555555555553 199.3320358812531
19.27111111111111 190.27736887618448
19.28666666666667 181.73779626183136
19.30222222222222 173.79975358430363
19.317777777777778 166.5607947011747
19.333333333333336 160.10962365730097
19.348888888888887 154.37985938619374
19.364444444444445 149.17296542798988
19.38 144.28617828554525
19.395555555555553 139.53356667704816
19.41111111111111 134.90839912526076
19.426666666666666 130.51218628559832
19.44222222222222 126.44793883769523
19.45777777777778 122.79960739497358
19.473333333333333 119.519362864144
19.488888888888887 116.5036891276144
19.504444444444445 113.64887214762643
19.52 110.86813140736626
19.535555555555554 108.15333779714501
19.551111111111112 105.51918044707134
19.566666666666666 102.98035021763405
19.58222222222222 100.54980142239276
19.59777777777778 98.2350048326955
19.613333333333333 96.04235148855287
19.628888888888888 93.97815360012646
19.644444444444446 92.0336014746373
19.66 90.16689497537595
19.675555555555555 88.33188388295241
19.691111111111113 86.48311844574334
19.706666666666667 84.61625803256811
19.72222222222222 82.79015803048435
19.73777777777778 81.06904935109401
19.753333333333334 79.5152879248385
19.76888888888889 78.13996825617585
19.784444444444446 76.8979486258769
19.799999999999997 75.74121469755858
19.815555555555555 74.6243141342444
19.831111111111113 73.54132764358042
19.846666666666664 72.51739305136596
19.862222222222222 71.57848399394015
19.87777777777778 70.74538151148636
19.89333333333333 69.98879941411815
19.90888888888889 69.25145001980627
19.924444444444443 68.47573898179235
19.939999999999998 67.61546324174708
19.955555555555556 66.69700877510513
19.97111111111111 65.77525366345071
19.986666666666665 64.90514335797798
20.002222222222223 64.13104609187883
20.017777777777777 63.451540062785284
20.03333333333333 62.852815222795925
20.04888888888889 62.32106390251988
20.064444444444444 61.84591009742246
20.08 61.42717050633689
20.095555555555556 61.06654551793679
20.11111111111111 60.765677047274266
20.126666666666665 60.51713673484289
20.142222222222223 60.29468950414105
20.157777777777778 60.06976345940757
20.173333333333332 59.814209142447
20.18888888888889 59.52210563477911
20.204444444444444 59.22030376416603
20.22 58.9382855564653
20.235555555555557 58.706249176676806
20.25111111111111 58.572732434418754
20.266666666666666 58.60571499002674
20.282222222222224 58.874113319670414
20.297777777777778 59.44153636056194
20.313333333333333 60.29305356356838
20.32888888888889 61.35371991061743
20.344444444444445 62.547072104160634
20.36 63.80360040782398
20.375555555555557 65.11904819077313
20.39111111111111 66.5248740698695
20.406666666666666 68.0534915064726
20.422222222222224 69.719563543145
20.437777777777775 71.42865728517802
20.453333333333333 73.04519224841272
20.46888888888889 74.43349777543222
20.484444444444442 75.48333692277083
20.5 76.19368362538955
20.515555555555554 76.59281886120698
20.53111111111111 76.70900315006554
20.546666666666667 76.54305258735928
20.56222222222222 76.01429067882862
20.577777777777776 75.02698475267061
20.593333333333334 73.48593298994228
20.608888888888888 71.38065444438121
20.624444444444443 68.87757287695024
20.64 66.16527625848698
20.655555555555555 63.43103235511012
20.67111111111111 60.79013985167978
20.686666666666667 58.250321892628904
20.702222222222222 55.81049745720145
20.717777777777776 53.47034260983514
20.733333333333334 51.24968819813296
20.74888888888889 49.19017202211785
20.764444444444443 47.33452004402693
20.78 45.72098906982819
20.795555555555556 44.31888936244195
20.81111111111111 43.06840181185976
20.826666666666668 41.880957113858926
20.842222222222222 40.65646213903847
20.857777777777777 39.40594688022577
20.873333333333335 38.190548163903145
20.88888888888889 37.07197680638626
20.904444444444444 36.09962515114648
20.92 35.2417677084984
20.935555555555553 34.433871476620425
20.95111111111111 33.6113111808354
20.96666666666667 32.72749718788475
20.98222222222222 31.817712738515866
20.997777777777777 30.9404612572647
21.013333333333335 30.154239731241887
21.028888888888886 29.49730912618179
21.044444444444444 28.943981546527198
21.060000000000002 28.455967493407115
21.075555555555553 27.99508150483382
21.09111111111111 27.545233623208787
21.106666666666666 27.13965067165998
21.12222222222222 26.81823526310575
21.137777777777778 26.620304054995472
21.153333333333332 26.546491814476667
21.168888888888887 26.535356583633984
21.184444444444445 26.520361381432735
21.2 26.43683781785637
21.215555555555554 26.28354908085032
21.23111111111111 26.135397019616903
21.246666666666666 26.071551634800016
21.26222222222222 26.164092455396712
21.27777777777778 26.360332708510327
21.293333333333333 26.50099406162883
21.308888888888887 26.423370926335565
21.324444444444445 25.98337343067749
21.34 25.24336565142096
21.355555555555554 24.394328744117615
21.371111111111112 23.629190832755057
21.386666666666667 23.108754692985485
21.40222222222222 22.755514580148883
21.41777777777778 22.384807990539116
21.433333333333334 21.811459494468522
21.448888888888888 20.90019389182146
21.464444444444446 19.771557057036034
21.48 18.627852839819184
21.495555555555555 17.671418812575894
21.511111111111113 17.047442711350186
21.526666666666664 16.6958909260195
21.54222222222222 16.510682217999715
21.55777777777778 16.385819814393017
21.57333333333333 16.25047009603088
21.58888888888889 16.123148486496916
21.604444444444447 16.03635154757535
21.619999999999997 16.02233953265238
21.635555555555555 16.090104961466636
21.651111111111113 16.206064494058523
21.666666666666664 16.332089126691926
21.682222222222222 16.430193561655187
21.697777777777777 16.46835526877578
21.71333333333333 16.42252236392585
21.72888888888889 16.269198878435645
21.744444444444444 15.987233698381942
21.759999999999998 15.607883411095486
21.775555555555556 15.213979313671189
21.79111111111111 14.890530946276385
21.806666666666665 14.716313189684797
21.822222222222223 14.684740372361489
21.837777777777777 14.727348735801797
21.85333333333333 14.77428926691448
21.86888888888889 14.762290349068621
21.884444444444444 14.687461100721066
21.9 14.57741372075543
21.915555555555557 14.460049773955234
21.93111111111111 14.35306960673222
21.946666666666665 14.210803220151206
21.962222222222223 13.963283118698541
21.977777777777778 13.540492073948485
21.993333333333332 12.900771122198421
22.00888888888889 12.12635657632211
22.024444444444445 11.333310930255152
22.04 10.63767782178411
22.055555555555557 10.115818429374485
22.07111111111111 9.721176250996677
22.086666666666666 9.383467231565987
22.102222222222224 9.032552178761534
22.117777777777775 8.628734413029292
22.133333333333333 8.200106569128252
22.14888888888889 7.783913198533128
22.16444444444444 7.417117904795873
22.18 7.117398070665217
22.195555555555558 6.871049753070224
22.21111111111111 6.661487844664862
22.226666666666667 6.472154873509112
22.24222222222222 6.287402715657436
22.257777777777775 6.092676954800481
22.273333333333333 5.873488076309627
22.288888888888888 5.616814993745038
22.304444444444442 5.337442720401327
22.32 5.07500271019444
22.335555555555555 4.870000562253381
22.35111111111111 4.760046576549257
22.366666666666667 4.747824688520041
22.38222222222222 4.812868321267047
22.397777777777776 4.934296340321794
22.413333333333334 5.090142116265952
22.42888888888889 5.249584077589816
22.444444444444443 5.377480938428221
22.46 5.438662272906413
22.475555555555555 5.403547112009505
22.49111111111111 5.2744733026470385
22.506666666666668 5.065090906502974
22.522222222222222 4.789063261169645
22.537777777777777 4.463684814257249
22.553333333333335 4.12101235740522
22.56888888888889 3.7968537061947245
22.584444444444443 3.5270054074212567
22.6 3.3346879207300617
22.615555555555556 3.2064604720715124
22.63111111111111 3.122238162018334
22.64666666666667 3.0619667556643435
22.662222222222223 3.0108116680952435
22.677777777777777 2.965009608792343
22.693333333333335 2.9222101344811335
22.708888888888886 2.879977436368563
22.724444444444444 2.830603104923398
22.740000000000002 2.75811816482053
22.755555555555553 2.6458326589054195
22.77111111111111 2.4776871750714236
22.78666666666667 2.2571860367794443
22.80222222222222 2.010706115772564
22.817777777777778 1.7659216607925146
22.833333333333332 1.59529303326417
22.848888888888887 1.4708425542880832
22.864444444444445 1.3461047780165245
22.88 1.1939407781160298
22.895555555555553 0.9915805718826505
22.91111111111111 0.7681550272316144
22.926666666666666 0.5868150371341017
22.94222222222222 0.511303045564091
22.95777777777778 0.5951431707964048
22.973333333333333 0.8087365488254363
22.988888888888887 1.0820302267884472
23.004444444444445 1.3447009331056279
23.02 1.5428735752687999
23.035555555555554 1.7173219280387002
23.051111111111112 1.942607094384016
23.066666666666666 2.293332140326811
23.08222222222222 2.8155921335173844
23.09777777777778 3.4375337602917853
23.113333333333333 4.05680411173023
23.128888888888888 4.571086432678953
23.144444444444446 4.929797013158918
23.16 5.2372756174107735
23.175555555555555 5.626739068672919
23.191111111111113 6.230898510942552
23.206666666666667 7.082457497640121
23.22222222222222 7.994423491444309
23.23777777777778 8.750602662778988
23.25333333333333 9.136835655084383
23.26888888888889 9.080604513259004
23.284444444444446 8.740996891930877
23.299999999999997 8.298503097673006
23.315555555555555 7.929960502864105
23.331111111111113 7.686218773371934
23.346666666666664 7.736208103578065
23.362222222222222 7.778360401855139
23.37777777777778 7.620096753774533
23.39333333333333 7.286167231944319
23.40888888888889 6.919543154591793
23.424444444444443 6.669298445149593
23.439999999999998 6.673534698458752
23.455555555555556 6.926480092157476
23.47111111111111 7.321265520644147
23.486666666666665 7.748922804493304
23.502222222222223 8.108835671695715
23.517777777777777 8.375341871982755
23.53333333333333 8.56235250699558
23.54888888888889 8.684136121798815
23.564444444444444 8.755631769226852
23.58 8.796052409738877
23.595555555555556 8.826288968108543
23.61111111111111 8.86723632932069
23.626666666666665 8.934262818012144
23.642222222222223 9.017223819193191
23.657777777777778 9.098617491906907
23.673333333333332 9.160942825218967
23.68888888888889 9.19629976991041
23.704444444444444 9.229133990341325
23.72 9.290695694554074
23.735555555555557 9.412202729751925
23.75111111111111 9.613096718672978
23.766666666666666 9.883579867456206
23.782222222222224 10.209393560646618
23.797777777777778 10.57631176711061
23.813333333333333 10.973475948635723
23.82888888888889 11.396278449138435
23.84444444444444 11.84079099423468
23.86 12.303152041410499
23.875555555555557 12.782611477193313
23.89111111111111 13.282788340538673
23.906666666666666 13.807629070398093
23.922222222222224 14.361755174243513
23.937777777777775 14.953503735082904
23.953333333333333 15.58802118084725
23.96888888888889 16.27242648427125
23.984444444444442 17.014337384057967
24.0 17.818977676309146
24.015555555555554 18.68961477489313
24.03111111111111 19.6294587383627
24.046666666666667 20.640018987080225
24.06222222222222 21.703963723839024
24.077777777777776 22.792232395935457
24.093333333333334 23.875587273491078
24.108888888888888 24.929126401890358
24.124444444444443 25.96186526972656
24.14 26.998786525229207
24.155555555555555 28.066378277914396
24.17111111111111 29.18252472861434
24.186666666666667 30.33346459933125
24.202222222222222 31.49385537656508
24.217777777777776 32.6383415531177
24.233333333333334 33.74862037138291
24.24888888888889 34.8358103531657
24.264444444444443 35.918700761389005
24.28 37.016079719176446
24.295555555555556 38.14451274334192
24.31111111111111 39.3137083630462
24.326666666666668 40.53205693027405
24.342222222222222 41.8079912252299
24.357777777777777 43.16048463747018
24.373333333333335 44.632835490758566
24.38888888888889 46.27176230921157
24.404444444444444 48.12352432088551
24.42 50.19526248332079
24.435555555555553 52.42569420797258
24.45111111111111 54.74663581360869
24.46666666666667 57.09086741897352
24.48222222222222 59.43134528796065
24.497777777777777 61.7948389448261
24.513333333333335 64.21188236866692
24.528888888888886 66.71238383811135
24.544444444444444 69.31101331085893
24.56 72.00671620679384
24.575555555555553 74.79771497201739
24.59111111111111 77.68432419553972
24.606666666666666 80.69981459149983
24.62222222222222 83.90369857807298
24.637777777777778 87.35621594421525
24.653333333333332 91.11537679774915
24.668888888888887 95.21500199581385
24.684444444444445 99.67409075765272
24.7 104.51142822827774
24.715555555555554 109.74643328650188
24.73111111111111 115.40345226032218
24.746666666666666 121.5091390698991
24.76222222222222 128.0901608114798
24.77777777777778 135.17127056444235
24.793333333333333 142.7662908333748
24.808888888888887 150.88601965244618
24.824444444444445 159.54008297836128
24.84 168.7811201917708
24.855555555555554 178.84602138038485
24.871111111111112 190.02047353602381
24.886666666666667 202.5901536993665
24.90222222222222 216.81248341467472
24.91777777777778 232.85503972044444
24.933333333333334 250.867582494492
24.948888888888888 271.00102238846125
24.964444444444446 293.75682226786284
24.98 320.4788270123547
24.995555555555555 352.63482525640677
25.011111111111113 391.7096705044329
25.026666666666664 440.89596884400305
25.04222222222222 506.5264673349409
25.05777777777778 595.2712160535269
25.07333333333333 713.8678840924416
25.08888888888889 872.3012373243465
25.104444444444447 1085.1714676012193
25.119999999999997 1367.4307038971501
25.135555555555555 1734.124935832945
25.15111111111111 2202.907222647459
25.166666666666664 2794.334046371738
25.182222222222222 3529.11216065379
25.197777777777777 4426.482406986968
25.21333333333333 5480.616360671585
25.22888888888889 6664.017360159383
25.244444444444444 7948.477701032535
25.259999999999998 9304.739243424548
25.275555555555556 10690.616843349662
25.29111111111111 12055.232436729424
25.306666666666665 13347.546363502333
25.322222222222223 14516.637854792498
25.337777777777777 15512.637128346383
25.35333333333333 16286.222489686987
25.36888888888889 16788.076985274743
25.384444444444444 16975.663697241638
25.4 16850.700316540286
25.415555555555557 16432.660062220835
25.43111111111111 15741.063878481074
25.446666666666665 14801.035391454563
25.462222222222223 13665.147949308202
25.477777777777778 12394.368100211463
25.493333333333332 11049.664442917148
25.50888888888889 9687.660731644897
25.524444444444445 8348.883701828487
25.54 7070.130876803641
25.555555555555557 5888.190499819571
25.571111111111108 4831.7156137336615
25.586666666666666 3906.4283940734153
25.602222222222224 3114.040023523099
25.617777777777775 2456.2310577838716
25.633333333333333 1928.9617639931403
25.64888888888889 1515.7897391223614
25.66444444444444 1198.6488370510974
25.68 959.496030842706
25.695555555555558 782.0493527924821
25.71111111111111 652.9964165710011
25.726666666666667 559.3105431980094
25.74222222222222 488.07482070975766
25.757777777777775 430.8157632391059
25.773333333333333 384.9361273521646
25.788888888888888 348.2420354679475
25.804444444444442 318.55862111556155
25.82 294.1828198685582
25.835555555555555 273.90339929034985
25.85111111111111 256.53214621467134
25.866666666666667 240.9185234761777
25.88222222222222 226.53690135288707
25.897777777777776 213.37604098638587
25.913333333333334 201.44001342652814
25.92888888888889 190.7229616405258
25.944444444444443 181.102692855422
25.96 172.38151890840425
25.975555555555555 164.36047345213456
25.99111111111111 156.85446178273344
26.006666666666668 149.7975109406492
26.022222222222222 143.18430592318566
26.037777777777777 137.0100131674492
26.053333333333335 131.267726450361
26.06888888888889 125.93717909070551
26.084444444444443 120.99280476755348
26.099999999999998 116.4090238138723
26.115555555555556 112.15469571251322
26.13111111111111 108.1713768342529
26.146666666666665 104.39225765593028
26.162222222222223 100.75052661177779
26.177777777777777 97.1974913270584
26.19333333333333 93.7526917632747
26.20888888888889 90.4517263013006
26.224444444444444 87.33017768518744
26.24 84.4067943067381
26.255555555555556 81.65145236344074
26.27111111111111 79.02520925618819
26.286666666666665 76.4891971159118
26.302222222222223 74.02137429217635
26.317777777777778 71.63773467485566
26.333333333333332 69.35949604921541
26.34888888888889 67.20781441512565
26.364444444444445 65.1983026694495
26.38 63.33671662065376
26.395555555555553 61.627796817195645
26.41111111111111 60.07594599592369
26.426666666666666 58.66964788663381
26.44222222222222 57.37493248403234
26.45777777777778 56.156136366067926
26.473333333333333 54.97777116108489
26.488888888888887 53.80937590593339
26.504444444444445 52.62614544741223
26.52 51.403575909844676
26.535555555555554 50.11949451598309
26.551111111111112 48.79637318708944
26.566666666666666 47.49684936709582
26.58222222222222 46.28499262298726
26.59777777777778 45.22027105815687
26.613333333333333 44.299849911311185
26.628888888888888 43.47607659254959
26.644444444444446 42.70031343753817
26.66 41.927275290846296
26.675555555555555 41.145052129961186
26.69111111111111 40.360875518751754
26.706666666666667 39.582203991476035
26.72222222222222 38.815223554797626
26.737777777777776 38.056555122697546
26.753333333333334 37.29846893760384
26.76888888888889 36.53321331330869
26.784444444444443 35.7550558957505
26.8 34.969926647803845
26.815555555555555 34.18793298827882
26.83111111111111 33.41918765644448
26.846666666666668 32.67361235060798
26.862222222222222 31.96027228752189
26.877777777777776 31.287992750707986
26.893333333333334 30.665598805228115
26.90888888888889 30.09940812761613
26.924444444444443 29.586971914661262
26.94 29.123926602859342
26.955555555555556 28.70591641262922
26.97111111111111 28.333944936768944
26.986666666666665 28.02371676797725
27.002222222222223 27.793434812492023
27.017777777777777 27.66125002570027
27.03333333333333 27.635529566727882
27.04888888888889 27.703386114307136
27.064444444444444 27.84914344477272
27.08 28.0571165329751
27.095555555555556 28.31088844431258
27.11111111111111 28.59277155447728
27.126666666666665 28.88495129113676
27.142222222222223 29.17011783001999
27.157777777777778 29.454221545631185
27.173333333333332 29.775719807608425
27.18888888888889 30.1754892867566
27.204444444444444 30.694363439832273
27.22 31.371922697592595
27.235555555555553 32.24633088487519
27.25111111111111 33.355675742037306
27.266666666666666 34.7420704339263
27.28222222222222 36.52721875683528
27.297777777777778 38.90580264926359
27.313333333333333 42.07520385666044
27.328888888888887 46.21382916176901
27.344444444444445 51.23031055454362
27.36 56.83261243818731
27.375555555555554 62.723926264218676
27.391111111111112 68.63338436262609
27.406666666666666 74.56520844824558
27.42222222222222 80.68928524046134
27.43777777777778 87.17777726563907
27.453333333333333 94.12696768404669
27.468888888888888 101.01748153938524
27.484444444444446 107.03097190624806
27.5 111.34711131998336
27.515555555555554 113.27866090133114
27.53111111111111 112.97911349203207
27.546666666666667 110.92933367723674
27.56222222222222 107.61092365969057
27.577777777777776 103.41789289365101
27.593333333333334 98.30858294837162
27.608888888888888 92.10614442194742
27.624444444444443 84.63368625997157
27.64 75.8787409217939
27.655555555555555 66.47659268329119
27.67111111111111 57.2220156659472
27.686666666666667 48.90967942018415
27.702222222222222 42.0956414810139
27.717777777777776 36.58765146094743
27.733333333333334 32.045940006059254
27.74888888888889 28.131888932454785
27.764444444444443 24.608844404501838
27.78 21.495867434235947
27.795555555555556 18.851462538919577
27.81111111111111 16.73378175043763
27.826666666666664 15.151096835027602
27.842222222222222 14.010649582546534
27.857777777777777 13.207472357024471
27.87333333333333 12.636882132599794
27.88888888888889 12.214474906623877
27.904444444444444 11.889273264197072
27.919999999999998 11.61342158432501
27.935555555555556 11.339862323404986
27.95111111111111 11.055388207867622
27.966666666666665 10.792472431242913
27.982222222222223 10.586819134866005
27.997777777777777 10.472541995608594
28.013333333333332 10.439316013695816
28.02888888888889 10.427516667901045
28.044444444444444 10.374953518579787
28.06 10.222400351701822
28.075555555555557 9.968929032934398
28.09111111111111 9.666898009214265
28.106666666666666 9.370625114233917
28.12222222222222 9.131032226751927
28.137777777777778 8.949839975063128
28.153333333333332 8.791701758167278
28.168888888888887 8.620362995845767
28.184444444444445 8.403312202138522
28.2 8.149295474254586
28.215555555555554 7.892643227537405
28.23111111111111 7.668068160501321
28.246666666666666 7.5055624256564215
28.26222222222222 7.394610724017639
28.27777777777778 7.304083523754912
28.293333333333333 7.202688035786878
28.308888888888887 7.063844130557754
28.324444444444445 6.892975116810931
28.34 6.708812585009241
28.355555555555554 6.530131639666706
28.371111111111112 6.372828873919275
28.386666666666667 6.237156782255738
28.40222222222222 6.118078629913725
28.417777777777776 6.010553516762229
28.433333333333334 5.908741595804827
28.448888888888888 5.803303980261376
28.464444444444442 5.683944142200858
28.48 5.5403655909334475
28.495555555555555 5.363397182386279
28.51111111111111 5.1478528502076415
28.526666666666667 4.889428219295155
28.54222222222222 4.583817230559816
28.557777777777776 4.225041666189554
28.573333333333334 3.802313087773996
28.58888888888889 3.303983376231372
28.604444444444443 2.718491228712196
28.62 2.058039626345476
28.635555555555555 1.390762563797125
28.65111111111111 0.7928343849237081
28.666666666666668 0.3401855840097596
28.682222222222222 0.07937670062960933
28.697777777777777 0.0
28.71333333333333 0.0851125637387895
28.72888888888889 0.3189759436403392
28.744444444444444 0.7788259075952055
28.759999999999998 1.3166027789662849
28.775555555555556 1.888296524167913
28.79111111111111 2.4502102566501662
28.806666666666665 2.971738670560967
28.822222222222223 3.4398337307059137
28.837777777777777 3.8426778743850036
28.85333333333333 4.168390341422878
28.86888888888889 4.4032850202424925
28.884444444444444 4.531650134907181
28.9 4.537666466235805
28.915555555555557 4.407856638950875
28.93111111111111 4.177121652825463
28.946666666666665 3.925877076407005
28.962222222222223 3.7363068922858247
28.977777777777778 3.6855150750992607
28.993333333333332 3.7716267064392923
29.008888888888887 3.930414633786768
29.024444444444445 4.095955383170008
29.04 4.207490380671743
29.055555555555554 4.2664772188918505
29.07111111111111 4.315570029822993
29.086666666666666 4.398158641570944
29.10222222222222 4.5516587373379025
29.11777777777778 4.7565165086722345
29.133333333333333 4.961594790994013
29.148888888888887 5.11542020389777
29.164444444444445 5.178930714239868
29.18 5.159517929987942
29.195555555555554 5.088026341307227
29.211111111111112 4.998863184112679
29.226666666666667 4.921098495707611
29.24222222222222 4.850493414773609
29.25777777777778 4.7699830106738546
29.273333333333333 4.662475378724025
29.288888888888888 4.516718078462418
29.304444444444442 4.351351864000094
29.32 4.194557518261604
29.335555555555555 4.074519965916011
29.35111111111111 4.013857885085827
29.366666666666667 4.011699142045359
29.38222222222222 4.060975748224223
29.397777777777776 4.154619239531144
29.413333333333334 4.280337522647869
29.42888888888889 4.407615035855429
29.444444444444443 4.501964624578477
29.46 4.528913693923755
29.475555555555555 4.469366823822725
29.49111111111111 4.348766311397071
29.506666666666668 4.200571427594696
29.522222222222222 4.058209664838614
29.537777777777777 3.9450796862643074
29.55333333333333 3.8603184385038958
29.56888888888889 3.799466366618617
29.584444444444443 3.7580901669930427
29.599999999999998 3.7355277271961995
29.615555555555556 3.73878464874565
29.63111111111111 3.7757974103381002
29.646666666666665 3.8542316786860056
29.662222222222223 3.959913452685555
29.677777777777777 4.041137845702565
29.69333333333333 4.042499542689939
29.70888888888889 3.9095150052687586
29.724444444444444 3.634962094986463
29.74 3.2805879814883383
29.755555555555556 2.913598565931693
29.77111111111111 2.6000035293830024
29.786666666666665 2.3635460516853755
29.802222222222223 2.1753959411394135
29.817777777777778 2.0034345927419963
29.833333333333332 1.8169924154326509
29.848888888888887 1.6227036495918128
29.864444444444445 1.4668590719238637
29.88 1.3976695658755034
29.895555555555553 1.4594474919093727
29.91111111111111 1.6203859689918545
29.926666666666666 1.7794012318784098
29.94222222222222 1.8328832707921947
29.95777777777778 1.6850576890753928
29.973333333333333 1.3596917332082512
29.988888888888887 0.973765470888452
30.004444444444445 0.6467264436849973
30.02 0.4880231068082139
30.035555555555554 0.4851892188828515
30.051111111111112 0.5443223458179318
30.066666666666666 0.5700321546376017
30.08222222222222 0.47798812262692536
30.09777777777778 0.2935095768436895
30.113333333333333 0.10460031812101533
30.128888888888888 0.0
30.144444444444442 0.05490834125703259
30.16 0.23390738056605187
30.175555555555555 0.4475485501042158
30.19111111111111 0.6060170670297111
30.206666666666667 0.6345420556145882
30.22222222222222 0.5606683434951947
30.237777777777776 0.45454497987498144
30.253333333333334 0.3864613201966449
30.26888888888889 0.4141774784421841
30.284444444444443 0.5239716657695226
30.3 0.6768108302438804
30.315555555555555 0.8336324021616974
30.33111111111111 0.960451292780931
30.346666666666668 1.047715905547534
30.362222222222222 1.0932149967941314
30.377777777777776 1.094738744332858
30.393333333333334 1.055710680382731
30.40888888888889 1.0025004462140714
30.424444444444443 0.9673192567970545
30.439999999999998 0.9823786287746543
30.455555555555556 1.1199163053529446
30.47111111111111 1.4417756021041441
30.486666666666665 1.9427757717671739
30.502222222222223 2.6708933138544353
30.517777777777777 3.690208550179932
30.53333333333333 5.112198564828304
30.54888888888889 7.0570166644751
30.564444444444444 9.644726702443108
30.58 12.960027452629902
30.595555555555556 16.99853722716341
30.61111111111111 21.742866796436715
30.626666666666665 27.174188142688195
30.642222222222223 33.21831395701247
30.657777777777778 39.68410252333797
30.673333333333332 46.38302197092412
30.68888888888889 53.083032610132136
30.704444444444444 59.56502540607494
30.72 65.5913055979986
30.735555555555553 70.92213628167849
30.75111111111111 75.31860301067513
30.766666666666666 78.5980749951184
30.78222222222222 80.66940175955676
30.797777777777778 81.449819488569
30.813333333333333 80.85874315685669
30.828888888888887 78.91921079133976
30.844444444444445 75.80097183484668
30.86 71.68490013352482
30.875555555555554 66.75201162113649
30.891111111111112 61.18828332783971
30.906666666666666 55.18582902494302
30.92222222222222 48.937143038948534
30.93777777777778 42.6349384854492
30.953333333333333 36.47776627834617
30.968888888888888 30.67050114273468
30.984444444444446 25.418333990297924
31.0 20.918535695766423
31.015555555555554 17.201905281326958
31.03111111111111 14.141045863202066
31.046666666666667 11.602297059264515
31.06222222222222 9.45552915166354
31.077777777777776 7.6304656391558865
31.093333333333334 6.1067844480242
31.108888888888888 4.865694105635612
31.124444444444443 3.8872443104181684
31.14 3.1353444472205183
31.155555555555555 2.562065131739587
31.17111111111111 2.1192044502720364
31.186666666666667 1.7609935489454074
31.202222222222222 1.4699212137804807
31.217777777777776 1.2466942733306041
31.233333333333334 1.0923226147338028
31.24888888888889 1.0076509631388717
31.264444444444443 0.9817917145797992
31.28 0.9981717804482741
31.295555555555556 1.040514909709259
31.31111111111111 1.0930838466450723
31.326666666666664 1.1446418429799223
31.342222222222222 1.1861909711162753
31.357777777777777 1.2087495824180223
31.37333333333333 1.2049182994436478
31.38888888888889 1.178641620247049
31.404444444444444 1.1388145497400046
31.419999999999998 1.0943527093353396
31.435555555555556 1.0518978266213708
31.45111111111111 1.0040064771278594
31.466666666666665 0.9378489457570822
31.482222222222223 0.8405846719548435
31.497777777777777 0.7035207832813057
31.513333333333332 0.540271864841884
31.52888888888889 0.3719193514128847
31.544444444444444 0.21955001784851902
31.56 0.1019530216944986
31.575555555555557 0.027147589887249524
31.59111111111111 0.0
31.606666666666666 0.025376126266905885
31.62222222222222 0.10611990402253468
31.637777777777778 0.23679218070583374
31.653333333333332 0.4098330160728665
31.668888888888887 0.6176824346188141
31.684444444444445 0.8521221292182872
31.7 1.1025719944312868
31.715555555555554 1.357922478546925
31.73111111111111 1.6070635459390132
31.746666666666666 1.8377134176032541
31.76222222222222 2.033898620895002
31.77777777777778 2.178920461142752
31.793333333333333 2.2560962078357534
31.808888888888887 2.2607671769463877
31.824444444444445 2.221662877993481
31.84 2.17326117296102
31.855555555555554 2.1499849847708674
31.87111111111111 2.1674086032709283
31.886666666666667 2.194800615037707
31.90222222222222 2.194447321090365
31.917777777777776 2.128761341468362
31.933333333333334 1.9852825786133508
31.948888888888888 1.8030465986522586
31.964444444444442 1.6282123205417065
31.98 1.5071311423104135
31.995555555555555 1.4648543369921754
32.011111111111106 1.4850120341885713
32.02666666666667 1.546467908874206
32.04222222222222 1.6282541553384817
32.05777777777777 1.7234999752872682
32.07333333333334 1.8498496584405757
32.08888888888889 2.0274017734336667
32.10444444444444 2.27622245168277
32.120000000000005 2.614398341778383
32.135555555555555 3.056928420188342
32.151111111111106 3.6185437622244763
32.166666666666664 4.313433378366426
32.18222222222222 5.130575403500643
32.19777777777777 6.023580051826002
32.21333333333333 6.943410802609151
32.22888888888889 7.84230516107516
32.24444444444444 8.71917436483659
32.26 9.631959069216123
32.275555555555556 10.642387897956723
32.29111111111111 11.810902290761533
32.306666666666665 13.159821327280497
32.32222222222222 14.667907298919772
32.337777777777774 16.311542372891722
32.35333333333333 18.068629235682693
32.36888888888889 19.954243220463468
32.38444444444444 22.021897573494357
32.4 24.32687920244905
32.41555555555556 26.921176444174307
32.43111111111111 29.789073894738863
32.446666666666665 32.8513991156633
32.46222222222222 36.026531556279565
32.477777777777774 39.23514131779348
32.49333333333333 42.43792927595837
32.50888888888889 45.62964965511969
32.52444444444444 48.806142036545
32.54 51.95965452314522
32.55555555555556 55.028366873815685
32.57111111111111 57.908667877132075
32.586666666666666 60.495861496719044
32.602222222222224 62.68996015530354
32.617777777777775 64.45264786969744
32.63333333333333 65.78895867506174
32.64888888888889 66.70562232608847
32.66444444444444 67.20727578435515
32.68 67.28725231623923
32.69555555555556 66.93221243731284
32.71111111111111 66.12870034714456
32.72666666666667 64.87665146351969
32.742222222222225 63.23492844755867
32.757777777777775 61.25453820542725
32.77333333333333 59.01011399794993
32.78888888888889 56.57157403342046
32.80444444444444 53.96625048465728
32.82 51.198874453329495
32.83555555555556 48.27396917766066
32.85111111111111 45.202038645826974
32.86666666666667 42.04188479643449
32.882222222222225 38.8756706008171
32.897777777777776 35.78571135553045
32.913333333333334 32.84542822178969
32.92888888888889 30.063719977988967
32.94444444444444 27.421033362297862
32.96 24.897690610294944
32.97555555555556 22.480060110982777
32.99111111111111 20.194074518654247
33.00666666666667 18.081576685128994
33.022222222222226 16.184452782853214
33.03777777777778 14.53622847934571
33.05333333333333 13.120903755139352
33.06888888888889 11.904310250285448
33.08444444444444 10.852251972408794
33.099999999999994 9.938630774432568
33.11555555555556 9.160712977226808
33.13111111111111 8.339956196309345
33.14666666666666 7.387058323027418
33.162222222222226 6.271314174450822
33.17777777777778 5.2490590135387265
33.19333333333333 4.664380796019714
33.20888888888889 4.861389561608689
33.224444444444444 5.983461532666752
33.239999999999995 7.27642247975632
33.25555555555556 7.735334303369541
33.27111111111111 6.355247414555265
33.28666666666666 2.8656726582191823
33.30222222222223 0.0
33.31777777777778 1.2594679345256736
33.33333333333333 10.145301821270891
33.34888888888889 28.757365209943714
33.364444444444445 53.943245529115075
33.379999999999995 81.3202569188835
33.39555555555555 106.50590286817021
33.41111111111111 126.84690256250121
33.42666666666666 145.64152681150722
33.44222222222222 167.46748737080804
33.45777777777778 196.90198253313224
33.47333333333333 237.178003655579
33.48888888888889 287.2700218669952
33.504444444444445 345.31117839754745
33.519999999999996 409.43454820677005
33.535555555555554 477.6973457252367
33.55111111111111 547.9350103008879
33.56666666666666 617.9426690163981
33.58222222222222 685.5153860175516
33.59777777777778 748.4090610435093
33.61333333333333 804.2736662932322
33.62888888888889 850.7414411613843
33.644444444444446 885.4477394669454
33.66 907.2306766003027
33.675555555555555 917.9457491714551
33.69111111111111 919.9140470908804
33.70666666666666 915.4488072956312
33.72222222222222 904.8068996026212
33.73777777777778 883.4481097762349
33.75333333333333 846.1494592546661
33.76888888888889 787.7128292304268
33.784444444444446 707.6422705183641
33.8 615.6668498993191
33.815555555555555 522.8588162366563
33.83111111111111 440.2579627899456
33.846666666666664 374.255284416364
33.86222222222222 321.79630875266696
33.87777777777778 278.6808127522082
33.89333333333333 240.72037219957303
33.90888888888889 205.05394979771506
33.92444444444445 171.3462456681417
33.94 139.54499007963284
33.955555555555556 109.60286249147987
33.971111111111114 81.92273756458735
33.986666666666665 57.711489177651515
34.00222222222222 38.25925039347976
34.01777777777778 24.859124640032405
34.03333333333333 17.650442097500786
34.04888888888889 14.631217425249474
34.06444444444445 13.685080602078187
34.08 12.711548122665363
34.095555555555556 10.619823138447941
34.111111111111114 7.917502406514245
34.126666666666665 5.2536555608865
34.14222222222222 3.2707327898056064
34.15777777777778 2.250236726801859
34.17333333333333 1.9340892015452482
34.18888888888888 2.0200455444426098
34.20444444444445 2.2083914703456458
34.22 2.319448904136948
34.23555555555555 2.343404324799849
34.251111111111115 2.2842679000432327
34.266666666666666 2.1441929408020997
34.28222222222222 1.9417019011909815
34.29777777777778 1.715709588857976
34.31333333333333 1.5065591164258194
34.32888888888888 1.3537118058012538
34.34444444444445 1.2638639132376284
34.36 1.2020046271284173
34.37555555555555 1.1304202365081437
34.391111111111115 1.0122660705135331
34.406666666666666 0.8396901439971316
34.42222222222222 0.6399441452748533
34.43777777777778 0.4423850328108756
34.45333333333333 0.2758520952912704
34.468888888888884 0.15355267706422637
34.48444444444444 0.07066064584921605
34.5 0.02134881584879622
34.51555555555555 0.0
34.53111111111111 0.006778749798627359
34.54666666666667 0.04821536278814165
34.56222222222222 0.1311672758890836
34.577777777777776 0.2621061665537354
34.593333333333334 0.43775747836957635
34.608888888888885 0.6445886859557959
34.62444444444444 0.869300593160574
34.64 1.098122527080136
34.65555555555555 1.3272790211391339
34.67111111111111 1.56393426145371
34.68666666666667 1.815711407912886
34.70222222222222 2.0898210768326635
34.717777777777776 2.384543795621312
34.733333333333334 2.6895295711786957
34.748888888888885 2.9940758023757326
34.76444444444444 3.2880396534893634
34.78 3.5725803444024677
34.79555555555555 3.859348879961317
34.81111111111111 4.160393695092807
34.82666666666667 4.487033344371753
34.84222222222222 4.836778414119635
34.85777777777778 5.194808151472785
34.873333333333335 5.545868433795363
34.888888888888886 5.875978731342343
34.904444444444444 6.193830501150501
34.92 6.52762422904334
34.93555555555555 6.906196921882497
34.95111111111111 7.356280761696212
34.96666666666667 7.869210966508376
34.98222222222222 8.406929109660837
34.99777777777778 8.930485618428406
35.013333333333335 9.403133943897501
35.028888888888886 9.82325750147902
35.044444444444444 10.217435342952172
35.06 10.613041624050993
35.07555555555555 11.036459442732166
35.09111111111111 11.5001414002719
35.10666666666667 12.00278884820591
35.12222222222222 12.543610349251821
35.13777777777778 13.12272386670054
35.153333333333336 13.751299523202306
35.16888888888889 14.448833051295992
35.184444444444445 15.235024067725249
35.2 16.12674214301046
35.215555555555554 17.101594653925872
35.23111111111111 18.10846819276867
35.24666666666667 19.095592398857093
35.26222222222222 20.015033714527135
35.27777777777778 20.869990647573445
35.29333333333334 21.700040844050932
35.30888888888889 22.545540563175905
35.324444444444445 23.444370541759895
35.34 24.402629277313167
35.355555555555554 25.40438753554588
35.371111111111105 26.43327402948239
35.38666666666667 27.475746125720548
35.40222222222222 28.553344617544553
35.41777777777777 29.711335326859057
35.43333333333334 30.99543150182592
35.44888888888889 32.447245306684295
35.46444444444444 34.05911818580273
35.480000000000004 35.79082954750277
35.495555555555555 37.60158021293614
35.511111111111106 39.45677708167466
35.52666666666667 41.39423882429992
35.54222222222222 43.498628020140245
35.55777777777777 45.855393683666875
35.57333333333334 48.544665988695215
35.58888888888889 51.58615115013038
35.60444444444444 54.96123027305623
35.620000000000005 58.65067463074752
35.635555555555555 62.640529443734295
35.651111111111106 66.96069558060606
35.666666666666664 71.6705664271476
35.68222222222222 76.830105011368
35.69777777777777 82.49480243799349
35.71333333333333 88.67163318555572
35.72888888888889 95.33784303018706
35.74444444444444 102.47024834572812
35.76 110.05005423435898
35.775555555555556 118.10516326896675
35.79111111111111 126.69167273938024
35.806666666666665 135.8660701720895
35.82222222222222 145.7162831366444
35.837777777777774 156.65909801031466
35.85333333333333 169.30727722005224
35.86888888888889 184.27619344145683
35.88444444444444 202.28317761266487
35.9 225.096365262081
35.91555555555556 255.10300424845104
35.93111111111111 294.69831317306046
35.946666666666665 346.45580097315644
35.96222222222222 414.76361616456234
35.977777777777774 505.0687494644136
35.99333333333333 622.831430392098
36.00888888888889 773.5603428295898
36.02444444444444 963.2523050596184
36.04 1198.1866996341269
36.05555555555556 1484.646356978089
36.07111111111111 1828.175714072433
36.086666666666666 2226.9399563342045
36.102222222222224 2674.8593002408215
36.117777777777775 3165.8031539652893
36.13333333333333 3693.0507026721325
36.14888888888889 4244.01667185665
36.16444444444444 4802.757441689939
36.18 5353.289756887382
36.19555555555556 5879.307958660043
36.21111111111111 6361.314368131156
36.22666666666667 6777.988452742108
36.242222222222225 7107.988643810353
36.257777777777775 7331.390821162021
36.27333333333333 7442.280087535039
36.28888888888889 7442.7353183359355
36.30444444444444 7334.928597139429
36.32 7121.811070310683
36.33555555555556 6814.04371052111
36.35111111111111 6426.688769340476
36.36666666666667 5974.85993625104
36.382222222222225 5473.8270195764235
36.397777777777776 4940.409655958158
36.413333333333334 4392.314394104778
36.42888888888889 3847.2582275894274
36.44444444444444 3322.381992413703
36.46 2829.0760565478395
36.47555555555556 2375.426135031811
36.49111111111111 1969.4785131388235
36.50666666666666 1618.5068244770705
36.522222222222226 1322.0140544194755
36.53777777777778 1075.0109360869862
36.55333333333333 872.4536087282396
36.56888888888889 709.2662763898876
36.58444444444444 580.0487702858765
36.599999999999994 479.21195000570026
36.61555555555556 401.1643237778526
36.63111111111111 340.4991099942347
36.64666666666666 293.70871412507347
36.662222222222226 258.40247080418135
36.67777777777778 232.20401613894205
36.69333333333333 212.837547242401
36.70888888888889 199.07637468378596
36.724444444444444 190.31775324152284
36.739999999999995 185.96719893366333
36.75555555555556 185.4958160476035
36.77111111111111 189.0706370165434
36.78666666666666 197.2779813521537
36.80222222222222 210.70993586417626
36.81777777777778 229.94587323507426
36.83333333333333 255.41435267013117
36.84888888888889 287.4534014626978
36.864444444444445 326.39999620080766
36.879999999999995 372.49062008173576
36.89555555555555 424.8507121877285
36.91111111111111 481.91516312198064
36.92666666666666 542.1084783973246
36.94222222222222 603.8374589005849
36.95777777777778 665.3083490163282
36.97333333333333 724.600456332175
36.98888888888889 779.7910804055726
37.004444444444445 828.9622040421267
37.019999999999996 870.2503075487575
37.035555555555554 901.8270568796862
37.05111111111111 921.8647055768764
37.06666666666666 928.6659658092639
37.08222222222222 922.0971834889359
37.09777777777778 903.056301655212
37.11333333333333 872.4595106730374
37.12888888888889 831.2793241091957
37.144444444444446 781.1854840261781
37.16 724.3185816777958
37.175555555555555 662.8280568292134
37.19111111111111 598.8540391941516
37.20666666666666 534.4177018301335
37.22222222222222 471.45765426101605
37.23777777777778 411.90942094117634
37.25333333333333 357.62329367732946
37.26888888888889 309.30202068231006
37.284444444444446 266.8580535861622
37.3 230.56261858384755
37.315555555555555 199.8496088914269
37.33111111111111 174.47914291416726
37.346666666666664 154.13691534354393
37.36222222222222 138.50691728733352
37.37777777777778 127.26185423425488
37.39333333333333 119.91067943807366
37.40888888888889 115.83885472621535
37.42444444444445 114.42880999732677
37.44 115.08818496868332
37.455555555555556 117.60831951403338
37.471111111111114 122.07927968494494
37.486666666666665 128.59901199917317
37.50222222222222 137.29790850925826
37.51777777777778 148.82623233559298
37.53333333333333 164.2527960322077
37.54888888888889 184.65829435513444
37.56444444444445 211.1748159398402
37.58 245.8046609961557
37.595555555555556 291.2758763835534
37.611111111111114 350.33871104404557
37.626666666666665 425.7584819602737
37.64222222222222 520.5712182762925
37.65777777777778 638.0472201950301
37.67333333333333 781.4645199502352
37.68888888888888 954.0201199769127
37.70444444444445 1157.3596188195813
37.72 1391.7331089422598
37.73555555555555 1657.3409422355858
37.751111111111115 1954.1468511016956
37.766666666666666 2277.263920241494
37.78222222222222 2617.2621265043463
37.79777777777778 2964.5364179575927
37.81333333333333 3309.461545412882
37.82888888888888 3641.9666834023747
37.84444444444445 3951.545715923211
37.86 4227.6743872178695
37.87555555555555 4459.917497748288
37.891111111111115 4639.965965627744
37.906666666666666 4761.680982820871
37.92222222222222 4819.021629921337
37.93777777777778 4806.178444010529
37.95333333333333 4723.3583265783855
37.968888888888884 4577.196665257223
37.98444444444444 4374.642841957385
38.0 4122.714794385721
38.01555555555555 3830.3555371389048
38.03111111111111 3508.6670336446305
38.04666666666667 3168.8658521257194
38.06222222222222 2822.13397709012
38.077777777777776 2478.565126269272
38.093333333333334 2146.9718891737944
38.108888888888885 1836.0933771538141
38.12444444444444 1554.538127429474
38.14 1306.3383817130216
38.15555555555555 1089.8555868683159
38.17111111111111 903.0985554763607
38.18666666666667 744.0736106522577
38.20222222222222 610.6889706332381
38.217777777777776 500.7246388174286
38.233333333333334 411.9519715678225
38.248888888888885 342.13703041535507
38.26444444444444 288.80868761611146
38.28 249.16822329351498
38.29555555555555 220.3929490982132
38.31111111111111 199.6775372218665
38.32666666666667 185.11186269033226
38.34222222222222 176.09514026744228
38.35777777777778 172.13054484759766
38.373333333333335 172.728114979422
38.388888888888886 177.81131339922229
38.404444444444444 187.9453346509332
38.42 203.75068418091496
38.43555555555555 225.84890775731503
38.45111111111111 254.93602732430872
38.46666666666667 291.8310272670335
38.48222222222222 337.3644004707678
38.49777777777778 392.3564895485463
38.513333333333335 456.745871643128
38.528888888888886 528.919036084443
38.544444444444444 607.1046688983154
38.56 689.5441154944237
38.57555555555555 775.8474493631323
38.59111111111111 868.1995398878457
38.60666666666667 969.0697573231472
38.62222222222222 1080.9002161869375
38.63777777777778 1202.3479856225235
38.653333333333336 1324.4412664457288
38.66888888888889 1437.2917021821636
38.684444444444445 1531.0388836513616
38.7 1601.0114650342025
38.715555555555554 1653.7735679180805
38.73111111111111 1697.357914112939
38.74666666666667 1739.7797318112725
38.76222222222222 1784.4766490804957
38.77777777777778 1824.2092216442425
38.79333333333334 1850.2185934770168
38.80888888888889 1853.754984885487
38.82444444444444 1829.6651164847067
38.84 1781.8583087924494
38.855555555555554 1715.649075787711
38.871111111111105 1636.3502175796114
38.88666666666667 1548.1343051122344
38.90222222222222 1452.0606852766832
38.91777777777777 1348.6622483075937
38.93333333333334 1238.4723314009398
38.94888888888889 1122.6100988194062
38.96444444444444 1003.933110397459
38.980000000000004 885.6198837348311
38.995555555555555 770.8488747370193
39.011111111111106 662.5880552940772
39.02666666666667 563.1244979199045
39.04222222222222 474.60784237187704
39.05777777777777 399.187660693112
39.07333333333334 337.9118611990302
39.08888888888889 287.93177302429933
39.10444444444444 245.53763860536276
39.12 207.0199877891572
39.135555555555555 169.72003028059305
39.151111111111106 135.05021083130111
39.166666666666664 105.41109749869531
39.18222222222222 83.20325833409277
39.19777777777777 69.95720872495076
39.21333333333333 63.49545016057607
39.22888888888889 60.65285085727885
39.24444444444444 58.264270275236754
39.26 53.79319181786627
39.275555555555556 47.65439523465682
39.29111111111111 41.12801288335436
39.306666666666665 35.49428932186186
39.32222222222222 31.780275382405193
39.337777777777774 29.699939458777408
39.35333333333333 28.54288581186188
39.36888888888889 27.59850623173213
39.38444444444444 26.263565982488444
39.4 24.551892456832775
39.41555555555556 22.697318493298326
39.43111111111111 20.933947620992512
39.446666666666665 19.46347310540955
39.46222222222222 18.28043400932495
39.477777777777774 17.297833213674835
39.49333333333333 16.42847756224546
39.50888888888889 15.595189172933374
39.52444444444444 14.792286485294653
39.54 14.045171551029853
39.55555555555556 13.379373576448643
39.57111111111111 12.816266293500348
39.586666666666666 12.34392960298112
39.602222222222224 11.934447026776866
39.617777777777775 11.559800528921869
39.63333333333333 11.19484115919613
39.64888888888889 10.840365277872934
39.66444444444444 10.510952554364735
39.68 10.221309851527508
39.69555555555556 9.98273618911037
39.71111111111111 9.771519167942415
39.72666666666667 9.543368529094664
39.742222222222225 9.253731011190894
39.757777777777775 8.86255513052015
39.77333333333333 8.382738181973536
39.78888888888889 7.861632537838432
39.80444444444444 7.347178196753134
39.82 6.884421848745433
39.83555555555556 6.479098851671097
39.85111111111111 6.108597654076561
39.86666666666667 5.749680047973698
39.882222222222225 5.380350132347985
39.897777777777776 4.9983196260424165
39.913333333333334 4.617064665849398
39.92888888888889 4.251555168055461
39.94444444444444 3.9140640344992335
39.96 3.602696243481546
39.97555555555556 3.3025834495638264
39.99111111111111 2.99839903710199
40.00666666666666 2.6752899594522432
40.022222222222226 2.329072065439618
40.03777777777778 1.9661074876599969
40.05333333333333 1.593207404346117
40.06888888888889 1.2174972835503013
40.08444444444444 0.854767898621617
40.099999999999994 0.5303575683445843
40.11555555555556 0.2700958694952078
40.13111111111111 0.09911755483369689
40.14666666666666 0.018555436195129005
40.162222222222226 0.0
40.17777777777778 0.013223827020055978
40.19333333333333 0.02856227046368076
40.20888888888889 0.041447127022479435
40.224444444444444 0.08190604788444489
40.239999999999995 0.18249092275152634
40.25555555555556 0.3752182698797242
40.27111111111111 0.6600640919492662
40.28666666666666 0.9873883588330727
40.30222222222222 1.3032884500717046
40.31777777777778 1.5541548919193247
40.33333333333333 1.7111840958541507
40.34888888888889 1.7893984507281857
40.364444444444445 1.8078431088264324
40.379999999999995 1.7845757931576145
40.39555555555555 1.7327888408952958
40.41111111111111 1.6728665611586848
40.42666666666666 1.5632238847726967
40.44222222222222 1.3939690332209693
40.45777777777778 1.1682851341412288
40.47333333333333 0.9187018080567668
40.48888888888889 0.6817466514855823
40.504444444444445 0.49390980967041287
40.519999999999996 0.3752798243677944
40.535555555555554 0.30391480165508256
40.55111111111111 0.2512350227286788
40.56666666666666 0.1886735707569187
40.58222222222222 0.103089448445985
40.59777777777778 0.026696025256910616
40.61333333333333 0.0
40.62888888888889 0.06350538774643155
40.644444444444446 0.23917713625257875
40.66 0.4861385846362509
40.675555555555555 0.7502107289213882
40.69111111111111 0.977214564846804
40.70666666666666 1.1350251644203126
40.72222222222222 1.278066020098663
40.73777777777778 1.4819886035979835
40.75333333333333 1.822444380771799
40.76888888888889 2.3487564161971477
40.784444444444446 2.990278075526362
40.8 3.6422102874647635
40.815555555555555 4.199751518836365
40.83111111111111 4.579246345118008
40.846666666666664 4.8093013341642745
40.86222222222222 4.955633380749646
40.87777777777778 5.083982895155486
40.89333333333333 5.248049754187036
40.90888888888889 5.426699704945236
40.92444444444445 5.570092127841804
40.94 5.628327473057425
40.955555555555556 5.561128571393965
40.971111111111114 5.398685392284847
40.986666666666665 5.2025195696410265
41.00222222222222 5.034295203401143
41.01777777777778 4.952067313478324
41.03333333333333 4.982488126177941
41.04888888888889 5.136044803176787
41.06444444444445 5.4230910251186515
41.08 5.854577773642177
41.095555555555556 6.447696975910276
41.111111111111114 7.2233566008922026
41.126666666666665 8.202513984186112
41.142222222222216 9.405570115830642
41.15777777777778 10.84585098715388
41.17333333333333 12.531811977420034
41.18888888888888 14.471812352985694
41.20444444444445 16.670325149145015
41.22 19.07063172552273
41.23555555555555 21.567301868228583
41.251111111111115 24.053555931758183
41.266666666666666 26.42420089260918
41.28222222222222 28.605664851139863
41.29777777777778 30.55350643374709
41.31333333333333 32.22437171806814
41.32888888888888 33.57521495185847
41.34444444444445 34.570990548556665
41.36 35.185195237983976
41.37555555555555 35.39174249635994
41.391111111111115 35.165380739652846
41.406666666666666 34.51019119246439
41.42222222222222 33.46702220358054
41.437777777777775 32.07911149771235
41.45333333333333 30.38862771964216
41.468888888888884 28.45421363699768
41.48444444444444 26.357061967927393
41.5 24.180127267826606
41.51555555555555 22.00606014164555
41.53111111111111 19.8941003619301
41.54666666666667 17.863864213425586
41.56222222222222 15.931137296098541
41.577777777777776 14.111732034456168
41.593333333333334 12.425020210675257
41.608888888888885 10.897461420597324
41.62444444444444 9.556354567034418
41.64 8.42893549038854
41.65555555555555 7.525051866949411
41.67111111111111 6.81356665799558
41.68666666666667 6.257441313490858
41.70222222222222 5.8196410169906585
41.717777777777776 5.4662040001576315
41.733333333333334 5.171799886981603
41.748888888888885 4.912602479489465
41.76444444444444 4.664786674459037
41.78 4.411424777816819
41.79555555555555 4.158831931669738
41.81111111111111 3.9182140168310298
41.82666666666667 3.7007769078594492
41.84222222222222 3.511966191726401
41.85777777777778 3.3338101380310263
41.873333333333335 3.142387105470675
41.888888888888886 2.913775445520969
41.904444444444444 2.634656236173214
41.92 2.3438921462281996
41.93555555555555 2.0963717859551707
41.95111111111111 1.9469880592972686
41.96666666666667 1.9363822982512602
41.98222222222222 2.0198331157515668
41.99777777777778 2.120978344201376
42.013333333333335 2.163404067468605
42.028888888888886 2.084388605587719
42.044444444444444 1.9218549590748353
42.06 1.7586212242468946
42.07555555555555 1.677712711422373
42.09111111111111 1.7506020929970418
42.10666666666667 1.9433129761376904
42.12222222222222 2.165425172987625
42.13777777777778 2.3259839273986245
42.15333333333333 2.3438906479808566
42.16888888888889 2.2515866870398895
42.184444444444445 2.1542750628549356
42.199999999999996 2.1583496600768513
42.215555555555554 2.3613257662779006
42.23111111111111 2.7287794654072286
42.24666666666666 3.2129019072377787
42.26222222222222 3.607526940082721
42.27777777777778 3.762420947350847
42.29333333333333 3.6948689314142484
42.30888888888889 3.5576681839228286
42.324444444444445 3.5086223468738353
42.339999999999996 3.700144070801798
42.355555555555554 4.137247627832835
42.37111111111111 4.663238685686906
42.38666666666666 5.113162170513874
42.40222222222222 5.3254263142075615
42.41777777777778 5.273391068209548
42.43333333333333 5.10819444740514
42.44888888888889 4.993107529175063
42.464444444444446 5.089656495587178
42.48 5.447345383356378
42.495555555555555 5.9376933834379315
42.51111111111111 6.416389143174456
42.526666666666664 6.7398368027819515
42.54222222222222 6.848756449861526
42.55777777777778 6.84642091778494
42.57333333333333 6.8546127262723076
42.58888888888889 6.994905031524354
42.60444444444445 7.331131212499031
42.62 7.791025483667568
42.635555555555555 8.282724134837053
42.65111111111111 8.714398219991722
42.666666666666664 9.032104431168932
42.68222222222222 9.292032742871925
42.69777777777778 9.57027401085793
42.71333333333333 9.94291806885667
42.72888888888889 10.456742482145046
42.74444444444444 11.052537206596071
42.76 11.64714491974155
42.775555555555556 12.157408293072194
42.79111111111111 12.525364418369008
42.806666666666665 12.806995022120532
42.82222222222222 13.09047874007183
42.837777777777774 13.463996154553797
42.85333333333333 13.992805453513256
42.86888888888889 14.61184426500256
42.88444444444444 15.210057034188026
42.9 15.676335965491376
42.91555555555556 15.922193201089613
42.93111111111111 16.022344754018718
42.946666666666665 16.123129372423932
42.96222222222222 16.371192203673104
42.977777777777774 16.896330472412842
42.99333333333333 17.677431696091276
43.00888888888889 18.601408962535857
43.02444444444444 19.551167415400755
43.04 20.422846415223148
43.05555555555556 21.220466881039897
43.07111111111111 22.020294979480923
43.086666666666666 22.899925532622774
43.102222222222224 23.933080346225097
43.117777777777775 25.12912752722525
43.13333333333333 26.444402480445433
43.14888888888889 27.83365839850785
43.16444444444444 29.252572283119207
43.18 30.678616161343484
43.19555555555556 32.11136553695894
43.21111111111111 33.551381416891445
43.22666666666667 35.00013678932521
43.242222222222225 36.49172598884104
43.257777777777775 38.10105032394597
43.27333333333333 39.905585977105034
43.28888888888889 41.981705229841396
43.30444444444444 44.339526319635866
43.32 46.8864620119258
43.33555555555555 49.52108881862125
43.35111111111111 52.1425158654356
43.36666666666667 54.71340942895415
43.38222222222222 57.319397483708144
43.397777777777776 60.06016934172237
43.413333333333334 63.035300640611354
43.428888888888885 66.30703167820695
43.44444444444444 69.8466101426335
43.46 73.61168396678988
43.47555555555555 77.5599148702853
43.49111111111111 81.67742860736496
43.50666666666667 86.03868769741689
43.52222222222222 90.7352404766724
43.53777777777778 95.85863527490744
43.553333333333335 101.50252591374556
43.568888888888885 107.768967082205
43.58444444444444 114.76210841465115
43.6 122.58609953892164
43.61555555555555 131.4036882227265
43.63111111111111 141.67980358501063
43.64666666666667 153.97650071141902
43.66222222222222 168.85588045576833
43.67777777777778 186.95339587307376
43.693333333333335 209.3977923285936
43.708888888888886 237.52115223205453
43.724444444444444 272.65619260237725
43.74 316.42548700249324
43.75555555555555 373.03546713819844
43.77111111111111 448.0492984979136
43.78666666666667 547.0421689921649
43.80222222222222 675.5010977568255
43.81777777777778 837.844321493101
43.833333333333336 1037.779145205473
43.84888888888889 1279.0000256496264
43.864444444444445 1565.1905919162436
43.88 1899.8490198446757
43.89555555555555 2286.3176968099706
43.91111111111111 2727.9341720424586
43.92666666666666 3227.6473366909568
43.94222222222222 3778.442723178378
43.95777777777778 4362.737914644218
43.97333333333333 4962.440786467045
43.98888888888889 5559.491890980105
44.004444444444445 6137.203060296446
44.019999999999996 6680.7281817812745
44.035555555555554 7175.350553340229
44.05111111111111 7606.370661563413
44.06666666666666 7960.459605109025
44.08222222222222 8226.635100392185
44.09777777777778 8394.145126482614
44.11333333333333 8452.26510613041
44.12888888888889 8395.769744093057
44.144444444444446 8231.550396303855
44.16 7968.114431989634
44.175555555555555 7613.971246128421
44.19111111111111 7179.613167849651
44.20666666666666 6681.224597632478
44.22222222222222 6136.004934599174
44.23777777777778 5561.153577750377
44.25333333333333 4973.850199917253
44.26888888888889 4391.492279771353
44.284444444444446 3830.941570009668
44.3 3309.218461381026
44.315555555555555 2840.4978056103055
44.33111111111111 2424.3097780401135
44.346666666666664 2055.5916393214093
44.36222222222222 1729.2790289509564
44.37777777777778 1440.7946878565353
44.39333333333333 1188.8460504759978
44.40888888888889 973.4978441932119
44.42444444444445 794.8190885485108
44.44 652.4620545790415
44.455555555555556 542.2240763061365
44.47111111111111 457.8233877334658
44.486666666666665 392.9582117442254
44.50222222222222 341.51073340372636
44.51777777777777 299.7592703778623
44.53333333333333 265.65983496366687
44.54888888888889 237.20296693284297
44.56444444444444 212.4591995487873
44.58 191.04668404056372
44.595555555555556 173.9843890288422
44.61111111111111 162.3418250658616
44.626666666666665 157.14112244383682
44.64222222222222 157.93005068073478
44.657777777777774 162.5301819974577
44.67333333333333 168.66494808087157
44.68888888888889 174.0757604804602
44.70444444444444 177.53144705646764
44.72 179.36447199393706
44.73555555555556 180.03848851469456
44.75111111111111 180.0207643915353
44.766666666666666 180.26310700558076
44.782222222222224 182.684878491988
44.797777777777775 189.3203977731165
44.81333333333333 202.20180609682382
44.82888888888889 222.16652420590276
44.84444444444444 246.8799209835314
44.86 273.48680225303235
44.87555555555556 299.1320732373272
44.89111111111111 323.18781836905134
44.906666666666666 353.005597662535
44.922222222222224 397.72331127063694
44.937777777777775 466.47885933958
44.95333333333333 565.2194964471032
44.96888888888889 684.3237584045927
44.98444444444444 809.4287403448989
45.0 926.1704070713064
45.01555555555556 1022.0539777342449
45.03111111111111 1097.1345546615344
45.04666666666667 1156.6326295683125
45.06222222222222 1205.7846864426192
45.077777777777776 1249.043632259209
45.093333333333334 1283.458023393339
45.108888888888885 1302.0012394788773
45.12444444444444 1297.6042972655223
45.14 1263.8937412775117
45.15555555555555 1204.114819268797
45.17111111111111 1128.5336670284546
45.18666666666667 1047.5761888780912
45.20222222222222 971.3179993277741
45.217777777777776 902.2794978016055
45.233333333333334 835.6943780531299
45.248888888888885 766.4997679525841
45.26444444444444 689.751683331261
45.28 604.9502688768175
45.29555555555555 517.2680339078859
45.31111111111111 432.24661736685437
45.32666666666667 355.3968806071608
45.34222222222222 289.82208250252404
45.35777777777778 234.52946992265493
45.373333333333335 188.1276435960574
45.388888888888886 149.22640307395136
45.404444444444444 116.72636942418922
45.42 90.19603068250001
45.43555555555555 69.48301404704023
45.45111111111111 54.25324147842616
45.46666666666667 43.81452906421907
45.48222222222222 37.14892479737921
45.49777777777778 33.137062603723734
45.513333333333335 30.659576389903123
45.528888888888886 28.76485120813254
45.544444444444444 27.237135119696518
45.56 26.0623937264877
45.57555555555555 25.226597962527876
45.59111111111111 24.70801532810185
45.60666666666667 24.43745755859254
45.62222222222222 24.32768089829949
45.63777777777778 24.291406406132978
45.65333333333333 24.24941274241246
45.66888888888889 24.19372290616127
45.684444444444445 24.153520430077265
45.699999999999996 24.15831047370682
45.715555555555554 24.23531689104027
45.73111111111111 24.38160507678606
45.74666666666666 24.572903581548076
45.76222222222222 24.784490465123213
45.77777777777778 24.991472012283452
45.79333333333333 25.165315543434303
45.80888888888889 25.274014484549525
45.824444444444445 25.285423523177883
45.839999999999996 25.16823152621646
45.855555555555554 24.923041839730217
45.87111111111111 24.591620424085022
45.88666666666666 24.218454673671204
45.90222222222222 23.84787276349755
45.91777777777778 23.51045527663007
45.93333333333333 23.212630297770602
45.94888888888889 22.95837622256363
45.964444444444446 22.751655066466242
45.98 22.591152499980012
45.995555555555555 22.462738917336083
46.01111111111111 22.35037660359501
46.026666666666664 22.238029257227254
46.04222222222222 22.12137342930464
46.05777777777778 22.03616687005274
46.07333333333333 22.026733671502484
46.08888888888889 22.137397910596178
46.10444444444445 22.3970542162657
46.12 22.75922479767428
46.135555555555555 23.154451943515824
46.15111111111111 23.51327236227587
46.166666666666664 23.777029524383806
46.18222222222222 23.963434914644154
46.19777777777778 24.12310493972643
46.21333333333333 24.306784862603877
46.22888888888889 24.55778043981377
46.24444444444444 24.840852276371606
46.26 25.073618220559183
46.275555555555556 25.17305483801283
46.29111111111111 25.062541007137042
46.306666666666665 24.772611241659092
46.32222222222222 24.422513215156528
46.337777777777774 24.134167122343
46.35333333333333 24.02618707452814
46.36888888888889 24.119845965848526
46.38444444444444 24.325526177828806
46.4 24.547579714337417
46.41555555555556 24.691306011785514
46.43111111111111 24.721547177477873
46.446666666666665 24.697020937088837
46.46222222222222 24.684708396547194
46.477777777777774 24.751465400641905
46.49333333333333 24.938566310225497
46.50888888888889 25.230679530793964
46.52444444444444 25.604886569795553
46.54 26.038275621518096
46.55555555555556 26.525575297149544
46.57111111111111 27.11742664237795
46.586666666666666 27.87552237592388
46.602222222222224 28.86155520405282
46.617777777777775 30.105002673161266
46.63333333333333 31.48658543623617
46.64888888888889 32.84411602099863
46.66444444444444 34.01540286834802
46.68 34.86948782288232
46.69555555555556 35.4882664738974
46.71111111111111 36.042428011672314
46.72666666666667 36.70295684783946
46.742222222222225 37.62006539158983
46.757777777777775 38.727881595943586
46.77333333333333 39.83230387559422
46.788888888888884 40.73754393358308
46.80444444444444 41.259349680428386
46.82 41.40898642302784
46.83555555555555 41.36087562377861
46.85111111111111 41.29443620603058
46.86666666666667 41.38419899259338
46.88222222222222 41.65273714245677
46.897777777777776 41.944794917664694
46.913333333333334 42.09501410717917
46.928888888888885 41.93985844972178
46.94444444444444 41.44659369533554
46.96 40.79865413730806
46.97555555555555 40.199731968933634
46.99111111111111 39.853198428655446
47.00666666666667 39.87082613731252
47.02222222222222 40.14702118363914
47.03777777777778 40.544652533657995
47.053333333333335 40.926592408169995
47.068888888888885 41.19436660227507
47.08444444444444 41.384273041048345
47.1 41.561964637882625
47.11555555555555 41.79309429567786
47.13111111111111 42.13064783944856
47.14666666666667 42.561706022475505
47.16222222222222 43.051983543903816
47.17777777777778 43.56718402622414
47.193333333333335 44.079103889891144
47.208888888888886 44.607784641197895
47.224444444444444 45.19621696454237
47.24 45.8875314302785
47.25555555555555 46.72233412851733
47.27111111111111 47.70929510947997
47.28666666666667 48.835180541347086
47.30222222222222 50.08632840429618
47.31777777777778 51.44906009918259
47.333333333333336 52.90932947822955
47.34888888888889 54.45273022354752
47.364444444444445 56.064840913945886
47.379999999999995 57.73145245788476
47.39555555555555 59.44822659273996
47.41111111111111 61.22466981639707
47.42666666666666 63.07132437094867
47.44222222222222 64.99869490916512
47.45777777777778 67.01187636516818
47.47333333333333 69.1049580007384
47.48888888888889 71.27069201425297
47.504444444444445 73.50183826490263
47.519999999999996 75.8030616643764
47.535555555555554 78.21498181487402
47.55111111111111 80.7849793283674
47.56666666666666 83.5604348076472
47.58222222222222 86.58259275700163
47.59777777777778 89.86458471261665
47.61333333333333 93.41149579425826
47.62888888888889 97.2284104618659
47.644444444444446 101.34216984535999
47.66 105.9332634197915
47.675555555555555 111.24834576537353
47.69111111111111 117.53432986093037
47.70666666666666 125.03475312488581
47.72222222222222 133.95476074521912
47.73777777777778 144.47512579313366
47.75333333333333 156.7762326016807
47.76888888888889 171.08142067523488
47.784444444444446 188.47461052142046
47.8 210.8349709645605
47.815555555555555 240.0715339242181
47.83111111111111 278.0955721760524
47.846666666666664 326.91263525478735
47.86222222222222 388.65505460997883
47.87777777777778 465.4640829418846
47.89333333333333 559.4822885329431
47.90888888888889 673.0238991470749
47.92444444444445 808.7434593535914
47.94 969.335598583908
47.955555555555556 1157.4946778205112
47.97111111111111 1375.530420823715
47.986666666666665 1624.6003681488216
48.00222222222222 1905.6472360646233
48.01777777777777 2219.613740831691
48.03333333333333 2565.667657780946
48.04888888888889 2934.7511426348874
48.06444444444444 3315.4252310283155
48.08 3696.250715861279
48.095555555555556 4066.340939506355
48.11111111111111 4418.8431810182465
48.126666666666665 4748.693456579647
48.14222222222222 5050.835814661483
48.157777777777774 5320.089400556898
48.17333333333333 5549.761956464691
48.18888888888889 5732.157156761672
48.20444444444444 5859.560590352614
48.22 5924.462430704601
48.23555555555556 5923.915539282798
48.25111111111111 5859.45753763428
48.266666666666666 5732.815044834983
48.282222222222224 5545.780866556396
48.297777777777775 5303.527932429316
48.31333333333333 5016.154117477161
48.32888888888889 4694.146235539089
48.34444444444444 4347.988954176501
48.36 3987.7426039788734
48.37555555555556 3622.5354008595464
48.39111111111111 3261.3716772452312
48.406666666666666 2913.255518181305
48.422222222222224 2585.3137694858538
48.437777777777775 2278.276691919964
48.45333333333333 1991.513321528214
48.46888888888889 1724.3926943482231
48.48444444444444 1476.7500768541631
48.5 1250.9371807278687
48.51555555555556 1050.1509117327796
48.53111111111111 877.5888006187782
48.54666666666667 735.8396875975658
48.56222222222222 622.1377590399861
48.577777777777776 530.9358645061492
48.593333333333334 456.66313338684233
48.608888888888885 393.92802053399544
48.62444444444444 340.10951940964696
48.64 294.7649389132142
48.65555555555555 257.51031721462493
48.67111111111111 227.94644606218003
48.68666666666667 205.19078141034424
48.70222222222222 187.7897343483712
48.717777777777776 174.25677467483285
48.733333333333334 163.11039408900263
48.748888888888885 153.331289589653
48.76444444444444 144.7286259029995
48.78 137.19775717543837
48.79555555555555 130.63402369483583
48.81111111111111 124.92195667425551
48.82666666666667 119.91593059076843
48.84222222222222 115.46510178177698
48.85777777777778 111.41862657781701
48.873333333333335 107.64959169240524
48.888888888888886 104.13808472394146
48.904444444444444 100.89408786602849
48.92 97.92758467443218
48.93555555555555 95.2437101714504
48.95111111111111 92.81213174715094
48.96666666666667 90.58676219272297
48.98222222222222 88.52144297351231
48.99777777777778 86.5719633672262
49.013333333333335 84.71886093919
49.028888888888886 82.95969976530091
49.044444444444444 81.29237934586035
49.06 79.7145933633326
49.07555555555555 78.21884800311136
49.09111111111111 76.79219654928454
49.10666666666666 75.42143334586945
49.12222222222222 74.09346521856173
49.13777777777778 72.80274403422641
49.15333333333333 71.55589854459174
49.16888888888889 70.36066341120022
49.184444444444445 69.2247755758201
49.199999999999996 68.15691492358656
49.215555555555554 67.1681535491681
49.23111111111111 66.26993722012082
49.24666666666666 65.4737116975366
49.26222222222222 64.78430657532101
49.27777777777778 64.17928295144657
49.29333333333333 63.62917776682514
49.30888888888889 63.104527949193425
49.324444444444445 62.580069880589235
49.339999999999996 62.05925180361589
49.355555555555554 61.55753415602908
49.37111111111111 61.09041791841594
49.38666666666666 60.67184482909306
49.40222222222222 60.29703924069747
49.41777777777778 59.94886295573474
49.43333333333333 59.60995845022842
49.44888888888889 59.26335309036813
49.464444444444446 58.901343323978836
49.48 58.52573213152198
49.495555555555555 58.13875488337999
49.51111111111111 57.74255578426539
49.526666666666664 57.33332391484305
49.54222222222222 56.8977273392901
49.55777777777778 56.421580174605424
49.57333333333333 55.89072656779058
49.58888888888889 55.30392224626348
49.60444444444445 54.69290749110007
49.62 54.09461422157767
49.635555555555555 53.54597435079779
49.65111111111111 53.074680857769295
49.666666666666664 52.66937927786341
49.68222222222222 52.30840108720122
49.69777777777777 51.970077695432906
49.71333333333333 51.63558296624922
49.72888888888889 51.306429755832596
49.74444444444444 50.992991722165584
49.76 50.70567912694912
49.775555555555556 50.45330466855603
49.79111111111111 50.224001608891626
49.806666666666665 49.99148736863515
49.82222222222222 49.729185873246706
49.837777777777774 49.411384068339885
49.85333333333333 49.03602278360813
49.86888888888889 48.62702572010403
49.88444444444444 48.20964668464046
49.9 47.809018389156904
49.91555555555556 47.44005377349015
49.93111111111111 47.09984215548536
49.946666666666665 46.78368189473872
49.96222222222222 46.486872116423456
49.977777777777774 46.20543044848
49.99333333333333 45.93742455953486
50.00888888888889 45.681285348063284
50.02444444444444 45.43544370655923
50.04 45.20153869870751
50.05555555555556 44.9967026430478
50.07111111111111 44.84273869099138
50.086666666666666 44.7614509463948
50.102222222222224 44.770145261362245
50.117777777777775 44.84822570183735
50.13333333333333 44.95609825228985
50.14888888888889 45.05402668225281
50.16444444444444 45.10431523485727
50.18 45.10219802175607
50.19555555555556 45.06954408580157
50.21111111111111 45.02898616536106
50.22666666666667 45.00273221044938
50.242222222222225 44.99662883109079
50.257777777777775 44.99535624602379
50.27333333333333 44.98218885706444
50.288888888888884 44.94043987461214
50.30444444444444 44.85981672451817
50.32 44.74348297566303
50.33555555555555 44.59630360454537
50.35111111111111 44.42314415713338
50.36666666666667 44.23949974357822
50.38222222222222 44.09866132048046
50.397777777777776 44.06231675240463
50.413333333333334 44.19215389803594
50.428888888888885 44.512587044601105
50.44444444444444 44.817654091282975
50.46 44.813473948352566
50.47555555555555 44.2059908777635
50.49111111111111 42.77242844920977
50.50666666666667 41.09995428226796
50.52222222222222 40.28954611321137
50.53777777777778 41.450361173232295
50.553333333333335 45.590375051099386
50.568888888888885 51.25696867437682
50.58444444444444 54.460442983764665
50.6 51.094615718932914
50.61555555555555 37.142858958332
50.63111111111111 15.377456555906235
50.64666666666667 0.0
50.66222222222222 6.309402148141999
50.67777777777778 49.594708308180316
50.693333333333335 136.35123860493036
50.708888888888886 248.11999598135105
50.724444444444444 362.04573301981327
50.74 455.2732022966687
50.75555555555555 509.64757162787885
50.77111111111111 530.3652489777029
50.78666666666667 529.8603371335472
50.80222222222222 520.5691360631995
50.81777777777778 513.3939026139282
50.833333333333336 505.390781395486
50.84888888888889 486.2715664492665
50.864444444444445 445.6806341540225
50.879999999999995 374.0812615105193
50.89555555555555 277.0356164881498
50.91111111111111 173.38154030421117
50.92666666666666 82.40923719925888
50.94222222222222 23.158038223888298
50.95777777777778 2.011218860199392
50.97333333333333 7.001446512966368
50.98888888888889 24.72209354704512
51.004444444444445 41.779593868482834
51.019999999999996 49.22252655133468
51.035555555555554 48.99500925190205
51.05111111111111 44.68114217638913
51.06666666666666 39.86502552510501
51.08222222222222 37.431218341323415
51.09777777777778 37.23432831808714
51.11333333333333 38.308807803386685
51.12888888888889 39.68909500119639
51.144444444444446 40.5066239042485
51.16 40.65891944769294
51.175555555555555 40.40712815164227
51.19111111111111 40.014593450163375
51.20666666666666 39.73422701217157
51.22222222222222 39.65278098447118
51.23777777777778 39.723743649394805
51.25333333333333 39.8968511999816
51.26888888888889 40.12255184844719
51.284444444444446 40.38099071757665
51.3 40.69209943167493
51.315555555555555 41.07859382239178
51.33111111111111 41.56312790510617
51.346666666666664 42.15364020041943
51.36222222222222 42.82440784192295
51.37777777777778 43.54502200896354
51.39333333333333 44.28507387488207
51.40888888888889 45.02054876166733
51.42444444444444 45.75355887584067
51.44 46.492888655348224
51.455555555555556 47.24732253443403
51.47111111111111 48.023269492542795
51.486666666666665 48.8092192157236
51.50222222222222 49.58548553566311
51.51777777777777 50.33234051572458
51.53333333333333 51.03033431515689
51.54888888888889 51.664290579131944
51.56444444444444 52.22238106820555
51.58 52.69286710284621
51.595555555555556 53.06382968305911
51.61111111111111 53.31599385774791
51.626666666666665 53.4203237720601
51.64222222222222 53.34711016261849
51.657777777777774 53.06676244021958
51.67333333333333 52.57857349090796
51.68888888888889 51.94821124710302
51.70444444444444 51.250631908034734
51.72 50.56079166675943
51.73555555555556 49.93562258781253
51.75111111111111 49.35686280050618
51.766666666666666 48.78664460517871
51.782222222222224 48.18710024413508
51.797777777777775 47.52665754113207
51.81333333333333 46.82315375132214
51.82888888888889 46.1177514534935
51.84444444444444 45.45175103314671
51.86 44.863863542940294
51.87555555555556 44.350079509300144
51.89111111111111 43.871342743877676
51.906666666666666 43.387561373502535
51.922222222222224 42.85927696116312
51.937777777777775 42.276831929784294
51.95333333333333 41.672573797522205
51.96888888888889 41.08201487665906
51.98444444444444 40.54063070690199
52.0 40.07032088816959
52.01555555555555 39.65919250457068
52.03111111111111 39.29018296711854
52.04666666666667 38.94622968041665
52.06222222222222 38.61587016748979
52.077777777777776 38.31348256665399
52.093333333333334 38.06089330692646
52.108888888888885 37.87992950810997
52.12444444444444 37.78898901320645
52.14 37.775865260297905
52.15555555555555 37.81226690912456
52.17111111111111 37.86975961401117
52.18666666666667 37.920836290142574
52.20222222222222 37.95976234066325
52.217777777777776 38.01341334252618
52.233333333333334 38.06822645492389
52.248888888888885 38.132644092067494
52.26444444444444 38.203458695267386
52.28 38.25872086308368
52.29555555555555 38.274786256196876
52.31111111111111 38.2280218809193
52.32666666666667 38.10755556837603
52.34222222222222 37.93974363380903
52.35777777777778 37.757694762784695
52.373333333333335 37.59451763444531
52.388888888888886 37.47594866597319
52.404444444444444 37.38686537583578
52.42 37.298070132015255
52.43555555555555 37.18035222040703
52.45111111111111 37.00778744979539
52.46666666666667 36.79130046040166
52.48222222222222 36.56496041471189
52.49777777777778 36.36319491463462
52.513333333333335 36.21973920352036
52.528888888888886 36.14898785495018
52.544444444444444 36.14388161420459
52.56 36.196244811221845
52.57555555555555 36.29788778396892
52.59111111111111 36.43880045033757
52.60666666666666 36.60536607639017
52.62222222222222 36.78354343805472
52.63777777777778 36.959291340743334
52.65333333333333 37.12132494917989
52.66888888888889 37.2686147419131
52.684444444444445 37.40251575896741
52.699999999999996 37.52438303362999
52.715555555555554 37.63529911328283
52.73111111111111 37.73436130066227
52.74666666666666 37.81978815370587
52.76222222222222 37.88979430995653
52.77777777777778 37.9431012901199
52.79333333333333 37.986528761156706
52.80888888888889 38.03340393081203
52.824444444444445 38.097237992653504
52.839999999999996 38.191327254845305
52.855555555555554 38.31836629184227
52.87111111111111 38.465814202036654
52.88666666666666 38.61995008133499
52.90222222222222 38.76706563294522
52.91777777777778 38.90037373185464
52.93333333333333 39.031463649639704
52.94888888888889 39.17494043719955
52.964444444444446 39.34540913837975
52.98 39.555710002905016
52.995555555555555 39.80955470094352
53.01111111111111 40.107712124476166
53.026666666666664 40.45094972512322
53.04222222222222 40.839200001557856
53.05777777777778 41.263450149041205
53.07333333333333 41.709258111459235
53.08888888888889 42.16210552962025
53.10444444444445 42.60785279532695
53.12 43.04278726990219
53.135555555555555 43.47467604145356
53.15111111111111 43.91187611132068
53.166666666666664 44.362749297213554
53.18222222222222 44.836333074451545
53.19777777777777 45.343029797710074
53.21333333333333 45.89340623702503
53.22888888888889 46.498029155865424
53.24444444444444 47.169841075576414
53.26 47.93108504923816
53.275555555555556 48.806279701144604
53.29111111111111 49.819943648064964
53.306666666666665 50.99207728654915
53.32222222222222 52.30676962101472
53.337777777777774 53.73097267107323
53.35333333333333 55.231532611838134
53.36888888888889 56.777111899678175
53.38444444444444 58.370228812448545
53.4 60.043367264628614
53.41555555555556 61.830045779369925
53.43111111111111 63.763558664569814
53.446666666666665 65.86177031872751
53.46222222222222 68.11741662520342
53.477777777777774 70.5209237108354
53.49333333333333 73.06273558839871
53.50888888888889 75.77452677472297
53.52444444444444 78.81718569040981
53.54 82.37684604209142
53.55555555555556 86.63964152841197
53.57111111111111 91.80251026044732
53.586666666666666 98.13105091928162
53.602222222222224 105.91774459413455
53.617777777777775 115.45513498254923
53.63333333333333 127.05987421668192
53.64888888888889 141.3921184280823
53.66444444444444 159.36790974854614
53.68 181.9093974359779
53.69555555555556 209.94188656223662
53.71111111111111 244.5326577772762
53.72666666666667 286.9454320741489
53.74222222222222 338.4583405104552
53.757777777777775 400.3493128581042
53.77333333333333 473.7854110384021
53.788888888888884 559.6391593752523
53.80444444444444 658.7347145369399
53.82 771.8962331831176
53.83555555555555 899.7189126430368
53.85111111111111 1041.5592151256287
53.86666666666667 1196.3566004849752
53.88222222222222 1363.0502135375532
53.897777777777776 1540.3786324211364
53.913333333333334 1724.692591307304
53.928888888888885 1910.775139459809
53.94444444444444 2093.3819511868874
53.96 2267.2962088947156
53.97555555555555 2428.258471950268
53.99111111111111 2573.1917935809997
54.00666666666667 2699.092388883417
54.02222222222222 2802.958008639842
54.03777777777778 2882.230943800824
54.053333333333335 2935.4113039309177
54.068888888888885 2961.1531481009224
54.08444444444444 2958.1105353725256
54.1 2925.3049877076737
54.11555555555555 2863.5509964350767
54.13111111111111 2774.2090818193506
54.14666666666667 2658.6398942218434
54.16222222222222 2518.4981591315927
54.17777777777778 2358.587849896495
54.193333333333335 2185.6237108049895
54.208888888888886 2006.3473121701613
54.224444444444444 1827.418846460849
54.24 1653.0257447177903
54.25555555555555 1484.4939622137945
54.27111111111111 1322.9898136404556
54.28666666666667 1169.6799737676088
54.30222222222222 1025.81000682392
54.31777777777778 892.8027593665307
54.33333333333333 772.105263398168
54.34888888888889 665.1645509114653
54.364444444444445 573.0329961477835
54.379999999999995 494.9264832175992
54.39555555555555 429.52711451680136
54.41111111111111 375.51693357817953
54.42666666666666 331.57083752269966
54.44222222222222 296.29012480806875
54.45777777777778 268.232755508815
54.47333333333333 245.9561326742139
54.48888888888889 228.03079721864094
54.504444444444445 213.41309189211904
54.519999999999996 201.49828210557928
54.535555555555554 191.70545075219275
54.55111111111111 183.45417943405653
54.56666666666666 176.2707014015117
54.58222222222222 169.91965878424128
54.59777777777778 164.1980226139582
54.61333333333333 158.90276391167333
54.62888888888889 153.87252969642032
54.644444444444446 149.14151337109013
54.66 144.80121105885087
54.675555555555555 140.9431262240464
54.69111111111111 137.66094896624566
54.70666666666666 135.07148011988056
54.72222222222222 133.30540278517753
54.73777777777778 132.49358933620977
54.75333333333333 132.7679352854965
54.76888888888889 134.29235530642472
54.784444444444446 137.26835653712544
54.8 141.89959292022445
54.815555555555555 148.39088160262077
54.83111111111111 157.25822821443126
54.846666666666664 169.74671103234198
54.86222222222222 187.20568057572507
54.87777777777778 210.98448735226123
54.89333333333333 242.33592567451046
54.90888888888889 282.0295545026697
54.92444444444444 330.6840714890278
54.94 388.9181240051877
54.955555555555556 457.4011775133853
54.97111111111111 537.3921427520307
54.986666666666665 630.5295941735668
55.00222222222222 738.458405990936
55.01777777777777 862.7755314722192
55.03333333333333 1003.298516680786
55.04888888888889 1157.580583648097
55.06444444444444 1323.028280947634
55.08 1497.047149149013
55.095555555555556 1676.5698692080111
55.11111111111111 1857.3038132731301
55.126666666666665 2034.760485265681
55.14222222222222 2204.451389093919
55.157777777777774 2362.066540716327
55.17333333333333 2504.305485888579
55.18888888888889 2628.2222724670787
55.20444444444444 2730.871334958342
55.22 2809.375789394151
55.23555555555556 2861.8002837191143
55.25111111111111 2886.892580588414
55.266666666666666 2883.4157671436105
55.282222222222224 2850.1628298120654
55.297777777777775 2787.436084844087
55.31333333333333 2697.726857554054
55.32888888888889 2583.698226064923
55.34444444444444 2448.0136480585734
55.36 2293.952032799692
55.37555555555556 2126.6591610623964
55.39111111111111 1951.6334601407782
55.406666666666666 1774.3733573145623
55.422222222222224 1599.9702513425764
55.437777777777775 1430.7500328226124
55.45333333333333 1267.8880622388253
55.46888888888889 1112.555928646174
55.48444444444444 965.9348519150903
55.5 829.3766626269709
55.51555555555555 704.3795585037666
55.53111111111111 592.4464836354816
55.54666666666667 495.0671385749695
55.56222222222222 412.6164047549164
55.577777777777776 343.52651726164083
55.593333333333334 286.0347201323757
55.608888888888885 238.37825840314656
55.62444444444444 198.93588799506404
55.64 166.62000561212324
55.65555555555555 140.4687761357627
55.67111111111111 119.52036443172892
55.68666666666667 102.83336135087154
55.70222222222222 89.64512519589493
55.717777777777776 79.28547994146004
55.733333333333334 71.08502633213129
55.748888888888885 64.38311615519694
55.76444444444444 58.74520269794607
55.78 53.97755931615416
55.79555555555555 49.898157792476695
55.81111111111111 46.325206052222256
55.82666666666667 43.12565786002847
55.84222222222222 40.274584252477894
55.85777777777778 37.76158637296555
55.873333333333335 35.576265347881304
55.888888888888886 33.69270007194723
55.904444444444444 32.007670672701806
55.92 30.39394220714837
55.93555555555555 28.72427219682629
55.95111111111111 26.893206984368476
55.96666666666667 25.06349707445247
55.98222222222222 23.578280848885925
55.99777777777778 22.784051442555096
56.013333333333335 23.01844410647402
56.028888888888886 24.214568071673398
56.044444444444444 25.742305519387514
56.059999999999995 26.929846622291734
56.07555555555555 27.10578835801607
56.09111111111111 26.21733913548212
56.10666666666666 26.076110464132285
56.12222222222222 28.84354548429212
56.13777777777778 36.68108731724226
56.15333333333333 51.25757911512949
56.16888888888889 70.77581009309051
56.184444444444445 91.95084676830595
56.199999999999996 111.49203770367001
56.215555555555554 126.29034067786267
56.23111111111111 136.80928464467695
56.24666666666666 146.77830916827452
56.26222222222222 160.0469760145054
56.27777777777778 180.44188073321845
56.29333333333333 209.06987685857086
56.30888888888889 241.78720246362707
56.324444444444445 273.85121037367674
56.339999999999996 300.8662044272901
56.355555555555554 319.22718298393033
56.37111111111111 330.90033633694077
56.38666666666666 339.6002519129918
56.40222222222222 349.0415601695829
56.41777777777778 362.5272702570834
56.43333333333333 378.9487415343731
56.44888888888889 394.38123213523363
56.464444444444446 404.70669089665455
56.48 406.0111874914121
56.495555555555555 397.76391397773875
56.51111111111111 383.8497357682661
56.526666666666664 368.4507346697966
56.54222222222222 355.74744943090377
56.55777777777778 348.38244434001695
56.57333333333333 344.5739137919038
56.58888888888889 341.74930855692094
56.60444444444445 337.336079396444
56.62 329.06170913356016
56.635555555555555 316.7161326722156
56.651111111111106 300.95634196164804
56.666666666666664 282.4430313225863
56.68222222222222 261.8525884882565
56.69777777777777 240.18585670194557
56.71333333333333 218.74248355408656
56.72888888888889 198.83315144492065
56.74444444444444 181.76207780117625
56.76 167.9882021773883
56.775555555555556 156.29377360670287
56.79111111111111 145.26341870530564
56.806666666666665 133.48205258347275
56.82222222222222 119.89270146011086
56.837777777777774 105.09761459043466
56.85333333333333 90.18201263825154
56.86888888888889 76.23116755039678
56.88444444444444 64.2644298299507
56.9 54.50715353530495
56.91555555555556 46.658989612937376
56.93111111111111 40.41137203330845
56.946666666666665 35.45399950831529
56.96222222222222 31.498423271428123
56.977777777777774 28.286547726213144
56.99333333333333 25.562608878369247
57.00888888888889 23.07086048280621
57.02444444444444 20.628424172269206
57.04 18.29131934094403
57.05555555555556 16.164448352453746
57.07111111111111 14.35381053799324
57.086666666666666 12.949587781722357
57.102222222222224 11.929490186960265
57.117777777777775 11.21629289097757
57.13333333333333 10.73239876616799
57.14888888888889 10.401484813392244
57.16444444444444 10.180904411560391
57.18 10.073212792590311
57.19555555555556 10.073419928996373
57.21111111111111 10.168496148476265
57.22666666666667 10.35044386548509
57.24222222222222 10.602951912361505
57.257777777777775 10.908478193992096
57.27333333333333 11.2494806071619
57.288888888888884 11.61011841228867
57.30444444444444 11.984613699970055
57.32 12.370874686902425
57.33555555555555 12.766815128674125
57.35111111111111 13.170730582842111
57.36666666666667 13.587400346745312
57.38222222222222 14.027021033268852
57.397777777777776 14.4999556112042
57.413333333333334 15.016504641474057
57.428888888888885 15.580457820519314
57.44444444444444 16.183483580456027
57.46 16.81592811140206
57.47555555555555 17.46813759574343
57.49111111111111 18.13459502531782
57.50666666666667 18.828395245415095
57.52222222222222 19.567865023388663
57.53777777777778 20.372533566242282
57.553333333333335 21.25731313206063
57.568888888888885 22.20982175724771
57.58444444444444 23.198983887663076
57.6 24.19338342528681
57.61555555555555 25.1621316284768
57.63111111111111 26.10291623100477
57.64666666666667 27.0560404648312
57.66222222222222 28.065284059981195
57.67777777777778 29.174426099349375
57.693333333333335 30.415505020781552
57.708888888888886 31.778823954162817
57.724444444444444 33.2454164084902
57.74 34.796315885425884
57.75555555555555 36.41754019525513
57.77111111111111 38.14155618783366
57.78666666666666 40.02611248250503
57.80222222222222 42.129211011703205
57.81777777777778 44.50905070438478
57.83333333333333 47.23070490836426
57.84888888888889 50.3677482355514
57.864444444444445 53.99428227214685
57.879999999999995 58.1844631467244
57.89555555555555 63.073443418140755
57.91111111111111 68.97421967618288
57.92666666666666 76.2320248946013
57.94222222222222 85.1920920401027
57.95777777777778 96.23408721761984
57.97333333333333 109.99801027864044
57.98888888888889 127.25418318943537
58.004444444444445 148.75129280656506
58.019999999999996 175.2582513997546
58.035555555555554 207.79131140678965
58.05111111111111 247.62820025765018
58.06666666666666 296.0592175391878
58.08222222222222 354.3743383395562
58.09777777777778 423.74507912946217
58.11333333333333 505.0486888288651
58.12888888888889 599.1174982158226
58.144444444444446 706.7838380613118
58.16 828.5836346393538
58.175555555555555 963.1506388996863
58.19111111111111 1108.3671303069368
58.20666666666666 1262.1135415864146
58.22222222222222 1422.2489580463866
58.23777777777778 1586.1963780512378
58.25333333333333 1750.9711956324586
58.26888888888889 1913.5731620750566
58.284444444444446 2071.000712323651
58.3 2219.9930703318128
58.315555555555555 2356.720583810308
58.33111111111111 2477.2780725365565
58.346666666666664 2577.7603562812697
58.36222222222222 2654.652437791239
58.37777777777777 2706.651627834087
58.39333333333333 2733.2340127625343
58.40888888888889 2733.87692960302
58.42444444444444 2708.1416656676506
58.44 2657.052497518528
58.455555555555556 2582.8801148974153
58.47111111111111 2487.9348905937204
58.486666666666665 2374.5295943261854
58.50222222222222 2245.30446232347
58.51777777777777 2103.556921227741
58.53333333333333 1952.6629502738308
58.54888888888889 1795.9985286902147
58.56444444444444 1636.8692833764824
58.58 1478.2149531579448
58.595555555555556 1322.8567037184544
58.61111111111111 1173.6156395759594
58.626666666666665 1033.232840684911
58.64222222222222 903.1847928637173
58.657777777777774 783.9389441566456
58.67333333333333 675.9346472757579
58.68888888888889 579.6078938714392
58.70444444444444 495.02034335919427
58.72 421.52342985761413
58.73555555555556 358.38928169698397
58.75111111111111 304.8900272011979
58.766666666666666 260.2356912476097
58.782222222222224 223.3290663802544
58.797777777777775 192.9781085329456
58.81333333333333 167.99074637026115
58.82888888888889 147.20057911645438
58.84444444444444 129.8269947462993
58.86 115.38722429125221
58.87555555555556 103.40621029714305
58.89111111111111 93.40957274251798
58.906666666666666 84.99254032543001
58.922222222222224 77.8793465653855
58.937777777777775 71.80821851402959
58.95333333333333 66.5173832167751
58.968888888888884 61.772762607944856
58.98444444444444 57.47538419991122
59.0 53.56741244002865
59.01555555555555 49.99102154415323
59.03111111111111 46.69009871662968
59.04666666666667 43.63420787953544
59.06222222222222 40.81270210935304
59.077777777777776 38.215444862337336
59.093333333333334 35.832220277896226
59.108888888888885 33.64440791922891
59.12444444444444 31.617669231691593
59.14 29.715941384892062
59.15555555555555 27.90316154233517
59.17111111111111 26.149509287418596
59.18666666666667 24.456298090250357
59.20222222222222 22.834528433157743
59.217777777777776 21.295203883946215
59.233333333333334 19.84905511498573
59.248888888888885 18.502533282654326
59.26444444444444 17.258691799596022
59.28 16.120490485754658
59.29555555555555 15.090858002339473
59.31111111111111 14.16889589993832
59.32666666666667 13.346241718127544
59.34222222222222 12.61367105369061
59.35777777777778 11.9619594974032
59.373333333333335 11.38033398471407
59.388888888888886 10.84983104152559
59.404444444444444 10.348789588653744
59.42 9.855546892914731
59.43555555555555 9.349506467137758
59.45111111111111 8.82847375077722
59.46666666666667 8.305786515369846
59.48222222222222 7.795298966716473
59.49777777777778 7.312008537323436
59.513333333333335 6.864755634534504
59.528888888888886 6.455744527353772
59.544444444444444 6.086186051665095
59.559999999999995 5.75729103741412
59.57555555555555 5.469202154304867
59.59111111111111 5.215842824001015
59.60666666666666 4.988891610933024
59.62222222222222 4.780024040590661
59.63777777777778 4.581181405880557
59.65333333333333 4.389648484504278
59.66888888888889 4.207658169955948
59.684444444444445 4.0376299028511085
59.699999999999996 3.8819699318625
59.715555555555554 3.739505315784072
59.73111111111111 3.6006532022493047
59.74666666666666 3.454624018735217
59.76222222222222 3.2906281868293945
59.77777777777778 3.0996679144178643
59.79333333333333 2.8846923702080858
59.80888888888889 2.653537380531361
59.824444444444445 2.4140533923109615
59.839999999999996 2.1741570096820624
59.855555555555554 1.9434247422163935
59.87111111111111 1.7331735942684645
59.88666666666666 1.554802856635888
59.90222222222222 1.4196965955871974
59.91777777777778 1.3292838458295364
59.93333333333333 1.2578773005575385
59.94888888888889 1.1752157777895036
59.964444444444446 1.0510380896801053
59.98 0.8606602478876084
59.995555555555555 0.6238613297269922
60.01111111111111 0.38169307608620784
60.026666666666664 0.17533998463034095
60.04222222222222 0.045076853309979015
60.05777777777778 0.0
60.07333333333333 0.010971558261076098
60.08888888888889 0.046514385931345714
60.10444444444444 0.07515459443391137
60.12 0.07919580935799786
60.135555555555555 0.08620472548784619
60.151111111111106 0.13302924645927305
60.166666666666664 0.2565172700470839
60.18222222222222 0.48817500476502573
60.19777777777777 0.8059709276540161
60.21333333333333 1.1572851345392792
60.22888888888889 1.4895381177152558
60.24444444444444 1.7490668293204408
60.26 1.9141574564833945
60.275555555555556 2.0090614951013777
60.29111111111111 2.0617540725404524
60.306666666666665 2.1002103102963474
60.32222222222222 2.143194530936057
60.337777777777774 2.171454659335268
60.35333333333333 2.1559319318158714
60.36888888888889 2.0675675679779033
60.38444444444444 1.8804237780638005
60.4 1.615243526619338
60.41555555555556 1.3133409421791384
60.43111111111111 1.0210516410388664
60.446666666666665 0.7846799776789339
60.46222222222222 0.625245308827175
60.477777777777774 0.5216255838707866
60.49333333333333 0.46762644792988795
60.50888888888889 0.4019695265735663
60.52444444444444 0.30082245507276184
60.54 0.18036578806618309
60.55555555555556 0.07021613149504446
60.57111111111111 0.0009150265864263929
60.586666666666666 0.0
60.602222222222224 0.06565754466316776
60.617777777777775 0.16940065517133007
60.63333333333333 0.2817522773025303
60.64888888888889 0.3732871012477972
60.66444444444444 0.43177370316959696
60.68 0.4869736637639335
60.69555555555555 0.5749395225606122
60.71111111111111 0.7317238132271768
60.72666666666667 1.001600267650474
60.74222222222222 1.4897066093381
60.757777777777775 2.32850079168918
60.77333333333333 3.6505705083054636
60.788888888888884 5.584722971763313
60.80444444444444 8.13555439138122
60.82 11.1583596782109
60.83555555555555 14.499581894967037
60.85111111111111 18.00567754770907
60.86666666666667 21.60359125374032
60.88222222222222 25.490745478482268
60.897777777777776 29.921316579438667
60.913333333333334 35.14948090822452
60.928888888888885 41.379860885727794
60.94444444444444 48.278823748463765
60.96 55.18262437075316
60.97555555555555 61.42273732638182
60.99111111111111 66.33672513978763
61.00666666666667 69.69226216560082
61.02222222222222 71.96391728709193
61.03777777777778 73.69202422311844
61.053333333333335 75.41691668662065
61.068888888888885 77.52398157137657
61.08444444444444 79.64717828724781
61.1 81.19299535384107
61.11555555555555 81.5678716333233
61.13111111111111 80.21609291041932
61.14666666666667 77.25147783296177
61.16222222222222 73.36174540659272
61.17777777777778 69.25319252083352
61.193333333333335 65.63106252763191
61.208888888888886 62.910814444582
61.224444444444444 60.82521380593005
61.24 59.008778344951
61.25555555555555 57.09602578894339
61.27111111111111 54.77543357408058
61.28666666666666 52.133113187876575
61.30222222222222 49.432943207718154
61.31777777777778 46.93963105260934
61.33333333333333 44.91254689557843
61.34888888888889 43.425851241227065
61.364444444444445 42.32525831106784
61.379999999999995 41.4423782522648
61.39555555555555 40.60882274352332
61.41111111111111 39.68976300233976
61.42666666666666 38.6712290689286
61.44222222222222 37.56514510009765
61.45777777777778 36.38314592434347
61.47333333333333 35.13970451797138
61.48888888888889 33.87766884777204
61.504444444444445 32.658869224275804
61.519999999999996 31.5454841255372
61.535555555555554 30.59908135933631
61.55111111111111 29.81876218275613
61.56666666666666 29.08801346948121
61.58222222222222 28.27780175423925
61.59777777777778 27.259093565630565
61.61333333333333 25.943586059031077
61.62888888888889 24.47669991060809
61.644444444444446 23.087069056852215
61.66 22.0034286967699
61.675555555555555 21.44618012945284
61.69111111111111 21.436978492681305
61.70666666666666 21.794725750563543
61.72222222222222 22.32918846469886
61.73777777777778 22.850189915041938
61.75333333333333 23.24327196460274
61.76888888888889 23.59099863814879
61.784444444444446 24.017724646910438
61.8 24.648647956632885
61.815555555555555 25.601294645001076
61.83111111111111 26.9170516980887
61.846666666666664 28.593744008127487
61.86222222222222 30.62868379801705
61.87777777777777 33.020058996324224
61.89333333333333 35.82584724668743
61.90888888888889 39.195951211165834
61.92444444444444 43.29002182780107
61.94 48.26773591217784
61.955555555555556 54.29495130916234
61.97111111111111 61.5685533105252
61.986666666666665 70.29514212241156
62.00222222222222 80.681321303848
62.01777777777777 92.92839055641207
62.03333333333333 107.13078558004702
62.04888888888889 123.28386092854839
62.06444444444444 141.3792266600152
62.08 161.40841859445504
62.095555555555556 183.3164092938148
62.11111111111111 206.922089877217
62.126666666666665 232.02321926594527
62.14222222222222 258.41755637480014
62.157777777777774 285.8734078939972
62.17333333333333 313.8880963787856
62.18888888888889 341.8129572919238
62.20444444444444 368.9979129030279
62.22 394.7946672378537
62.23555555555556 418.66168061029805
62.25111111111111 440.22279970068985
62.266666666666666 459.1160879344808
62.282222222222224 474.9796087305142
62.297777777777775 487.494845526915
62.31333333333333 496.5563039335874
62.32888888888889 502.1237116886398
62.34444444444444 504.1568132921085
62.36 502.6289962012345
62.37555555555556 497.7882065315854
62.39111111111111 490.13677628829566
62.406666666666666 480.1866385130377
62.42222222222222 468.44987054598744
62.437777777777775 455.5433916852427
62.45333333333333 442.3738566548342
62.468888888888884 429.8975503880206
62.48444444444444 419.0707578112547
62.5 410.87044132584765
62.51555555555555 406.47337340239096
62.53111111111111 407.1682695497137
62.54666666666667 414.24507804226914
62.56222222222222 428.990932729694
62.577777777777776 452.4946262311772
62.593333333333334 485.51925696649255
62.608888888888885 528.7976574520752
62.62444444444444 583.0626601974682
62.64 648.841395411398
62.65555555555555 725.5585968319843
62.67111111111111 812.2712578123987
62.68666666666667 908.0361169016512
62.70222222222222 1011.8893309032578
62.717777777777776 1122.3771948627457
62.733333333333334 1237.5468067103834
62.748888888888885 1355.4232973539156
62.76444444444444 1474.0315645329779
62.78 1591.1819745945425
62.79555555555555 1704.0153646590475
62.81111111111111 1809.541268446857
62.82666666666667 1904.7692196709777
62.84222222222222 1986.8086552313923
62.85777777777778 2053.9256354912695
62.873333333333335 2105.130179639193
62.888888888888886 2139.444605480534
62.904444444444444 2155.895774184602
62.92 2154.0438769891616
62.93555555555555 2134.476196469773
62.95111111111111 2097.8968141766513
62.96666666666667 2045.009811652631
62.98222222222222 1976.6632179724106
62.99777777777778 1894.6514650322993
63.01333333333333 1801.1512006631401
63.028888888888886 1698.3401389874061
63.044444444444444 1588.3944252346873
63.059999999999995 1473.4355884262377
63.07555555555555 1355.517691136682
63.09111111111111 1236.6906209761783
63.10666666666666 1119.0042655472575
63.12222222222222 1004.382157190072
63.13777777777778 894.242320489499
63.15333333333333 789.8763813996744
63.16888888888889 692.5759658668611
63.184444444444445 603.58307732945
63.199999999999996 523.3325168383082
63.215555555555554 451.60285009146423
63.23111111111111 388.1536200446053
63.24666666666666 332.7441132255325
63.26222222222222 285.03202590896854
63.27777777777778 244.41907034720657
63.29333333333333 210.26726859595692
63.30888888888889 181.93864270290157
63.324444444444445 158.79307449707892
63.339999999999996 140.1707409047533
63.355555555555554 125.4011974898209
63.37111111111111 113.81389680266966
63.38666666666666 104.74014038254745
63.40222222222222 97.64541912879406
63.41777777777778 92.21781716273688
63.43333333333333 88.16638066921655
63.44888888888889 85.20015582481278
63.464444444444446 83.05435875010915
63.48 81.61411076439447
63.495555555555555 80.81781532908644
63.51111111111111 80.60393990200782
63.526666666666664 80.91282661859259
63.54222222222222 81.73918632259051
63.55777777777778 83.13919789396209
63.57333333333333 85.17234146332396
63.58888888888889 87.89809757209173
63.60444444444444 91.41201117568676
63.62 95.94419997444425
63.635555555555555 101.75616412745046
63.651111111111106 109.10940378509656
63.666666666666664 118.28404237518976
63.68222222222222 129.84806281914996
63.69777777777777 144.59584446468443
63.71333333333333 163.32787459415238
63.72888888888889 186.84538179577544
63.74444444444444 216.23380385206042
63.76 253.29067762161424
63.775555555555556 299.92326741915053
63.79111111111111 358.0388375503421
63.806666666666665 429.45798304724315
63.82222222222222 515.1794485451472
63.837777777777774 615.748385550688
63.85333333333333 731.7051869002746
63.86888888888889 863.933343192576
63.88444444444444 1012.7153612325836
63.9 1178.3912024817455
63.91555555555556 1361.4118060075239
63.93111111111111 1562.2281108696961
63.946666666666665 1780.7363167506219
63.96222222222222 2013.345325020084
63.977777777777774 2255.112192724351
63.99333333333333 2501.091013665138
64.00888888888889 2746.343719385903
64.02444444444444 2986.2160754456218
64.03999999999999 3216.4109252122153
64.05555555555556 3432.6538409795576
64.07111111111111 3630.6703950335095
64.08666666666667 3806.324686182752
64.10222222222222 3956.0841452547825
64.11777777777777 4076.580416523565
64.13333333333333 4164.445147699097
64.14888888888889 4216.426302403492
64.16444444444444 4231.609581508083
64.18 4211.24499185949
64.19555555555556 4156.664105339841
64.21111111111111 4069.1987062727685
64.22666666666666 3950.609076714363
64.24222222222221 3803.9825567452367
64.25777777777778 3632.6626111965197
64.27333333333334 3439.992704892503
64.28888888888889 3229.3955064005386
64.30444444444444 3005.3069980930577
64.32 2772.8637350528516
64.33555555555554 2537.216244579231
64.35111111111111 2303.510989090083
64.36666666666667 2075.9619678165222
64.38222222222223 1856.6668853554188
64.39777777777778 1647.4314586082505
64.41333333333333 1450.0614044697513
64.42888888888888 1266.2876363983441
64.44444444444444 1097.1803244097764
64.46000000000001 943.4652801667353
64.47555555555556 805.8653433162124
64.49111111111111 685.0930693885671
64.50666666666666 581.0368884869374
64.52222222222221 492.17194484449396
64.53777777777778 416.83441133866427
64.55333333333334 353.36046084023235
64.56888888888889 300.1407708842586
64.58444444444444 255.91619340659543
64.6 219.56606118034028
64.61555555555555 189.97104711139707
64.63111111111111 166.0135309689333
64.64666666666668 146.71628317996
64.66222222222223 131.28844600782327
64.67777777777778 118.95203634283382
64.69333333333333 108.92907106866687
64.70888888888888 100.5164064624156
64.72444444444444 93.37313753018395
64.74 87.26780764338855
64.75555555555556 81.96898338899427
64.77111111111111 77.24857895536582
64.78666666666666 72.96307800941406
64.80222222222221 69.05796890270119
64.81777777777778 65.48297535602933
64.83333333333333 62.18782109476342
64.8488888888889 59.123249991792136
64.86444444444444 56.243818707457194
64.88 53.504974479010684
64.89555555555555 50.86216453724376
64.91111111111111 48.272797849078415
64.92666666666666 45.72837000442075
64.94222222222223 43.24926977006044
64.95777777777778 40.85680005481561
64.97333333333333 38.57225896950433
64.98888888888888 36.410977767754616
65.00444444444445 34.37067963656955
65.02 32.44585560228984
65.03555555555556 30.630996684901334
65.05111111111111 28.920913047879935
65.06666666666666 27.31451110732837
65.08222222222221 25.813535738923292
65.09777777777778 24.419788744540824
65.11333333333333 23.13507454733508
65.1288888888889 21.961974341246105
65.14444444444445 20.90492524834417
65.16 19.968635717116967
65.17555555555555 19.15781418980862
65.19111111111111 18.478045136899595
65.20666666666666 17.943648269295522
65.22222222222223 17.573959539219345
65.23777777777778 17.388374608337585
65.25333333333333 17.406854503961085
65.26888888888888 17.72303130746218
65.28444444444445 18.576538020419548
65.3 20.224197161622897
65.31555555555556 22.922831243712153
65.33111111111111 26.894375233601863
65.34666666666666 32.08000375708616
65.36222222222221 38.285490091729685
65.37777777777777 45.31573488454865
65.39333333333333 52.9794960085801
65.4088888888889 61.37641426849905
65.42444444444445 71.09497787639214
65.44 82.7705015656303
65.45555555555555 97.03830006349926
65.4711111111111 114.42563857802656
65.48666666666666 134.73626283292162
65.50222222222223 157.4768326780943
65.51777777777778 182.15309988292472
65.53333333333333 208.27109096425454
65.54888888888888 235.35079757763845
65.56444444444443 262.9325207005553
65.58 290.5581609495596
65.59555555555556 317.7696189351424
65.61111111111111 344.09565835352646
65.62666666666667 368.98993724057937
65.64222222222222 391.8794665837614
65.65777777777777 412.1912258072234
65.67333333333333 429.35935082658125
65.6888888888889 443.08831861963745
65.70444444444445 453.4293037452701
65.72 460.45620542988695
65.73555555555555 464.24292289392156
65.7511111111111 464.8001555690562
65.76666666666667 461.82299007730035
65.78222222222223 454.9081896198212
65.79777777777778 443.6524855008437
65.81333333333333 427.675912894729
65.82888888888888 407.29948930152295
65.84444444444443 383.6513557586808
65.86 357.9055557997774
65.87555555555556 331.2336413904974
65.89111111111112 304.63483477500176
65.90666666666667 278.33505467149496
65.92222222222222 252.34494964122564
65.93777777777777 226.6850968387174
65.95333333333333 201.36336409515752
65.96888888888888 176.57623865514267
65.98444444444445 152.7084260902011
66.0 130.15357750727878
66.01555555555555 109.30534400733791
66.0311111111111 90.49382907695087
66.04666666666667 73.79142826169152
66.06222222222222 59.205218607565826
66.07777777777778 46.74227714842664
66.09333333333333 36.40321454783998
66.10888888888888 28.045760692256863
66.12444444444444 21.387938719206886
66.14 16.141940301950626
66.15555555555555 12.019957345691068
66.17111111111112 8.765007219312565
66.18666666666667 6.236177051295726
66.20222222222222 4.319868249625415
66.21777777777777 2.9024822164125226
66.23333333333333 1.8719469300469882
66.24888888888889 1.1468020893116773
66.26444444444445 0.6738901728945166
66.28 0.4011175571880585
66.29555555555555 0.27639073797183755
66.3111111111111 0.2501117222174116
66.32666666666667 0.2815827934639401
66.34222222222222 0.332089600100403
66.35777777777778 0.3629177846529501
66.37333333333333 0.33730562493110483
66.38888888888889 0.2551846241489102
66.40444444444444 0.14912287033916982
66.42 0.052826266099259556
66.43555555555555 0.0
66.45111111111112 0.017721549312796014
66.46666666666667 0.11022821267454219
66.48222222222222 0.2768408373744933
66.49777777777777 0.516880264842257
66.51333333333332 0.8292016822391588
66.52888888888889 1.2042121573987288
66.54444444444445 1.6249637338783032
66.56 2.0742627365655153
66.57555555555555 2.53491717223244
66.5911111111111 3.0018474783352076
66.60666666666665 3.5111164701735333
66.62222222222222 4.107514287928893
66.63777777777779 4.835831065914022
66.65333333333334 5.736869097926387
66.66888888888889 6.779547371627473
66.68444444444444 7.8714829089943805
66.69999999999999 8.916381388194395
66.71555555555555 9.818548572500049
66.73111111111112 10.523778392528243
66.74666666666667 11.118808461268031
66.76222222222222 11.720439039396183
66.77777777777777 12.445470381704354
66.79333333333332 13.404738922656179
66.80888888888889 14.599176198692476
66.82444444444445 15.93311001418158
66.84 17.307578470995054
66.85555555555555 18.62362332300154
66.8711111111111 19.83017351371427
66.88666666666666 21.04391382503104
66.90222222222222 22.41824269410472
66.91777777777779 24.106558552172487
66.93333333333334 26.26144973656733
66.94888888888889 29.019785492390042
66.96444444444444 32.50418184814259
66.97999999999999 36.83673879455398
66.99555555555555 42.13955798274503
67.01111111111112 48.608971362155444
67.02666666666667 56.71349218155194
67.04222222222222 66.98400151550777
67.05777777777777 79.95138043263626
67.07333333333332 96.15063360492172
67.08888888888889 116.20371259672686
67.10444444444444 140.81534300962767
67.12 170.69353884471127
67.13555555555556 206.54631407685554
67.1511111111111 249.02124417252116
67.16666666666666 298.52915984318213
67.18222222222222 355.4229320804791
67.19777777777777 420.05543186988643
67.21333333333334 492.7523347853214
67.22888888888889 573.1940278611595
67.24444444444444 660.4044174005377
67.25999999999999 753.377975648807
67.27555555555556 851.1091748453711
67.2911111111111 952.4899195590713
67.30666666666667 1055.9740199214866
67.32222222222222 1159.8983411663203
67.33777777777777 1262.5997473755888
67.35333333333332 1362.4071013395878
67.36888888888889 1457.4267556592083
67.38444444444444 1545.5188097950086
67.4 1624.5305980191695
67.41555555555556 1692.30945459746
67.43111111111111 1746.9749403016526
67.44666666666666 1787.9411264438024
67.46222222222222 1815.0064633737738
67.47777777777777 1827.9694633965867
67.49333333333334 1826.638819980398
67.50888888888889 1811.1719501298771
67.52444444444444 1782.1537830692116
67.53999999999999 1740.195392178664
67.55555555555556 1685.9078508322486
67.57111111111111 1620.059706266583
67.58666666666667 1544.5366178671525
67.60222222222222 1460.9822265901735
67.61777777777777 1371.302408273037
67.63333333333333 1277.3997573517274
67.64888888888888 1180.9572036081722
67.66444444444444 1083.3537447515844
67.68 985.9460833022911
67.69555555555556 890.0909217734412
67.71111111111111 797.0913192448947
67.72666666666666 707.9123799403196
67.74222222222221 623.3879388650473
67.75777777777778 544.3515397164397
67.77333333333334 471.6314980442254
67.78888888888889 405.7182933258049
67.80444444444444 346.5643810666319
67.82 294.0742128946514
67.83555555555554 248.15224043081457
67.85111111111111 208.65629272146305
67.86666666666667 175.09310771391426
67.88222222222223 146.8094748015892
67.89777777777778 123.15137173451876
67.91333333333333 103.46545645190565
67.92888888888888 87.17072482306446
67.94444444444444 73.82159920846891
67.96000000000001 62.98737733228279
67.97555555555556 54.237356911835604
67.99111111111111 47.15336239106284
68.00666666666666 41.43348655977695
68.02222222222221 36.838901820038814
68.03777777777778 33.131405829814184
68.05333333333334 30.14403694626401
68.06888888888889 27.695932365600584
68.08444444444444 25.6310530358528
68.1 23.8874115686707
68.11555555555555 22.403637817376648
68.13111111111111 21.11979938030754
68.14666666666668 19.99746345977212
68.16222222222223 19.013700771502045
68.17777777777778 18.145838118516963
68.19333333333333 17.371216650798488
68.20888888888888 16.67807523900558
68.22444444444444 16.084946132427262
68.24 15.615583096909745
68.25555555555556 15.29373988870077
68.27111111111111 15.141488788026777
68.28666666666666 15.154007450987592
68.30222222222221 15.304845188498348
68.31777777777778 15.566938796007776
68.33333333333333 15.91322580922838
68.3488888888889 16.3280117314888
68.36444444444444 16.83568875815638
68.38 17.46948059068086
68.39555555555555 18.26261092129198
68.41111111111111 19.24811369459769
68.42666666666666 20.454639660913244
68.44222222222223 21.906445682482854
68.45777777777778 23.62759673527421
68.47333333333333 25.642157786233156
68.48888888888888 27.997239926942825
68.50444444444445 30.84571268598188
68.52 34.37076393988286
68.53555555555556 38.75558409307678
68.55111111111111 44.183615875003625
68.56666666666666 50.847679666882414
68.58222222222221 58.95253366613281
68.59777777777778 68.70370979855045
68.61333333333333 80.3067399812129
68.6288888888889 93.98439240530047
68.64444444444445 110.05432713007588
68.66 128.87239608679317
68.67555555555555 150.79455215030794
68.69111111111111 176.17398560628442
68.70666666666666 205.16527658476173
68.72222222222223 237.59461538525386
68.73777777777778 273.25739817409703
68.75333333333333 311.9490211092965
68.76888888888888 353.4430728370626
68.78444444444445 397.3279044715258
68.8 443.0983919559602
68.81555555555556 490.248693711976
68.83111111111111 538.2722988631853
68.84666666666666 586.5271624362387
68.86222222222221 634.0719079952636
68.87777777777777 679.9251280841853
68.89333333333333 723.1054152388364
68.9088888888889 762.6523419230999
68.92444444444445 797.8665166152921
68.94 828.2267569254115
68.95555555555555 853.2127199922459
68.9711111111111 872.3053110627683
68.98666666666666 885.1009124534771
69.00222222222223 891.550510963227
69.01777777777778 891.6690391598069
69.03333333333333 885.4704486277615
69.04888888888888 872.9829601200262
69.06444444444443 854.48566066343
69.08 830.4885231939543
69.09555555555556 801.5101238940977
69.11111111111111 768.0690389385363
69.12666666666667 730.724944292296
69.14222222222222 690.2169029642588
69.15777777777777 647.3329070938507
69.17333333333333 602.8609499156346
69.1888888888889 557.5863337028081
69.20444444444445 512.1954970862456
69.22 467.24701754025034
69.23555555555555 423.29110121323197
69.2511111111111 380.8784540556296
69.26666666666667 340.52425068697073
69.28222222222223 302.5150536750581
69.29777777777778 267.04689681444984
69.31333333333333 234.31558830489655
69.32888888888888 204.51574574069832
69.34444444444443 177.73054525969144
69.36 153.84236991374257
69.37555555555555 132.7125758393703
69.39111111111112 114.20251916560676
69.40666666666667 98.1680554950882
69.42222222222222 84.41007085352419
69.43777777777777 72.69782994010518
69.45333333333333 62.800218981445255
69.46888888888888 54.48614796522588
69.48444444444445 47.537412443407675
69.5 41.7699584895264
69.51555555555555 37.00532575440923
69.5311111111111 33.0650538816916
69.54666666666667 29.774098491416567
69.56222222222222 27.015705659486457
69.57777777777778 24.72197328261018
69.59333333333333 22.826509022455525
69.60888888888888 21.26292053359043
69.62444444444444 19.972343117197283
69.64 18.91980533149183
69.65555555555555 18.077778862595437
69.67111111111112 17.418894568474002
69.68666666666667 16.916134494562584
69.70222222222222 16.554744860664073
69.71777777777777 16.335143755519994
69.73333333333333 16.258690258903357
69.74888888888889 16.326743443653186
69.76444444444445 16.53876204864298
69.78 16.881884492530844
69.79555555555555 17.34699287141416
69.8111111111111 17.913223256478545
69.82666666666667 18.55731657599938
69.84222222222222 19.274064747580724
69.85777777777778 20.081667769831142
69.87333333333333 21.00090707815957
69.88888888888889 22.05256410100344
69.90444444444444 23.25638438079011
69.92 24.62068763776915
69.93555555555555 26.146704550458026
69.95111111111112 27.83555970562213
69.96666666666667 29.688389629924814
69.98222222222222 31.722872382434502
69.99777777777777 34.00605909151125
70.01333333333332 36.614172202038276
70.02888888888889 39.62343415209443
70.04444444444445 43.11346045995663
70.06 47.23707362304265
70.07555555555555 52.217714193220445
70.0911111111111 58.281697807238174
70.10666666666665 65.65534009512294
70.12222222222222 74.57594274769758
70.13777777777779 85.33550031908521
70.15333333333334 98.2429942717647
70.16888888888889 113.60741135915248
70.18444444444444 131.73679820014365
70.19999999999999 152.884992741911
70.21555555555555 177.22305010748482
70.23111111111112 204.91504736176637
70.24666666666667 236.12506156306677
70.26222222222222 270.9906964244168
70.27777777777777 309.41810687163616
70.29333333333332 351.19383716626146
70.30888888888889 396.103429864625
70.32444444444445 443.93193579796275
70.34 494.26809345257857
70.35555555555555 546.2053303662047
70.3711111111111 598.760166011265
70.38666666666666 650.9492093588423
70.40222222222222 701.7968664188868
70.41777777777779 750.443643135263
70.43333333333334 796.1317657490838
70.44888888888889 838.1066539160167
70.46444444444444 875.6137272852864
70.47999999999999 907.9430243680245
70.49555555555555 934.5818275323702
70.51111111111112 955.0719053457781
70.52666666666667 968.955028194612
70.54222222222222 975.7796933297888
70.55777777777777 975.411121644667
70.57333333333332 968.1611103285194
70.58888888888889 954.375118842666
70.60444444444444 934.3986066421785
70.62 908.5984125121911
70.63555555555556 877.5159365850603
70.6511111111111 841.7778004736914
70.66666666666666 802.0112022838691
70.68222222222222 758.8434859162414
70.69777777777777 712.9505729138981
70.71333333333334 665.1270879414686
70.72888888888889 616.1854486555438
70.74444444444444 566.9380727063893
70.75999999999999 518.1849371544414
70.77555555555556 470.5108196009495
70.7911111111111 424.31859515708265
70.80666666666667 380.0054167792738
70.82222222222222 337.9684374179744
70.83777777777777 298.5735322843383
70.85333333333332 262.04509015849294
70.86888888888889 228.5675122938028
70.88444444444444 198.32519750067593
70.9 171.49862227073538
70.91555555555556 148.06144159620567
70.93111111111111 127.68214047495371
70.94666666666666 110.00467397520356
70.96222222222222 94.67299715909758
70.97777777777777 81.34613393247673
70.99333333333334 69.81751410828372
71.00888888888889 59.95117494438898
71.02444444444444 51.611780409217545
71.03999999999999 44.663965667222556
71.05555555555556 38.95418660167434
71.07111111111111 34.27962956048009
71.08666666666667 30.42921492373773
71.10222222222222 27.191863065555935
71.11777777777777 24.362349834101337
71.13333333333333 21.832158848638755
71.14888888888888 19.58800498955634
71.16444444444444 17.620439828640656
71.18 15.920014931700052
71.19555555555556 14.47253082964869
71.21111111111111 13.238386997649968
71.22666666666666 12.169528939272709
71.24222222222221 11.217896423198795
71.25777777777778 10.335676751109986
71.27333333333334 9.496390003797728
71.28888888888889 8.711010909362926
71.30444444444444 8.009747295232614
71.32 7.414192564918949
71.33555555555554 6.914652005964172
71.35111111111111 6.498309564494775
71.36666666666667 6.136038231143516
71.38222222222223 5.798442253976532
71.39777777777778 5.456126792711643
71.41333333333333 5.089479181292518
71.42888888888888 4.712820695232267
71.44444444444444 4.3478258886294725
71.46000000000001 4.01616930951991
71.47555555555556 3.7390206894967832
71.49111111111111 3.520808964298112
71.50666666666666 3.3457195932988952
71.52222222222221 3.194980564276989
71.53777777777778 3.05080824268623
71.55333333333334 2.898380896982644
71.56888888888889 2.744735773634943
71.58444444444444 2.606695110806527
71.6 2.5011270340996816
71.61555555555555 2.4448548448027623
71.63111111111111 2.441105930319168
71.64666666666668 2.460462366970205
71.66222222222223 2.4687071965710174
71.67777777777778 2.431623454960686
71.69333333333333 2.316894919469064
71.70888888888888 2.1278265304085835
71.72444444444444 1.8993542518986715
71.74 1.6675132292905346
71.75555555555556 1.4683386019855789
71.77111111111111 1.332198214748928
71.78666666666666 1.2601855042566967
71.80222222222221 1.2439693146681066
71.81777777777778 1.2752139613432973
71.83333333333333 1.345576883340982
71.8488888888889 1.4461015491227727
71.86444444444444 1.5667410158337134
71.88 1.6973362063426976
71.89555555555555 1.8277280376076988
71.91111111111111 1.9477928273889802
71.92666666666666 2.047846954011902
71.94222222222223 2.1185048311226637
71.95777777777778 2.1503865089172223
71.97333333333333 2.134112040552054
71.98888888888888 2.0654146681795282
72.00444444444445 1.959748227244063
72.02 1.837320159115734
72.03555555555556 1.7183378992828011
72.05111111111111 1.6227579463002257
72.06666666666666 1.5590905440604956
72.08222222222221 1.5199169289500105
72.09777777777778 1.496640041746673
72.11333333333333 1.48066281735737
72.1288888888889 1.463040696687358
72.14444444444445 1.4316339572166044
72.16 1.3725824196287704
72.17555555555555 1.272009272998048
72.19111111111111 1.1160437488700836
72.20666666666666 0.9010772369306324
72.22222222222223 0.6549268351726596
72.23777777777778 0.41211947217175293
72.25333333333333 0.20515592463834764
72.26888888888888 0.06680351047486965
72.28444444444443 0.005158079590842135
72.3 0.0
72.31555555555556 0.029550955566378434
72.33111111111111 0.0720326242937972
72.34666666666666 0.10872580828743139
72.36222222222221 0.14344481304863166
72.37777777777777 0.19007410523749968
72.39333333333333 0.2625450193887673
72.4088888888889 0.37476974875335145
72.42444444444445 0.5325270138320093
72.44 0.7208562722281613
72.45555555555555 0.9215393575904045
72.4711111111111 1.1163580977017773
72.48666666666666 1.287569625466972
72.50222222222223 1.4282276211963563
72.51777777777778 1.542107512618827
72.53333333333333 1.6334450723560394
72.54888888888888 1.7064760671564727
72.56444444444443 1.7662574253690764
72.58 1.8230199782738055
72.59555555555556 1.8890044038842007
72.61111111111111 1.9764558370197847
72.62666666666667 2.097591057507657
72.64222222222222 2.258321703357865
72.65777777777777 2.450344044269059
72.67333333333333 2.6634078001017087
72.6888888888889 2.887726106565651
72.70444444444445 3.1134056653077096
72.72 3.3300540287772264
72.73555555555555 3.5286201511127047
72.7511111111111 3.7000727480669866
72.76666666666667 3.835380529483132
72.78222222222223 3.927335658210154
72.79777777777778 3.979157059857698
72.81333333333333 3.99776360836654
72.82888888888888 3.990078559071094
72.84444444444443 3.9630230403821542
72.86 3.925637870379319
72.87555555555555 3.8825955566697985
72.89111111111112 3.8383566480219997
72.90666666666667 3.7986746965518705
72.92222222222222 3.768931426819222
72.93777777777777 3.7479387712147627
72.95333333333333 3.7288814803288233
72.96888888888888 3.7047624178909473
72.98444444444445 3.6685844416718965
73.0 3.6152557527751696
73.01555555555555 3.550148745233969
73.0311111111111 3.4831550973359526
73.04666666666667 3.422587734113449
73.06222222222222 3.3770615912563926
73.07777777777778 3.3517788125888046
73.09333333333333 3.344274127201629
73.10888888888888 3.351136901814243
73.12444444444444 3.3689564971399477
73.14 3.3943960709279963
73.15555555555555 3.42541751445151
73.17111111111112 3.461092304730073
73.18666666666667 3.5005275921962493
73.20222222222222 3.5428305212437863
73.21777777777777 3.5864669397390117
73.23333333333333 3.626324702005604
73.24888888888889 3.6560512473604376
73.26444444444445 3.669292792477677
73.28 3.659733535411533
73.29555555555555 3.62757878019238
73.3111111111111 3.5868944144013994
73.32666666666667 3.55351942960408
73.34222222222222 3.5432928112550144
73.35777777777778 3.5711355762326775
73.37333333333333 3.6348452067784365
73.38888888888889 3.7170780339208704
73.40444444444444 3.798258765166338
73.42 3.8597936488027926
73.43555555555555 3.8863812278436853
73.45111111111112 3.882472566708202
73.46666666666667 3.859851545696756
73.48222222222222 3.8303141588229437
73.49777777777777 3.8056443523246344
73.51333333333332 3.7946190365743178
73.52888888888889 3.7990679327770067
73.54444444444445 3.8198427120727274
73.56 3.8577950393677156
73.57555555555555 3.9137789080958783
73.5911111111111 3.988700311449179
73.60666666666665 4.083516318438569
73.62222222222222 4.199186141766063
73.63777777777779 4.336668987844064
73.65333333333334 4.49708950003469
73.66888888888889 4.68270475887482
73.68444444444444 4.896246108233072
73.69999999999999 5.140446495212814
73.71555555555555 5.418037846320772
73.73111111111112 5.7312002620284375
73.74666666666667 6.080650565334508
73.76222222222222 6.466865761636313
73.77777777777777 6.890322849933227
73.79333333333332 7.351657995994515
73.80888888888889 7.856141190019571
73.82444444444445 8.414291350466897
73.84 9.036910182718316
73.85555555555555 9.734799385693691
73.8711111111111 10.519826140595
73.88666666666666 11.412733604876394
73.90222222222222 12.439834133621503
73.91777777777779 13.625263106110651
73.93333333333334 14.994086062066003
73.94888888888889 16.5677583171896
73.96444444444444 18.355717847057463
73.97999999999999 20.364984068262288
73.99555555555555 22.602576390820786
74.0111111111111 25.09520620169303
74.02666666666667 27.862367791683937
74.04222222222222 30.861883279514927
74.05777777777777 34.08840515155987
74.07333333333334 37.536585888082186
74.08888888888889 41.199267484710845
74.10444444444444 45.03589614022678
74.12 48.98718711358174
74.13555555555556 52.993766594057206
74.1511111111111 56.996260764799445
74.16666666666667 60.93697714750465
74.18222222222222 64.76523543460917
74.19777777777777 68.43218308745224
74.21333333333334 71.88999598092971
74.22888888888889 75.08908309403796
74.24444444444444 77.98506998956725
74.26 80.55702590844135
74.27555555555556 82.75622074446983
74.2911111111111 84.5461424865058
74.30666666666666 85.89316457255939
74.32222222222222 86.7873300939126
74.33777777777777 87.23764211422633
74.35333333333332 87.25363607769793
74.36888888888889 86.84484742237737
74.38444444444444 86.02429230477401
74.39999999999999 84.82493586415342
74.41555555555556 83.28683754554424
74.43111111111111 81.45006534422976
74.44666666666666 79.35469268460827
74.46222222222222 77.0424121868889
74.47777777777777 74.55879089505981
74.49333333333333 71.94996321113308
74.50888888888889 69.26206353088594
74.52444444444444 66.54132383678882
74.53999999999999 63.83660912155972
74.55555555555556 61.19965313613034
74.57111111111111 58.68233447639875
74.58666666666666 56.33653173196706
74.60222222222222 54.21280122868711
74.61777777777777 52.35045427908085
74.63333333333333 50.783122044178526
74.64888888888889 49.54439191619542
74.66444444444444 48.667863242235626
74.67999999999999 48.18900445422321
74.69555555555556 48.14299375434621
74.71111111111111 48.56675296335345
74.72666666666666 49.497203895610255
74.74222222222222 50.97177325973121
74.75777777777778 53.06693577984527
74.77333333333333 55.89742500827799
74.78888888888889 59.578391680147774
74.80444444444444 64.23091085729209
74.82 69.9830231936229
74.83555555555556 77.06159001372237
74.85111111111111 85.76687188867959
74.86666666666666 96.40086931791018
74.88222222222223 109.26558279446397
74.89777777777778 124.67086503573091
74.91333333333333 142.9697180200676
74.92888888888889 164.52988731915445
74.94444444444444 189.71994711482148
74.96 218.90710739541066
74.97555555555556 252.4003977552362
74.99111111111111 290.3698244818686
75.00666666666666 332.9648849520248
75.02222222222223 380.3350765359613
75.03777777777778 432.61856612312806
75.05333333333333 489.62116146019616
75.06888888888889 550.7707581398962
75.08444444444444 615.4747635271926
75.1 683.1405849806653
75.11555555555556 753.1449505634187
75.13111111111111 824.5746001332595
75.14666666666666 896.3566329443447
75.16222222222223 967.4164874252853
75.17777777777778 1036.6798721180394
75.19333333333333 1103.0766682032381
75.2088888888889 1165.5498865028442
75.22444444444444 1223.0472925391655
75.24 1274.5166518280369
75.25555555555556 1318.9084245041659
75.27111111111111 1355.4464790403968
75.28666666666666 1383.8594914856358
75.30222222222223 1403.9306414250364
75.31777777777778 1415.4431084369462
75.33333333333333 1418.1934363840637
75.3488888888889 1412.2384358068434
75.36444444444444 1397.8714244240323
75.38 1375.394318683775
75.39555555555556 1345.1090350273448
75.41111111111111 1307.376155590012
75.42666666666666 1262.9864006584644
75.44222222222223 1212.922131835497
75.45777777777778 1158.1648598173604
75.47333333333333 1099.6971004458924
75.48888888888888 1038.5031443889452
75.50444444444445 975.5731027658072
75.52 911.8982780107111
75.53555555555555 848.4699725507242
75.55111111111111 786.2781525626011
75.56666666666666 726.2295139357799
75.58222222222221 669.0998714132946
75.59777777777778 615.6535666367371
75.61333333333333 566.6549412407494
75.62888888888888 522.8478715608666
75.64444444444445 484.65435546399294
75.66 452.24034798322145
75.67555555555555 425.76472248960306
75.69111111111111 405.38722379513024
75.70666666666666 391.2026175000515
75.72222222222221 382.89723313811703
75.73777777777778 379.9965381640541
75.75333333333333 382.02560453295916
75.76888888888888 388.5094807624663
75.78444444444445 398.9418687795895
75.8 412.72324717130255
75.81555555555555 429.236843286163
75.83111111111111 447.8658844653579
75.84666666666666 467.9939383052698
75.86222222222221 489.0224357257422
75.87777777777778 510.3791201117821
75.89333333333333 531.493844793473
75.90888888888888 551.7964630934566
75.92444444444445 570.7373438882629
75.94 588.070216897211
75.95555555555555 603.7812217087694
75.97111111111111 617.8615253574567
75.98666666666666 630.3018025079336
76.00222222222222 641.0894111582343
76.01777777777778 650.1870712936775
76.03333333333333 657.5479546047515
76.04888888888888 663.1252118794571
76.06444444444445 666.872022238307
76.08 668.7820269900933
76.09555555555555 668.9700270299127
76.11111111111111 667.5734046604755
76.12666666666667 664.7295421766538
76.14222222222222 660.5745907608837
76.15777777777778 655.1748449835503
76.17333333333333 648.4905663786126
76.18888888888888 640.4731527534462
76.20444444444445 631.0740019074381
76.22 620.4773842902404
76.23555555555555 608.7331999359203
76.25111111111111 595.9294170399983
76.26666666666667 582.2631135236837
76.28222222222222 567.9068772191875
76.29777777777778 553.0470055149452
76.31333333333333 537.6905731938322
76.32888888888888 521.7700958611832
76.34444444444445 505.2154508067099
76.36 487.9577788831107
76.37555555555555 469.9704606058755
76.39111111111112 451.36845271596144
76.40666666666667 432.2963401918993
76.42222222222222 412.8987080027422
76.43777777777778 393.3204218400201
76.45333333333333 373.7291688467592
76.46888888888888 354.3319567272017
76.48444444444445 335.3396830987165
76.5 316.96324556950526
76.51555555555555 299.41432769994026
76.53111111111112 282.9206254673992
76.54666666666667 267.72477785417686
76.56222222222222 254.06999559204155
76.57777777777778 242.19948940374286
76.59333333333333 232.36018751349388
76.60888888888888 224.83065551049629
76.62444444444444 219.90544914048075
76.64 217.87924760272404
76.65555555555555 219.04673008767168
76.6711111111111 223.65795604348205
76.68666666666667 231.7761414372792
76.70222222222222 243.4156031461256
76.71777777777777 258.5906578722073
76.73333333333333 277.3149636798199
76.74888888888889 299.4794644092957
76.76444444444444 324.7091867347424
76.78 352.5943665797572
76.79555555555555 382.72523985934265
76.8111111111111 414.69008720255874
76.82666666666667 448.0144244202862
76.84222222222222 482.14916292127964
76.85777777777777 516.540868723763
76.87333333333333 550.6361078376093
76.88888888888889 583.8805893342014
76.90444444444444 615.7096248533908
76.92 645.5516052004307
76.93555555555555 672.8347958758616
76.9511111111111 696.987462372113
76.96666666666667 717.4931666311484
76.98222222222222 734.1596114370527
76.99777777777777 746.9122441053603
77.01333333333334 755.676678677094
77.02888888888889 760.378546315912
77.04444444444444 760.9735878664341
77.06 757.5095991761905
77.07555555555555 750.0519075520364
77.0911111111111 738.6658402928954
77.10666666666667 723.4186295646462
77.12222222222222 704.5197000357693
77.13777777777777 682.4166175994951
77.15333333333334 657.5796573465286
77.16888888888889 630.4790943598604
77.18444444444444 601.581386505221
77.2 571.2715839763064
77.21555555555555 539.8567276433378
77.2311111111111 507.6407212164622
77.24666666666667 474.92746839817073
77.26222222222222 442.0295483843962
77.27777777777777 409.3414417117765
77.29333333333334 377.3026715863027
77.30888888888889 346.3532282863533
77.32444444444444 316.93310208269304
77.34 289.4150668626643
77.35555555555555 263.8431303217518
77.3711111111111 240.1609399188145
77.38666666666667 218.3121183655819
77.40222222222222 198.24029913816412
77.41777777777777 179.89511067090336
77.43333333333334 163.24213267244943
77.44888888888889 148.24956866952277
77.46444444444444 134.88563309386382
77.48 123.11888173311297
77.49555555555555 112.86212143938496
77.5111111111111 103.94862515228851
77.52666666666667 96.20489375191266
77.54222222222222 89.4574281111461
77.55777777777777 83.53545403858197
77.57333333333334 78.32032176515895
77.58888888888889 73.7402423928811
77.60444444444444 69.72509550835025
77.62 66.20476069105564
77.63555555555556 63.10895125089246
77.6511111111111 60.36587724549986
77.66666666666667 57.90295025222031
77.68222222222222 55.64757447641239
77.69777777777777 53.52715411641498
77.71333333333334 51.48320325567852
77.72888888888889 49.526036674765464
77.74444444444444 47.68690791916595
77.76 45.99707546977527
77.77555555555556 44.487766222572986
77.7911111111111 43.168401189022234
77.80666666666666 41.988555584274195
77.82222222222222 40.9028301452945
77.83777777777777 39.83834523908945
77.85333333333332 38.73214594716762
77.86888888888889 37.563959601419924
77.88444444444444 36.375045819698016
77.89999999999999 35.212339941771575
77.91555555555556 34.12322094288504
77.93111111111111 33.15305275659523
77.94666666666666 32.302231948217354
77.96222222222222 31.52694043755298
77.97777777777777 30.781495660762744
77.99333333333333 30.020215047068632
78.00888888888889 29.20214820032288
78.02444444444444 28.336502547621876
78.03999999999999 27.46268044311398
78.05555555555556 26.620498584156508
78.07111111111111 25.849773661267022
78.08666666666666 25.182411053381202
78.10222222222222 24.604278126510508
78.11777777777777 24.084633165206128
78.13333333333333 23.592712091954013
78.14888888888889 23.097752466296015
78.16444444444444 22.5792703740085
78.17999999999999 22.051414401227248
78.19555555555556 21.53561962582421
78.21111111111111 21.053321118984968
78.22666666666666 20.625835178651414
78.24222222222222 20.25793330527688
78.25777777777778 19.921013296977094
78.27333333333333 19.58245941359928
78.28888888888889 19.209655908381592
78.30444444444444 18.770733600543963
78.32 18.260783158310346
78.33555555555556 17.708768142363965
78.35111111111111 17.145803910737186
78.36666666666666 16.603005814926746
78.38222222222223 16.110267437113635
78.39777777777778 15.678205169285775
78.41333333333333 15.302069295869046
78.42888888888889 14.976683178552548
78.44444444444444 14.696870172562853
78.46 14.459573976027855
78.47555555555556 14.279686821400333
78.49111111111111 14.181132197661555
78.50666666666666 14.187902171958171
78.52222222222223 14.32398880503979
78.53777777777778 14.608598120717488
78.55333333333333 15.037130904650667
78.56888888888889 15.597600838339758
78.58444444444444 16.278019319504324
78.6 17.066412324355497
78.61555555555556 17.97349141796144
78.63111111111111 19.07849599979602
78.64666666666666 20.47355448538758
78.66222222222223 22.250795283976004
78.67777777777778 24.502002351128112
78.69333333333333 27.28067528394206
78.7088888888889 30.56771862379867
78.72444444444444 34.33593653671096
78.74 38.55913617285694
78.75555555555556 43.20960594566213
78.77111111111111 48.26789128199334
78.78666666666666 53.72437063887617
78.80222222222223 59.57001110749411
78.81777777777778 65.79577977282202
78.83333333333333 72.38991993699813
78.8488888888889 79.2965312783308
78.86444444444444 86.42391103493287
78.88 93.67932387018277
78.89555555555556 100.9700344413119
78.91111111111111 108.19599686921049
78.92666666666666 115.19073715788
78.94222222222221 121.75235384936411
78.95777777777778 127.6786141221022
78.97333333333333 132.76728514841352
78.98888888888888 136.84609335884102
79.00444444444445 139.90894884849592
79.02 142.00705558121194
79.03555555555555 143.19167111465936
79.05111111111111 143.51405222356345
79.06666666666666 143.01498722025804
79.08222222222221 141.6985434129959
79.09777777777778 139.56074092790874
79.11333333333333 136.59759988510035
79.12888888888888 132.80526397185014
79.14444444444445 128.20837490554464
79.16 122.8963259895574
79.17555555555555 116.96745587422089
79.19111111111111 110.52010320386574
79.20666666666666 103.65287251302385
79.22222222222221 96.47950845929387
79.23777777777778 89.13676663594862
79.25333333333333 81.76332968397531
79.26888888888888 74.49788023836987
79.28444444444445 67.4764662348179
79.3 60.770169881158324
79.31555555555555 54.38258427930913
79.33111111111111 48.31416292654393
79.34666666666666 42.565359314209275
79.36222222222221 37.13803457147361
79.37777777777778 32.05297043909269
79.39333333333333 27.3444905876201
79.40888888888888 23.047212724095004
79.42444444444445 19.195754549636774
79.44 15.819989961617523
79.45555555555555 12.910808632643409
79.47111111111111 10.43996409149787
79.48666666666666 8.379077629465257
79.50222222222222 6.699770531920933
79.51777777777778 5.37139579782837
79.53333333333333 4.351207600283999
79.54888888888888 3.5924424492931735
79.56444444444445 3.048334185684041
79.58 2.6721168661383103
79.59555555555555 2.4211247504767357
79.61111111111111 2.267271845332118
79.62666666666667 2.1857113796704084
79.64222222222222 2.1515965765805163
79.65777777777778 2.140089001131571
79.67333333333333 2.1289767962887822
79.68888888888888 2.1023985347792973
79.70444444444445 2.0454335322449992
79.72 1.9431610984600525
79.73555555555555 1.780829696542412
79.75111111111111 1.556646767139057
79.76666666666667 1.2907135706549866
79.78222222222222 1.005907655008059
79.79777777777778 0.7243627585190211
79.81333333333333 0.46758479156608246
79.82888888888888 0.2536467684289505
79.84444444444445 0.0957769056503821
79.86 0.006914789403310806
79.87555555555555 0.0
79.89111111111112 0.08688549493956543
79.90666666666667 0.25970996969846283
79.92222222222222 0.4934486146800623
79.93777777777778 0.7625032210092968
79.95333333333333 1.041275573950486
79.96888888888888 1.305578421158657
79.98444444444445 1.547129518015936
80.0 1.7676765200005775
