10.0 42.366332874405884
10.015555555555556 42.71836894230762
10.03111111111111 43.09432467055183
10.046666666666667 43.464354029331275
10.062222222222223 43.79870698895729
10.077777777777778 44.069322938110304
10.093333333333334 44.24958456696447
10.108888888888888 44.3129209597721
10.124444444444444 44.23947932433066
10.14 44.07752201534413
10.155555555555555 43.91493829729177
10.171111111111111 43.84010840476219
10.186666666666667 43.924320306875416
10.202222222222222 44.1309737385011
10.217777777777778 44.38148831003241
10.233333333333333 44.597189449749976
10.248888888888889 44.722184159302856
10.264444444444445 44.793235521219685
10.28 44.870659466507504
10.295555555555556 45.01471089201743
10.311111111111112 45.25221370732663
10.326666666666666 45.521250580648825
10.342222222222222 45.74534443510038
10.357777777777777 45.848465785527196
10.373333333333333 45.79447460173844
10.38888888888889 45.61801346128959
10.404444444444444 45.36099565142524
10.42 45.06571315375277
10.435555555555556 44.78756585778126
10.45111111111111 44.59713316022237
10.466666666666667 44.56455905367841
10.482222222222223 44.75469142746897
10.497777777777777 45.127730197478854
10.513333333333334 45.55695605804863
10.528888888888888 45.913013283679675
10.544444444444444 46.08071187984501
10.56 46.08378479121575
10.575555555555555 46.02470861236827
10.591111111111111 46.00685984636027
10.606666666666667 46.112574687722486
10.622222222222222 46.2948329668709
10.637777777777778 46.457489513795394
10.653333333333332 46.50430461027281
10.668888888888889 46.37018561825175
10.684444444444445 46.11397166419658
10.7 45.82532152599799
10.715555555555556 45.59383261834353
10.731111111111112 45.47913456710489
10.746666666666666 45.4627023669085
10.762222222222222 45.51343061930254
10.777777777777779 45.60036796294662
10.793333333333333 45.70571964012311
10.80888888888889 45.834723998798495
10.824444444444444 45.994945071438906
10.84 46.19348643671367
10.855555555555556 46.42243672921495
10.87111111111111 46.65590156479402
10.886666666666667 46.866926429352475
10.902222222222223 47.02939190216364
10.917777777777777 47.13107653938914
10.933333333333334 47.17122349595479
10.948888888888888 47.14941868552182
10.964444444444444 47.06626868700039
10.98 46.93234076473425
10.995555555555555 46.76382625926885
11.011111111111111 46.57697999505433
11.026666666666667 46.388576517703314
11.042222222222222 46.21858341453992
11.057777777777778 46.088180075940954
11.073333333333334 46.01854820556298
11.088888888888889 46.02092376342398
11.104444444444445 46.066853403243954
11.12 46.11798480100765
11.135555555555555 46.13598938667485
11.151111111111112 46.09462119643774
11.166666666666666 45.99934378427338
11.182222222222222 45.860759721118825
11.197777777777778 45.68953366269534
11.213333333333333 45.50178954780267
11.22888888888889 45.32329742630861
11.244444444444444 45.18081283330662
11.26 45.10016586742938
11.275555555555556 45.076231539548075
11.29111111111111 45.06635827937066
11.306666666666667 45.02563949348155
11.322222222222223 44.91154553190415
11.337777777777777 44.72207642247349
11.353333333333333 44.48918295046633
11.36888888888889 44.24586410684253
11.384444444444444 44.022101771434336
11.4 43.817703363591704
11.415555555555555 43.615108076994034
11.431111111111111 43.39654683983008
11.446666666666667 43.15087761830648
11.462222222222222 42.90874332352507
11.477777777777778 42.71702936549332
11.493333333333332 42.62265735819699
11.508888888888889 42.65745754619377
11.524444444444445 42.79127763996428
11.54 42.978054669545145
11.555555555555555 43.17174546892113
11.571111111111112 43.33874161313145
11.586666666666666 43.479105105936355
11.602222222222222 43.59854141421215
11.617777777777778 43.7025796278557
11.633333333333333 43.7794994417726
11.648888888888889 43.786081572937974
11.664444444444445 43.675752276231606
11.68 43.403752874839256
11.695555555555556 42.99078187697103
11.71111111111111 42.5397287878601
11.726666666666667 42.15869940811763
11.742222222222223 41.94998753832249
11.757777777777777 41.9104696070068
11.773333333333333 41.945259389077705
11.788888888888888 41.95640608819974
11.804444444444444 41.856282126811266
11.82 41.66642467691281
11.835555555555555 41.4739712520136
11.851111111111111 41.36695488875091
11.866666666666667 41.41361635079534
11.882222222222222 41.550474990140856
11.897777777777778 41.66026283980955
11.913333333333334 41.62555240773622
11.928888888888888 41.3656045255849
11.944444444444445 40.95899511693415
11.96 40.52753355146001
11.975555555555555 40.19297691232441
11.991111111111111 40.02544139496558
12.006666666666668 39.94692117497232
12.022222222222222 39.85301910475209
12.037777777777778 39.63991068634982
12.053333333333333 39.272140061061236
12.068888888888889 38.95990000420795
12.084444444444443 38.84566294731974
12.1 38.89491113678537
12.115555555555556 39.12163861486874
12.13111111111111 39.412418465616724
12.146666666666667 39.64498133934603
12.162222222222223 39.70307337666168
12.177777777777777 39.59146546256591
12.193333333333333 39.427042255547576
12.20888888888889 39.33091844192711
12.224444444444444 39.412916429165875
12.24 39.65221814375195
12.255555555555556 39.94402050174574
12.27111111111111 40.1821340341844
12.286666666666667 40.27618534183034
12.302222222222222 40.250286109885224
12.317777777777778 40.17893411752971
12.333333333333334 40.136845607201394
12.348888888888888 40.17955003661086
12.364444444444445 40.27197776954881
12.379999999999999 40.352343261936085
12.395555555555555 40.35886668092553
12.411111111111111 40.251035622176346
12.426666666666666 40.05478726992112
12.442222222222222 39.80900106674835
12.457777777777778 39.55251526924292
12.473333333333333 39.31737328846043
12.488888888888889 39.12131302213538
12.504444444444445 38.98026261329585
12.52 38.909509642293756
12.535555555555556 38.8920480876136
12.551111111111112 38.8640599778347
12.566666666666666 38.75805705522271
12.582222222222223 38.51044839632391
12.597777777777777 38.14898805592463
12.613333333333333 37.793733015366456
12.628888888888888 37.568829186687594
12.644444444444444 37.58812490876289
12.66 37.83001553831127
12.675555555555555 38.17739976387497
12.69111111111111 38.51117728183601
12.706666666666667 38.72495746445861
12.722222222222221 38.81574922203674
12.737777777777778 38.83088780810499
12.753333333333334 38.81804485089913
12.768888888888888 38.81676207612418
12.784444444444444 38.82468545806421
12.8 38.82345009502251
12.815555555555555 38.795045329972254
12.831111111111111 38.7222131318797
12.846666666666668 38.589024175361715
12.862222222222222 38.37984017714086
12.877777777777778 38.07912690770263
12.893333333333333 37.70004672481559
12.908888888888889 37.32340110588973
12.924444444444443 37.039731050559
12.94 36.93850384668394
12.955555555555556 37.03636776166172
12.97111111111111 37.231988690452
12.986666666666666 37.42096328675484
13.002222222222223 37.48901675709919
13.017777777777777 37.41152423974813
13.033333333333333 37.264829781996355
13.04888888888889 37.130566058064574
13.064444444444444 37.086361423855806
13.08 37.14219569881777
13.095555555555556 37.25218417781423
13.11111111111111 37.37007660813424
13.126666666666667 37.45443828387022
13.142222222222223 37.50952855676019
13.157777777777778 37.564839313225775
13.173333333333334 37.65012759762601
13.188888888888888 37.78545381257766
13.204444444444444 37.931540026221
13.219999999999999 38.02667070882637
13.235555555555555 38.009088340400126
13.251111111111111 37.83780967638813
13.266666666666666 37.556178127927296
13.282222222222222 37.22893067624614
13.297777777777778 36.92077064157695
13.313333333333333 36.67449642968063
13.328888888888889 36.47328138937064
13.344444444444445 36.290249006861245
13.36 36.098684555903446
13.375555555555556 35.88883242843656
13.391111111111112 35.682552091273806
13.406666666666666 35.50515741865115
13.422222222222222 35.38152057778518
13.437777777777779 35.319298697627914
13.453333333333333 35.30376043269757
13.46888888888889 35.3198581110164
13.484444444444444 35.350349131528674
13.5 35.37745370266214
13.515555555555554 35.382482406950544
13.53111111111111 35.34670361735641
13.546666666666667 35.253042428039294
13.562222222222221 35.10358100781502
13.577777777777778 34.912712466018775
13.593333333333334 34.69503291820399
13.608888888888888 34.46486673805214
13.624444444444444 34.23454349878352
13.64 34.01550393938112
13.655555555555555 33.81918470756989
13.671111111111111 33.67573549867211
13.686666666666667 33.57197544429414
13.702222222222222 33.50250660879999
13.717777777777778 33.46703500637227
13.733333333333334 33.46798113110515
13.748888888888889 33.516592287094795
13.764444444444445 33.62590684577742
13.78 33.80884960821436
13.795555555555556 34.055070995059395
13.81111111111111 34.302680868896346
13.826666666666666 34.48287499327728
13.842222222222222 34.527624142229456
13.857777777777777 34.4145980438592
13.873333333333333 34.19184231331667
13.88888888888889 33.91437911546495
13.904444444444444 33.63450865126674
13.92 33.372576963805386
13.935555555555556 33.114549243156375
13.95111111111111 32.84464453423345
13.966666666666667 32.55043831374246
13.982222222222223 32.269477294149624
13.997777777777777 32.077648137421534
14.013333333333334 32.05181636728844
14.02888888888889 32.257287759903875
14.044444444444444 32.65308612289925
14.059999999999999 33.141011452587236
14.075555555555557 33.62231088955332
14.091111111111111 34.013566804053426
14.106666666666666 34.32347133428323
14.122222222222222 34.594947102441665
14.137777777777778 34.87097371201969
14.153333333333332 35.18247777302065
14.168888888888889 35.51186170377025
14.184444444444445 35.829318301389435
14.2 36.10506534869103
14.215555555555556 36.325774403618425
14.231111111111112 36.52297501421765
14.246666666666666 36.735770354666215
14.262222222222222 37.002950713934524
14.277777777777779 37.329306319724765
14.293333333333333 37.65557377624816
14.308888888888887 37.91539927287113
14.324444444444445 38.043849912677274
14.34 38.033797453280044
14.355555555555554 37.95472326869003
14.371111111111112 37.88138441485148
14.386666666666667 37.8853084157538
14.402222222222221 37.97132524098015
14.417777777777777 38.08152567482125
14.433333333333334 38.15556357262949
14.448888888888888 38.13913924488986
14.464444444444444 38.05150034956171
14.48 37.96093833326279
14.495555555555555 37.93663671860952
14.511111111111111 38.03546991105884
14.526666666666667 38.218787619212435
14.542222222222222 38.403276377774205
14.557777777777778 38.505369243376094
14.573333333333334 38.4643145735638
14.588888888888889 38.337171184970316
14.604444444444443 38.21891259724521
14.620000000000001 38.20452772839769
14.635555555555555 38.35574499688573
14.65111111111111 38.61814362398127
14.666666666666668 38.91196425168869
14.682222222222222 39.15755260578749
14.697777777777777 39.30652463412332
14.713333333333333 39.385302730175226
14.72888888888889 39.43126101678581
14.744444444444444 39.48149598557052
14.76 39.552454804491845
14.775555555555556 39.62604363264688
14.79111111111111 39.68088001033357
14.806666666666667 39.695989083020436
14.822222222222223 39.6634450700235
14.837777777777777 39.59081249082044
14.853333333333333 39.4876672747539
14.86888888888889 39.36207816215392
14.884444444444444 39.23147577453449
14.899999999999999 39.12086075476179
14.915555555555557 39.055466122222015
14.931111111111111 39.056947033614165
14.946666666666665 39.109033057948295
14.962222222222222 39.17262132729138
14.977777777777778 39.20829559621416
14.993333333333332 39.18265883957508
15.008888888888889 39.103894374861284
15.024444444444445 38.99774278071891
15.04 38.89000678071443
15.055555555555555 38.802207121592915
15.071111111111112 38.735939406336
15.086666666666666 38.68700806079153
15.102222222222222 38.65121834768695
15.117777777777778 38.628300778654875
15.133333333333333 38.630432878445504
15.148888888888889 38.672253602221986
15.164444444444445 38.76836432615653
15.18 38.92596494857855
15.195555555555554 39.13601031273788
15.211111111111112 39.387298229258136
15.226666666666667 39.66845871988289
15.242222222222221 39.958073995558266
15.257777777777777 40.21916313395536
15.273333333333333 40.41340772329238
15.288888888888888 40.50292032341008
15.304444444444444 40.46180235034069
15.32 40.27742541656676
15.335555555555555 39.93784920291864
15.351111111111111 39.4346009340577
15.366666666666667 38.81356612333502
15.382222222222222 38.16377766217636
15.397777777777778 37.575456239003756
15.413333333333334 37.1324043941305
15.428888888888888 36.85560246986711
15.444444444444445 36.73047580160926
15.46 36.74204530781651
15.475555555555555 36.873692066780904
15.49111111111111 37.09819129433697
15.506666666666668 37.38409836984977
15.522222222222222 37.69995785500862
15.537777777777777 38.01346456245085
15.553333333333333 38.28857845089681
15.568888888888889 38.48823365591056
15.584444444444443 38.575375565515856
15.6 38.5302587251706
15.615555555555556 38.4620906105655
15.63111111111111 38.509412267551966
15.646666666666667 38.54110720450228
15.662222222222223 38.57903230719694
15.677777777777777 38.602329047734315
15.693333333333333 38.58473648506401
15.70888888888889 38.50038661639405
15.724444444444444 38.34488062539003
15.74 38.1459383504274
15.755555555555556 37.933911399936164
15.77111111111111 37.7390627835332
15.786666666666665 37.58932436974726
15.802222222222223 37.51012102718596
15.817777777777778 37.52675379577079
15.833333333333332 37.660467252087756
15.848888888888888 37.87117389523985
15.864444444444445 38.071245486714815
15.879999999999999 38.171811813475074
15.895555555555555 38.09695972825716
15.911111111111111 37.89458189078982
15.926666666666666 37.68131675716393
15.942222222222222 37.574538362308886
15.957777777777778 37.66562470603196
15.973333333333333 37.88043168099307
15.988888888888889 38.079893470861634
16.004444444444445 38.12479139822983
16.02 37.92081213203221
16.035555555555554 37.56925346673381
16.051111111111112 37.22466294040578
16.066666666666666 37.04155738582756
16.08222222222222 37.126981130880495
16.09777777777778 37.44517902971131
16.113333333333333 37.93365505355064
16.128888888888888 38.529891969850496
16.144444444444446 39.167834316858034
16.16 39.77411341081677
16.175555555555555 40.27540725403537
16.191111111111113 40.59720183953766
16.206666666666667 40.73725468784585
16.22222222222222 40.800375457429936
16.23777777777778 40.90024768385467
16.253333333333334 41.14614903754091
16.26888888888889 41.528360560417696
16.284444444444446 41.90743947193528
16.3 42.137386676106644
16.315555555555555 42.0831055462711
16.331111111111113 41.77920064614841
16.346666666666668 41.394355583559104
16.362222222222222 41.100907799574316
16.377777777777776 41.051773958029344
16.393333333333334 41.208249598381144
16.40888888888889 41.422495869706154
16.424444444444443 41.54540776425438
16.439999999999998 41.449178370648156
16.455555555555556 41.14654997679429
16.47111111111111 40.707219161353805
16.486666666666665 40.263708797413074
16.502222222222223 39.83278891084319
16.517777777777777 39.38395173428523
16.53333333333333 38.8924191206886
16.54888888888889 38.33341674065821
16.564444444444444 37.694357268374915
16.58 37.00103492231278
16.595555555555556 36.28678077242171
16.61111111111111 35.584891792046506
16.626666666666665 34.9216248096285
16.642222222222223 34.307619226185466
16.657777777777778 33.751415176053
16.673333333333332 33.261349740235914
16.68888888888889 32.83268221158323
16.704444444444444 32.43986897292541
16.72 32.055513198362405
16.735555555555557 31.6530608952321
16.75111111111111 31.231450287911343
16.766666666666666 30.81905147582256
16.782222222222224 30.445870427773798
16.797777777777778 30.140960518864063
16.813333333333333 29.917010535491613
16.82888888888889 29.772936397104786
16.844444444444445 29.707224609347463
16.86 29.71653310058639
16.875555555555557 29.77774327235454
16.891111111111112 29.85564703039438
16.906666666666666 29.91486282932351
16.92222222222222 29.92549571194752
16.93777777777778 29.89726338296532
16.953333333333333 29.85727801661585
16.968888888888888 29.83272639721099
16.984444444444446 29.845610701774262
17.0 29.89214136584485
17.015555555555554 29.96052404033503
17.03111111111111 30.038962138090938
17.046666666666667 30.118309066974007
17.06222222222222 30.198613882229893
17.077777777777776 30.28191890780363
17.093333333333334 30.37026016134928
17.108888888888888 30.46355668206718
17.124444444444443 30.556545600058257
17.14 30.64369884038649
17.155555555555555 30.72146154858217
17.17111111111111 30.78774130154511
17.186666666666667 30.830361191213115
17.202222222222222 30.844376186659247
17.217777777777776 30.82522923455747
17.233333333333334 30.777582761989947
17.24888888888889 30.72091401442856
17.264444444444443 30.67560199457978
17.28 30.662168210125174
17.295555555555556 30.704062791729484
17.31111111111111 30.827482680037065
17.326666666666668 31.058730911407906
17.342222222222222 31.4199854951612
17.357777777777777 31.881132739647683
17.373333333333335 32.37614110992649
17.38888888888889 32.83827433520639
17.404444444444444 33.209871476732815
17.42 33.50931937883797
17.435555555555556 33.79294868476745
17.45111111111111 34.11736916849509
17.46666666666667 34.52668699638639
17.482222222222223 34.99298286797659
17.497777777777777 35.46260078931573
17.513333333333332 35.88185254305063
17.52888888888889 36.21314370383777
17.544444444444444 36.48380421959189
17.56 36.73753358590545
17.575555555555553 37.01802410472408
17.59111111111111 37.362389935496026
17.606666666666666 37.78901513858057
17.62222222222222 38.31297228684639
17.637777777777778 38.94910248317751
17.653333333333332 39.67842896443244
17.668888888888887 40.41421892435915
17.684444444444445 41.05880242708815
17.7 41.517165002520755
17.715555555555554 41.77852492293334
17.73111111111111 41.95727918183377
17.746666666666666 42.181755757653946
17.76222222222222 42.57246093865456
17.77777777777778 43.14846298203304
17.793333333333333 43.82419008497152
17.808888888888887 44.50857406408795
17.824444444444445 45.1169579487522
17.84 45.667997764587994
17.855555555555554 46.263833271846806
17.871111111111112 47.008993043923965
17.886666666666667 47.995881704761814
17.90222222222222 49.19066140970824
17.91777777777778 50.48452386391807
17.933333333333334 51.7676724549583
17.948888888888888 52.94514099793389
17.964444444444446 54.027017227943475
17.98 55.068750214078136
17.995555555555555 56.1259685288984
18.011111111111113 57.24839118332136
18.026666666666667 58.45644294043609
18.04222222222222 59.761488139929384
18.05777777777778 61.174888720051854
18.07333333333333 62.71181493928634
18.08888888888889 64.40079672033585
18.104444444444447 66.2732918657349
18.119999999999997 68.36148661369805
18.135555555555555 70.68226394054705
18.151111111111113 73.21597404729562
18.166666666666664 75.93801759518499
18.182222222222222 78.82422301131066
18.197777777777777 81.89199117396925
18.21333333333333 85.23449209112596
18.22888888888889 88.95294532628225
18.244444444444444 93.14765062931485
18.259999999999998 97.88035972640535
18.275555555555556 103.16107207749906
18.29111111111111 108.99615444123447
18.306666666666665 115.40538530370986
18.322222222222223 122.71491488028141
18.337777777777777 131.55610396414306
18.35333333333333 142.5734928447207
18.36888888888889 156.4160838763138
18.384444444444444 173.79580522306503
18.4 195.47113366604788
18.415555555555557 222.20163901719195
18.43111111111111 255.0840587575591
18.446666666666665 298.37027568916767
18.462222222222223 358.0352112399371
18.477777777777778 440.11186518785587
18.493333333333332 551.1892074500299
18.50888888888889 701.8791600821638
18.524444444444445 904.4116203831635
18.54 1171.0206238466517
18.555555555555557 1511.6588664249134
18.57111111111111 1925.8116098953149
18.586666666666666 2409.963814984819
18.602222222222224 2960.5992312914345
18.617777777777775 3570.288903131847
18.633333333333333 4218.782992564123
18.64888888888889 4883.209717048082
18.66444444444444 5540.687177914548
18.68 6165.481044604932
18.695555555555558 6725.104089764073
18.71111111111111 7186.091921522597
18.726666666666667 7515.1363122440425
18.742222222222225 7691.961495582637
18.757777777777775 7718.938374117184
18.773333333333333 7600.702886388702
18.788888888888888 7342.085540924825
18.804444444444442 6955.376379616831
18.82 6462.496662036615
18.835555555555555 5886.00371126413
18.85111111111111 5248.656646429633
18.866666666666667 4577.5689932644145
18.88222222222222 3904.0564172641157
18.897777777777776 3259.605826010813
18.913333333333334 2674.434089854851
18.92888888888889 2161.486409003107
18.944444444444443 1721.247059804481
18.96 1353.9219606970582
18.975555555555555 1058.9733208672228
18.99111111111111 829.0503989339072
19.006666666666668 653.1492060667557
19.022222222222222 520.2309464660982
19.037777777777777 419.79754495461214
19.053333333333335 344.81099274442465
19.06888888888889 289.5966046380754
19.084444444444443 248.4829937793403
19.1 216.42126024239883
19.115555555555556 191.20825982048575
19.13111111111111 171.4535940622642
19.14666666666667 155.7669689018344
19.162222222222223 142.9392337005737
19.177777777777777 132.35752640334317
19.193333333333335 123.53150162881036
19.208888888888886 115.97115860557085
19.224444444444444 109.28999951088383
19.240000000000002 103.34957538193021
19.255555555555553 98.04782431955721
19.27111111111111 93.28297522392188
19.28666666666667 88.9803733629816
19.30222222222222 85.10834502858097
19.317777777777778 81.64123459681616
19.333333333333336 78.55283819391843
19.348888888888887 75.79459059070484
19.364444444444445 73.28829713918117
19.38 70.95372343235874
19.395555555555553 68.7126568226198
19.41111111111111 66.5331834322443
19.426666666666666 64.42957627890235
19.44222222222222 62.41810776477473
19.45777777777778 60.51414883996563
19.473333333333333 58.72005467439487
19.488888888888887 57.02839715537266
19.504444444444445 55.43150978050369
19.52 53.9208890314502
19.535555555555554 52.479881775770764
19.551111111111112 51.08724168963283
19.566666666666666 49.72167088381673
19.58222222222222 48.36874989937235
19.59777777777778 47.061096264181856
19.613333333333333 45.85100971797306
19.628888888888888 44.79085649181309
19.644444444444446 43.91503490848174
19.66 43.16964251262209
19.675555555555555 42.473696644121674
19.691111111111113 41.74620874507514
19.706666666666667 40.930545255791
19.72222222222222 40.05690243581853
19.73777777777778 39.17481871256871
19.753333333333334 38.33379035589178
19.76888888888889 37.562713583855725
19.784444444444446 36.8367556748243
19.799999999999997 36.122434406195
19.815555555555555 35.38650962122631
19.831111111111113 34.62469253578979
19.846666666666664 33.88874057564453
19.862222222222222 33.23682522990066
19.87777777777778 32.726262462450904
19.89333333333333 32.37082559931605
19.90888888888889 32.12093065302338
19.924444444444443 31.92199959819561
19.939999999999998 31.72040876174833
19.955555555555556 31.488874498360587
19.97111111111111 31.22915072241358
19.986666666666665 30.944486815287178
20.002222222222223 30.637885673485243
20.017777777777777 30.30814877998796
20.03333333333333 29.950558884985753
20.04888888888889 29.560290137178868
20.064444444444444 29.13509632123271
20.08 28.70206195108142
20.095555555555556 28.306886938300636
20.11111111111111 27.99657702140894
20.126666666666665 27.811932213010095
20.142222222222223 27.758640687790148
20.157777777777778 27.825702182879013
20.173333333333332 28.002011436902876
20.18888888888889 28.279609838950137
20.204444444444444 28.668542261797597
20.22 29.18524566306121
20.235555555555557 29.846164606036155
20.25111111111111 30.667443792863764
20.266666666666666 31.663975447349458
20.282222222222224 32.85032482366
20.297777777777778 34.24106015353266
20.313333333333333 35.85617753548661
20.32888888888889 37.732321639152815
20.344444444444445 39.90931842079499
20.36 42.42685410881643
20.375555555555557 45.29193094498419
20.39111111111111 48.43706394663343
20.406666666666666 51.78444243074284
20.422222222222224 55.256177192597306
20.437777777777775 58.76807039060907
20.453333333333333 62.2250961013882
20.46888888888889 65.53116244815828
20.484444444444442 68.58935293201262
20.5 71.2703059218735
20.515555555555554 73.40228645223203
20.53111111111111 74.81070482557016
20.546666666666667 75.32729225990067
20.56222222222222 74.92900356178313
20.577777777777776 73.73792961831373
20.593333333333334 71.88246473055449
20.608888888888888 69.48851898656471
20.624444444444443 66.6451471225173
20.64 63.41319317544321
20.655555555555555 59.85278471649235
20.67111111111111 56.03104813886148
20.686666666666667 52.08642427672635
20.702222222222222 48.19900233129499
20.717777777777776 44.54939361630045
20.733333333333334 41.29211651325329
20.74888888888889 38.39191024255774
20.764444444444443 35.72963872409673
20.78 33.18579496013115
20.795555555555556 30.668555576301287
20.81111111111111 28.233159495712016
20.826666666666668 25.98348965001719
20.842222222222222 24.02345997651571
20.857777777777777 22.424535255820388
20.873333333333335 21.130880905322556
20.88888888888889 20.076570831404183
20.904444444444444 19.173038896225762
20.92 18.33473057031665
20.935555555555553 17.557091626565807
20.95111111111111 16.84668972275267
20.96666666666667 16.210088716329324
20.98222222222222 15.653111794087067
20.997777777777777 15.179959815588404
21.013333333333335 14.794618728515957
21.028888888888886 14.500865116434284
21.044444444444444 14.287052527069136
21.060000000000002 14.115819728588349
21.075555555555553 13.947367614799418
21.09111111111111 13.742657791683314
21.106666666666666 13.491315220132265
21.12222222222222 13.219681754049702
21.137777777777778 12.956501689433026
21.153333333333332 12.729446317901761
21.168888888888887 12.541985012932855
21.184444444444445 12.373647323370506
21.2 12.202942214368932
21.215555555555554 12.010126981600934
21.23111111111111 11.801343970405583
21.246666666666666 11.602522045841397
21.26222222222222 11.440091032605551
21.27777777777778 11.340917373586876
21.293333333333333 11.323210361140355
21.308888888888887 11.348038026953304
21.324444444444445 11.3988305218802
21.34 11.45995435314012
21.355555555555554 11.522726769637302
21.371111111111112 11.581592311497047
21.386666666666667 11.631010521733742
21.40222222222222 11.6644707060168
21.41777777777778 11.67015131608639
21.433333333333334 11.634422885456047
21.448888888888888 11.543654428255195
21.464444444444446 11.390785596314913
21.48 11.195581177693384
21.495555555555555 10.984650669698908
21.511111111111113 10.784595511921452
21.526666666666664 10.607715599701578
21.54222222222222 10.422543222674108
21.55777777777778 10.18926679308754
21.57333333333333 9.868201021675759
21.58888888888889 9.45175176996213
21.604444444444447 9.00672923771026
21.619999999999997 8.610460551871029
21.635555555555555 8.339735100713028
21.651111111111113 8.223127110036557
21.666666666666664 8.203490316402053
21.682222222222222 8.214851917115766
21.697777777777777 8.192060839153328
21.71333333333333 8.106476971056964
21.72888888888889 7.979714004700668
21.744444444444444 7.837044171243065
21.759999999999998 7.702609897524553
21.775555555555556 7.571007937945865
21.79111111111111 7.405164643860644
21.806666666666665 7.166450973669043
21.822222222222223 6.819255807039099
21.837777777777777 6.3793103220864396
21.85333333333333 5.905292461561544
21.86888888888889 5.457202183754703
21.884444444444444 5.0907590104885685
21.9 4.811247622609812
21.915555555555557 4.591090762361318
21.93111111111111 4.402148755687335
21.946666666666665 4.221251610956301
21.962222222222223 4.067458827093446
21.977777777777778 3.9811465569291613
21.993333333333332 4.0028547643122465
22.00888888888889 4.162018349589175
22.024444444444445 4.418239021678687
22.04 4.704039702177624
22.055555555555557 4.9518838405547285
22.07111111111111 5.110670092774512
22.086666666666666 5.206941732132464
22.102222222222224 5.290149035786953
22.117777777777775 5.409744630414707
22.133333333333333 5.595389385130716
22.14888888888889 5.8060486242268325
22.16444444444444 5.984909322906901
22.18 6.075186973073301
22.195555555555558 6.038494906037499
22.21111111111111 5.886461116087958
22.226666666666667 5.639132060800534
22.24222222222222 5.316574228464674
22.257777777777775 4.942078672527714
22.273333333333333 4.545683551805837
22.288888888888888 4.158274414350444
22.304444444444442 3.8105364022696904
22.32 3.519384638056181
22.335555555555555 3.279321189634743
22.35111111111111 3.0827894557709214
22.366666666666667 2.92214353666634
22.38222222222222 2.786401196421366
22.397777777777776 2.660322660065958
22.413333333333334 2.5283911732694833
22.42888888888889 2.3759826749972035
22.444444444444443 2.2091899357293414
22.46 2.0549257224322446
22.475555555555555 1.9410161285309186
22.49111111111111 1.8931103435500063
22.506666666666668 1.9030165445276452
22.522222222222222 1.9362719641879949
22.537777777777777 1.955734553120692
22.553333333333335 1.9287641267967501
22.56888888888889 1.8608644654821092
22.584444444444443 1.7813090297831877
22.6 1.7197313783054824
22.615555555555556 1.7009899696028015
22.63111111111111 1.7110237989440975
22.64666666666667 1.7167995798921538
22.662222222222223 1.6851564281334959
22.677777777777777 1.5927495127772318
22.693333333333335 1.4374116101771506
22.708888888888886 1.2281878549648582
22.724444444444444 0.9765572818315604
22.740000000000002 0.6982297479122508
22.755555555555553 0.42863208098435734
22.77111111111111 0.20893034485175122
22.78666666666667 0.08029031005173692
22.80222222222222 0.06509709142233078
22.817777777777778 0.11874163404809224
22.833333333333332 0.18168278058988108
22.848888888888887 0.19442382128033842
22.864444444444445 0.12839179523786015
22.88 0.03996927523331806
22.895555555555553 0.0
22.91111111111111 0.07908845215928295
22.926666666666666 0.30575380127356766
22.94222222222222 0.6185406621888205
22.95777777777778 0.9444052175508659
22.973333333333333 1.2109139029752214
22.988888888888887 1.3916394108150598
23.004444444444445 1.5374625225420004
23.02 1.7066682851008181
23.035555555555554 1.9563789660501243
23.051111111111112 2.295956356594047
23.066666666666666 2.6711981255019737
23.08222222222222 3.02349725096326
23.09777777777778 3.2955469445636254
23.113333333333333 3.463279305324022
23.128888888888888 3.537829965011042
23.144444444444446 3.532028124089834
23.16 3.4586307802766214
23.175555555555555 3.329148337393576
23.191111111111113 3.154038693125017
23.206666666666667 2.9437267088201224
23.22222222222222 2.7104585919929605
23.23777777777778 2.488886056872502
23.25333333333333 2.3287234883647443
23.26888888888889 2.27996507121577
23.284444444444446 2.3855438610302144
23.299999999999997 2.6242515484343585
23.315555555555555 2.940680780105822
23.331111111111113 3.2791046126288848
23.346666666666664 3.5919268788483123
23.362222222222222 3.8874110320102773
23.37777777777778 4.1972918507640316
23.39333333333333 4.55338513336585
23.40888888888889 4.978625679346919
23.424444444444443 5.449095688773241
23.439999999999998 5.925482905874446
23.455555555555556 6.368465890765265
23.47111111111111 6.749918674746937
23.486666666666665 7.087439634355292
23.502222222222223 7.41029877596327
23.517777777777777 7.747762594067467
23.53333333333333 8.119694867086082
23.54888888888889 8.516114383889771
23.564444444444444 8.921132109271639
23.58 9.318863647027342
23.595555555555556 9.695129959174437
23.61111111111111 10.039992621000238
23.626666666666665 10.344161222498201
23.642222222222223 10.598459317880497
23.657777777777778 10.808158648007748
23.673333333333332 11.006952430954243
23.68888888888889 11.2318502703788
23.704444444444444 11.519416099198452
23.72 11.878552509658562
23.735555555555557 12.274748619868319
23.75111111111111 12.66969540680816
23.766666666666666 13.025781236176499
23.782222222222224 13.330738373485588
23.797777777777778 13.604234285802136
23.813333333333333 13.867974212374065
23.82888888888889 14.143010782410215
23.84444444444444 14.434963186326968
23.86 14.733778141790935
23.875555555555557 15.028701946071124
23.89111111111111 15.309880577866693
23.906666666666666 15.583450350263206
23.922222222222224 15.865424778174884
23.937777777777775 16.17317529702177
23.953333333333333 16.52303634761836
23.96888888888889 16.91785233946962
23.984444444444442 17.35156011067977
24.0 17.81793857807247
24.015555555555554 18.310091519980574
24.03111111111111 18.815032021587513
24.046666666666667 19.31654378356734
24.06222222222222 19.798380896996605
24.077777777777776 20.24496735791172
24.093333333333334 20.645368757970914
24.108888888888888 20.990615852789006
24.124444444444443 21.271746443854113
24.14 21.486906409717108
24.155555555555555 21.67259776207993
24.17111111111111 21.87820214325461
24.186666666666667 22.153110692635778
24.202222222222222 22.53749601747711
24.217777777777776 23.0324813115202
24.233333333333334 23.628851882049275
24.24888888888889 24.317393499834793
24.264444444444443 25.091770070162056
24.28 25.95525014981945
24.295555555555556 26.913103374871184
24.31111111111111 27.970590202312565
24.326666666666668 29.12805057508058
24.342222222222222 30.372804525033757
24.357777777777777 31.69004319971384
24.373333333333335 33.06497947524758
24.38888888888889 34.48649317846002
24.404444444444444 35.95122573918604
24.42 37.45680664424151
24.435555555555553 39.001000143794386
24.45111111111111 40.59222210692997
24.46666666666667 42.25709850214059
24.48222222222222 44.05324793332272
24.497777777777777 45.97911638595531
24.513333333333335 48.03194429602763
24.528888888888886 50.166758239767546
24.544444444444444 52.3354811035623
24.56 54.492017336816275
24.575555555555553 56.647681218174284
24.59111111111111 58.878659884492095
24.606666666666666 61.26462163354449
24.62222222222222 63.88227090959492
24.637777777777778 66.74898848552266
24.653333333333332 70.18651416996875
24.668888888888887 73.84912922916067
24.684444444444445 77.64817997196428
24.7 81.60405892977656
24.715555555555554 85.77944387692935
24.73111111111111 90.23805367401019
24.746666666666666 95.03867500463696
24.76222222222222 100.18618291127211
24.77777777777778 105.65223078771544
24.793333333333333 111.407984374796
24.808888888888887 117.4339126950374
24.824444444444445 123.78884942235288
24.84 130.570898103334
24.855555555555554 137.87845594536304
24.871111111111112 145.81145895627492
24.886666666666667 154.48000400215642
24.90222222222222 163.9983076152172
24.91777777777778 174.48059806491517
24.933333333333334 186.0357371798956
24.948888888888888 198.74449277949645
24.964444444444446 212.67847014067775
24.98 227.9092694732143
24.995555555555555 244.67727963325342
25.011111111111113 263.92803514632044
25.026666666666664 286.7911847924639
25.04222222222222 314.39642211793813
25.05777777777778 348.11835780798236
25.07333333333333 390.150680674576
25.08888888888889 442.8581051825882
25.104444444444447 508.62344838067247
25.119999999999997 592.6899396925872
25.135555555555555 707.9885250845477
25.15111111111111 868.7561015380695
25.166666666666664 1089.2225859044618
25.182222222222222 1382.2792504301392
25.197777777777777 1757.890927267465
25.21333333333333 2225.6358180660245
25.22888888888889 2795.0439213177146
25.244444444444444 3471.2536643782005
25.259999999999998 4251.5567922485025
25.275555555555556 5132.431976698268
25.29111111111111 6110.0494085128785
25.306666666666665 7164.469399089877
25.322222222222223 8252.071578037225
25.337777777777777 9327.34213941961
25.35333333333333 10344.852789429078
25.36888888888889 11262.048260582516
25.384444444444444 12039.863547120945
25.4 12639.44406996063
25.415555555555557 13022.811599684555
25.43111111111111 13172.394824316601
25.446666666666665 13091.169705044427
25.462222222222223 12783.016624280368
25.477777777777778 12253.219080954255
25.493333333333332 11530.886682943506
25.50888888888889 10665.03574756657
25.524444444444445 9705.293882898368
25.54 8700.489994490075
25.555555555555557 7689.200866175471
25.571111111111108 6702.898750673361
25.586666666666666 5772.913858798578
25.602222222222224 4929.441600804155
25.617777777777775 4191.376763642484
25.633333333333333 3571.1333368991236
25.64888888888889 3081.04840665191
25.66444444444444 2731.541870483714
25.68 2517.943250239411
25.695555555555558 2428.440461926472
25.71111111111111 2451.178791395245
25.726666666666667 2574.619153312247
25.74222222222222 2789.212650055074
25.757777777777775 3086.1840316824228
25.773333333333333 3456.7597734477977
25.788888888888888 3891.093991737011
25.804444444444442 4373.87492732305
25.82 4888.0537741769895
25.835555555555555 5416.581007014555
25.85111111111111 5941.951786949276
25.866666666666667 6444.775288463887
25.88222222222222 6905.172435250498
25.897777777777776 7303.264472882555
25.913333333333334 7621.252178972266
25.92888888888889 7848.355818181585
25.944444444444443 7975.275238212272
25.96 7992.716267963743
25.975555555555555 7895.744331298584
25.99111111111111 7691.478040223328
26.006666666666668 7389.101614542176
26.022222222222222 6997.815945922304
26.037777777777777 6530.729352657794
26.053333333333335 6009.8588449573745
26.06888888888889 5458.4573755632255
26.084444444444443 4899.735032896637
26.099999999999998 4352.15716423484
26.115555555555556 3825.2121220957047
26.13111111111111 3327.388721092107
26.146666666666665 2867.1353702219167
26.162222222222223 2450.3442387225914
26.177777777777777 2078.8675591236915
26.19333333333333 1754.2007919054272
26.20888888888889 1477.7645378311572
26.224444444444444 1247.9321324046618
26.24 1059.0372165942745
26.255555555555556 905.1351272317421
26.27111111111111 780.3081081925749
26.286666666666665 679.398532171661
26.302222222222223 598.0968018224563
26.317777777777778 532.1378730882709
26.333333333333332 477.3314725712804
26.34888888888889 431.03175445159536
26.364444444444445 392.04576781221726
26.38 359.2370044367898
26.395555555555553 331.4788133157746
26.41111111111111 307.7990845152267
26.426666666666666 287.3483850748405
26.44222222222222 269.280659717665
26.45777777777778 252.78950133997773
26.473333333333333 237.5534583708585
26.488888888888887 223.5757633840975
26.504444444444445 210.86561654915556
26.52 199.42084431975957
26.535555555555554 189.12849234364876
26.551111111111112 179.81315167802404
26.566666666666666 171.29871170164506
26.58222222222222 163.42090016611587
26.59777777777778 156.1086802298655
26.613333333333333 149.33516121979994
26.628888888888888 143.07371651814128
26.644444444444446 137.29268086365164
26.66 131.9279384111611
26.675555555555555 126.90251170413046
26.69111111111111 122.1393910621623
26.706666666666667 117.5692650215343
26.72222222222222 113.16369106761692
26.737777777777776 108.90773671213992
26.753333333333334 104.78763028462828
26.76888888888889 100.79652182035949
26.784444444444443 96.96838095298284
26.8 93.34830468697493
26.815555555555555 89.98138980546565
26.83111111111111 86.89138035159618
26.846666666666668 84.02397424038674
26.862222222222222 81.30704278507682
26.877777777777776 78.66847412793703
26.893333333333334 76.06475659790038
26.90888888888889 73.53953061767942
26.924444444444443 71.15297772179252
26.94 68.96520589550875
26.955555555555556 67.00473867446243
26.97111111111111 65.2194247486637
26.986666666666665 63.54441699815078
27.002222222222223 61.915000482188645
27.017777777777777 60.290444575016465
27.03333333333333 58.68167145590104
27.04888888888889 57.10631288467442
27.064444444444444 55.581974037138764
27.08 54.12366217743721
27.095555555555556 52.74164134012864
27.11111111111111 51.44567053316081
27.126666666666665 50.24546424309875
27.142222222222223 49.14804172597252
27.157777777777778 48.15623057960039
27.173333333333332 47.272496175383765
27.18888888888889 46.49893671734122
27.204444444444444 45.82259698400043
27.22 45.21050319547595
27.235555555555553 44.6282960148223
27.25111111111111 44.04351570779869
27.266666666666666 43.47975384292005
27.28222222222222 43.02452426131862
27.297777777777778 42.76882312614413
27.313333333333333 42.80367596703098
27.328888888888887 43.220759857830046
27.344444444444445 44.112390341649586
27.36 45.57090971278916
27.375555555555554 47.68194963160903
27.391111111111112 50.415569853079035
27.406666666666666 53.64440911843127
27.42222222222222 57.238058963329024
27.43777777777778 61.06866649705461
27.453333333333333 65.0433951588405
27.468888888888888 69.09480536017799
27.484444444444446 73.156026784223
27.5 77.14271495867075
27.515555555555554 80.77642858240921
27.53111111111111 83.65766570521106
27.546666666666667 85.38508574802921
27.56222222222222 85.60080937249785
27.577777777777776 84.34403578775226
27.593333333333334 81.86667197609535
27.608888888888888 78.4226446873443
27.624444444444443 74.25882046217379
27.64 69.56840877875965
27.655555555555555 64.51997919022443
27.67111111111111 59.28197178301792
27.686666666666667 54.017572114307825
27.702222222222222 48.85646024426677
27.717777777777776 43.91515699553503
27.733333333333334 39.310543676826626
27.74888888888889 35.14355813965068
27.764444444444443 31.427482982442257
27.78 28.147549387458753
27.795555555555556 25.28896760823153
27.81111111111111 22.83769860372837
27.826666666666664 20.783131951780376
27.842222222222222 19.115635498250356
27.857777777777777 17.825577144435954
27.87333333333333 16.889472875853528
27.88888888888889 16.230027753696334
27.904444444444444 15.756881845320208
27.919999999999998 15.379679199392001
27.935555555555556 15.027054878110505
27.95111111111111 14.690541922253033
27.966666666666665 14.37467747634588
27.982222222222223 14.08399065042795
27.997777777777777 13.81591380398504
28.013333333333332 13.54776103262651
28.02888888888889 13.253305956426686
28.044444444444444 12.90635639565238
28.06 12.491974091340694
28.075555555555557 12.022656888778215
28.09111111111111 11.515004611940583
28.106666666666666 10.985603472020102
28.12222222222222 10.448788997338454
28.137777777777778 9.91415564466979
28.153333333333332 9.390697702170996
28.168888888888887 8.887438984247638
28.184444444444445 8.416302526768845
28.2 7.994511645829846
28.215555555555554 7.639854904236472
28.23111111111111 7.369861805676237
28.246666666666666 7.18531534053426
28.26222222222222 7.060324788418598
28.27777777777778 6.966619061136441
28.293333333333333 6.876158146067439
28.308888888888887 6.7714551297110575
28.324444444444445 6.649716292270909
28.34 6.509235545547199
28.355555555555554 6.3482854768409425
28.371111111111112 6.164415498162498
28.386666666666667 5.954292486268287
28.40222222222222 5.714529724658405
28.417777777777776 5.442019290775647
28.433333333333334 5.140944354479302
28.448888888888888 4.823303577213437
28.464444444444442 4.501479452831063
28.48 4.18723589310747
28.495555555555555 3.8795065271968383
28.51111111111111 3.5651259180841066
28.526666666666667 3.230456447847814
28.54222222222222 2.8628956752031627
28.557777777777776 2.467251587506098
28.573333333333334 2.062790667788704
28.58888888888889 1.6692177936483859
28.604444444444443 1.3054592881262579
28.62 0.9796360390352561
28.635555555555555 0.691962447530841
28.65111111111111 0.44247194198186435
28.666666666666668 0.2644661492729483
28.682222222222222 0.16528925417486562
28.697777777777777 0.1447615712019683
28.71333333333333 0.2271366306008531
28.72888888888889 0.43234264570764935
28.744444444444444 0.7377829555132962
28.759999999999998 1.096709478877301
28.775555555555556 1.4620963908805606
28.79111111111111 1.7896855405312522
28.806666666666665 2.0584645248062543
28.822222222222223 2.25904173331503
28.837777777777777 2.3821116669148523
28.85333333333333 2.421600436744882
28.86888888888889 2.394795114070064
28.884444444444444 2.329252126220638
28.9 2.252572178312789
28.915555555555557 2.189907210290869
28.93111111111111 2.1510817677345244
28.946666666666665 2.140002370232594
28.962222222222223 2.160562875814719
28.977777777777778 2.215304865687017
28.993333333333332 2.299406101575869
29.008888888888887 2.4055499525251776
29.024444444444445 2.5264177858479684
29.04 2.6517068567043225
29.055555555555554 2.7569250772914415
29.07111111111111 2.813367375030907
29.086666666666666 2.792327993024287
29.10222222222222 2.6744209416125955
29.11777777777778 2.479059716270683
29.133333333333333 2.2357531536608803
29.148888888888887 1.9740099693976276
29.164444444444445 1.7179495657391612
29.18 1.4720099263601583
29.195555555555554 1.2361374704944978
29.211111111111112 1.0102802182411779
29.226666666666667 0.7993707605517102
29.24222222222222 0.6243496289586119
29.25777777777778 0.5236607180170267
29.273333333333333 0.545461332535524
29.288888888888888 0.6550095736360504
29.304444444444442 0.7977279883308483
29.32 0.9088067439819838
29.335555555555555 0.9235337855566286
29.35111111111111 0.8150013680294137
29.366666666666667 0.6511597597335594
29.38222222222222 0.514599206054811
29.397777777777776 0.48768895995823414
29.413333333333334 0.6060541970828126
29.42888888888889 0.8010794325931556
29.444444444444443 0.9900527166111033
29.46 1.0906378417722067
29.475555555555555 1.0701113963989428
29.49111111111111 0.9947600517671731
29.506666666666668 0.9427727944523667
29.522222222222222 0.9902870318815644
29.537777777777777 1.1638407677368718
29.55333333333333 1.400087057832593
29.56888888888889 1.6264135247214426
29.584444444444443 1.770859309619766
29.599999999999998 1.803869859813915
29.615555555555556 1.7636007847758606
29.63111111111111 1.694269991715089
29.646666666666665 1.6396959350424254
29.662222222222223 1.6240084455773172
29.677777777777777 1.6430545581702631
29.69333333333333 1.6904920147381404
29.70888888888889 1.7600961338091565
29.724444444444444 1.850184375948345
29.74 1.9649579577096574
29.755555555555556 2.1090096411868444
29.77111111111111 2.2865947575660925
29.786666666666665 2.491475183642592
29.802222222222223 2.705130622191632
29.817777777777778 2.9083428206005806
29.833333333333332 3.0817947709272744
29.848888888888887 3.203643569121027
29.864444444444445 3.2493702779827345
29.88 3.1943271461967697
29.895555555555553 3.01545806948792
29.91111111111111 2.7237822993910754
29.926666666666666 2.363044116468018
29.94222222222222 1.9783092445482566
29.95777777777778 1.6131474656084492
29.973333333333333 1.2839351914905137
29.988888888888887 0.983345617091345
30.004444444444445 0.7032581574394499
30.02 0.43720894962865486
30.035555555555554 0.20461446109584358
30.051111111111112 0.04538692943953038
30.066666666666666 0.0
30.08222222222222 0.11730499963607599
30.09777777777778 0.5597599407945495
30.113333333333333 1.5716331804976562
30.128888888888888 3.398995798281078
30.144444444444442 6.236193810329951
30.16 9.663423045265631
30.175555555555555 12.858466889254203
30.19111111111111 14.992118345081792
30.206666666666667 15.396054690144638
30.22222222222222 15.08685802314966
30.237777777777776 16.08614206427535
30.253333333333334 20.428944327721013
30.26888888888889 29.82586351140003
30.284444444444443 42.971494013366964
30.3 56.922097382812694
30.315555555555555 68.71762751508436
30.33111111111111 75.76741494480223
30.346666666666668 78.54544683667973
30.362222222222222 79.04216831946621
30.377777777777776 79.25883300693908
30.393333333333334 80.85839885236658
30.40888888888889 82.9868264809561
30.424444444444443 83.6553507811966
30.439999999999998 80.86971118272857
30.455555555555556 73.06098280067101
30.47111111111111 61.509835282630775
30.486666666666665 48.66756050344827
30.502222222222223 36.989037472348286
30.517777777777777 28.567974778842427
30.53333333333333 23.311395625817454
30.54888888888889 20.307639725785123
30.564444444444444 18.64361307207747
30.58 17.5074804481589
30.595555555555556 16.643163153211447
30.61111111111111 15.984257306911957
30.626666666666665 15.464521429648187
30.642222222222223 15.059427726539525
30.657777777777778 14.952554205494778
30.673333333333332 15.392247313602184
30.68888888888889 16.626874237855077
30.704444444444444 18.813171811827942
30.72 21.691376741978274
30.735555555555553 24.88344788276703
30.75111111111111 28.011336031133055
30.766666666666666 30.757983208236624
30.78222222222222 33.05942856310463
30.797777777777778 34.91735339076598
30.813333333333333 36.3334390553278
30.828888888888887 37.30131549850012
30.844444444444445 37.7840569177215
30.86 37.737490126358125
30.875555555555554 37.11744432402327
30.891111111111112 35.90652974412353
30.906666666666666 34.18048268950804
30.92222222222222 32.03526846842135
30.93777777777778 29.56685468525609
30.953333333333333 26.877853253091757
30.968888888888888 24.09209316063641
30.984444444444446 21.337629371222533
31.0 18.742490310462074
31.015555555555554 16.40281198564867
31.03111111111111 14.320982687667595
31.046666666666667 12.482252242312256
31.06222222222222 10.871877161516352
31.077777777777776 9.47936513180349
31.093333333333334 8.305755677983655
31.108888888888888 7.354024866054772
31.124444444444443 6.6271183592645
31.14 6.116222062999498
31.155555555555555 5.783010983182578
31.17111111111111 5.584604940997849
31.186666666666667 5.47815982615208
31.202222222222222 5.430167351277191
31.217777777777776 5.428845886403963
31.233333333333334 5.465497827851664
31.24888888888889 5.53142221320104
31.264444444444443 5.6172979121867
31.28 5.7124621598878775
31.295555555555556 5.806076994779801
31.31111111111111 5.887378143753779
31.326666666666664 5.955837326659605
31.342222222222222 6.031558212292964
31.357777777777777 6.137123397943014
31.37333333333333 6.295045965531699
31.38888888888889 6.5203103596056735
31.404444444444444 6.813731173998519
31.419999999999998 7.174556312719687
31.435555555555556 7.601919662575142
31.45111111111111 8.085033480296374
31.466666666666665 8.595636203441927
31.482222222222223 9.103688413698137
31.497777777777777 9.579390531528645
31.513333333333332 10.01012292384911
31.52888888888889 10.411636067280256
31.544444444444444 10.803364250314587
31.56 11.202953188757249
31.575555555555557 11.629671059930047
31.59111111111111 12.104728712665235
31.606666666666666 12.649482903139074
31.62222222222222 13.284847991047684
31.637777777777778 14.009023364621498
31.653333333333332 14.787041082503606
31.668888888888887 15.581305975858868
31.684444444444445 16.354888719615076
31.7 17.10046262334646
31.715555555555554 17.85145653376469
31.73111111111111 18.6442674479253
31.746666666666666 19.514652777196375
31.76222222222222 20.473449310033914
31.77777777777778 21.49908806300425
31.793333333333333 22.56783099110544
31.808888888888887 23.65644284794496
31.824444444444445 24.759039569345987
31.84 25.891083201320043
31.855555555555554 27.069348343214358
31.87111111111111 28.310031403439268
31.886666666666667 29.611494459094047
31.90222222222222 30.951308684707328
31.917777777777776 32.305871384801435
31.933333333333334 33.65297516142584
31.948888888888888 35.009195467585414
31.964444444444442 36.434017817340646
31.98 37.98915111145277
31.995555555555555 39.73465579090316
32.011111111111106 41.68900465991396
32.02666666666667 43.82693367506931
32.04222222222222 46.12110014879113
32.05777777777777 48.546479758850865
32.07333333333334 51.131480440821974
32.08888888888889 53.958003403994326
32.10444444444444 57.110280426142936
32.120000000000005 60.66883692642489
32.135555555555555 64.69785390492927
32.151111111111106 69.09225201496679
32.166666666666664 73.74624658092296
32.18222222222222 78.59085751498128
32.19777777777777 83.69196988634667
32.21333333333333 89.2383567416316
32.22888888888889 95.42328265445951
32.24444444444444 102.43391514648431
32.26 110.34669310290747
32.275555555555556 119.14159409888646
32.29111111111111 128.79536915383187
32.306666666666665 139.29749182919102
32.32222222222222 150.85287907335362
32.337777777777774 163.84619281243243
32.35333333333333 178.66869150834992
32.36888888888889 195.71186394317675
32.38444444444444 215.40954212993785
32.4 238.22844965891824
32.41555555555556 264.63623021073266
32.43111111111111 295.12872923966887
32.446666666666665 330.62204166498924
32.46222222222222 372.35488736353017
32.477777777777774 421.57423434491324
32.49333333333333 479.5507379640648
32.50888888888889 547.8879967759713
32.52444444444444 628.4353450444239
32.54 723.0478569784216
32.55555555555556 833.4927364140431
32.57111111111111 960.3683019330349
32.586666666666666 1103.4422990617843
32.602222222222224 1262.4647515369386
32.617777777777775 1437.1743122294217
32.63333333333333 1627.1660273771108
32.64888888888889 1831.936565822206
32.66444444444444 2050.980679103915
32.68 2283.4085192381767
32.69555555555556 2523.7049626062726
32.71111111111111 2763.2958935016954
32.72666666666667 2993.5527377292665
32.742222222222225 3206.0650524921257
32.757777777777775 3394.9275235948767
32.77333333333333 3555.836613556296
32.78888888888889 3684.5148400538274
32.80444444444444 3776.836113695115
32.82 3830.3392241834827
32.83555555555556 3843.5938828754856
32.85111111111111 3815.1855443409777
32.86666666666667 3744.069217342988
32.882222222222225 3633.120487910882
32.897777777777776 3487.567444364372
32.913333333333334 3312.6701742270984
32.92888888888889 3113.718268948036
32.94444444444444 2896.3011191639152
32.96 2666.3386274490554
32.97555555555556 2429.559253631782
32.99111111111111 2191.5928051001683
33.00666666666667 1958.0058036978437
33.022222222222226 1734.2620558560914
33.03777777777778 1525.8241951735356
33.05333333333333 1337.6674496697672
33.06888888888889 1170.146276765324
33.08444444444444 1021.0653379934097
33.099999999999994 888.2025615392618
33.11555555555556 769.4846108956447
33.13111111111111 664.2048321838076
33.14666666666666 572.3920614863739
33.162222222222226 494.0822290199987
33.17777777777778 429.1522269773797
33.19333333333333 376.0594140923917
33.20888888888889 332.51499641262825
33.224444444444444 296.22354370701845
33.239999999999995 265.02428014297897
33.25555555555556 237.92646470432697
33.27111111111111 214.5409712058178
33.28666666666666 194.48362080401188
33.30222222222223 177.3638537600978
33.31777777777778 162.73702116610303
33.33333333333333 150.13122610727595
33.34888888888889 139.07436383678765
33.364444444444445 129.1498321072807
33.379999999999995 120.40096674489945
33.39555555555555 113.09846009094855
33.41111111111111 107.51461865332197
33.42666666666666 103.80089543519529
33.44222222222222 101.12769501041276
33.45777777777778 98.18881197050035
33.47333333333333 93.6748783779804
33.48888888888889 86.86126337541344
33.504444444444445 81.68256443204933
33.519999999999996 84.30151369318907
33.535555555555554 100.8947237726581
33.55111111111111 136.66745960579084
33.56666666666666 189.21260203216042
33.58222222222222 252.533796920905
33.59777777777778 320.61359232926606
33.61333333333333 388.40832484185177
33.62888888888889 458.39505114168577
33.644444444444446 536.5526518366294
33.66 628.8795357733568
33.675555555555555 740.449552609756
33.69111111111111 869.2858328491045
33.70666666666666 1010.1641313458133
33.72222222222222 1157.8429202798654
33.73777777777778 1306.6939974936797
33.75333333333333 1448.171789037105
33.76888888888889 1572.3994522096204
33.784444444444446 1669.4939072379557
33.8 1730.882996401302
33.815555555555555 1757.801364314387
33.83111111111111 1755.925877204851
33.846666666666664 1730.955350730916
33.86222222222222 1687.7352138518188
33.87777777777778 1624.7719724253939
33.89333333333333 1537.7184924097705
33.90888888888889 1422.213908787752
33.92444444444445 1275.6246425768823
33.94 1108.084490554799
33.955555555555556 935.4502717429292
33.971111111111114 773.605814405545
33.986666666666665 636.5787367104549
34.00222222222222 524.7170923144935
34.01777777777778 432.25293661293904
34.03333333333333 353.3898006832112
34.04888888888889 282.9110532433533
34.06444444444445 219.8687451182958
34.08 165.22165539025343
34.095555555555556 119.93741855195913
34.111111111111114 84.76838947329088
34.126666666666665 58.8806634535016
34.14222222222222 40.73124010794038
34.15777777777778 28.773814146630798
34.17333333333333 21.49113238913168
34.18888888888888 17.580611602301303
34.20444444444445 15.835867299949314
34.22 15.050968394433085
34.23555555555555 14.138279600621331
34.251111111111115 12.888444598297667
34.266666666666666 11.48732458521448
34.28222222222222 10.122678886981134
34.29777777777778 8.961967091783833
34.31333333333333 8.020919578978749
34.32888888888888 7.246589688546123
34.34444444444445 6.585692151571038
34.36 5.988543009750572
34.37555555555555 5.4326108468792995
34.391111111111115 4.907747271635003
34.406666666666666 4.4038670140682825
34.42222222222222 3.9125232740327647
34.43777777777778 3.4377552687513457
34.45333333333333 2.989349346834672
34.468888888888884 2.577122354826713
34.48444444444444 2.2089592599921275
34.5 1.877835481180682
34.51555555555555 1.5697884456089923
34.53111111111111 1.2708169847266504
34.54666666666667 0.9697507574728093
34.56222222222222 0.6775903289094458
34.577777777777776 0.4157841348912257
34.593333333333334 0.20584187990505143
34.608888888888885 0.06746683448250224
34.62444444444444 0.0017494597043992144
34.64 0.0
34.65555555555555 0.05422465510230268
34.67111111111111 0.1566109714918298
34.68666666666667 0.3008182524637846
34.70222222222222 0.48122063973869444
34.717777777777776 0.6921970082192956
34.733333333333334 0.9269300894034131
34.748888888888885 1.1686899615568223
34.76444444444444 1.3958464729570323
34.78 1.5867346700692906
34.79555555555555 1.7219815317069447
34.81111111111111 1.8016514023472041
34.82666666666667 1.8356042599411921
34.84222222222222 1.8337748995664356
34.85777777777778 1.8059560798476468
34.873333333333335 1.7607051769411441
34.888888888888886 1.705943819124684
34.904444444444444 1.6495883850369637
34.92 1.600501092656259
34.93555555555555 1.5760007010441655
34.95111111111111 1.5978570794082998
34.96666666666667 1.6878798691088264
34.98222222222222 1.8648195233192837
34.99777777777778 2.1192467153995267
35.013333333333335 2.4265365704317787
35.028888888888886 2.761916643510233
35.044444444444444 3.1016038544809703
35.06 3.4312269935246604
35.07555555555555 3.7416226744351206
35.09111111111111 4.023682597204754
35.10666666666667 4.2709226944118655
35.12222222222222 4.502703308142429
35.13777777777778 4.7530823617491365
35.153333333333336 5.0562875040342306
35.16888888888889 5.442572746306951
35.184444444444445 5.901575990309823
35.2 6.3991573509599675
35.215555555555554 6.900876651700571
35.23111111111111 7.375360910151642
35.24666666666667 7.823861079473261
35.26222222222222 8.267320071404185
35.27777777777778 8.72695312534671
35.29333333333334 9.222397476810272
35.30888888888889 9.755776787392165
35.324444444444445 10.318297954271259
35.34 10.901863964639972
35.355555555555554 11.497135308790746
35.371111111111105 12.095848958231386
35.38666666666667 12.690782796054066
35.40222222222222 13.274725459594492
35.41777777777777 13.841802522283047
35.43333333333334 14.402436515817953
35.44888888888889 14.977934116532083
35.46444444444444 15.589800768017255
35.480000000000004 16.25796055973609
35.495555555555555 16.982041497318562
35.511111111111106 17.747607782289265
35.52666666666667 18.539941534969557
35.54222222222222 19.347400721756742
35.55777777777777 20.20004853589313
35.57333333333334 21.15797828534039
35.58888888888889 22.28194486128217
35.60444444444444 23.629339542846026
35.620000000000005 25.20920102078088
35.635555555555555 26.994331941525672
35.651111111111106 28.956658036997453
35.666666666666664 31.071999739497244
35.68222222222222 33.37576106362661
35.69777777777777 35.94989149789723
35.71333333333333 38.87757765747466
35.72888888888889 42.23688724165589
35.74444444444444 46.0222036539713
35.76 50.15965946681405
35.775555555555556 54.573395298724165
35.79111111111111 59.190884314759785
35.806666666666665 63.99807451749206
35.82222222222222 69.03078277716105
35.837777777777774 74.32642363018812
35.85333333333333 79.92162407729626
35.86888888888889 85.83810847909075
35.88444444444444 92.08429012858409
35.9 98.66811437096652
35.91555555555556 105.61005780464649
35.93111111111111 113.18767747686917
35.946666666666665 121.91941660539709
35.96222222222222 132.33369343339882
35.977777777777774 144.99805699649215
35.99333333333333 161.23581238471814
36.00888888888889 183.08480268895727
36.02444444444444 212.63068921800237
36.04 251.9641557749954
36.05555555555556 303.29916637900016
36.07111111111111 368.97743860843485
36.086666666666666 451.3466075610973
36.102222222222224 552.749532665468
36.117777777777775 675.3995327729053
36.13333333333333 821.3683930582308
36.14888888888889 992.7207185103669
36.16444444444444 1191.3789976637995
36.18 1414.9717168287975
36.19555555555556 1656.1722436340935
36.21111111111111 1907.3787553932084
36.22666666666667 2160.9918921823682
36.242222222222225 2409.4959297594696
36.257777777777775 2645.4772637469787
36.27333333333333 2861.528495633291
36.28888888888889 3050.2523097999688
36.30444444444444 3204.6402104298586
36.32 3318.1869758981206
36.33555555555556 3384.4208371329805
36.35111111111111 3396.9786628839
36.36666666666667 3354.310938478682
36.382222222222225 3261.485915539392
36.397777777777776 3124.0535626605583
36.413333333333334 2947.5891734617967
36.42888888888889 2739.0251289356806
36.44444444444444 2507.2804468346803
36.46 2261.431925594862
36.47555555555556 2010.5390561781649
36.49111111111111 1762.603651067001
36.50666666666666 1523.9769669677996
36.522222222222226 1300.8669655758927
36.53777777777778 1099.4445160553885
36.55333333333333 923.1442987062389
36.56888888888889 770.836884624729
36.58444444444444 640.9598916937376
36.599999999999994 531.9509130632491
36.61555555555556 442.24528785750465
36.63111111111111 370.27432704686964
36.64666666666666 314.46892409907775
36.662222222222226 273.2584100719058
36.67777777777778 244.89090763400895
36.69333333333333 227.26674694458973
36.70888888888889 218.24687096175398
36.724444444444444 215.6961600367713
36.739999999999995 218.082232497218
36.75555555555556 225.11827670679406
36.77111111111111 236.671637802158
36.78666666666666 252.60985130893175
36.80222222222222 272.8408055586824
36.81777777777778 297.36241588526343
36.83333333333333 326.1847780160614
36.84888888888889 359.3179587255247
36.864444444444445 396.76296668358293
36.879999999999995 438.4989327329764
36.89555555555555 484.50175043614024
36.91111111111111 534.7467753420419
36.92666666666666 588.9371608241548
36.94222222222222 646.4378137458566
36.95777777777778 705.7875512135133
36.97333333333333 765.819317018702
36.98888888888889 825.310595964467
37.004444444444445 882.7645199092472
37.019999999999996 936.636068469797
37.035555555555554 985.3782943533068
37.05111111111111 1027.436043932104
37.06666666666666 1061.225141149487
37.08222222222222 1085.15576711245
37.09777777777778 1097.6381586285065
37.11333333333333 1097.5275974087442
37.12888888888889 1085.2001556708865
37.144444444444446 1061.3564728186175
37.16 1026.697190305686
37.175555555555555 982.1541087327787
37.19111111111111 929.5268047508778
37.20666666666666 870.8184479163885
37.22222222222222 808.0322077770804
37.23777777777778 743.1009244779854
37.25333333333333 677.6666904792163
37.26888888888889 613.2964752961425
37.284444444444446 551.557248339312
37.3 493.901282058353
37.315555555555555 441.2575310198449
37.33111111111111 394.4057813287791
37.346666666666664 354.1258080436147
37.36222222222222 321.0640112742502
37.37777777777778 295.1934670137339
37.39333333333333 276.2752593412886
37.40888888888889 264.07039383242545
37.42444444444445 258.3655189866921
37.44 259.09094733846564
37.455555555555556 266.2269928656898
37.471111111111114 279.7540202257976
37.486666666666665 299.683741113574
37.50222222222222 326.2234410293563
37.51777777777778 359.6556926419861
37.53333333333333 400.2632266294463
37.54888888888889 448.4275831760368
37.56444444444445 505.21959107060286
37.58 572.0036845704996
37.595555555555556 650.1453842287686
37.611111111111114 740.8453879072288
37.626666666666665 844.012755372375
37.64222222222222 958.9475662638996
37.65777777777778 1084.9463212284609
37.67333333333333 1221.435315427314
37.68888888888888 1368.9897225177392
37.70444444444445 1528.784498464764
37.72 1701.9998071040561
37.73555555555555 1889.5804850149914
37.751111111111115 2090.103569168847
37.766666666666666 2300.776769927796
37.78222222222222 2518.791138061425
37.79777777777778 2741.312346740926
37.81333333333333 2965.2136432753314
37.82888888888888 3187.180835082172
37.84444444444445 3403.896660017029
37.86 3611.9066163595166
37.87555555555555 3805.930344680325
37.891111111111115 3979.3858502081325
37.906666666666666 4125.664687915613
37.92222222222222 4238.286119049173
37.93777777777778 4312.754199209486
37.95333333333333 4346.139599341271
37.968888888888884 4335.555590478175
37.98444444444444 4278.289228963926
38.0 4174.830511804561
38.01555555555555 4028.4515077513383
38.03111111111111 3842.527172446676
38.04666666666667 3620.5669106785563
38.06222222222222 3369.0263907511057
38.077777777777776 3097.239566288562
38.093333333333334 2814.660224294379
38.108888888888885 2530.6449590772845
38.12444444444444 2251.9312691619907
38.14 1982.4048218428197
38.15555555555555 1725.8074388520472
38.17111111111111 1485.8581343886108
38.18666666666667 1265.5072274455927
38.20222222222222 1066.7698074961243
38.217777777777776 891.6044476045518
38.233333333333334 741.9219341440753
38.248888888888885 617.559268810323
38.26444444444444 515.5274041375566
38.28 432.6345205913083
38.29555555555555 365.6969141977464
38.31111111111111 312.0018026911076
38.32666666666667 269.5572712731781
38.34222222222222 236.43236815911382
38.35777777777778 210.70582980119735
38.373333333333335 190.8897073115059
38.388888888888886 176.24990123205174
38.404444444444444 166.13072252784497
38.42 159.87848299273088
38.43555555555555 157.08578435859505
38.45111111111111 157.82582973753944
38.46666666666667 162.22735835221994
38.48222222222222 170.42060210777754
38.49777777777778 182.64895883056795
38.513333333333335 199.41023318593057
38.528888888888886 221.2367196277902
38.544444444444444 248.659983911209
38.56 281.9166725242093
38.57555555555555 320.4975970474188
38.59111111111111 363.7774666801039
38.60666666666667 411.13290754798567
38.62222222222222 461.67743160889796
38.63777777777778 513.7428512530935
38.653333333333336 565.5290556457894
38.66888888888889 615.235938249423
38.684444444444445 661.0867039215891
38.7 701.3824103934762
38.715555555555554 734.4403484593372
38.73111111111111 758.5778093852095
38.74666666666667 772.4279936887995
38.76222222222222 775.8444627525855
38.77777777777778 768.9754171783536
38.79333333333334 751.9690575611962
38.80888888888889 725.1736329744944
38.82444444444444 689.8328312350134
38.84 647.4393251634311
38.855555555555554 599.4867739842958
38.871111111111105 547.5051089036838
38.88666666666667 493.2134094796206
38.90222222222222 438.3922112524534
38.91777777777777 384.82208234717245
38.93333333333334 334.16355097324924
38.94888888888889 287.3454162018875
38.96444444444444 245.02078590631163
38.980000000000004 207.84226431257503
38.995555555555555 176.37705835427823
39.011111111111106 150.58017562200882
39.02666666666667 130.13947406725265
39.04222222222222 114.74169909652505
39.05777777777777 104.02091972636583
39.07333333333334 97.16358402232004
39.08888888888889 93.13018603096998
39.10444444444444 90.87948325604498
39.12 89.42477754001436
39.135555555555555 88.3343136665294
39.151111111111106 87.50005081887207
39.166666666666664 86.81799200448938
39.18222222222222 86.17436846017233
39.19777777777777 85.33529215153544
39.21333333333333 83.9855961568204
39.22888888888889 81.80738436431727
39.24444444444444 78.50696204761368
39.26 74.14603669731969
39.275555555555556 69.06282799930034
39.29111111111111 63.60283938609655
39.306666666666665 58.10520261477723
39.32222222222222 52.787158967889695
39.337777777777774 47.75636287522889
39.35333333333333 43.11656655253728
39.36888888888889 38.967382213028316
39.38444444444444 35.306071322914136
39.4 32.02341893209751
39.41555555555556 29.005244550150053
39.43111111111111 26.14050697919464
39.446666666666665 23.422082951356685
39.46222222222222 20.96820447046821
39.477777777777774 18.904577632972575
39.49333333333333 17.354549226719314
39.50888888888889 16.331730870949627
39.52444444444444 15.695785472368414
39.54 15.29485497794309
39.55555555555556 14.978025314803062
39.57111111111111 14.660417883419257
39.586666666666666 14.36531205539842
39.602222222222224 14.126004036773509
39.617777777777775 13.975591032662578
39.63333333333333 13.92400268545589
39.64888888888889 13.936655541291202
39.66444444444444 13.973918469392231
39.68 13.996203843541366
39.69555555555556 13.973846301685683
39.71111111111111 13.899671396348083
39.72666666666667 13.769603318100565
39.742222222222225 13.580129679905951
39.757777777777775 13.322895912883325
39.77333333333333 12.97694250285025
39.78888888888889 12.520030117436363
39.80444444444444 11.929924725194041
39.82 11.201194472527959
39.83555555555556 10.382452751793892
39.85111111111111 9.533158072507263
39.86666666666667 8.712768922264615
39.882222222222225 7.96926946493511
39.897777777777776 7.306274114692997
39.913333333333334 6.71667409864807
39.92888888888889 6.193360637956914
39.94444444444444 5.729032234389081
39.96 5.315488294289253
39.97555555555556 4.944266226516959
39.99111111111111 4.606903403682736
40.00666666666666 4.297795138715401
40.022222222222226 4.0274937805992295
40.03777777777778 3.812223528330719
40.05333333333333 3.6682147456635903
40.06888888888889 3.605536789418295
40.08444444444444 3.5917509235711123
40.099999999999994 3.5764888509867205
40.11555555555556 3.5093191487826516
40.13111111111111 3.3467653505418866
40.14666666666666 3.1045229622825445
40.162222222222226 2.8281869373712993
40.17777777777778 2.5635828734045276
40.19333333333333 2.3527074659079403
40.20888888888889 2.196813023326399
40.224444444444444 2.072549720893221
40.239999999999995 1.9562271403870568
40.25555555555556 1.8255659408504243
40.27111111111111 1.6774318888259927
40.28666666666666 1.5224824606163452
40.30222222222222 1.3716792951296952
40.31777777777778 1.235384716958606
40.33333333333333 1.113322151272314
40.34888888888889 0.9960761304719199
40.364444444444445 0.8739340478067561
40.379999999999995 0.7375846982441772
40.39555555555555 0.5873748237443124
40.41111111111111 0.43355163470300795
40.42666666666666 0.28681225687813594
40.44222222222222 0.15840002202514825
40.45777777777778 0.05994459559133247
40.47333333333333 0.003025426024578337
40.48888888888889 0.0
40.504444444444445 0.06302639508362518
40.519999999999996 0.1938197585315038
40.535555555555554 0.3787276371100461
40.55111111111111 0.602866917141796
40.56666666666666 0.8514440858576222
40.58222222222222 1.1176666750027948
40.59777777777778 1.4089484643064338
40.61333333333333 1.7341636050900888
40.62888888888889 2.1021303342242845
40.644444444444446 2.511460446279443
40.66 2.9387535967307485
40.675555555555555 3.3577453509037696
40.69111111111111 3.742198998782328
40.70666666666666 4.080555598725084
40.72222222222222 4.400015225094478
40.73777777777778 4.734101500531153
40.75333333333333 5.116333705805914
40.76888888888889 5.563740203024906
40.784444444444446 6.039574998128501
40.8 6.4961493480423655
40.815555555555555 6.885774503808136
40.83111111111111 7.178735889712584
40.846666666666664 7.41820834763746
40.86222222222222 7.665840663256688
40.87777777777778 7.983281618088881
40.89333333333333 8.42100595320261
40.90888888888889 8.972905522427425
40.92444444444445 9.615004407870117
40.94 10.323319826844
40.955555555555556 11.079724406277307
40.971111111111114 11.903368174307445
40.986666666666665 12.828020352132626
41.00222222222222 13.88748454708525
41.01777777777778 15.115216052837525
41.03333333333333 16.54185000695145
41.04888888888889 18.196654452039695
41.06444444444445 20.10888843159131
41.08 22.307776405102118
41.095555555555556 24.82218057980765
41.111111111111114 27.680747025977553
41.126666666666665 30.912118919003717
41.142222222222216 34.55046748717996
41.15777777777778 38.70676310710104
41.17333333333333 43.54820905179042
41.18888888888888 49.24329771937539
41.20444444444445 55.95992539823044
41.22 63.854616406728155
41.23555555555555 73.07368796859078
41.251111111111115 83.763095026104
41.266666666666666 96.06984539645691
41.28222222222222 110.1699462290236
41.29777777777778 126.27219738678912
41.31333333333333 144.58572620743996
41.32888888888888 165.31522930819085
41.34444444444445 188.47355814912896
41.36 213.81301605453507
41.37555555555555 241.06736141113424
41.391111111111115 269.9692125357527
41.406666666666666 300.16577244518396
41.42222222222222 331.1610143297628
41.437777777777775 362.4452307822629
41.45333333333333 393.50815788483715
41.468888888888884 423.75028198635675
41.48444444444444 452.3855025547758
41.5 478.6043084788821
41.51555555555555 501.5973708185213
41.53111111111111 520.6496394293795
41.54666666666667 535.2941638624654
41.56222222222222 545.1043206265268
41.577777777777776 549.6535132670484
41.593333333333334 548.6668616858208
41.608888888888885 542.3772943460934
41.62444444444444 531.1238612266369
41.64 515.2456123000159
41.65555555555555 495.1422400886868
41.67111111111111 471.4736565237354
41.68666666666667 444.969557050312
41.70222222222222 416.35963794194856
41.717777777777776 386.3493312005305
41.733333333333334 355.50990630800857
41.748888888888885 324.3665197971443
41.76444444444444 293.4442861805885
41.78 263.25985555256784
41.79555555555555 234.268942370766
41.81111111111111 206.90057146006234
41.82666666666667 181.58365451206032
41.84222222222222 158.70844710681342
41.85777777777778 138.29642356056252
41.873333333333335 120.16454049522281
41.888888888888886 104.12757502073237
41.904444444444444 90.00269892870085
41.92 77.638186613872
41.93555555555555 66.90404600574084
41.95111111111111 57.670730107304166
41.96666666666667 49.80696512407121
41.98222222222222 43.14969576953024
41.99777777777778 37.50795349133813
42.013333333333335 32.68982067203285
42.028888888888886 28.505861295007946
42.044444444444444 24.835363435288855
42.06 21.63350953912152
42.07555555555555 18.859402138578844
42.09111111111111 16.47192706905463
42.10666666666667 14.420057039765766
42.12222222222222 12.63895261256613
42.13777777777778 11.121258708810899
42.15333333333333 9.849309703858921
42.16888888888889 8.676303744874303
42.184444444444445 7.606357708184191
42.199999999999996 6.648146329442682
42.215555555555554 5.810327940092293
42.23111111111111 5.097802570268527
42.24666666666666 4.506942158102959
42.26222222222222 4.03294226387402
42.27777777777778 3.6709925962532566
42.29333333333333 3.409138995654928
42.30888888888889 3.2143894820569585
42.324444444444445 3.049898687743166
42.339999999999996 2.878821250282897
42.355555555555554 2.6722274624937086
42.37111111111111 2.4317913149029096
42.38666666666666 2.1665817789747734
42.40222222222222 1.8856678203054003
42.41777777777778 1.5979191683267686
42.43333333333333 1.3111879180184474
42.44888888888889 1.0330020954404517
42.464444444444446 0.7708895833670795
42.48 0.5325602881281952
42.495555555555555 0.3269645205440952
42.51111111111111 0.16356999182079335
42.526666666666664 0.05184612694097268
42.54222222222222 0.0
42.55777777777778 0.004540821046816745
42.57333333333333 0.05563946339367476
42.58888888888889 0.14340423768567234
42.60444444444445 0.25820690559936565
42.62 0.39430334841364356
42.635555555555555 0.5482163861728395
42.65111111111111 0.7153956403405459
42.666666666666664 0.8924376966997443
42.68222222222222 1.0827555662161217
42.69777777777778 1.2958919626668717
42.71333333333333 1.5416079554368025
42.72888888888889 1.829498174247476
42.74444444444444 2.16410137072927
42.76 2.544106451886023
42.775555555555556 2.967876031903131
42.79111111111111 3.433709486284613
42.806666666666665 3.936454996062082
42.82222222222222 4.465799701208141
42.837777777777774 5.011008077829558
42.85333333333333 5.561356476231708
42.86888888888889 6.107578907831339
42.88444444444444 6.643251302304407
42.9 7.162277631305415
42.91555555555556 7.658563121743043
42.93111111111111 8.126580122830433
42.946666666666665 8.562260564117992
42.96222222222222 8.961767963311502
42.977777777777774 9.321266575578477
42.99333333333333 9.643879254644446
43.00888888888889 9.956709620749336
43.02444444444444 10.292023310783406
43.04 10.68208595572031
43.05555555555556 11.149911543016287
43.07111111111111 11.675403334279281
43.086666666666666 12.225917240740216
43.102222222222224 12.768807748055053
43.117777777777775 13.278976749002254
43.13333333333333 13.77928669580939
43.14888888888889 14.311377068015815
43.16444444444444 14.91693106497462
43.18 15.630636284977186
43.19555555555556 16.425365641681594
43.21111111111111 17.24176675830529
43.22666666666667 18.02043533001563
43.242222222222225 18.70769774951708
43.257777777777775 19.31357588976408
43.27333333333333 19.894217652745738
43.28888888888889 20.506660159084277
43.30444444444444 21.20567002567668
43.32 22.002143949278434
43.33555555555555 22.867300784891142
43.35111111111111 23.77092995157568
43.36666666666667 24.683638645433064
43.38222222222222 25.602298237632
43.397777777777776 26.790923314169447
43.413333333333334 28.063529669689444
43.428888888888885 29.42955213463705
43.44444444444444 30.8931139894936
43.46 32.418442913383615
43.47555555555555 33.96627016553248
43.49111111111111 35.49751079337341
43.50666666666667 37.003069355194725
43.52222222222222 38.53681347754372
43.53777777777778 40.16055007368669
43.553333333333335 41.93607225968509
43.568888888888885 43.912531964321886
43.58444444444444 46.10308290771928
43.6 48.514513461270155
43.61555555555555 51.15361199138948
43.63111111111111 54.03561989449628
43.64666666666667 57.20893673589461
43.66222222222222 60.73009127452525
43.67777777777778 64.65561226215499
43.693333333333335 69.05877412244666
43.708888888888886 74.10408557185593
43.724444444444444 79.98697437552045
43.74 86.9028931385397
43.75555555555555 95.0937512516735
43.77111111111111 105.15847443438923
43.78666666666667 117.86236567205117
43.80222222222222 133.97037881857557
43.81777777777778 154.31267010324837
43.833333333333336 180.44970133366292
43.84888888888889 214.3995758290473
43.864444444444445 258.1874510858262
43.88 313.86737528400636
43.89555555555555 383.98990546199354
43.91111111111111 471.52357369544313
43.92666666666666 579.4499498673929
43.94222222222222 710.6812530065447
43.95777777777778 866.1255654531342
43.97333333333333 1044.4291991152786
43.98888888888889 1244.1173519494273
44.004444444444445 1463.693937209526
44.019999999999996 1700.238673678554
44.035555555555554 1948.6620560190845
44.05111111111111 2203.698787797148
44.06666666666666 2460.079154839878
44.08222222222222 2711.850744460773
44.09777777777778 2951.6469796521087
44.11333333333333 3171.9257689787482
44.12888888888889 3365.1454900654576
44.144444444444446 3524.2232721213527
44.16 3643.3929668672736
44.175555555555555 3717.1231955076323
44.19111111111111 3739.88257923996
44.20666666666666 3708.1356651620154
44.22222222222222 3626.421555153921
44.23777777777778 3501.321481469166
44.25333333333333 3339.4163951184564
44.26888888888889 3147.2562773133077
44.284444444444446 2931.219402199785
44.3 2697.6224711436066
44.315555555555555 2452.7821089654162
44.33111111111111 2202.9639956448864
44.346666666666664 1954.0083005202578
44.36222222222222 1711.5434620795777
44.37777777777778 1481.196377154107
44.39333333333333 1268.3707854105432
44.40888888888889 1075.6529955912702
44.42444444444445 903.6996808140506
44.44 753.1299287239116
44.455555555555556 624.4853377550892
44.47111111111111 516.719559670694
44.486666666666665 427.29928675965357
44.50222222222222 353.6339468807523
44.51777777777777 293.1447558099637
44.53333333333333 243.69720112952837
44.54888888888889 203.72593326278536
44.56444444444444 171.7028502765644
44.58 146.1024363830096
44.595555555555556 125.62680331102013
44.61111111111111 109.38040229290255
44.626666666666665 96.50880770204242
44.64222222222222 86.15798558868846
44.657777777777774 77.61482091977075
44.67333333333333 70.51535688732235
44.68888888888889 64.54878203246312
44.70444444444444 59.40428779605918
44.72 54.82061485120914
44.73555555555556 50.712105630650626
44.75111111111111 47.031985283497875
44.766666666666666 43.73347895263669
44.782222222222224 40.77298309555243
44.797777777777775 38.12317858180069
44.81333333333333 35.76195874838663
44.82888888888889 33.66721927094386
44.84444444444444 31.81503641357756
44.86 30.1677272343901
44.87555555555556 28.693248562829126
44.89111111111111 27.337631908453716
44.906666666666666 26.057432719454653
44.922222222222224 24.84054541842346
44.937777777777775 23.693753374326093
44.95333333333333 22.624152251217197
44.96888888888889 21.638591457320956
44.98444444444444 20.739231228869244
45.0 19.924027579796643
45.01555555555556 19.190787620658625
45.03111111111111 18.537002262693136
45.04666666666667 17.948893826508083
45.06222222222222 17.39861232842304
45.077777777777776 16.857422150505215
45.093333333333334 16.29683840819797
45.108888888888885 15.710855154472824
45.12444444444444 15.129748013862411
45.14 14.587882939573092
45.15555555555555 14.119898605172978
45.17111111111111 13.737385372836968
45.18666666666667 13.394143711318748
45.20222222222222 13.035062240189063
45.217777777777776 12.605030122076471
45.233333333333334 12.072762885928398
45.248888888888885 11.49427172842502
45.26444444444444 10.95506112291747
45.28 10.522184796632303
45.29555555555555 10.252270926434676
45.31111111111111 10.100470795295394
45.32666666666667 9.987489885990101
45.34222222222222 9.834006974974898
45.35777777777778 9.571035912174182
45.373333333333335 9.214406837154797
45.388888888888886 8.821535439003355
45.404444444444444 8.450123468770414
45.42 8.153379795342858
45.43555555555555 7.926430660177175
45.45111111111111 7.7231460937724705
45.46666666666667 7.495511418997239
45.48222222222222 7.197990807579288
45.49777777777778 6.823966393021067
45.513333333333335 6.405465665782913
45.528888888888886 5.976175162088111
45.544444444444444 5.575510741669575
45.56 5.214999454392853
45.57555555555555 4.881097521697541
45.59111111111111 4.5609858351329535
45.60666666666667 4.241899825219093
45.62222222222222 3.918848705119103
45.63777777777778 3.6026161048823155
45.65333333333333 3.305896165215529
45.66888888888889 3.0413804828509683
45.684444444444445 2.8182459022092985
45.699999999999996 2.6351782699780415
45.715555555555554 2.4889146280818863
45.73111111111111 2.3761920124870812
45.74666666666666 2.29169726196767
45.76222222222222 2.220923214798688
45.77777777777778 2.14678654205278
45.79333333333333 2.052203781713388
45.80888888888889 1.9243171362049907
45.824444444444445 1.7791540854050254
45.839999999999996 1.644824690298833
45.855555555555554 1.5494797547163444
45.87111111111111 1.5178415934881855
45.88666666666666 1.5374732921260943
45.90222222222222 1.5731856476571693
45.91777777777778 1.5894615290399088
45.93333333333333 1.5524121930250772
45.94888888888889 1.4584741013284201
45.964444444444446 1.330909270622385
45.98 1.1939048744741854
45.995555555555555 1.071327127429356
46.01111111111111 0.9750568112594351
46.026666666666664 0.9016837975316889
46.04222222222222 0.8468035846034354
46.05777777777778 0.805999618292276
46.07333333333333 0.7736030807287193
46.08888888888889 0.7416163919161249
46.10444444444445 0.7017882831534052
46.12 0.6458747886186984
46.135555555555555 0.571053219318685
46.15111111111111 0.4895246406719025
46.166666666666664 0.416071242037674
46.18222222222222 0.36547520691010504
46.19777777777778 0.34643975532122795
46.21333333333333 0.34193502786541785
46.22888888888889 0.3281231705121854
46.24444444444444 0.28116628005795974
46.26 0.1848599410837437
46.275555555555556 0.07310336071066104
46.29111111111111 0.0
46.306666666666665 0.019709200875979604
46.32222222222222 0.17952276150032276
46.337777777777774 0.45401101043455583
46.35333333333333 0.7739980562254232
46.36888888888889 1.069708976581012
46.38444444444444 1.274576224742816
46.4 1.3816988733490803
46.41555555555556 1.4369226643149773
46.43111111111111 1.4879101289110395
46.446666666666665 1.5813479126352377
46.46222222222222 1.726157727474117
46.477777777777774 1.8823028087319926
46.49333333333333 2.0064843990982695
46.50888888888889 2.055695589781749
46.52444444444444 2.02108031126113
46.54 1.9594917317367617
46.55555555555556 1.9355424046461849
46.57111111111111 2.0141851774149586
46.586666666666666 2.2298411685368364
46.602222222222224 2.533245247343814
46.617777777777775 2.8597262883154144
46.63333333333333 3.144613160047925
46.64888888888889 3.33808923783846
46.66444444444444 3.4581656518977297
46.68 3.542202198538689
46.69555555555556 3.627560124180377
46.71111111111111 3.7464673406376505
46.72666666666667 3.8939125959312264
46.742222222222225 4.048463714703814
46.757777777777775 4.188616667484837
46.77333333333333 4.295382474564633
46.788888888888884 4.380309175378102
46.80444444444444 4.475281250889566
46.82 4.612551829611505
46.83555555555555 4.822775057527679
46.85111111111111 5.100308550914463
46.86666666666667 5.403478043161385
46.88222222222222 5.68906321536906
46.897777777777776 5.91434987436395
46.913333333333334 6.063658347381647
46.928888888888885 6.1614005190883745
46.94444444444444 6.235233591214296
46.96 6.3127764037010365
46.97555555555555 6.413098241595549
46.99111111111111 6.535983671923248
47.00666666666667 6.678575121095832
47.02222222222222 6.838015309612388
47.03777777777778 7.016233418604145
47.053333333333335 7.2320739709956
47.068888888888885 7.508116329510585
47.08444444444444 7.866939850853555
47.1 8.322074773900454
47.11555555555555 8.83591697942245
47.13111111111111 9.352919737902027
47.14666666666667 9.817516862667276
47.16222222222222 10.180399732662408
47.17777777777778 10.450696400487061
47.193333333333335 10.669394851298136
47.208888888888886 10.877804085469506
47.224444444444444 11.115289486400684
47.24 11.388586752739855
47.25555555555555 11.677365417470583
47.27111111111111 11.960476303960888
47.28666666666667 12.217441786192126
47.30222222222222 12.451981315486535
47.31777777777778 12.698184994089786
47.333333333333336 12.99206921157787
47.34888888888889 13.369546426217994
47.364444444444445 13.854399821191691
47.379999999999995 14.447091710518464
47.39555555555555 15.145437626762373
47.41111111111111 15.947251326659455
47.42666666666666 16.847507697413562
47.44222222222222 17.832579523921424
47.45777777777778 18.887216461937157
47.47333333333333 19.99616816098046
47.48888888888889 21.146548067446304
47.504444444444445 22.337070013022924
47.519999999999996 23.57000059087227
47.535555555555554 24.847607304946962
47.55111111111111 26.172225722426845
47.56666666666666 27.54674631153938
47.58222222222222 28.97433008143247
47.59777777777778 30.458139855559978
47.61333333333333 32.002407873009304
47.62888888888889 33.62695689111632
47.644444444444446 35.363404388070876
47.66 37.24365952392435
47.675555555555555 39.30002028912014
47.69111111111111 41.57670106096026
47.70666666666666 44.13176393145784
47.72222222222222 47.02404882251233
47.73777777777778 50.31251075291692
47.75333333333333 54.06688426766806
47.76888888888889 58.3763294359473
47.784444444444446 63.332040966383545
47.8 69.02530428336189
47.815555555555555 75.63720334716749
47.83111111111111 83.60693596242862
47.846666666666664 93.41979098077735
47.86222222222222 105.56105724731214
47.87777777777778 120.60128272389971
47.89333333333333 139.51409560747373
47.90888888888889 163.3921272773104
47.92444444444445 193.32802651981712
47.94 230.53108612994953
47.955555555555556 277.1409908175388
47.97111111111111 335.742749194223
47.986666666666665 408.9241539968064
48.00222222222222 499.21613392403486
48.01777777777777 608.3236917358481
48.03333333333333 737.3300677775627
48.04888888888889 887.3203951633393
48.06444444444444 1059.2937094735375
48.08 1252.788561857807
48.095555555555556 1465.6011026127912
48.11111111111111 1695.4276173530586
48.126666666666665 1939.955200265404
48.14222222222222 2195.924499301579
48.157777777777774 2458.3210268904154
48.17333333333333 2721.939762398963
48.18888888888889 2981.5751776653324
48.20444444444444 3231.2488363965413
48.22 3462.6525117595693
48.23555555555556 3667.040750977781
48.25111111111111 3835.668101267922
48.266666666666666 3960.9124300799467
48.282222222222224 4040.8280561300176
48.297777777777775 4075.2581909519295
48.31333333333333 4064.0467161684737
48.32888888888889 4007.4200470778205
48.34444444444444 3908.9491397509055
48.36 3773.9334464797266
48.37555555555556 3607.686897149878
48.39111111111111 3415.465898911435
48.406666666666666 3201.5707232906175
48.422222222222224 2969.5135288607426
48.437777777777775 2722.782949925232
48.45333333333333 2464.923371194208
48.46888888888889 2201.6681899469945
48.48444444444444 1941.6070349884203
48.5 1693.5216973364334
48.51555555555556 1466.1722277386239
48.53111111111111 1264.7673385624498
48.54666666666667 1087.0576249429876
48.56222222222222 929.852947924835
48.577777777777776 789.9632191639662
48.593333333333334 664.8701090338247
48.608888888888885 554.41002687651
48.62444444444444 458.9350457550545
48.64 378.7972387255098
48.65555555555555 314.0367232972651
48.67111111111111 262.81781179184645
48.68666666666667 222.60699779857703
48.70222222222222 190.8696048392527
48.717777777777776 165.16875444721506
48.733333333333334 144.12837500652347
48.748888888888885 127.02230480065032
48.76444444444444 113.13376505307292
48.78 101.75526648571133
48.79555555555555 92.38762243091264
48.81111111111111 84.73701601510425
48.82666666666667 78.51833326284077
48.84222222222222 73.44705338943868
48.85777777777778 69.27678494001475
48.873333333333335 65.82174405618048
48.888888888888886 62.90154064613546
48.904444444444444 60.33586755684951
48.92 57.98769892126268
48.93555555555555 55.83405053440072
48.95111111111111 53.87050031413423
48.96666666666667 52.09262617070942
48.98222222222222 50.49416765862429
48.99777777777778 49.06052065373285
49.013333333333335 47.774715079069324
49.028888888888886 46.619780694207634
49.044444444444444 45.581512428558426
49.06 44.66797786764107
49.07555555555555 43.917071570555436
49.09111111111111 43.33068374348636
49.10666666666666 42.92554976358588
49.12222222222222 42.71912641840311
49.13777777777778 42.72780256080705
49.15333333333333 42.96793757760281
49.16888888888889 43.455333166617834
49.184444444444445 44.184305548884936
49.199999999999996 45.12137249680882
49.215555555555554 46.23120517646146
49.23111111111111 47.47853335232389
49.24666666666666 48.838542512250456
49.26222222222222 50.30884642130991
49.27777777777778 51.88995879872448
49.29333333333333 53.582393315980426
49.30888888888889 55.384099839599685
49.324444444444445 57.283531243295556
49.339999999999996 59.26694187537407
49.355555555555554 61.32058607627573
49.37111111111111 63.43017457250983
49.38666666666666 65.57783630809956
49.40222222222222 67.74425082733717
49.41777777777778 69.91009357822975
49.43333333333333 72.06115137065956
49.44888888888889 74.24738425309249
49.464444444444446 76.56252935977625
49.48 79.10116796145905
49.495555555555555 81.95572848291488
49.51111111111111 85.15661849087996
49.526666666666664 88.66436157612895
49.54222222222222 92.43574883233498
49.55777777777778 96.42821579718509
49.57333333333333 100.66876375825689
49.58888888888889 105.31519711371084
49.60444444444445 110.54600194908818
49.62 116.5370651299707
49.635555555555555 123.40139970016315
49.65111111111111 131.1013263400617
49.666666666666664 139.56657558863589
49.68222222222222 148.72536854902847
49.69777777777777 158.5575274182085
49.71333333333333 169.33969122145828
49.72888888888889 181.4562840890731
49.74444444444444 195.2918824214491
49.76 211.2180386034551
49.775555555555556 229.46116610409973
49.79111111111111 250.15693195543093
49.806666666666665 273.43961550193984
49.82222222222222 299.4606210274872
49.837777777777774 328.8008473070518
49.85333333333333 362.4914615487814
49.86888888888889 401.58491359465717
49.88444444444444 447.13176452021395
49.9 500.01670466576786
49.91555555555556 560.8297576497827
49.93111111111111 630.1298563015634
49.946666666666665 708.4768302778305
49.96222222222222 796.6595153248793
49.977777777777774 896.1760511597766
49.99333333333333 1008.661488837181
50.00888888888889 1135.7508794028538
50.02444444444444 1278.8147719455133
50.04 1437.7318790134236
50.05555555555556 1611.858370994276
50.07111111111111 1800.7645437491758
50.086666666666666 2003.6356557005909
50.102222222222224 2217.6636386641876
50.117777777777775 2439.152399367202
50.13333333333333 2664.3899763750906
50.14888888888889 2889.6881730972814
50.16444444444444 3111.9483349269713
50.18 3328.6862463785483
50.19555555555556 3537.4464389087693
50.21111111111111 3735.7627957506456
50.22666666666667 3920.1651638361577
50.242222222222225 4085.39322271277
50.257777777777775 4226.002741336171
50.27333333333333 4336.549872535566
50.288888888888884 4412.606877079842
50.30444444444444 4452.968030630162
50.32 4457.064757903042
50.33555555555555 4424.328483608112
50.35111111111111 4354.798691224811
50.36666666666667 4252.085373291256
50.38222222222222 4121.097613206228
50.397777777777776 3966.7463558434074
50.413333333333334 3793.8152646268945
50.428888888888885 3605.6128310880167
50.44444444444444 3404.497943503447
50.46 3192.8137584214437
50.47555555555555 2972.9382406439845
50.49111111111111 2748.2192669867272
50.50666666666667 2523.079210962201
50.52222222222222 2301.996240055763
50.53777777777778 2089.434165063607
50.553333333333335 1888.1700104036167
50.568888888888885 1697.7315596403564
50.58444444444444 1517.2769855894758
50.6 1345.9646041997178
50.61555555555555 1184.8425391639835
50.63111111111111 1041.5817552508695
50.64666666666667 925.3032052789105
50.66222222222222 845.1278420599972
50.67777777777778 807.8122403926187
50.693333333333335 804.4434390341228
50.708888888888886 819.7341879314573
50.724444444444444 838.378723103687
50.74 845.9395453832327
50.75555555555555 839.837898948659
50.77111111111111 826.0770321988911
50.78666666666667 810.8515490252465
50.80222222222222 800.1294554186595
50.81777777777778 791.6395452805426
50.833333333333336 772.7260185025807
50.84888888888889 730.0701844255758
50.864444444444445 650.4024941673455
50.879999999999995 531.0727838071766
50.89555555555555 393.2237809967214
50.91111111111111 261.23304692274166
50.92666666666666 159.47814276562883
50.94222222222222 105.875152492942
50.95777777777778 91.26151739931424
50.97333333333333 99.382276659495
50.98888888888889 113.98244408257528
51.004444444444445 120.35738550260703
51.019999999999996 116.45763432627598
51.035555555555554 106.41062841422024
51.05111111111111 94.38555364823685
51.06666666666666 84.40295790556195
51.08222222222222 77.78875872905735
51.09777777777778 73.52400055596377
51.11333333333333 70.51146539520096
51.12888888888889 67.66228934667856
51.144444444444446 64.37914847065349
51.16 60.82107669011884
51.175555555555555 57.211529005400735
51.19111111111111 53.7747808138426
51.20666666666666 50.66603630840899
51.22222222222222 47.84988145796507
51.23777777777778 45.257862686392116
51.25333333333333 42.82152641142426
51.26888888888889 40.484935956281845
51.284444444444446 38.260165125803326
51.3 36.18227656647042
51.315555555555555 34.28635095890371
51.33111111111111 32.60421747195795
51.346666666666664 31.13143781327011
51.36222222222222 29.84088250176353
51.37777777777778 28.705074402857576
51.39333333333333 27.69735255592309
51.40888888888889 26.81427549317624
51.42444444444444 26.078398933834308
51.44 25.51365253443123
51.455555555555556 25.143890061346895
51.47111111111111 24.982164591422872
51.486666666666665 25.01962020217104
51.50222222222222 25.244748549523422
51.51777777777777 25.646041279927204
51.53333333333333 26.20902131703781
51.54888888888889 26.907710001748057
51.56444444444444 27.713343681780998
51.58 28.59715869887407
51.595555555555556 29.529941747233124
51.61111111111111 30.479003007643314
51.626666666666665 31.410032366512837
51.64222222222222 32.28871063197175
51.657777777777774 33.080991297079265
51.67333333333333 33.757625781275124
51.68888888888889 34.29346428504988
51.70444444444444 34.66348877661591
51.72 34.842666021566686
51.73555555555556 34.80505227632415
51.75111111111111 34.52329325692352
51.766666666666666 33.969913424272875
51.782222222222224 33.11745332217754
51.797777777777775 31.9568167601181
51.81333333333333 30.532573500044236
51.82888888888889 28.89904472621936
51.84444444444444 27.110551617001818
51.86 25.22062197062627
51.87555555555556 23.278076428282873
51.89111111111111 21.32771204266038
51.906666666666666 19.41542160439576
51.922222222222224 17.58453343589008
51.937777777777775 15.846299045738704
51.95333333333333 14.190146367483976
51.96888888888889 12.605085349453361
51.98444444444444 11.080537803300047
52.0 9.620551767606628
52.01555555555555 8.24741063901098
52.03111111111111 6.984542527757185
52.04666666666667 5.855326733516961
52.06222222222222 4.870235115086075
52.077777777777776 4.009568771251963
52.093333333333334 3.249324933032142
52.108888888888885 2.565500825577544
52.12444444444444 1.9398847470117744
52.14 1.381169348440494
52.15555555555555 0.905854582825441
52.17111111111111 0.5304412320222696
52.18666666666667 0.26887199991068655
52.20222222222222 0.11009178669087305
52.217777777777776 0.02891600296499064
52.233333333333334 0.0
52.248888888888885 0.0
52.26444444444444 0.02252669029064691
52.28 0.0828122744482016
52.29555555555555 0.19707799179712993
52.31111111111111 0.38146660429640633
52.32666666666667 0.6420179164593378
52.34222222222222 0.9648145247550701
52.35777777777778 1.333598498554636
52.373333333333335 1.7321119018210993
52.388888888888886 2.146049240507921
52.404444444444444 2.5687710936526287
52.42 2.9955192847611443
52.43555555555555 3.4215356314732617
52.45111111111111 3.8449207125260614
52.46666666666667 4.287259469553646
52.48222222222222 4.781660955949633
52.49777777777778 5.361313754047103
52.513333333333335 6.058295993227375
52.528888888888886 6.882175874235713
52.544444444444444 7.821576628319917
52.56 8.865555093692876
52.57555555555555 10.000773033959092
52.59111111111111 11.219007780700906
52.60666666666666 12.51895636514746
52.62222222222222 13.900015770582229
52.63777777777778 15.361583306188152
52.65333333333333 16.907309485103497
52.66888888888889 18.55572996692098
52.684444444444445 20.328634854472853
52.699999999999996 22.247814244685628
52.715555555555554 24.334586062917822
52.73111111111111 26.606795163108814
52.74666666666666 29.08073620132717
52.76222222222222 31.772696652585466
52.77777777777778 34.70182116854858
52.79333333333333 37.93818646336615
52.80888888888889 41.59573301915327
52.824444444444445 45.78983493658029
52.839999999999996 50.635623451836864
52.855555555555554 56.23112190434517
52.87111111111111 62.646264993479576
52.88666666666666 69.9483777084256
52.90222222222222 78.20480323668244
52.91777777777778 87.56165469950417
52.93333333333333 98.42424507322403
52.94888888888889 111.25112397611213
52.964444444444446 126.50084102043684
52.98 144.60169318113878
52.995555555555555 165.77071262471577
53.01111111111111 190.13485716509672
53.026666666666664 217.82074976378465
53.04222222222222 248.96441734189966
53.05777777777778 283.8625080006981
53.07333333333333 322.94286107294806
53.08888888888889 366.638157746249
53.10444444444445 415.3746338995303
53.12 469.13820828997063
53.135555555555555 527.205987928258
53.15111111111111 588.7909232745199
53.166666666666664 653.105949532509
53.18222222222222 719.3055413666667
53.19777777777777 786.3534342194569
53.21333333333333 853.1745267624183
53.22888888888889 918.6937176608953
53.24444444444444 981.819051737885
53.26 1041.3402722675114
53.275555555555556 1095.996453183035
53.29111111111111 1144.5264757242476
53.306666666666665 1185.692002274411
53.32222222222222 1218.6511401579476
53.337777777777774 1242.8983607484158
53.35333333333333 1257.9387985564422
53.36888888888889 1263.2798871706839
53.38444444444444 1258.5951933702258
53.4 1243.8334567868346
53.41555555555556 1218.9692802573725
53.43111111111111 1183.9773243989048
53.446666666666665 1139.282725865965
53.46222222222222 1086.847893398252
53.477777777777774 1028.9628717650116
53.49333333333333 967.9177057291399
53.50888888888889 905.8241191802662
53.52444444444444 843.4609847812139
53.54 781.0038873531082
53.55555555555556 718.625437263553
53.57111111111111 656.5282836347129
53.586666666666666 595.4948222596898
53.602222222222224 536.8314436202969
53.617777777777775 481.86339080992707
53.63333333333333 431.9100519387903
53.64888888888889 387.7542126363837
53.66444444444444 349.2181030078136
53.68 316.0241875832836
53.69555555555556 287.89493136146734
53.71111111111111 264.6174217442921
53.72666666666667 246.2223160010724
53.74222222222222 232.7979376646079
53.757777777777775 224.43301418741333
53.77333333333333 221.276181943832
53.788888888888884 223.99790790658318
53.80444444444444 233.53052837460547
53.82 250.80836242963272
53.83555555555555 276.754772857242
53.85111111111111 312.03674305425903
53.86666666666667 357.06241715088373
53.88222222222222 412.22849099149215
53.897777777777776 477.9301258032571
53.913333333333334 554.3409043393981
53.928888888888885 641.1832734581367
53.94444444444444 738.1248217887853
53.96 844.833137953884
53.97555555555555 960.7234428758663
53.99111111111111 1084.1005731776443
54.00666666666667 1212.964069022282
54.02222222222222 1345.3134616753368
54.03777777777778 1479.014346459637
54.053333333333335 1610.5615864208858
54.068888888888885 1735.646800602254
54.08444444444444 1849.951434154293
54.1 1949.1976543893554
54.11555555555555 2030.4026695129419
54.13111111111111 2092.1160798629526
54.14666666666667 2132.976100022055
54.16222222222222 2151.623356006514
54.17777777777778 2147.505601314802
54.193333333333335 2122.0445232266243
54.208888888888886 2076.957966895354
54.224444444444444 2013.9637774673447
54.24 1934.7926339343612
54.25555555555555 1841.2450034353444
54.27111111111111 1735.1449608412954
54.28666666666667 1618.3165996726113
54.30222222222222 1492.666733696535
54.31777777777778 1361.2130588135517
54.33333333333333 1227.7678646579313
54.34888888888889 1096.1606685502072
54.364444444444445 970.1964583125966
54.379999999999995 852.4251138721925
54.39555555555555 743.5663967096291
54.41111111111111 644.1953837748804
54.42666666666666 554.8870339484815
54.44222222222222 475.95920923869386
54.45777777777778 406.92803035385924
54.47333333333333 347.15377510638876
54.48888888888889 295.9967213013028
54.504444444444445 252.8020147044594
54.519999999999996 216.80636414480892
54.535555555555554 187.19917530089168
54.55111111111111 163.26281703208917
54.56666666666666 144.41522458959673
54.58222222222222 129.54947059026927
54.59777777777778 117.90074274418373
54.61333333333333 108.70501455557144
54.62888888888889 101.20004547605936
54.644444444444446 94.82287642781228
54.66 89.3888508582495
54.675555555555555 84.75558242417583
54.69111111111111 80.7806847742113
54.70666666666666 77.34212781396707
54.72222222222222 74.40411032775535
54.73777777777778 71.95365928472233
54.75333333333333 69.97780179630934
54.76888888888889 68.46595672140688
54.784444444444446 67.43203726902766
54.8 66.90431775780144
54.815555555555555 66.9112546843321
54.83111111111111 67.48382751584063
54.846666666666664 68.73921069376706
54.86222222222222 70.90012059449487
54.87777777777778 74.19571576270005
54.89333333333333 78.85522207426322
54.90888888888889 85.14291950132952
54.92444444444444 93.41541820972634
54.94 104.04435067869849
54.955555555555556 117.40134937977598
54.97111111111111 133.94939836798665
54.986666666666665 154.71131826320698
55.00222222222222 180.9219058664438
55.01777777777777 213.81635808315855
55.03333333333333 254.60496230415788
55.04888888888889 304.0875002946706
55.06444444444444 362.72723187114434
55.08 430.9774874938395
55.095555555555556 509.28826357139485
55.11111111111111 597.8329811185541
55.126666666666665 696.305383581119
55.14222222222222 804.3513578342273
55.157777777777774 921.6167906642058
55.17333333333333 1047.32205774299
55.18888888888889 1179.0148270001032
55.20444444444444 1313.831797618764
55.22 1448.909668775089
55.23555555555556 1581.3543687631627
55.25111111111111 1707.9742695217292
55.266666666666666 1825.410943791403
55.282222222222224 1930.3053507415525
55.297777777777775 2019.3320376848146
55.31333333333333 2090.34065833427
55.32888888888889 2142.587754152917
55.34444444444444 2175.412865359666
55.36 2188.156697518148
55.37555555555556 2180.7677674650618
55.39111111111111 2154.7960025520597
55.406666666666666 2112.0519665937272
55.422222222222224 2054.346223397645
55.437777777777775 1983.5548098487775
55.45333333333333 1901.9657120145107
55.46888888888889 1812.0267361110577
55.48444444444444 1716.1860404206516
55.5 1616.9098320583455
55.51555555555555 1516.9886577913944
55.53111111111111 1419.4796473796189
55.54666666666667 1327.4464869864873
55.56222222222222 1243.9444531804807
55.577777777777776 1170.7671283215723
55.593333333333334 1107.360287515319
55.608888888888885 1052.9152858583952
55.62444444444444 1006.6236570363828
55.64 967.6765765213171
55.65555555555555 935.2636618907037
55.67111111111111 908.5741072965103
55.68666666666667 886.7971068754381
55.70222222222222 869.0901541711106
55.717777777777776 854.2554071288843
55.733333333333334 840.8718836563016
55.748888888888885 827.515147717406
55.76444444444444 812.7733645512723
55.78 795.7871645272692
55.79555555555555 776.4533171834139
55.81111111111111 754.7231899988316
55.82666666666667 730.5481748916923
55.84222222222222 703.9349659617379
55.85777777777778 675.063293804857
55.873333333333335 644.1466404980657
55.888888888888886 611.3984881117439
55.904444444444444 577.061699806222
55.92 541.6082436409648
55.93555555555555 505.6178358598906
55.95111111111111 469.67152761652056
55.96666666666667 434.34304437163786
55.98222222222222 400.0743029592658
55.99777777777778 367.168353583007
56.013333333333335 335.9217204843083
56.028888888888886 306.63057577012427
56.044444444444444 279.495654085249
56.059999999999995 254.49351043040127
56.07555555555555 231.56854366955446
56.09111111111111 210.66515266025323
56.10666666666666 191.72265124131235
56.12222222222222 174.65102456792232
56.13777777777778 159.34976532820582
56.15333333333333 145.71835295042064
56.16888888888889 133.6587180410981
56.184444444444445 123.11334176535644
56.199999999999996 114.05802908687002
56.215555555555554 106.46957331813923
56.23111111111111 100.32270087595708
56.24666666666666 95.38525806678143
56.26222222222222 91.04466815139307
56.27777777777778 86.64748786345768
56.29333333333333 81.54107748216393
56.30888888888889 75.50893268008849
56.324444444444445 70.28556455685475
56.339999999999996 68.14994094535302
56.355555555555554 71.38105325684285
56.37111111111111 82.08991472834407
56.38666666666666 100.35705135241415
56.40222222222222 124.91511236147687
56.41777777777778 154.4725172806036
56.43333333333333 187.74470932302188
56.44888888888889 223.82956939293422
56.464444444444446 262.3963656852317
56.48 303.1611001627758
56.495555555555555 345.8397951380135
56.51111111111111 390.59579262708587
56.526666666666664 439.1938977704931
56.54222222222222 493.75716415163765
56.55777777777778 556.4086453477203
56.57333333333333 628.8042924727217
56.58888888888889 708.1869907983682
56.60444444444445 789.3720507277797
56.62 867.1480289757594
56.635555555555555 936.3482549523212
56.651111111111106 993.4101821095558
56.666666666666664 1036.7842061913027
56.68222222222222 1065.0483927081632
56.69777777777777 1076.7821787404434
56.71333333333333 1072.4232151486249
56.72888888888889 1057.9427957318358
56.74444444444444 1040.3376590530231
56.76 1026.6045436690663
56.775555555555556 1022.4415484723713
56.79111111111111 1023.4450660957004
56.806666666666665 1020.4788743574477
56.82222222222222 1004.3799633682622
56.837777777777774 966.2874437669483
56.85333333333333 905.4531056556634
56.86888888888889 829.9552182840742
56.88444444444444 748.3163708770838
56.9 669.0534111656339
56.91555555555556 598.1275753778348
56.93111111111111 534.9338426635694
56.946666666666665 477.8272089463968
56.96222222222222 425.16334312858396
56.977777777777774 375.5218147286888
56.99333333333333 328.98566567570583
57.00888888888889 286.2548907432331
57.02444444444444 248.0298240994436
57.04 214.95938648607142
57.05555555555556 186.55267564806212
57.07111111111111 161.2127798061669
57.086666666666666 137.2971664440219
57.102222222222224 113.16750861342092
57.117777777777775 88.20460867113906
57.13333333333333 64.12916045323396
57.14888888888889 42.9889614085173
57.16444444444444 26.83221831341814
57.18 17.25529734509172
57.19555555555556 13.149772455030245
57.21111111111111 12.4070133507621
57.22666666666667 12.916764532129434
57.24222222222222 12.642672519290443
57.257777777777775 10.947242596050785
57.27333333333333 8.44265376275547
57.288888888888884 5.785031024887758
57.30444444444444 3.6289097728046613
57.32 2.3579438039560046
57.33555555555555 1.781045281714512
57.35111111111111 1.6337543373094832
57.36666666666667 1.6516110960892547
57.38222222222222 1.6057719202602811
57.397777777777776 1.4650928496040478
57.413333333333334 1.2671256489969664
57.428888888888885 1.049262718936518
57.44444444444444 0.8467062841062329
57.46 0.6752471255416594
57.47555555555555 0.5335994428135677
57.49111111111111 0.41993850369476604
57.50666666666667 0.3324277349857425
57.52222222222222 0.26755509746283224
57.53777777777778 0.21841464690425028
57.553333333333335 0.17769023350268753
57.568888888888885 0.13806570158874365
57.58444444444444 0.09416067638670711
57.6 0.05092571260911427
57.61555555555555 0.016743747638315654
57.63111111111111 0.0
57.64666666666667 0.008628063439175548
57.66222222222222 0.0430180528968549
57.67777777777778 0.09732291367635071
57.693333333333335 0.16550819317137666
57.708888888888886 0.24157940675706868
57.724444444444444 0.3249020136904619
57.74 0.42554522761571434
57.75555555555555 0.5549724413337458
57.77111111111111 0.7255301793072135
57.78666666666666 0.9472102072453481
57.80222222222222 1.2299547650830505
57.81777777777778 1.5833164189518811
57.83333333333333 2.016847479056935
57.84888888888889 2.539596571305367
57.864444444444445 3.152109118361011
57.879999999999995 3.847852203683658
57.89555555555555 4.62007720748079
57.91111111111111 5.462151485271704
57.92666666666666 6.38408994039321
57.94222222222222 7.429750450760025
57.95777777777778 8.64709874799712
57.97333333333333 10.084100557844863
57.98888888888889 11.799515070881682
58.004444444444445 13.911317085158089
58.019999999999996 16.55768330673385
58.035555555555554 19.876807673606834
58.05111111111111 24.011523455340466
58.06666666666666 29.187806564190964
58.08222222222222 35.70347307563918
58.09777777777778 43.85870276159301
58.11333333333333 53.95473851436583
58.12888888888889 66.36746228551834
58.144444444444446 81.63312397780243
58.16 100.30932308488553
58.175555555555555 122.95365909453659
58.19111111111111 150.0919627148757
58.20666666666666 182.0635582023586
58.22222222222222 219.13992483910448
58.23777777777778 261.5924448251673
58.25333333333333 309.6707344465802
58.26888888888889 363.1877924379366
58.284444444444446 421.55284685176724
58.3 484.15994179997296
58.315555555555555 550.4020626224737
58.33111111111111 619.3995287561131
58.346666666666664 689.714734214504
58.36222222222222 759.7237335862271
58.37777777777777 827.7674790832741
58.39333333333333 892.2662905895003
58.40888888888889 951.7957925339741
58.42444444444444 1004.9938754319744
58.44 1050.4985964835523
58.455555555555556 1086.9678437281045
58.47111111111111 1113.532827606663
58.486666666666665 1129.8078459329088
58.50222222222222 1135.4289806094303
58.51777777777777 1130.0328972705806
58.53333333333333 1113.5487643950264
58.54888888888889 1086.6716475312837
58.56444444444444 1050.2204327893887
58.58 1005.0140062733044
58.595555555555556 951.9571267930982
58.61111111111111 892.6021927238455
58.626666666666665 828.7970371258069
58.64222222222222 762.3910008515587
58.657777777777774 695.2173436624253
58.67333333333333 628.6165169836681
58.68888888888889 563.3563025024474
58.70444444444444 500.1723155088673
58.72 439.80014001516315
58.73555555555556 382.9198191348062
58.75111111111111 330.0414195746325
58.766666666666666 281.6426032256078
58.782222222222224 238.20103197282708
58.797777777777775 200.13360861456528
58.81333333333333 167.29616414323283
58.82888888888889 139.24430668826386
58.84444444444444 115.53139234949441
58.86 95.71051983904403
58.87555555555556 79.32354888573508
58.89111111111111 65.89698293406212
58.906666666666666 54.95621934826778
58.922222222222224 46.02665609720208
58.937777777777775 38.6795052361627
58.95333333333333 32.65636811579617
58.968888888888884 27.738449547496543
58.98444444444444 23.70695433675263
59.0 20.349389734256704
59.01555555555555 17.52660282143114
59.03111111111111 15.146791784425432
59.04666666666667 13.118945566556476
59.06222222222222 11.352424833438874
59.077777777777776 9.783754013877967
59.093333333333334 8.394622743098353
59.108888888888885 7.170987062769143
59.12444444444444 6.098803008685707
59.14 5.1624636317737895
59.15555555555555 4.339021325616386
59.17111111111111 3.603375337631519
59.18666666666667 2.9304246283617204
59.20222222222222 2.296642389467422
59.217777777777776 1.7035513896911993
59.233333333333334 1.172751653113096
59.248888888888885 0.7264076827487997
59.26444444444444 0.3866097045197989
59.28 0.1632704987958391
59.29555555555555 0.04070599279413045
59.31111111111111 0.0
59.32666666666667 0.02223632803958253
59.34222222222222 0.09256318316050738
59.35777777777778 0.22124346129169226
59.373333333333335 0.4281224583383505
59.388888888888886 0.7330644712740764
59.404444444444444 1.1547034633123872
59.42 1.6821068173648541
59.43555555555555 2.274052645911752
59.45111111111111 2.88794416322213
59.46666666666667 3.481215883905975
59.48222222222222 4.034801072997141
59.49777777777778 4.594857353366535
59.513333333333335 5.218766983854607
59.528888888888886 5.963912217432778
59.544444444444444 6.882163709150177
59.559999999999995 7.978163078179875
59.57555555555555 9.232545083100604
59.59111111111111 10.625755170830928
59.60666666666666 12.1390458788606
59.62222222222222 13.777028413561936
59.63777777777778 15.573623928395875
59.65333333333333 17.5659353548956
59.66888888888889 19.791065617242452
59.684444444444445 22.28544836749171
59.699999999999996 25.08294383142237
59.715555555555554 28.216793789324356
59.73111111111111 31.720240015584466
59.74666666666666 35.62824528684206
59.76222222222222 39.99781763566432
59.77777777777778 44.901219754262115
59.79333333333333 50.4110192306498
59.80888888888889 56.59967665193324
59.824444444444445 63.528562353485086
59.839999999999996 71.23844023354718
59.855555555555554 79.76783178557741
59.87111111111111 89.15525849708911
59.88666666666666 99.45278327684343
59.90222222222222 110.7878462185846
59.91777777777778 123.31396131433803
59.93333333333333 137.18466764815105
59.94888888888889 152.54589157483667
59.964444444444446 169.3792075663115
59.98 187.5075926991268
59.995555555555555 206.74756267640703
60.01111111111111 226.91566586095428
60.026666666666664 247.84760481545948
60.04222222222222 269.4304430304069
60.05777777777778 291.55976287994326
60.07333333333333 314.1311467322081
60.08888888888889 337.01529351759757
60.10444444444444 359.87034463416535
60.12 382.2466780934292
60.135555555555555 403.69383026199137
60.151111111111106 423.7633158398436
60.166666666666664 442.09652624949285
60.18222222222222 458.4597172200631
60.19777777777777 472.62835832288135
60.21333333333333 484.3779191232246
60.22888888888889 493.50844402549467
60.24444444444444 499.92176930554206
60.26 503.54340876275126
60.275555555555556 504.2997143775367
60.29111111111111 502.12469614618203
60.306666666666665 497.0612887648699
60.32222222222222 489.23449304021153
60.337777777777774 478.7713202575346
60.35333333333333 465.79928851121167
60.36888888888889 450.52758673665994
60.38444444444444 433.3363477418101
60.4 414.62718198757636
60.41555555555556 394.80169992872254
60.43111111111111 374.2453267222595
60.446666666666665 353.23686020718844
60.46222222222222 332.01195663054636
60.477777777777774 310.8061506374644
60.49333333333333 289.8543390849062
60.50888888888889 269.37244950501304
60.52444444444444 249.55469015181143
60.54 230.59407833879584
60.55555555555556 212.68362450445647
60.57111111111111 195.97600347356797
60.586666666666666 180.48850058527182
60.602222222222224 166.2100260856032
60.617777777777775 153.12949021428426
60.63333333333333 141.2329911675198
60.64888888888889 130.4740686379282
60.66444444444444 120.78531907207923
60.68 112.09899264194905
60.69555555555555 104.34717826904
60.71111111111111 97.44660566246353
60.72666666666667 91.28618150131717
60.74222222222222 85.75187911552155
60.757777777777775 80.72967182856587
60.77333333333333 76.11377182516446
60.788888888888884 71.84551197769952
60.80444444444444 67.88294929074993
60.82 64.18416062417782
60.83555555555555 60.707269176383534
60.85111111111111 57.41153404419606
60.86666666666667 54.25739051055916
60.88222222222222 51.20532825751707
60.897777777777776 48.21584314792176
60.913333333333334 45.260366226230985
60.928888888888885 42.343778596451216
60.94444444444444 39.477335260026166
60.96 36.67229121179486
60.97555555555555 33.93897283720253
60.99111111111111 31.27908269120877
61.00666666666667 28.68597318145055
61.02222222222222 26.15404320437301
61.03777777777778 23.677832271317072
61.053333333333335 21.259208732154377
61.068888888888885 18.9127102035975
61.08444444444444 16.654132997052272
61.1 14.499273417188988
61.11555555555555 12.464014828159634
61.13111111111111 10.564723303993162
61.14666666666667 8.817931256077145
61.16222222222222 7.240171243980967
61.17777777777778 5.847263165085678
61.193333333333335 4.637811115923
61.208888888888886 3.592732353351437
61.224444444444444 2.692137242707986
61.24 1.916138069038368
61.25555555555555 1.248723231437225
61.27111111111111 0.6858827226362791
61.28666666666666 0.30534740846962904
61.30222222222222 0.10724239713749739
61.31777777777778 0.008147496658750697
61.33333333333333 0.0
61.34888888888889 0.07110936180606586
61.364444444444445 0.20973056717855343
61.379999999999995 0.40415852230376004
61.39555555555555 0.6465324060331454
61.41111111111111 0.9359781131300338
61.42666666666666 1.2723611651773012
61.44222222222222 1.6555470778980634
61.45777777777778 2.0853624516489617
61.47333333333333 2.5614004543941746
61.48888888888889 3.083167597556269
61.504444444444445 3.6501702435342622
61.519999999999996 4.261895838479575
61.535555555555554 4.917294134817894
61.55111111111111 5.614713035760815
61.56666666666666 6.352468646043462
61.58222222222222 7.128877295144434
61.59777777777778 7.944981107685521
61.61333333333333 8.81132549608651
61.62888888888889 9.740525652845747
61.644444444444446 10.745196764578736
61.66 11.837922269340083
61.675555555555555 13.030868456044743
61.69111111111111 14.335907710198626
61.70666666666666 15.764906269438654
61.72222222222222 17.329703359101813
61.73777777777778 19.037627702985162
61.75333333333333 20.886484267216133
61.76888888888889 22.87286909188998
61.784444444444446 24.993378211189906
61.8 27.248866939950233
61.815555555555555 29.671220589637414
61.83111111111111 32.3060585136476
61.846666666666664 35.19906120632345
61.86222222222222 38.39607454662348
61.87777777777777 41.94986489096743
61.89333333333333 45.92248333389057
61.90888888888889 50.376632046160466
61.92444444444444 55.375013192594224
61.94 60.99159042795145
61.955555555555556 67.34968354717807
61.97111111111111 74.586130060747
61.986666666666665 82.83776782178404
62.00222222222222 92.24354707521695
62.01777777777777 102.98126604239133
62.03333333333333 115.26282624193493
62.04888888888889 129.30128759803006
62.06444444444444 145.3097521642627
62.08 163.52953470851367
62.095555555555556 184.27904941431677
62.11111111111111 207.88976066635666
62.126666666666665 234.69313284332475
62.14222222222222 264.99052409234446
62.157777777777774 298.77909586132193
62.17333333333333 335.8795124883708
62.18888888888889 376.11026932543484
62.20444444444444 419.2891272857888
62.22 465.16783056003806
62.23555555555556 513.3809890337291
62.25111111111111 563.5513845828954
62.266666666666666 615.300260667543
62.282222222222224 668.208514620575
62.297777777777775 721.6018110297732
62.31333333333333 774.7083734893242
62.32888888888889 826.7562315703716
62.34444444444444 876.970525730306
62.36 924.4814255173916
62.37555555555556 968.3049189069043
62.39111111111111 1007.4502217072011
62.406666666666666 1040.9265497206675
62.42222222222222 1067.902362124689
62.437777777777775 1088.1812689125777
62.45333333333333 1101.725213404361
62.468888888888884 1108.4961389138748
62.48444444444444 1108.471951093405
62.5 1101.8992154625466
62.51555555555555 1089.247708171752
62.53111111111111 1070.9939798791784
62.54666666666667 1047.6149511392691
62.56222222222222 1019.7879242447821
62.577777777777776 988.7212098190706
62.593333333333334 955.7100825067582
62.608888888888885 922.04981694617
62.62444444444444 889.0289465459515
62.64 857.8679534753027
62.65555555555555 829.7478644268095
62.67111111111111 805.8492222824208
62.68666666666667 787.3512506405119
62.70222222222222 775.3034435234275
62.717777777777776 770.5180088556581
62.733333333333334 773.7818332719709
62.748888888888885 785.8818034007081
62.76444444444444 807.4438726337504
62.78 838.0327944813517
62.79555555555555 876.783597306605
62.81111111111111 923.1127202831894
62.82666666666667 975.9521825474426
62.84222222222222 1034.101636215486
62.85777777777778 1096.133496312878
62.873333333333335 1160.5990406129715
62.888888888888886 1226.0495468802437
62.904444444444444 1290.9476881464311
62.92 1353.355775305161
62.93555555555555 1411.2230919786089
62.95111111111111 1462.4989150699905
62.96666666666667 1505.165693197538
62.98222222222222 1537.9052053331784
62.99777777777778 1560.0649427680305
63.01333333333333 1571.018839785387
63.028888888888886 1570.14136551186
63.044444444444444 1557.064524758973
63.059999999999995 1532.237977487478
63.07555555555555 1496.2747692575624
63.09111111111111 1449.7879456209953
63.10666666666666 1393.4397261224708
63.12222222222222 1328.5391975176408
63.13777777777778 1256.8515176607189
63.15333333333333 1180.1513920420175
63.16888888888889 1100.2128332934296
63.184444444444445 1018.6383017199382
63.199999999999996 936.6346134255286
63.215555555555554 855.3533367593698
63.23111111111111 775.9463547834421
63.24666666666666 699.537608996864
63.26222222222222 627.0167411237965
63.27777777777778 559.1507007834927
63.29333333333333 496.704671869935
63.30888888888889 440.4376679718269
63.324444444444445 390.7454905162609
63.339999999999996 347.39447943644205
63.355555555555554 310.08941317875804
63.37111111111111 278.53531725729954
63.38666666666666 252.41798658075106
63.40222222222222 231.3082223397172
63.41777777777778 214.73227763408516
63.43333333333333 202.21367473354854
63.44888888888889 193.2792082292744
63.464444444444446 187.53647010146818
63.48 184.70003958623244
63.495555555555555 184.4928395389934
63.51111111111111 186.63617041919633
63.526666666666664 190.87675060781976
63.54222222222222 197.08203324149918
63.55777777777778 205.15548821198752
63.57333333333333 215.00059196238158
63.58888888888889 226.52565481139698
63.60444444444444 239.75861000487873
63.62 254.850531168908
63.635555555555555 271.9573446586702
63.651111111111106 291.235714497001
63.666666666666664 312.84647832773646
63.68222222222222 336.9657392868223
63.69777777777777 363.7730897264265
63.71333333333333 393.4481219912035
63.72888888888889 426.1665505023219
63.74444444444444 462.03933008404596
63.76 501.1248119366464
63.775555555555556 543.4773653539976
63.79111111111111 589.1526060477456
63.806666666666665 638.2235893583543
63.82222222222222 690.8131726850438
63.837777777777774 747.0530456615011
63.85333333333333 807.0748979141317
63.86888888888889 871.0068452244182
63.88444444444444 938.9481022041205
63.9 1010.9213690101642
63.91555555555556 1086.9706106380847
63.93111111111111 1167.1394483008894
63.946666666666665 1251.3896862344438
63.96222222222222 1339.4959871058816
63.977777777777774 1431.206963957639
63.99333333333333 1526.2712298247282
64.00888888888889 1624.3788828906088
64.02444444444444 1724.6707588830482
64.03999999999999 1825.9869967756958
64.05555555555556 1927.1646640172585
64.07111111111111 2027.039943912915
64.08666666666667 2124.354147785781
64.10222222222222 2217.670509531778
64.11777777777777 2305.532639729246
64.13333333333333 2386.484148949104
64.14888888888889 2459.0535257512524
64.16444444444444 2521.65596096948
64.18 2572.65525746261
64.19555555555556 2610.4149623765197
64.21111111111111 2633.308346656966
64.22666666666666 2640.317427877252
64.24222222222221 2631.3826341678314
64.25777777777778 2606.528598354447
64.27333333333334 2565.779953255737
64.28888888888889 2509.3351229969676
64.30444444444444 2438.4633511382904
64.32 2354.841367376301
64.33555555555554 2260.1466959797335
64.35111111111111 2156.054638596875
64.36666666666667 2044.1466328498834
64.38222222222223 1925.8776833901513
64.39777777777778 1802.6938767533663
64.41333333333333 1676.0412994683556
64.42888888888888 1547.441269854533
64.44444444444444 1418.8049883962979
64.46000000000001 1292.1679405953591
64.47555555555556 1169.5666975809308
64.49111111111111 1053.0107101500134
64.50666666666666 943.6612812366683
64.52222222222221 841.6842653111022
64.53777777777778 747.1886993614083
64.55333333333334 660.2836203690524
64.56888888888889 581.0533065736109
64.58444444444444 509.4712058848062
64.6 445.47976681654393
64.61555555555555 389.02143641431394
64.63111111111111 340.0242420302585
64.64666666666668 298.05958926773246
64.66222222222223 262.3278127609617
64.67777777777778 232.01193617765512
64.69333333333333 206.29498318861397
64.70888888888888 184.4213139156186
64.72444444444444 165.8766640348358
64.74 150.20613654896317
64.75555555555556 136.9548344540416
64.77111111111111 125.67265789682904
64.78666666666666 116.00811281159679
64.80222222222221 107.70220412644755
64.81777777777778 100.4995109963005
64.83333333333333 94.14461502775669
64.8488888888889 88.41970004823963
64.86444444444444 83.23959614466196
64.88 78.54836789786566
64.89555555555555 74.29007988223441
64.91111111111111 70.40914774868747
64.92666666666666 66.85622921577738
64.94222222222223 63.58734912781881
64.95777777777778 60.55870716533548
64.97333333333333 57.726504589718616
64.98888888888888 55.0521559302378
65.00444444444445 52.513891733035166
65.02 50.09332669356206
65.03555555555556 47.77207550091322
65.05111111111111 45.53272125436882
65.06666666666666 43.373250384732216
65.08222222222221 41.30399183169351
65.09777777777778 39.33562134725423
65.11333333333333 37.47881090978473
65.1288888888889 35.73860657596509
65.14444444444445 34.10312995146825
65.16 32.55733305690222
65.17555555555555 31.086167906631204
65.19111111111111 29.675560958977314
65.20666666666666 28.325722961038593
65.22222222222223 27.04771109998751
65.23777777777778 25.852853057438722
65.25333333333333 24.75246798799833
65.26888888888888 23.7497682323758
65.28444444444445 22.82477515549141
65.3 21.953389689084872
65.31555555555556 21.111512758737433
65.33111111111111 20.27652785633711
65.34666666666666 19.446400178372073
65.36222222222221 18.634157431995106
65.37777777777777 17.85317221582028
65.39333333333333 17.116808520657344
65.4088888888889 16.43202202101702
65.42444444444445 15.787998923838416
65.44 15.170870680823668
65.45555555555555 14.566768737597272
65.4711111111111 13.963042287728001
65.48666666666666 13.363468083548298
65.50222222222223 12.783655214558564
65.51777777777778 12.240592303937717
65.53333333333333 11.748876716884013
65.54888888888888 11.316660203572098
65.56444444444443 10.931116425037203
65.58 10.57585925117894
65.59555555555556 10.234502545878229
65.61111111111111 9.891601458790433
65.62666666666667 9.544363597206086
65.64222222222222 9.199052351351327
65.65777777777777 8.862127744348527
65.67333333333333 8.540043984329714
65.6888888888889 8.235099310675139
65.70444444444445 7.938130660199363
65.72 7.638016046526502
65.73555555555555 7.323633477316605
65.7511111111111 6.985021991912959
65.76666666666667 6.628165766104075
65.78222222222223 6.270632176009599
65.79777777777778 5.930249212856154
65.81333333333333 5.624836986649427
65.82888888888888 5.36534896159759
65.84444444444443 5.143306048558088
65.86 4.946815552690907
65.87555555555556 4.763984773235222
65.89111111111112 4.583406549451865
65.90666666666667 4.400664630810411
65.92222222222222 4.216587458621632
65.93777777777777 4.032130702993925
65.95333333333333 3.848250328714016
65.96888888888888 3.666288338060042
65.98444444444445 3.488729773458772
66.0 3.318270228653205
66.01555555555555 3.1576052914962816
66.0311111111111 3.0091448530914704
66.04666666666667 2.870867208042341
66.06222222222222 2.7372571763999076
66.07777777777778 2.602704839895182
66.09333333333333 2.461600990545662
66.10888888888888 2.3101543286043125
66.12444444444444 2.150318019288136
66.14 1.985177129175213
66.15555555555555 1.8178167189749388
66.17111111111112 1.6510193865817087
66.18666666666667 1.4823605785936138
66.20222222222222 1.305027356321375
66.21777777777777 1.1120695752208576
66.23333333333333 0.8965378382985705
66.24888888888889 0.658354189063914
66.26444444444445 0.42108896715342325
66.28 0.21339597813795308
66.29555555555555 0.06392902172831327
66.3111111111111 0.0
66.32666666666667 0.022402684806593243
66.34222222222222 0.10762330869079051
66.35777777777778 0.2312493750516751
66.37333333333333 0.3688684010970178
66.38888888888889 0.5024408141816821
66.40444444444444 0.6383137685875226
66.42 0.7886667363631545
66.43555555555555 0.9656791836947036
66.45111111111112 1.1809824069184742
66.46666666666667 1.4332689995897567
66.48222222222222 1.7081062902503277
66.49777777777777 1.9904761227445533
66.51333333333332 2.2653603350489675
66.52888888888889 2.5213373784620785
66.54444444444445 2.7626066946361334
66.56 2.9976076297535883
66.57555555555555 3.2347796048142072
66.5911111111111 3.4825138009772445
66.60666666666665 3.74787623739428
66.62222222222222 4.037241084251605
66.63777777777779 4.354701812022654
66.65333333333334 4.705499330426335
66.66888888888889 5.0960054112171065
66.68444444444444 5.538284572254895
66.69999999999999 6.046188676653571
66.71555555555555 6.6335702212005
66.73111111111112 7.314184621502818
66.74666666666667 8.097936706474059
66.76222222222222 8.989684381579366
66.77777777777777 9.99394369999277
66.79333333333332 11.115230708974877
66.80888888888889 12.358171030234246
66.82444444444445 13.728044376793719
66.84 15.230372126512975
66.85555555555555 16.87067603777774
66.8711111111111 18.654496822954002
66.88666666666666 20.588479516980726
66.90222222222222 22.680961999014016
66.91777777777779 24.940425581675925
66.93333333333334 27.375351571633985
66.94888888888889 29.99283944094691
66.96444444444444 32.789950215769636
66.97999999999999 35.75931290630052
66.99555555555555 38.89353701242908
67.01111111111112 42.185345424123284
67.02666666666667 45.63865077950612
67.04222222222222 49.27785430315447
67.05777777777777 53.129546475841266
67.07333333333332 57.220317772333544
67.08888888888889 61.57975252683593
67.10444444444444 66.26474609814784
67.12 71.3468056656086
67.13555555555556 76.89757656158667
67.1511111111111 82.988923758439
67.16666666666666 89.74002483378774
67.18222222222222 97.37598759428727
67.19777777777777 106.1363103445467
67.21333333333334 116.2604913831359
67.22888888888889 127.99136569068025
67.24444444444444 141.61154242375437
67.25999999999999 157.42976717912757
67.27555555555556 175.75524303360123
67.2911111111111 196.89709350816793
67.30666666666667 221.09874736498193
67.32222222222222 248.41899581309303
67.33777777777777 278.8844316325192
67.35333333333332 312.5216475971114
67.36888888888889 349.3375518936624
67.38444444444444 389.0154728483103
67.4 430.97390465898275
67.41555555555556 474.62366320035187
67.43111111111111 519.3765014487416
67.44666666666666 564.6383763517258
67.46222222222222 609.8033557652918
67.47777777777777 654.2625497717864
67.49333333333334 697.4070684474958
67.50888888888889 738.6190894471724
67.52444444444444 777.0618486648264
67.53999999999999 811.671869027624
67.55555555555556 841.3751862074074
67.57111111111111 865.0978358696616
67.58666666666667 881.9492733781602
67.60222222222222 891.9202919312783
67.61777777777777 895.2660744849459
67.63333333333333 892.2418542530515
67.64888888888888 883.1018451929529
67.66444444444444 868.0581007841515
67.68 847.2663918468172
67.69555555555556 820.878571401797
67.71111111111111 789.0464924635118
67.72666666666666 752.0164504746826
67.74222222222221 710.6524274416257
67.75777777777778 666.0666834592714
67.77333333333334 619.3721529452584
67.78888888888889 571.679112226137
67.80444444444444 523.8661648289948
67.82 476.40369595699394
67.83555555555554 429.7205313279054
67.85111111111111 384.24549665295376
67.86666666666667 340.4119305403457
67.88222222222223 298.6950349205255
67.89777777777778 259.5927136915351
67.91333333333333 223.60309543027995
67.92888888888888 191.2246518253944
67.94444444444444 162.70925201408681
67.96000000000001 137.7240345011827
67.97555555555556 115.85036707161134
67.99111111111111 96.66961750363635
68.00666666666666 79.78002480886732
68.02222222222221 65.01643130153275
68.03777777777778 52.38804084508138
68.05333333333334 41.90811543394676
68.06888888888889 33.58990354000758
68.08444444444444 27.359059802647778
68.1 22.845468861604502
68.11555555555555 19.618245430355444
68.13111111111111 17.24429925740435
68.14666666666668 15.299457201298594
68.16222222222223 13.579801122660285
68.17777777777778 12.102541061419629
68.19333333333333 10.893900947046689
68.20888888888888 9.980816365946737
68.22444444444444 9.381584921846866
68.24 9.072054318056928
68.25555555555556 9.015053735860874
68.27111111111111 9.17340892499908
68.28666666666666 9.510463448465032
68.30222222222221 10.014353662346991
68.31777777777778 10.708414116883603
68.33333333333333 11.618658705610926
68.3488888888889 12.771101315095336
68.36444444444444 14.191438666886938
68.38 15.900534166025352
68.39555555555555 17.91548314812701
68.41111111111111 20.254303894383952
68.42666666666666 22.9350014923387
68.44222222222223 25.97362946316946
68.45777777777778 29.38224272136796
68.47333333333333 33.17240627716359
68.48888888888888 37.355685133647626
68.50444444444445 41.942765287079055
68.52 46.93386400804434
68.53555555555556 52.3223237411284
68.55111111111111 58.10136679146689
68.56666666666666 64.26421504639808
68.58222222222221 70.8033080087327
68.59777777777778 78.02983507634866
68.61333333333333 85.69294692267277
68.6288888888889 93.70143182580472
68.64444444444445 102.04688465513806
68.66 110.76467704954274
68.67555555555555 119.9324403999646
68.69111111111111 129.62952896841404
68.70666666666666 139.93529700874325
68.72222222222223 150.93439119667113
68.73777777777778 162.7369991119644
68.75333333333333 175.46100300811526
68.76888888888888 189.22428669305515
68.78444444444445 204.14491485112927
68.8 220.34999194642552
68.81555555555556 237.9796804239415
68.83111111111111 257.17516147426187
68.84666666666666 278.077616280149
68.86222222222221 300.7943482489215
68.87777777777777 325.1657804439067
68.89333333333333 350.9059422352789
68.9088888888889 377.7281062615744
68.92444444444445 405.3453740463978
68.94 433.4340535654025
68.95555555555555 461.58810527917666
68.9711111111111 489.3903076592183
68.98666666666666 516.4234391694231
69.00222222222223 542.2667407065867
69.01777777777778 566.4496774620518
69.03333333333333 588.4649500964513
69.04888888888888 607.8043990584088
69.06444444444443 623.959866402047
69.08 636.484245735518
69.09555555555556 645.15317407263
69.11111111111111 649.7930726070838
69.12666666666667 650.2303625251877
69.14222222222222 646.2987981277533
69.15777777777777 638.0552139948784
69.17333333333333 625.8147386108992
69.1888888888889 609.9069237597403
69.20444444444445 590.6613212180494
69.22 568.408783618559
69.23555555555555 543.4882398928023
69.2511111111111 516.2417139200293
69.26666666666667 487.0112358847197
69.28222222222223 456.13953059416525
69.29777777777778 424.04228983046363
69.31333333333333 391.2713167185204
69.32888888888888 358.39329831479637
69.34444444444443 325.9749216686586
69.36 294.5630424406225
69.37555555555555 264.47871156179013
69.39111111111112 235.89951682345423
69.40666666666667 209.0007526320033
69.42222222222222 183.95770025264216
69.43777777777777 160.91132263850096
69.45333333333333 139.89387784131424
69.46888888888888 120.9161512637341
69.48444444444445 103.98892830142205
69.5 89.11962944796602
69.51555555555555 76.23142475437777
69.5311111111111 65.15923805479196
69.54666666666667 55.73382858843894
69.56222222222222 47.78595558774987
69.57777777777778 41.14831733064955
69.59333333333333 35.66461322534229
69.60888888888888 31.18241757655659
69.62444444444444 27.5493090139895
69.64 24.613100698403912
69.65555555555555 22.242220755065944
69.67111111111112 20.341519042497737
69.68666666666667 18.819566013839903
69.70222222222222 17.584932115555205
69.71777777777777 16.550337398005297
69.73333333333333 15.673969353391783
69.74888888888889 14.959002900306473
69.76444444444445 14.46730225045144
69.78 14.093350866778394
69.79555555555555 13.822365901711521
69.8111111111111 13.634979829414874
69.82666666666667 13.510923516825585
69.84222222222222 13.429927822431011
69.85777777777778 13.371985389341376
69.87333333333333 13.323899775152938
69.88888888888889 13.279755388908768
69.90444444444444 13.233992542942303
69.92 13.181051541298814
69.93555555555555 13.11693629661437
69.95111111111112 13.047001843256623
69.96666666666667 12.980064319919222
69.98222222222222 12.924945460607319
69.99777777777777 12.890521164093684
70.01333333333332 12.891715748213699
70.02888888888889 12.95493744903348
70.04444444444445 13.1078779431042
70.06 13.378228898964608
70.07555555555555 13.792827720930234
70.0911111111111 14.367851727337893
70.10666666666665 15.112237807419092
70.12222222222222 16.0347847621087
70.13777777777779 17.1442921985344
70.15333333333334 18.471350135669923
70.16888888888889 20.12513127441008
70.18444444444444 22.23251660418356
70.19999999999999 24.920387106660485
70.21555555555555 28.31601342862899
70.23111111111112 32.560173032161856
70.24666666666667 37.81047201672226
70.26222222222222 44.226331883720604
70.27777777777777 51.96506404269519
70.29333333333332 61.19532808019915
70.30888888888889 72.16038468756523
70.32444444444445 85.13661590982582
70.34 100.40055338265717
70.35555555555555 118.22824949913951
70.3711111111111 138.77160776209445
70.38666666666666 161.89354808791546
70.40222222222222 187.41596046045987
70.41777777777779 215.16073485611327
70.43333333333334 244.9455412333237
70.44888888888889 276.5151223697706
70.46444444444444 309.5526153036778
70.47999999999999 343.7392215651757
70.49555555555555 378.75614267711643
70.51111111111112 414.2227296253065
70.52666666666667 449.46412351178725
70.54222222222222 483.7180782204717
70.55777777777777 516.2223334676735
70.57333333333332 546.2168026431088
70.58888888888889 573.0872363534695
70.60444444444444 596.4547733265533
70.62 615.9619331781532
70.63555555555556 631.2512355168694
70.6511111111111 641.9878668047422
70.66666666666666 648.077556752678
70.68222222222222 649.5709752516266
70.69777777777777 646.5207864929955
70.71333333333334 638.9796664285664
70.72888888888889 627.0538830092369
70.74444444444444 611.0266693897386
70.75999999999999 591.2177346840174
70.77555555555556 567.9467879990636
70.7911111111111 541.5380007848182
70.80666666666667 512.4584341579248
70.82222222222222 481.3447906412952
70.83777777777777 448.84363489334186
70.85333333333332 415.60153156565883
70.86888888888889 382.23618011160187
70.88444444444444 349.1547901390166
70.9 316.6682195330936
70.91555555555556 285.0877618062819
70.93111111111111 254.72476942580255
70.94666666666666 225.86366314517505
70.96222222222222 198.72323535889217
70.97777777777777 173.51247110772425
70.99333333333334 150.44035542564126
71.00888888888889 129.7064039133033
71.02444444444444 111.3227748436397
71.03999999999999 95.12976541303505
71.05555555555556 80.96130987758357
71.07111111111111 68.65134248679374
71.08666666666667 58.03640605361363
71.10222222222222 48.96734858728149
71.11777777777777 41.2998964615648
71.13333333333333 34.88978019130542
71.14888888888888 29.592767373618585
71.16444444444444 25.26885979107044
71.18 21.78614968468156
71.19555555555556 19.013640539683422
71.21111111111111 16.82033583481001
71.22666666666666 15.078571778732282
71.24222222222221 13.70780522249521
71.25777777777778 12.662411061456282
71.27333333333334 11.897587474141801
71.28888888888889 11.368532632653626
71.30444444444444 11.03448177794229
71.32 10.872285785477743
71.33555555555554 10.863599000436807
71.35111111111111 10.990075868905024
71.36666666666667 11.233556935965396
71.38222222222223 11.587693824425116
71.39777777777778 12.064826020405064
71.41333333333333 12.678945894533456
71.42888888888888 13.444463261071746
71.44444444444444 14.375202161852599
71.46000000000001 15.476997533170902
71.47555555555556 16.752342114618614
71.49111111111111 18.203664470627245
71.50666666666666 19.83339316265159
71.52222222222221 21.64410386812176
71.53777777777778 23.638911771301423
71.55333333333334 25.82105568798295
71.56888888888889 28.193774427733672
71.58444444444444 30.759914003692643
71.6 33.50483114522069
71.61555555555555 36.38990271471198
71.63111111111111 39.40867536207685
71.64666666666668 42.48648886491071
71.66222222222223 45.58447146212728
71.67777777777778 48.67913309536743
71.69333333333333 51.7554757812718
71.70888888888888 54.79859071195898
71.72444444444444 57.79356700389138
71.74 60.71788983845158
71.75555555555556 63.52431088073121
71.77111111111111 66.16056147939071
71.78666666666666 68.57437297672584
71.80222222222221 70.71405837108586
71.81777777777778 72.54900955078523
71.83333333333333 74.07514524684387
71.8488888888889 75.29007351931011
71.86444444444444 76.19140242191605
71.88 76.7762515507394
71.89555555555555 77.0375834642756
71.91111111111111 76.96352770481195
71.92666666666666 76.5433564033338
71.94222222222223 75.76634605087025
71.95777777777778 74.6291160646299
71.97333333333333 73.15063964752079
71.98888888888888 71.35412833248512
72.00444444444445 69.26279364623872
72.02 66.90019924953765
72.03555555555556 64.30154217181439
72.05111111111111 61.51603930904287
72.06666666666666 58.593742206532454
72.08222222222221 55.58470240342075
72.09777777777778 52.53650088265988
72.11333333333333 49.47615207230314
72.1288888888889 46.42046502596452
72.14444444444445 43.386175266894156
72.16 40.39001950408306
72.17555555555555 37.45048982286352
72.19111111111111 34.591351522563855
72.20666666666666 31.837355997395605
72.22222222222223 29.214183168748264
72.23777777777778 26.745626476477184
72.25333333333333 24.443752402214898
72.26888888888888 22.306448468900555
72.28444444444443 20.330733090855517
72.3 18.513624676336804
72.31555555555556 16.851273157119635
72.33111111111111 15.332417359338194
72.34666666666666 13.942041935006444
72.36222222222221 12.665102300479646
72.37777777777777 11.486555512063887
72.39333333333333 10.39503941255299
72.4088888888889 9.390697104810783
72.42444444444445 8.47591349391621
72.44 7.653073478946624
72.45555555555555 6.924355377486677
72.4711111111111 6.284253483652833
72.48666666666666 5.7174762869950655
72.50222222222223 5.208097620640103
72.51777777777778 4.740191311744013
72.53333333333333 4.299462537149111
72.54888888888888 3.887230526024325
72.56444444444443 3.512984185682569
72.58 3.1851148392329947
72.59555555555556 2.9128247674374848
72.61111111111111 2.7021794830062618
72.62666666666667 2.548474669603479
72.64222222222222 2.4446964322374924
72.65777777777777 2.3838308699864683
72.67333333333333 2.358798078651091
72.6888888888889 2.3594271344780964
72.70444444444445 2.3711982709540393
72.72 2.379264925569487
72.73555555555555 2.368780529905166
72.7511111111111 2.326261844843998
72.76666666666667 2.252989283244233
72.78222222222223 2.159277037706488
72.79777777777778 2.055569253767203
72.81333333333333 1.9523100710679842
72.82888888888888 1.8589877541591022
72.84444444444443 1.7772812446812623
72.86 1.7069246725865241
72.87555555555555 1.6481521067861422
72.89111111111112 1.6011409580452778
72.90666666666667 1.5621328510447938
72.92222222222222 1.5209385649301908
72.93777777777777 1.4667751812875167
72.95333333333333 1.388859775830042
72.96888888888888 1.2773166641295575
72.98444444444445 1.1346260692363899
73.0 0.9721924559140689
73.01555555555555 0.8016183384847295
73.0311111111111 0.634506225405346
73.04666666666667 0.4823873051250871
73.06222222222222 0.34820932834065843
73.07777777777778 0.23411729889971866
73.09333333333333 0.14230508883252924
73.10888888888888 0.07494978776350081
73.12444444444444 0.03195953424307163
73.14 0.008701060381667958
73.15555555555555 0.0
73.17111111111112 0.0006819810593583497
73.18666666666667 0.0062964949937622805
73.20222222222222 0.014886443614898326
73.21777777777777 0.026330571652920298
73.23333333333333 0.041282055987778676
73.24888888888889 0.06039406763949273
73.26444444444445 0.08385691721889543
73.28 0.11010439155734275
73.29555555555555 0.13404323180714073
73.3111111111111 0.15168843994467807
73.32666666666667 0.15926498045206472
73.34222222222222 0.15520208700837657
73.35777777777778 0.13964603096815154
73.37333333333333 0.11443226679296004
73.38888888888889 0.08139624307784743
73.40444444444444 0.05798399546722521
73.42 0.037271006107118865
73.43555555555555 0.01782505123867395
73.45111111111112 0.0039625710825816896
73.46666666666667 0.0
73.48222222222222 0.009540599945637496
73.49777777777777 0.02976960553672825
73.51333333333332 0.054476097888880304
73.52888888888889 0.07741823475817
73.54444444444445 0.09235428986886518
73.56 0.09647513748092251
73.57555555555555 0.09937307654877259
73.5911111111111 0.11344010835171048
73.60666666666665 0.1515282299741898
73.62222222222222 0.2262002166183379
73.63777777777779 0.3387934155849166
73.65333333333334 0.4754551062842438
73.66888888888889 0.6209201287023234
73.68444444444444 0.7599233169573836
73.69999999999999 0.8780180542386233
73.71555555555555 0.9722806403833602
73.73111111111112 1.0483009311546425
73.74666666666667 1.1118681209748615
73.76222222222222 1.1687713983895378
73.77777777777777 1.2254540132595935
73.79333333333332 1.2899488176849445
73.80888888888889 1.3602011029946652
73.82444444444445 1.4381266191072655
73.84 1.5264799039799755
73.85555555555555 1.6288515628644404
73.8711111111111 1.750757393596757
73.88666666666666 1.8989230122417098
73.90222222222222 2.07850579195366
73.91777777777779 2.294996627043929
73.93333333333334 2.55462758069433
73.94888888888889 2.864092978297606
73.96444444444444 3.2301099627665053
73.97999999999999 3.6593956711186024
73.99555555555555 4.158544399085258
74.0111111111111 4.7330937156737605
74.02666666666667 5.388042297762013
74.04222222222222 6.128384515942571
74.05777777777777 6.959114798163569
74.07333333333334 7.887222201370946
74.08888888888889 8.926929898708408
74.10444444444444 10.094100554895022
74.12 11.404596828720173
74.13555555555556 12.874150398387371
74.1511111111111 14.509114406494803
74.16666666666667 16.30035651541641
74.18222222222222 18.23729488717487
74.19777777777777 20.309347677843334
74.21333333333334 22.507050716708648
74.22888888888889 24.817633009473468
74.24444444444444 27.228544245490923
74.26 29.72728408597453
74.27555555555556 32.301352186154986
74.2911111111111 34.933917194634546
74.30666666666666 37.58144559810921
74.32222222222222 40.19023687881844
74.33777777777777 42.7065706139731
74.35333333333332 45.07673699770817
74.36888888888889 47.254239717693565
74.38444444444444 49.21233395172112
74.39999999999999 50.92762507224518
74.41555555555556 52.37671844568587
74.43111111111111 53.53647760376299
74.44666666666666 54.39400775419193
74.46222222222222 54.949838391640185
74.47777777777777 55.20540834489469
74.49333333333333 55.16215643667442
74.50888888888889 54.82257032857865
74.52444444444444 54.20149738982002
74.53999999999999 53.321838960767764
74.55555555555556 52.2066342475905
74.57111111111111 50.87892245034925
74.58666666666666 49.36316662446251
74.60222222222222 47.69092203285146
74.61777777777777 45.89594780209069
74.63333333333333 44.012003744458355
74.64888888888889 42.07285737594532
74.66444444444444 40.11416149687432
74.67999999999999 38.176548679371194
74.69555555555556 36.30059395935581
74.71111111111111 34.52627377533145
74.72666666666666 32.89379767849539
74.74222222222222 31.43190056063355
74.75777777777778 30.156208035464374
74.77333333333333 29.08162946705295
74.78888888888889 28.223074213231143
74.80444444444444 27.595696533230864
74.82 27.217120929742634
74.83555555555556 27.106403206505718
74.85111111111111 27.28261667715367
74.86666666666666 27.76483464903066
74.88222222222223 28.580752732047017
74.89777777777778 29.79670460053393
74.91333333333333 31.48984245788563
74.92888888888889 33.73731902531398
74.94444444444444 36.61644531448587
74.96 40.2323081419629
74.97555555555556 44.749341278410384
74.99111111111111 50.339616902624925
75.00666666666666 57.175207187017406
75.02222222222223 65.42935052390555
75.03777777777778 75.30683224796809
75.05333333333333 87.04685605080181
75.06888888888889 100.890367493295
75.08444444444444 117.07831212983274
75.1 135.85335399950236
75.11555555555556 157.416031348846
75.13111111111111 181.92832454953987
75.14666666666666 209.5625944539762
75.16222222222223 240.49120190819872
75.17777777777778 274.8085630721333
75.19333333333333 312.2609982708801
75.2088888888889 352.49522059882736
75.22444444444444 395.15855040139184
75.24 439.898093287247
75.25555555555556 486.2763315985393
75.27111111111111 533.6705180934267
75.28666666666666 581.4333877717785
75.30222222222223 628.9176756270017
75.31777777777778 675.4744805408164
75.33333333333333 720.4064971793039
75.3488888888889 762.9611457017007
75.36444444444444 802.3828285050258
75.38 837.915947979884
75.39555555555556 868.8347506348464
75.41111111111111 894.7196668965221
75.42666666666666 915.3390045270537
75.44222222222223 930.4638878516387
75.45777777777778 939.8654411888429
75.47333333333333 943.3663807692863
75.48888888888888 941.0463575628589
75.50444444444445 933.0648506280886
75.52 919.5813640237197
75.53555555555555 900.7557213210778
75.55111111111111 876.8628183733424
75.56666666666666 848.4627197307486
75.58222222222221 816.1589040537679
75.59777777777778 780.5548499961187
75.61333333333333 742.254593663049
75.62888888888888 701.88432618905
75.64444444444445 660.0993019628038
75.66 617.557613087042
75.67555555555555 574.9160422392681
75.69111111111111 532.8243431576498
75.70666666666666 491.83790634837504
75.72222222222221 452.4442596303583
75.73777777777778 415.12945613779783
75.75333333333333 380.37954899809614
75.76888888888888 348.6471353419599
75.78444444444445 320.1779043839296
75.8 295.13853789424803
75.81555555555555 273.6955601237518
75.83111111111111 256.0154596588022
75.84666666666666 242.18612684047088
75.86222222222221 232.05008439095917
75.87777777777778 225.40210745216672
75.89333333333333 222.03697115893618
75.90888888888888 221.74887023944524
75.92444444444445 224.2897524766832
75.94 229.3414153685879
75.95555555555555 236.57904142358706
75.97111111111111 245.6778131429382
75.98666666666666 256.3156822477145
76.00222222222222 268.2217142192631
76.01777777777778 281.1698799536876
76.03333333333333 294.93696526762795
76.04888888888888 309.2997559704955
76.06444444444445 324.04468430307924
76.08 339.0421909864612
76.09555555555555 354.20599283877533
76.11111111111111 369.45016494186603
76.12666666666667 384.6887823701557
76.14222222222222 399.83201907975405
76.15777777777778 414.7728462311175
76.17333333333333 429.3994945958013
76.18888888888888 443.60019479026056
76.20444444444445 457.2631646835385
76.22 470.27322830316274
76.23555555555555 482.5072651229295
76.25111111111111 493.8410194611875
76.26666666666667 504.15023562865366
76.28222222222222 513.3110887271532
76.29777777777778 521.2168962079418
76.31333333333333 527.7834753239497
76.32888888888888 532.9281705130661
76.34444444444445 536.5683262054431
76.36 538.6217226030128
76.37555555555555 539.0124846700974
76.39111111111112 537.6703569651029
76.40666666666667 534.5240611130587
76.42222222222222 529.5021310983104
76.43777777777778 522.8060882850671
76.45333333333333 514.3068879464827
76.46888888888888 504.0429022765217
76.48444444444445 492.1214546159608
76.5 478.64986838764736
76.51555555555555 463.7445964183824
76.53111111111112 447.55630006620726
76.54666666666667 430.2436516102843
76.56222222222222 411.9658697400503
76.57777777777778 392.8819619991057
76.59333333333333 373.17447472465614
76.60888888888888 353.0774349837381
76.62444444444444 332.8311872339395
76.64 312.6760759264826
76.65555555555555 292.8517435690147
76.6711111111111 273.57449821625727
76.68666666666667 255.03244289842308
76.70222222222222 237.41199360103627
76.71777777777777 220.89956630328066
76.73333333333333 205.67885524385218
76.74888888888889 191.89685900236447
76.76444444444444 179.67425649605508
76.78 169.13115222027074
76.79555555555555 160.38765066415255
76.8111111111111 153.5522250330452
76.82666666666667 148.65367908653997
76.84222222222222 145.68743041771535
76.85777777777777 144.64878294755925
76.87333333333333 145.53304040147106
76.88888888888889 148.3043706892111
76.90444444444444 152.8091529806474
76.92 158.86591724468389
76.93555555555555 166.29319344406105
76.9511111111111 174.90937868559598
76.96666666666667 184.50828620081546
76.98222222222222 194.8305412890523
76.99777777777777 205.60982328730978
77.01333333333334 216.5798115264899
77.02888888888889 227.47476767567383
77.04444444444444 238.05144890708192
77.06 248.0957523171292
77.07555555555555 257.39551418687375
77.0911111111111 265.73857079133865
77.10666666666667 272.91690892647426
77.12222222222222 278.7874565455125
77.13777777777777 283.2586253286459
77.15333333333334 286.24024041220576
77.16888888888889 287.64212692649045
77.18444444444444 287.3859353114071
77.2 285.4883306627525
77.21555555555555 282.01259586217657
77.2311111111111 277.02099234276886
77.24666666666667 270.57584036018784
77.26222222222222 262.75228397535614
77.27777777777777 253.68197319792228
77.29333333333334 243.5126131562671
77.30888888888889 232.3919100789857
77.32444444444444 220.46758052368887
77.34 207.8931010480154
77.35555555555555 194.83727753469827
77.3711111111111 181.47143795214345
77.38666666666667 167.96691026280678
77.40222222222222 154.49471756324624
77.41777777777777 141.20512791572446
77.43333333333334 128.21473647793755
77.44888888888889 115.63705877878135
77.46444444444444 103.5856103411902
77.48 92.17229082982169
77.49555555555555 81.47044782663636
77.5111111111111 71.51408988578862
77.52666666666667 62.33545229401227
77.54222222222222 53.96677033216014
77.55777777777777 46.436504231826405
77.57333333333334 39.72909923946224
77.58888888888889 33.80054193574824
77.60444444444444 28.60634179571116
77.62 24.102008288491277
77.63555555555556 20.239872454123315
77.6511111111111 16.95138210124128
77.66666666666667 14.159556134068566
77.68222222222222 11.787390014943128
77.69777777777777 9.757879202179765
77.71333333333334 8.003181323739511
77.72888888888889 6.491458276548087
77.74444444444444 5.199714736515716
77.76 4.105997545511343
77.77555555555556 3.186483841451434
77.7911111111111 2.4200032630420196
77.80666666666666 1.7904817666083659
77.82222222222222 1.282567495631497
77.83777777777777 0.8809085877300618
77.85333333333332 0.5701925927116918
77.86888888888889 0.3374202903307264
77.88444444444444 0.1731484712989868
77.89999999999999 0.06823639245715185
77.91555555555556 0.013543304786651333
77.93111111111111 0.0
77.94666666666666 0.02019771935198378
77.96222222222222 0.0683964647536186
77.97777777777777 0.13892944108380334
77.99333333333333 0.22612984736184671
78.00888888888889 0.3249320297007898
78.02444444444444 0.43750061558250763
78.03999999999999 0.5707824135628243
78.05555555555556 0.7318093779876449
78.07111111111111 0.9276134573397599
78.08666666666666 1.1649144223167127
78.10222222222222 1.4482271455123623
78.11777777777777 1.7811168948858267
78.13333333333333 2.1671452217144633
78.14888888888889 2.6098736714065467
78.16444444444444 3.1132925706825745
78.17999999999999 3.7420421692891637
78.19555555555556 4.528404091113998
78.21111111111111 5.394089206322917
78.22666666666666 6.3454903585691795
78.24222222222222 7.388701877944811
78.25777777777778 8.528982838447234
78.27333333333333 9.771447333907702
78.28888888888889 11.121209451680386
78.30444444444444 12.583404768933008
78.32 14.165316155049197
78.33555555555556 15.878172673022505
78.35111111111111 17.733626977709037
78.36666666666666 19.743331717558988
78.38222222222223 21.91873727241392
78.39777777777778 24.26418041092336
78.41333333333333 26.775168614113056
78.42888888888889 29.44665892977673
78.44444444444444 32.27360839935358
78.46 35.25108587160679
78.47555555555556 38.376113263032096
78.49111111111111 41.6480517347984
78.50666666666666 45.065548450626125
78.52222222222223 48.626748960701036
78.53777777777778 52.328603505344404
78.55333333333333 56.149903840850925
78.56888888888889 60.05885274288704
78.58444444444444 64.0235208326551
78.6 68.01197872512245
78.61555555555556 71.99125341741427
78.63111111111111 75.92166429692509
78.64666666666666 79.76087714642699
78.66222222222223 83.4665511674715
78.67777777777778 86.99634555540729
78.69333333333333 90.31020614538988
78.7088888888889 93.37774896471046
78.72444444444444 96.17114589544838
78.74 98.66256882898142
78.75555555555556 100.82419765964812
78.77111111111111 102.63525761145638
78.78666666666666 104.094934289084
78.80222222222223 105.20592372430701
78.81777777777778 105.97092194278866
78.83333333333333 106.39260638625547
78.8488888888889 106.47137829218593
78.86444444444444 106.20320288396579
78.88 105.5835335691213
78.89555555555556 104.6078237491082
78.91111111111111 103.27174826993996
78.92666666666666 101.58078296490442
78.94222222222221 99.5538715780333
78.95777777777778 97.21093598453967
78.97333333333333 94.57189805361031
78.98888888888888 91.65710572760088
79.00444444444445 88.49643013216462
79.02 85.1291143807058
79.03555555555555 81.59479741827556
79.05111111111111 77.93311818392465
79.06666666666666 74.18367594586562
79.08222222222221 70.38554384866359
79.09777777777778 66.57742193950065
79.11333333333333 62.79800233786216
79.12888888888888 59.0859771572525
79.14444444444445 55.47729500951891
79.16 51.98493209446434
79.17555555555555 48.60921727670552
79.19111111111111 45.34974618630321
79.20666666666666 42.206744959278865
79.22222222222221 39.180772491298
79.23777777777778 36.274339617248586
79.25333333333333 33.49066666135383
79.26888888888888 30.83297495125578
79.28444444444445 28.304485808671416
79.3 25.908450771129537
79.31555555555555 23.648245559476663
79.33111111111111 21.527277783969794
79.34666666666666 19.548955048983885
79.36222222222221 17.716681552899104
79.37777777777778 16.030009861702524
79.39333333333333 14.477245923127668
79.40888888888888 13.044653930691368
79.42444444444445 11.718498072018633
79.44 10.485062160281814
79.45555555555555 9.333959729993921
79.47111111111111 8.261861183956626
79.48666666666666 7.266336619537299
79.50222222222222 6.34495612822144
79.51777777777778 5.495292880309648
79.53333333333333 4.715111987870102
79.54888888888888 4.002480092584392
79.56444444444445 3.355490244000805
79.58 2.7722354858003655
79.59555555555555 2.250801251869575
79.61111111111111 1.789031321522259
79.62666666666667 1.3844836284742428
79.64222222222222 1.034699580226345
79.65777777777778 0.7372205784165544
79.67333333333333 0.48967516233636843
79.68888888888888 0.291360581061781
79.70444444444445 0.1430752463392082
79.72 0.045671080496163086
79.73555555555555 0.0
79.75111111111111 0.006280567549310945
79.76666666666667 0.05669363419031015
79.78222222222222 0.1378947868967657
79.79777777777778 0.2364309830074376
79.81333333333333 0.3388491740012114
79.82888888888888 0.43396698957718627
79.84444444444445 0.5320813494363392
79.86 0.6517258906843608
79.87555555555555 0.8126876827171827
79.89111111111112 1.0347841930368418
79.90666666666667 1.3346301124867068
79.92222222222222 1.707974898705345
79.93777777777778 2.1422111328162714
79.95333333333333 2.6247091492280106
79.96888888888888 3.142839276481027
79.98444444444445 3.688039021167185
80.0 4.271561832848533
