10.0 67.28999607266474
10.015555555555556 66.93002718048899
10.03111111111111 66.71090176515725
10.046666666666667 66.51913815007867
10.062222222222223 66.22405518318953
10.077777777777778 65.69535154789025
10.093333333333334 64.91728839685652
10.108888888888888 64.01759481152578
10.124444444444444 63.13321067726383
10.14 62.39594101229727
10.155555555555555 61.854647804718866
10.171111111111111 61.4910663805141
10.186666666666667 61.285004926181614
10.202222222222222 61.2183131965827
10.217777777777778 61.29050406211741
10.233333333333333 61.5101402020872
10.248888888888889 61.8858577496095
10.264444444444445 62.41037634784061
10.28 62.996017123740444
10.295555555555556 63.52977397119298
10.311111111111112 63.89865452717527
10.326666666666666 64.02721313397262
10.342222222222222 63.953876360928234
10.357777777777777 63.73857706227864
10.373333333333333 63.441147539638905
10.38888888888889 63.110725589894514
10.404444444444444 62.776426357157675
10.42 62.46516552198284
10.435555555555556 62.20346447308839
10.45111111111111 62.0051705623614
10.466666666666667 61.869056293536005
10.482222222222223 61.79301518229954
10.497777777777777 61.7747743993433
10.513333333333334 61.809607661660266
10.528888888888888 61.89091796218304
10.544444444444444 62.01206118806749
10.56 62.16482355945857
10.575555555555555 62.328350324244525
10.591111111111111 62.47568671897591
10.606666666666667 62.57983856231522
10.622222222222222 62.61547209899254
10.637777777777778 62.56513127821165
10.653333333333332 62.41369388627322
10.668888888888889 62.14605430252823
10.684444444444445 61.762648041136686
10.7 61.30840007837105
10.715555555555556 60.83614584592942
10.731111111111112 60.39864987072349
10.746666666666666 60.04230726262222
10.762222222222222 59.802182047415954
10.777777777777779 59.712170572461105
10.793333333333333 59.803897167046784
10.80888888888889 60.04253422649208
10.824444444444444 60.31780443671664
10.84 60.51534980878091
10.855555555555556 60.52979467485784
10.87111111111111 60.37987993669401
10.886666666666667 60.174890008608145
10.902222222222223 60.02616693950233
10.917777777777777 60.02493461275037
10.933333333333334 60.10643588456446
10.948888888888888 60.13191142427422
10.964444444444444 59.96326209718222
10.98 59.50862769550224
10.995555555555555 58.885985573479616
11.011111111111111 58.27280763001204
11.026666666666667 57.8464419459566
11.042222222222222 57.69455704439133
11.057777777777778 57.6581323060999
11.073333333333334 57.53609813776711
11.088888888888889 57.12912851395424
11.104444444444445 56.37858629592415
11.12 55.46764666435956
11.135555555555555 54.603332056617546
11.151111111111112 53.98784167466147
11.166666666666666 53.69052512111273
11.182222222222222 53.634430026985
11.197777777777778 53.73508246436893
11.213333333333333 53.9106269131172
11.22888888888889 54.113945921746335
11.244444444444444 54.32255977867737
11.26 54.514512073943365
11.275555555555556 54.66899691788956
11.29111111111111 54.77374215080397
11.306666666666667 54.82031246327199
11.322222222222223 54.8002908949868
11.337777777777777 54.70733650034788
11.353333333333333 54.544289923838505
11.36888888888889 54.31652927488153
11.384444444444444 54.029441939273624
11.4 53.69395157151155
11.415555555555555 53.33588370462405
11.431111111111111 52.983545661524886
11.446666666666667 52.66500011795347
11.462222222222222 52.38958187059541
11.477777777777778 52.13499314990315
11.493333333333332 51.8758861627133
11.508888888888889 51.58693157802213
11.524444444444445 51.24329513478631
11.54 50.82068014432423
11.555555555555555 50.294816898751264
11.571111111111112 49.64717774951191
11.586666666666666 48.93417692181822
11.602222222222222 48.2647747886449
11.617777777777778 47.749016908777435
11.633333333333333 47.484326143406975
11.648888888888889 47.47029245104886
11.664444444444445 47.66241787989168
11.68 48.01669693780309
11.695555555555556 48.48312124168888
11.71111111111111 48.985306460056336
11.726666666666667 49.4396260984106
11.742222222222223 49.76251125824774
11.757777777777777 49.90444380054396
11.773333333333333 49.90727194955116
11.788888888888888 49.828009133673845
11.804444444444444 49.723181092488744
11.82 49.61197936815563
11.835555555555555 49.45053529075403
11.851111111111111 49.18889985942337
11.866666666666667 48.77955250311652
11.882222222222222 48.240425691585756
11.897777777777778 47.6607284276547
11.913333333333334 47.133265495592354
11.928888888888888 46.7434038352618
11.944444444444445 46.47862534759463
11.96 46.257377335012734
11.975555555555555 45.996660799879805
11.991111111111111 45.62581982648942
12.006666666666668 45.1657667655079
12.022222222222222 44.67859057268333
12.037777777777778 44.22657734627592
12.053333333333333 43.85776217313446
12.068888888888889 43.55672440815533
12.084444444444443 43.29038807357642
12.1 43.02654009765865
12.115555555555556 42.74664723518811
12.13111111111111 42.47275949786115
12.146666666666667 42.23424452096492
12.162222222222223 42.060133295926335
12.177777777777777 41.95224537908564
12.193333333333333 41.8656028437
12.20888888888889 41.750609185610756
12.224444444444444 41.558473746055256
12.24 41.26300183586602
12.255555555555556 40.86311177575601
12.27111111111111 40.35903290085105
12.286666666666667 39.75237751333532
12.302222222222222 39.064312952753426
12.317777777777778 38.328716635445744
12.333333333333334 37.579369571266284
12.348888888888888 36.84568690711967
12.364444444444445 36.11932008730935
12.379999999999999 35.37445328566264
12.395555555555555 34.58517598434946
12.411111111111111 33.74328309221107
12.426666666666666 32.92211714598261
12.442222222222222 32.21848313254452
12.457777777777778 31.72912425621098
12.473333333333333 31.495659359049796
12.488888888888889 31.403912928922296
12.504444444444445 31.312380394651314
12.52 31.080414618395025
12.535555555555556 30.64510902478196
12.551111111111112 30.082251412534788
12.566666666666666 29.481973724169848
12.582222222222223 28.93284559673532
12.597777777777777 28.475374961891134
12.613333333333333 28.090933893763918
12.628888888888888 27.758951360286687
12.644444444444444 27.45937521043959
12.66 27.179666461730903
12.675555555555555 26.912944077581187
12.69111111111111 26.65246547800848
12.706666666666667 26.39519282856429
12.722222222222221 26.168103479826527
12.737777777777778 26.01273259491427
12.753333333333334 25.970711298739957
12.768888888888888 26.065254633515792
12.784444444444444 26.22995648076676
12.8 26.371188109026775
12.815555555555555 26.395336325133485
12.831111111111111 26.239582627254435
12.846666666666668 25.933220800239837
12.862222222222222 25.522693083018112
12.877777777777778 25.05430998427414
12.893333333333333 24.55997952267421
12.908888888888889 24.044428287847268
12.924444444444443 23.50936743767295
12.94 22.956895176681087
12.955555555555556 22.402298387119572
12.97111111111111 21.876993018793996
12.986666666666666 21.413377623724728
13.002222222222223 21.04160637254688
13.017777777777777 20.75621519872459
13.033333333333333 20.523241089951398
13.04888888888889 20.30792274220164
13.064444444444444 20.078827359470893
13.08 19.83374362107793
13.095555555555556 19.585613250662846
13.11111111111111 19.347506429069767
13.126666666666667 19.129542852969507
13.142222222222223 18.926330846664655
13.157777777777778 18.727399249544987
13.173333333333334 18.52227397424383
13.188888888888888 18.30049705214276
13.204444444444444 18.177719250725772
13.219999999999999 18.398219552644832
13.235555555555555 18.571295008749985
13.251111111111111 18.694696301723752
13.266666666666666 18.78215997894756
13.282222222222222 18.850352658816178
13.297777777777778 18.915801745365115
13.313333333333333 18.989420670573054
13.328888888888889 19.07471035814649
13.344444444444445 19.174664079350237
13.36 19.291062271725195
13.375555555555556 19.403851485305495
13.391111111111112 19.474059648945854
13.406666666666666 19.462088668411752
13.422222222222222 19.336715258810386
13.437777777777779 19.148574329516464
13.453333333333333 18.994577550417034
13.46888888888889 18.972161061360794
13.484444444444444 19.155227273881906
13.5 19.480847076085524
13.515555555555554 19.83676663277481
13.53111111111111 20.110667961156082
13.546666666666667 20.231840134580693
13.562222222222221 20.278603991399905
13.577777777777778 20.36263530728911
13.593333333333334 20.595315503287793
13.608888888888888 21.02325058285419
13.624444444444444 21.547338521031293
13.64 22.04857696260433
13.655555555555555 22.409488682035203
13.671111111111111 22.590204611787158
13.686666666666667 22.66377100059981
13.702222222222222 22.712133374129166
13.717777777777778 22.814408410773353
13.733333333333334 22.98953713843241
13.748888888888889 23.198881023680087
13.764444444444445 23.401492220756495
13.78 23.559702713124125
13.795555555555556 23.67264516619673
13.81111111111111 23.762579056236746
13.826666666666666 23.85212254800126
13.842222222222222 23.9601963559561
13.857777777777777 24.081334702400454
13.873333333333333 24.2001946462874
13.88888888888889 24.301405221511914
13.904444444444444 24.377141012658058
13.92 24.450214728455762
13.935555555555556 24.551214271119647
13.95111111111111 24.71069525722828
13.966666666666667 24.945750697701328
13.982222222222223 25.23925173146324
13.997777777777777 25.568712184518745
14.013333333333334 25.91205881056169
14.02888888888889 26.276129415534797
14.044444444444444 26.715128055126
14.059999999999999 27.2876471484459
14.075555555555557 28.04983692456983
14.091111111111111 28.993261816762924
14.106666666666666 30.039847159510373
14.122222222222222 31.108063638814656
14.137777777777778 32.11973555825466
14.153333333333332 33.04145951943576
14.168888888888889 33.871725810288694
14.184444444444445 34.6097093637743
14.2 35.257381682328514
14.215555555555556 35.838237293469774
14.231111111111112 36.385762216378
14.246666666666666 36.93349746019726
14.262222222222222 37.50573835365276
14.277777777777779 38.08318425749553
14.293333333333333 38.63369682154939
14.308888888888887 39.125149682197616
14.324444444444445 39.542377604804415
14.34 39.92019479431178
14.355555555555554 40.30257582469346
14.371111111111112 40.73324576859977
14.386666666666667 41.228589460599096
14.402222222222221 41.753359334216725
14.417777777777777 42.266575229771206
14.433333333333334 42.728066285330556
14.448888888888888 43.126122476937894
14.464444444444444 43.4843571772559
14.48 43.82858567683343
14.495555555555555 44.18428925932528
14.511111111111111 44.57140458355968
14.526666666666667 45.00530167079614
14.542222222222222 45.50121444497677
14.557777777777778 46.073119028148426
14.573333333333334 46.7374766039884
14.588888888888889 47.49943312977041
14.604444444444443 48.331501158323135
14.620000000000001 49.2298266098943
14.635555555555555 50.191879011582046
14.65111111111111 51.21559001646847
14.666666666666668 52.29889138539272
14.682222222222222 53.43486559742837
14.697777777777777 54.59957298308291
14.713333333333333 55.765340904844265
14.72888888888889 56.904627823135684
14.744444444444444 58.01782557142633
14.76 59.16771632931875
14.775555555555556 60.42553452040602
14.79111111111111 61.861636310662334
14.806666666666667 63.501167187423675
14.822222222222223 65.3031906554786
14.837777777777777 67.22152826086187
14.853333333333333 69.21116863796726
14.86888888888889 71.25261892289393
14.884444444444444 73.3511896968106
14.899999999999999 75.51321558202017
14.915555555555557 77.74624591672728
14.931111111111111 80.07197615765165
14.946666666666665 82.52124010461569
14.962222222222222 85.12502437872524
14.977777777777778 87.91525287765103
14.993333333333332 90.93032317017662
15.008888888888889 94.21136591853463
15.024444444444445 97.79952143664786
15.04 101.76207851165634
15.055555555555555 106.27871485805372
15.071111111111112 111.55929722827216
15.086666666666666 117.81368958296821
15.102222222222222 125.24971788505252
15.117777777777778 134.06966850683978
15.133333333333333 144.47489550849536
15.148888888888889 156.67238573292934
15.164444444444445 171.36305117843438
15.18 190.11979551081595
15.195555555555554 214.60451412072985
15.211111111111112 246.49130686775538
15.226666666666667 287.8351748943503
15.242222222222221 341.137728999301
15.257777777777777 408.9260305512132
15.273333333333333 493.6573828872598
15.288888888888888 596.7154497162439
15.304444444444444 718.641865435829
15.32 859.9556875751027
15.335555555555555 1020.9539940870358
15.351111111111111 1199.9792977411862
15.366666666666667 1394.3580915028665
15.382222222222222 1601.4081798952086
15.397777777777778 1817.812838379372
15.413333333333334 2036.8222993673326
15.428888888888888 2250.5310912843715
15.444444444444445 2451.032893709837
15.46 2630.612281996991
15.475555555555555 2782.2054114214015
15.49111111111111 2898.8873372216103
15.506666666666668 2973.748153763458
15.522222222222222 3002.8385480310135
15.537777777777777 2988.7062109384565
15.553333333333333 2934.7613518661233
15.568888888888889 2844.4422223259066
15.584444444444443 2722.6003159323577
15.6 2576.135426146883
15.615555555555556 2412.1079095914747
15.63111111111111 2237.5401957326953
15.646666666666667 2058.6261566585854
15.662222222222223 1880.7537882900551
15.677777777777777 1709.2764508602572
15.693333333333333 1549.2875867260118
15.70888888888889 1402.8081988779838
15.724444444444444 1269.8759987966384
15.74 1150.4599314661386
15.755555555555556 1044.4938871448555
15.77111111111111 951.5597226682456
15.786666666666665 871.0873986589937
15.802222222222223 802.5062886291645
15.817777777777778 745.0035332048594
15.833333333333332 696.6952175111265
15.848888888888888 655.4014970252059
15.864444444444445 618.943118232924
15.879999999999999 585.6494378440107
15.895555555555555 555.2837537523479
15.911111111111111 527.8602528049374
15.926666666666666 503.3913532178357
15.942222222222222 481.7111176223906
15.957777777777778 462.3249029850351
15.973333333333333 444.7026568395072
15.988888888888889 428.32132661502646
16.004444444444445 412.9003320076947
16.02 398.45791935242914
16.035555555555554 385.0307602758397
16.051111111111112 372.65063931743805
16.066666666666666 361.266996527606
16.08222222222222 350.7608099001359
16.09777777777778 341.01098868815905
16.113333333333333 331.8973535613097
16.128888888888888 323.2919439905571
16.144444444444446 315.06551740265263
16.16 307.0888016601242
16.175555555555555 299.2572726503039
16.191111111111113 291.6126407550854
16.206666666666667 284.25013612971895
16.22222222222222 277.2650686117513
16.23777777777778 270.7149298273695
16.253333333333334 264.51518764017703
16.26888888888889 258.5479764798056
16.284444444444446 252.69560591276797
16.3 246.8962272371757
16.315555555555555 241.22333772414652
16.331111111111113 235.7705398438368
16.346666666666668 230.63071802467618
16.362222222222222 225.84922995016666
16.377777777777776 221.39509057924204
16.393333333333334 217.23042467248717
16.40888888888889 213.31673896096947
16.424444444444443 209.59902840743462
16.439999999999998 206.0043890978435
16.455555555555556 202.4590211010941
16.47111111111111 198.89130868191035
16.486666666666665 195.2601072228557
16.502222222222223 191.5466470398493
16.517777777777777 187.732674837986
16.53333333333333 183.8052474388669
16.54888888888889 179.79518320274963
16.564444444444444 175.7548326458607
16.58 171.73669643743278
16.595555555555556 167.79809236480162
16.61111111111111 164.0212462027897
16.626666666666665 160.4964104239143
16.642222222222223 157.31383204646352
16.657777777777778 154.51858181544503
16.673333333333332 152.00595260699401
16.68888888888889 149.64023821900707
16.704444444444444 147.28608619816396
16.72 144.8739248409471
16.735555555555557 142.4766612640467
16.75111111111111 140.1858335604162
16.766666666666666 138.0918319856363
16.782222222222224 136.22702851489237
16.797777777777778 134.53960647771294
16.813333333333333 132.97113879985568
16.82888888888889 131.46325956391934
16.844444444444445 129.95897495838324
16.86 128.40264426754516
16.875555555555557 126.73868413041441
16.891111111111112 124.91835812516001
16.906666666666666 122.97681654059386
16.92222222222222 121.00543985748277
16.93777777777778 119.09664523001004
16.953333333333333 117.33122009263298
16.968888888888888 115.70373169165782
16.984444444444446 114.16999747556417
17.0 112.68564982627572
17.015555555555554 111.21479250068603
17.03111111111111 109.76144972484872
17.046666666666667 108.3413939738441
17.06222222222222 106.9704017278791
17.077777777777776 105.6682781587416
17.093333333333334 104.46709674539295
17.108888888888888 103.40125783024871
17.124444444444443 102.50482277820299
17.14 101.76526430132708
17.155555555555555 101.07640871690523
17.17111111111111 100.3208677787336
17.186666666666667 99.38357635688737
17.202222222222222 98.2494756418987
17.217777777777776 97.03932321143759
17.233333333333334 95.88357275634473
17.24888888888889 94.9072170567539
17.264444444444443 94.12497427475967
17.28 93.44918493291914
17.295555555555556 92.84995833494793
17.31111111111111 92.22154094101813
17.326666666666668 91.52302208031301
17.342222222222222 90.80652968083723
17.357777777777777 90.12502955869934
17.373333333333335 89.52493636646375
17.38888888888889 89.00700024287221
17.404444444444444 88.5525339280806
17.42 88.14277848715085
17.435555555555556 87.76035636403924
17.45111111111111 87.39406746125303
17.46666666666667 87.03443779555926
17.482222222222223 86.67200494754297
17.497777777777777 86.30996029591495
17.513333333333332 85.98832294889519
17.52888888888889 85.75377490752783
17.544444444444444 85.65264310202019
17.56 85.68873678611465
17.575555555555553 85.78352763177486
17.59111111111111 85.84906037892938
17.606666666666666 85.79938495750707
17.62222222222222 85.6289866432985
17.637777777777778 85.4382987733303
17.653333333333332 85.33498412689914
17.668888888888887 85.4227625820547
17.684444444444445 85.7290515668036
17.7 86.21219290573345
17.715555555555554 86.8280353791821
17.73111111111111 87.53448035177041
17.746666666666666 88.31207123926254
17.76222222222222 89.15540033486957
17.77777777777778 90.0592701939836
17.793333333333333 91.02726105343118
17.808888888888887 92.1230362666522
17.824444444444445 93.43542235969278
17.84 95.05333125166635
17.855555555555554 97.04862376959238
17.871111111111112 99.41776816497986
17.886666666666667 102.13640203529962
17.90222222222222 105.18023020070063
17.91777777777778 108.59644183576165
17.933333333333334 112.64015211042579
17.948888888888888 117.60221677050743
17.964444444444446 123.77356712305743
17.98 131.44118824148677
17.995555555555555 140.88359475935488
18.011111111111113 152.37833089094715
18.026666666666667 166.2062761523847
18.04222222222222 182.7838662889875
18.05777777777778 202.70711833954533
18.07333333333333 226.5844085565883
18.08888888888889 255.00919281686856
18.104444444444447 288.2808446646508
18.119999999999997 326.4295877561997
18.135555555555555 369.4757241326115
18.151111111111113 417.35141186517274
18.166666666666664 468.9947284186816
18.182222222222222 522.7166429790689
18.197777777777777 576.8182942060878
18.21333333333333 629.6162667903023
18.22888888888889 679.5356552543481
18.244444444444444 725.0480638635927
18.259999999999998 764.6252743907075
18.275555555555556 796.8602532273081
18.29111111111111 820.8985063226851
18.306666666666665 836.0429305476191
18.322222222222223 841.596643858205
18.337777777777777 837.1681771095407
18.35333333333333 823.2825108690894
18.36888888888889 800.6358052446934
18.384444444444444 769.9261457255704
18.4 732.1188375463067
18.415555555555557 688.7176896036545
18.43111111111111 641.291196117555
18.446666666666665 591.4053385529697
18.462222222222223 540.5131675905978
18.477777777777778 489.9115464678729
18.493333333333332 440.8858881359089
18.50888888888889 394.6991533451868
18.524444444444445 352.133831973979
18.54 313.511094765458
18.555555555555557 279.13349259651727
18.57111111111111 249.26120268989973
18.586666666666666 223.6396879059871
18.602222222222224 201.67152252246456
18.617777777777775 182.753059865591
18.633333333333333 166.31229912884362
18.64888888888889 152.01613727305119
18.66444444444444 139.64054029291913
18.68 128.9620328662935
18.695555555555558 119.7580440407155
18.71111111111111 111.81044319245007
18.726666666666667 104.9024602276653
18.742222222222225 98.81733220157378
18.757777777777775 93.36253941126199
18.773333333333333 88.42424096570437
18.788888888888888 83.9045290623784
18.804444444444442 79.7057006574289
18.82 75.76939837445366
18.835555555555555 72.12313335497845
18.85111111111111 68.80574391696359
18.866666666666667 65.85551130304236
18.88222222222222 63.27965296661773
18.897777777777776 61.03437878891759
18.913333333333334 59.07319827272681
18.92888888888889 57.349058516935884
18.944444444444443 55.80085705191641
18.96 54.35279331285744
18.975555555555555 52.92837454298308
18.99111111111111 51.455501196935074
19.006666666666668 49.92295219330492
19.022222222222222 48.36400460394361
19.037777777777777 46.81295142774809
19.053333333333335 45.302556406172585
19.06888888888889 43.85254933209785
19.084444444444443 42.47606420019656
19.1 41.186183835981524
19.115555555555556 39.998670618625965
19.13111111111111 38.944109568824956
19.14666666666667 38.058182604010085
19.162222222222223 37.376575689183596
19.177777777777777 36.90697604703632
19.193333333333335 36.55430012019656
19.208888888888886 36.19989062823686
19.224444444444444 35.72525020083572
19.240000000000002 35.06805738450157
19.255555555555553 34.304585737513094
19.27111111111111 33.532105216977925
19.28666666666667 32.84707173104562
19.30222222222222 32.28286740862177
19.317777777777778 31.765908450679035
19.333333333333336 31.21224329583538
19.348888888888887 30.540695309596344
19.364444444444445 29.75864074772835
19.38 28.978413622727885
19.395555555555553 28.318433585207913
19.41111111111111 27.890095753493256
19.426666666666666 27.685969841739393
19.44222222222222 27.599587172545398
19.45777777777778 27.52145314320728
19.473333333333333 27.35380943240375
19.488888888888887 27.11829144380988
19.504444444444445 26.906174468944982
19.52 26.809603505978544
19.535555555555554 26.900728348056532
19.551111111111112 27.12086132421416
19.566666666666666 27.358702244841083
19.58222222222222 27.50280766818662
19.59777777777778 27.463227465196155
19.613333333333333 27.243455323299713
19.628888888888888 26.872372995316482
19.644444444444446 26.37885875661209
19.66 25.787270122138807
19.675555555555555 25.108756833008556
19.691111111111113 24.35206944673689
19.706666666666667 23.52613492558487
19.72222222222222 22.663751360922788
19.73777777777778 21.84550259381126
19.753333333333334 21.157666905332917
19.76888888888889 20.685067273904906
19.784444444444446 20.445300119823287
19.799999999999997 20.361915534942682
19.815555555555555 20.351454119166192
19.831111111111113 20.3322526351767
19.846666666666664 20.26309915684385
19.862222222222222 20.142760671388146
19.87777777777778 19.97170584519108
19.89333333333333 19.749804801682785
19.90888888888889 19.46915693857352
19.924444444444443 19.116433269719664
19.939999999999998 18.6781937141983
19.955555555555556 18.15055756330753
19.97111111111111 17.607845820292596
19.986666666666665 17.162619571637038
20.002222222222223 16.927700222663816
20.017777777777777 16.984906384930127
20.03333333333333 17.248549286619323
20.04888888888889 17.576624240602087
20.064444444444444 17.85225307129474
20.08 17.985124861169993
20.095555555555556 18.07322276160221
20.11111111111111 18.28206997486609
20.126666666666665 18.777165273239007
20.142222222222223 19.621424826695034
20.157777777777778 20.62815678460902
20.173333333333332 21.57250164653351
20.18888888888889 22.231302548201256
20.204444444444444 22.520572349175836
20.22 22.59653569784075
20.235555555555557 22.63923545182672
20.25111111111111 22.8247224859698
20.266666666666666 23.19351275844963
20.282222222222224 23.62065179520505
20.297777777777778 23.971131191784366
20.313333333333333 24.1177600899764
20.32888888888889 24.07483930346052
20.344444444444445 23.979672620781116
20.36 23.97366089244872
20.375555555555557 24.190787792598826
20.39111111111111 24.68382002807175
20.406666666666666 25.45541005786083
20.422222222222224 26.50747195808958
20.437777777777775 27.827622489467785
20.453333333333333 29.302004319943762
20.46888888888889 30.77286918493462
20.484444444444442 32.08229366048931
20.5 33.09434072164868
20.515555555555554 33.77787046226206
20.53111111111111 34.132932412868854
20.546666666666667 34.1595790091676
20.56222222222222 33.84973574567016
20.577777777777776 33.1689793471063
20.593333333333334 32.077556138195064
20.608888888888888 30.53608084051939
20.624444444444443 28.58455617748882
20.64 26.440746015576792
20.655555555555555 24.34656534440512
20.67111111111111 22.541880876382834
20.686666666666667 21.13762462821626
20.702222222222222 20.04132817814036
20.717777777777776 19.142604492340297
20.733333333333334 18.332704084696957
20.74888888888889 17.55001413182265
20.764444444444443 16.786012107680335
20.78 16.035009044159665
20.795555555555556 15.290776645457527
20.81111111111111 14.538998150605721
20.826666666666668 13.757825613507634
20.842222222222222 12.92446987579251
20.857777777777777 12.022570554898948
20.873333333333335 11.093450178417925
20.88888888888889 10.211661346165101
20.904444444444444 9.452156150687301
20.92 8.875376615438995
20.935555555555553 8.445951041720718
20.95111111111111 8.089659478076442
20.96666666666667 7.732171176708107
20.98222222222222 7.315692279629161
20.997777777777777 6.856610628566727
21.013333333333335 6.392106124312477
21.028888888888886 5.959353102072669
21.044444444444444 5.58302183880312
21.060000000000002 5.249277431802511
21.075555555555553 4.936896994075482
21.09111111111111 4.624728981645944
21.106666666666666 4.304439976219669
21.12222222222222 3.995237547174497
21.137777777777778 3.7198970992112663
21.153333333333332 3.501191573725464
21.168888888888887 3.361752111591386
21.184444444444445 3.3239932521534
21.2 3.4103112643766735
21.215555555555554 3.6418699121032887
21.23111111111111 4.006012606069589
21.246666666666666 4.45290977584807
21.26222222222222 4.930826941855798
21.27777777777778 5.389892293645744
21.293333333333333 5.809425275862509
21.308888888888887 6.217494552778135
21.324444444444445 6.593661315278155
21.34 6.938837908088658
21.355555555555554 7.254133129134061
21.371111111111112 7.53961293987345
21.386666666666667 7.795331163945434
21.40222222222222 8.017520345376624
21.41777777777778 8.177272167760975
21.433333333333334 8.235518509270264
21.448888888888888 8.153162798602693
21.464444444444446 7.907203816509082
21.48 7.547185790045319
21.495555555555555 7.143082659167135
21.511111111111113 6.764855110567055
21.526666666666664 6.451068638632705
21.54222222222222 6.142368311757991
21.55777777777778 5.760362083950213
21.57333333333333 5.226935588439233
21.58888888888889 4.518322483444763
21.604444444444447 3.7298655267356935
21.619999999999997 2.9726959030861053
21.635555555555555 2.3569497340695307
21.651111111111113 1.9311241762303553
21.666666666666664 1.6470461300411898
21.682222222222222 1.4480932980111447
21.697777777777777 1.2787640675293233
21.71333333333333 1.1163730206620812
21.72888888888889 0.97551609144557
21.744444444444444 0.8728074886903414
21.759999999999998 0.8245078469185501
21.775555555555556 0.8409768021497257
21.79111111111111 0.9276973503925774
21.806666666666665 1.0900061226049047
21.822222222222223 1.3297937717886725
21.837777777777777 1.6101879826987897
21.85333333333333 1.8691805811691893
21.86888888888889 2.045420800058878
21.884444444444444 2.087501198295058
21.9 2.0139284660722296
21.915555555555557 1.8731994157463987
21.93111111111111 1.713925760547795
21.946666666666665 1.5753872542568388
21.962222222222223 1.4516667853432637
21.977777777777778 1.3231828920702355
21.993333333333332 1.1703523995627165
22.00888888888889 0.9814325247476745
22.024444444444445 0.7711428805532705
22.04 0.5597802442844113
22.055555555555557 0.36762641478014757
22.07111111111111 0.21061272283191101
22.086666666666666 0.09431067576076657
22.102222222222224 0.02278283165094308
22.117777777777775 0.0
22.133333333333333 0.022634744840274834
22.14888888888889 0.07487406155871668
22.16444444444444 0.31361366493968035
22.18 0.9051117420071932
22.195555555555558 1.4986942524699316
22.21111111111111 2.129294913262015
22.226666666666667 2.833632361126206
22.24222222222222 3.6457901319261055
22.257777777777775 4.548136084149746
22.273333333333333 5.4767004825499725
22.288888888888888 6.364939179018279
22.304444444444442 7.150722549884904
22.32 7.838124807784766
22.335555555555555 8.474845945703919
22.35111111111111 9.109383471777733
22.366666666666667 9.782885399779616
22.38222222222222 10.476982339572828
22.397777777777776 11.144448963325317
22.413333333333334 11.737869980483538
22.42888888888889 12.223494698909462
22.444444444444443 12.643843906372126
22.46 13.067890475490685
22.475555555555555 13.564633279530426
22.49111111111111 14.183420800024692
22.506666666666668 14.896689011033118
22.522222222222222 15.6580589563672
22.537777777777777 16.421169873585995
22.553333333333335 17.153036682331276
22.56888888888889 17.857691552093684
22.584444444444443 18.545517156376263
22.6 19.22691564078798
22.615555555555556 19.914867306308793
22.63111111111111 20.627482238210973
22.64666666666667 21.38347736178423
22.662222222222223 22.201306886021598
22.677777777777777 23.08610521614105
22.693333333333335 24.02365471514929
22.708888888888886 24.99821556057907
22.724444444444444 25.994144764901534
22.740000000000002 26.998328264067595
22.755555555555553 28.000360559375054
22.77111111111111 28.9899689688757
22.78666666666667 29.9566507739072
22.80222222222222 30.88631260699094
22.817777777777778 31.76201882065834
22.833333333333332 32.566755972680426
22.848888888888887 33.28692281310816
22.864444444444445 33.943570464975664
22.88 34.57793486214325
22.895555555555553 35.23150297127586
22.91111111111111 35.944311315794494
22.926666666666666 36.74632835138323
22.94222222222222 37.66325287986035
22.95777777777778 38.721062855870855
22.973333333333333 39.92794190616519
22.988888888888887 41.19929410387647
23.004444444444445 42.424359456189904
23.02 43.492376472934666
23.035555555555554 44.343231088120206
23.051111111111112 45.09207077328813
23.066666666666666 45.89192666741042
23.08222222222222 46.89557818659284
23.09777777777778 48.16428077467424
23.113333333333333 49.532091145017716
23.128888888888888 50.798412272852374
23.144444444444446 51.76410524380549
23.16 52.38153299320163
23.175555555555555 52.83157999610637
23.191111111111113 53.32791880830689
23.206666666666667 54.08367551985816
23.22222222222222 55.153097398056616
23.23777777777778 56.37783616338231
23.25333333333333 57.584693452229885
23.26888888888889 58.60736427068082
23.284444444444446 59.43702712233062
23.299999999999997 60.221754943591236
23.315555555555555 61.1163962274137
23.331111111111113 62.264778601236344
23.346666666666664 63.65447639653041
23.362222222222222 65.15705644849822
23.37777777777778 66.64133836078418
23.39333333333333 67.98912975524934
23.40888888888889 69.2049505658232
23.424444444444443 70.36085111591717
23.439999999999998 71.5295834585213
23.455555555555556 72.77381248822087
23.47111111111111 74.08029840426161
23.486666666666665 75.40633204066171
23.502222222222223 76.70952445515718
23.517777777777777 77.95553722092643
23.53333333333333 79.14763872753485
23.54888888888889 80.30006959527816
23.564444444444444 81.42707183673224
23.58 82.54350777363186
23.595555555555556 83.66631899189304
23.61111111111111 84.81288222635726
23.626666666666665 86.00053792807455
23.642222222222223 87.23486198286832
23.657777777777778 88.4928243881966
23.673333333333332 89.74713066078652
23.68888888888889 90.9707592059292
23.704444444444444 92.16177381720354
23.72 93.36318415819028
23.735555555555557 94.62267347889303
23.75111111111111 95.98686485371502
23.766666666666666 97.45839147521747
23.782222222222224 98.98108214212766
23.797777777777778 100.49466410358355
23.813333333333333 101.94166616158623
23.82888888888889 103.32955557301193
23.84444444444444 104.73101841110656
23.86 106.22159837483105
23.875555555555557 107.87262955452411
23.89111111111111 109.69421457863359
23.906666666666666 111.6502025146682
23.922222222222224 113.70330249305368
23.937777777777775 115.8174545939778
23.953333333333333 117.96863650826822
23.96888888888889 120.13963371673128
23.984444444444442 122.31330893934069
24.0 124.4755997885112
24.015555555555554 126.63351887305953
24.03111111111111 128.80291540079077
24.046666666666667 130.99966873907965
24.06222222222222 133.23255364303657
24.077777777777776 135.47540419694428
24.093333333333334 137.691330988696
24.108888888888888 139.84344307303206
24.124444444444443 141.92079024048996
24.14 144.00486425039844
24.155555555555555 146.19773992471664
24.17111111111111 148.60139671322145
24.186666666666667 151.31893993039273
24.202222222222222 154.23919859012904
24.217777777777776 157.27743124349104
24.233333333333334 160.35017487250775
24.24888888888889 163.42920134795122
24.264444444444443 166.59299942099597
24.28 169.93224146876514
24.295555555555556 173.5364935348938
24.31111111111111 177.43934804953005
24.326666666666668 181.59314483948515
24.342222222222222 185.9438404358259
24.357777777777777 190.43919596622936
24.373333333333335 195.07652990293377
24.38888888888889 199.90765227078555
24.404444444444444 204.98716732085495
24.42 210.3695269741628
24.435555555555553 216.1065976919815
24.45111111111111 222.24808631935286
24.46666666666667 228.84363340588743
24.48222222222222 235.93965688863125
24.497777777777777 243.5460601335203
24.513333333333335 251.64963125937686
24.528888888888886 260.23679252148656
24.544444444444444 269.32854777434943
24.56 279.22014060897766
24.575555555555553 290.33743105567953
24.59111111111111 303.1070795154243
24.606666666666666 317.92125531106205
24.62222222222222 334.97517194959846
24.637777777777778 354.39424283649873
24.653333333333332 376.30379943226944
24.668888888888887 400.9347110391619
24.684444444444445 428.958199552217
24.7 461.160319787239
24.715555555555554 498.32699031436414
24.73111111111111 540.9959080621627
24.746666666666666 588.9434269169446
24.76222222222222 641.8004218395969
24.77777777777778 699.1972427047667
24.793333333333333 760.640721512509
24.808888888888887 825.3558576209211
24.824444444444445 892.5285290751189
24.84 961.3364182898928
24.855555555555554 1030.2936645032446
24.871111111111112 1096.7726630015513
24.886666666666667 1158.033050934464
24.90222222222222 1211.3621674771648
24.91777777777778 1255.1470832843422
24.933333333333334 1289.216799770466
24.948888888888888 1313.4980387614523
24.964444444444446 1327.9264720083982
24.98 1332.6454885827416
24.995555555555555 1328.0072384322905
25.011111111111113 1314.3730301430328
25.026666666666664 1292.2808232007096
25.04222222222222 1264.9193720455442
25.05777777777778 1237.5218989435793
25.07333333333333 1215.3744416015115
25.08888888888889 1203.769408195716
25.104444444444447 1208.0649585777355
25.119999999999997 1233.6580358662159
25.135555555555555 1285.946084178004
25.15111111111111 1370.9971450565376
25.166666666666664 1499.8284662222732
25.182222222222222 1685.6728361974479
25.197777777777777 1941.773436254797
25.21333333333333 2278.8668757653877
25.22888888888889 2694.1485022834504
25.244444444444444 3180.261642096593
25.259999999999998 3729.8462278908232
25.275555555555556 4334.501380241604
25.29111111111111 4981.662136228816
25.306666666666665 5657.722303238898
25.322222222222223 6349.072570898688
25.337777777777777 7037.857618117004
25.35333333333333 7693.570781519739
25.36888888888889 8283.359614211842
25.384444444444444 8774.407441130466
25.4 9141.70201853077
25.415555555555557 9377.753522402116
25.43111111111111 9477.46012256596
25.446666666666665 9435.794327521535
25.462222222222223 9253.668637902214
25.477777777777778 8942.172317870822
25.493333333333332 8513.394108186603
25.50888888888889 7979.5717162751935
25.524444444444445 7358.947881507404
25.54 6677.692174471844
25.555555555555557 5962.516804995192
25.571111111111108 5240.0001234327565
25.586666666666666 4533.5129845307165
25.602222222222224 3863.145558813322
25.617777777777775 3248.8395172740607
25.633333333333333 2709.6431804609215
25.64888888888889 2250.6020908341407
25.66444444444444 1865.6478046768907
25.68 1548.405972161563
25.695555555555558 1292.3540392857392
25.71111111111111 1089.3561568772984
25.726666666666667 930.2854150036077
25.74222222222222 806.000484909327
25.757777777777775 707.7918938306163
25.773333333333333 630.3425266377219
25.788888888888888 569.9379674532678
25.804444444444442 522.8732996939332
25.82 485.5449101224849
25.835555555555555 454.9373510181606
25.85111111111111 428.24691037636796
25.866666666666667 402.6705260702504
25.88222222222222 376.1038917752496
25.897777777777776 349.47835608660296
25.913333333333334 324.5515633854743
25.92888888888889 303.080990450028
25.944444444444443 286.0843757390062
25.96 272.1576583775018
25.975555555555555 259.4019484439284
25.99111111111111 245.92077364874126
26.006666666666668 230.70684435597775
26.022222222222222 214.96463271132416
26.037777777777777 200.23671206563426
26.053333333333335 188.05851736914735
26.06888888888889 179.14752480957372
26.084444444444443 172.65666268318728
26.099999999999998 167.56241428191004
26.115555555555556 162.84978963444314
26.13111111111111 157.96163956696853
26.146666666666665 153.0211679619074
26.162222222222223 148.2068082493696
26.177777777777777 143.6933778582951
26.19333333333333 139.54478114588892
26.20888888888889 135.6959781894842
26.224444444444444 132.07468115320057
26.24 128.6107181158494
26.255555555555556 125.27542284757635
26.27111111111111 122.07800808294655
26.286666666666665 119.02907522440705
26.302222222222223 116.14009963680599
26.317777777777778 113.4343167529413
26.333333333333332 110.9433853011717
26.34888888888889 108.69914723356112
26.364444444444445 106.72674694620036
26.38 104.98663020379831
26.395555555555553 103.40300482015539
26.41111111111111 101.89967985887029
26.426666666666666 100.42052901613499
26.44222222222222 99.05277426651594
26.45777777777778 97.9460026016128
26.473333333333333 97.25005698710663
26.488888888888887 97.06799730753414
26.504444444444445 97.25105209600383
26.52 97.56608535610326
26.535555555555554 97.77990020108916
26.551111111111112 97.74975147942087
26.566666666666666 97.70337498377819
26.58222222222222 97.96334696820998
26.59777777777778 98.85216608800044
26.613333333333333 100.51545502284705
26.628888888888888 102.5450638407558
26.644444444444446 104.42475847514572
26.66 105.63904155647845
26.675555555555555 105.90307296992773
26.69111111111111 105.48916863322961
26.706666666666667 104.75209615219126
26.72222222222222 104.04454206914306
26.737777777777776 103.49293503337606
26.753333333333334 102.79738990774297
26.76888888888889 101.61082256035127
26.784444444444443 99.59108934322501
26.8 96.6601262534083
26.815555555555555 93.13160190841711
26.83111111111111 89.35090706365838
26.846666666666668 85.65739856085304
26.862222222222222 82.20117495725685
26.877777777777776 78.90988790873541
26.893333333333334 75.69846306453655
26.90888888888889 72.4872484281625
26.924444444444443 69.30730496535068
26.94 66.29314518879244
26.955555555555556 63.58324958701701
26.97111111111111 61.30668046764447
26.986666666666665 59.45880222664596
27.002222222222223 57.95106339243341
27.017777777777777 56.700885771142566
27.03333333333333 55.56849605594823
27.04888888888889 54.513042343121924
27.064444444444444 53.52918139636108
27.08 52.61235455951987
27.095555555555556 51.75397383417669
27.11111111111111 50.928076054976486
27.126666666666665 50.10016077426519
27.142222222222223 49.23568023749078
27.157777777777778 48.308888309858276
27.173333333333332 47.345758954707776
27.18888888888889 46.39109661194425
27.204444444444444 45.48973282944314
27.22 44.686617381944416
27.235555555555553 44.02723559776928
27.25111111111111 43.55722436335509
27.266666666666666 43.322219741253434
27.28222222222222 43.35664266053618
27.297777777777778 43.65556070623984
27.313333333333333 44.205414501584755
27.328888888888887 44.99265500901379
27.344444444444445 46.01070627811987
27.36 47.27206568686768
27.375555555555554 48.79246218208391
27.391111111111112 50.587418352047166
27.406666666666666 52.63503884201623
27.42222222222222 54.832856489965025
27.43777777777778 57.06793979810823
27.453333333333333 59.22788759955472
27.468888888888888 61.243406461878635
27.484444444444446 63.1186310621398
27.5 64.86240343042596
27.515555555555554 66.47942928022087
27.53111111111111 67.8976265668116
27.546666666666667 68.93609483467822
27.56222222222222 69.40606505760002
27.577777777777776 69.12386859863068
27.593333333333334 68.04656840609823
27.608888888888888 66.28635015002124
27.624444444444443 63.96338667265479
27.64 61.19741812102927
27.655555555555555 58.100061371604966
27.67111111111111 54.775712207386846
27.686666666666667 51.328514935927956
27.702222222222222 47.86194964283766
27.717777777777776 44.470549287267886
27.733333333333334 41.242433613708386
27.74888888888889 38.26558260634113
27.764444444444443 35.61865579989228
27.78 33.28690872769664
27.795555555555556 31.20174911905292
27.81111111111111 29.293935859793578
27.826666666666664 27.50467323304713
27.842222222222222 25.855007713983127
27.857777777777777 24.402832777671506
27.87333333333333 23.20645274123308
27.88888888888889 22.308652292472743
27.904444444444444 21.654487062573253
27.919999999999998 21.171595354143847
27.935555555555556 20.76965784150184
27.95111111111111 20.361696721973885
27.966666666666665 19.958066726697894
27.982222222222223 19.592871758702472
27.997777777777777 19.300217866816183
28.013333333333332 19.09829513881732
28.02888888888889 18.947069338243864
28.044444444444444 18.793195639940222
28.06 18.58334786074056
28.075555555555557 18.2837920419787
28.09111111111111 17.91750793977826
28.106666666666666 17.517677920209167
28.12222222222222 17.11746269954176
28.137777777777778 16.74462049495935
28.153333333333332 16.41442911664376
28.168888888888887 16.140409510051654
28.184444444444445 15.935938118810668
28.2 15.799367243291499
28.215555555555554 15.701107528864213
28.23111111111111 15.608525513747395
28.246666666666666 15.489315876928003
28.26222222222222 15.329487256753168
28.27777777777778 15.142671394503168
28.293333333333333 14.944789153747365
28.308888888888887 14.751286864741473
28.324444444444445 14.56124445381397
28.34 14.353612397840038
28.355555555555554 14.106103912267486
28.371111111111112 13.798038867793139
28.386666666666667 13.441431877178957
28.40222222222222 13.078725825621177
28.417777777777776 12.754834045538814
28.433333333333334 12.511581835605966
28.448888888888888 12.339450585258305
28.464444444444442 12.186592571011033
28.48 11.999896089301728
28.495555555555555 11.731110586742034
28.51111111111111 11.392118846666676
28.526666666666667 11.03539168800296
28.54222222222222 10.714161673750255
28.557777777777776 10.474172491778745
28.573333333333334 10.290267225330012
28.58888888888889 10.098207535337451
28.604444444444443 9.833346778471991
28.62 9.444629018545697
28.635555555555555 8.98146474501209
28.65111111111111 8.538302624560288
28.666666666666668 8.209803951180447
28.682222222222222 8.072635666672568
28.697777777777777 8.098161551950284
28.71333333333333 8.219554328923323
28.72888888888889 8.369933257045432
28.744444444444444 8.495452395795951
28.759999999999998 8.603183006682116
28.775555555555556 8.717977482849392
28.79111111111111 8.864690222625882
28.806666666666665 9.056383389134112
28.822222222222223 9.26191238925037
28.837777777777777 9.439775521207935
28.85333333333333 9.548479229764098
28.86888888888889 9.55914081494143
28.884444444444444 9.480950750033116
28.9 9.33025632445299
28.915555555555557 9.123913230245421
28.93111111111111 8.874550571721898
28.946666666666665 8.584218872172869
28.962222222222223 8.254264502836804
28.977777777777778 7.886118329267106
28.993333333333332 7.492650224802105
29.008888888888887 7.109631473525724
29.024444444444445 6.775562792405594
29.04 6.5285981856148965
29.055555555555554 6.382198729423521
29.07111111111111 6.309129073162467
29.086666666666666 6.278353816023468
29.10222222222222 6.2591408908820085
29.11777777777778 6.233956655454222
29.133333333333333 6.203273623993255
29.148888888888887 6.168858367092298
29.164444444444445 6.132196671631277
29.18 6.086585282873671
29.195555555555554 6.016036279739069
29.211111111111112 5.904060748872553
29.226666666666667 5.735050025733926
29.24222222222222 5.538200808511533
29.25777777777778 5.329671478049363
29.273333333333333 5.107447152726195
29.288888888888888 4.891728353996768
29.304444444444442 4.695503614370182
29.32 4.52608258725877
29.335555555555555 4.390621306830212
29.35111111111111 4.295017815775736
29.366666666666667 4.2302083411502736
29.38222222222222 4.177853841863907
29.397777777777776 4.119087664891822
29.413333333333334 4.038027260979106
29.42888888888889 3.95588735165893
29.444444444444443 3.9137230784795065
29.46 3.95278982015725
29.475555555555555 4.106570418923752
29.49111111111111 4.3505323688516455
29.506666666666668 4.633915190146581
29.522222222222222 4.90582977391864
29.537777777777777 5.120801401739868
29.55333333333333 5.2660222810702635
29.56888888888889 5.340875262851341
29.584444444444443 5.344764075785406
29.599999999999998 5.278971945500871
29.615555555555556 5.154021876918819
29.63111111111111 4.98327150763339
29.646666666666665 4.780079218444598
29.662222222222223 4.556141187851495
29.677777777777777 4.316463979712353
29.69333333333333 4.064371481188346
29.70888888888889 3.8031877502282896
29.724444444444444 3.5370498379166975
29.74 3.272781071614645
29.755555555555556 3.0177588232483004
29.77111111111111 2.7793597746219803
29.786666666666665 2.564509207153833
29.802222222222223 2.3789013520560047
29.817777777777778 2.228022516931219
29.833333333333332 2.1173491297248574
29.848888888888887 2.0501094036237646
29.864444444444445 2.0244371550570577
29.88 2.037764582984323
29.895555555555553 2.087473629660394
29.91111111111111 2.165373946584168
29.926666666666666 2.252716006994433
29.94222222222222 2.3295730177186442
29.95777777777778 2.3762317444216023
29.973333333333333 2.3868042954314888
29.988888888888887 2.377434820298504
30.004444444444445 2.3662349347647478
30.02 2.370967680871445
30.035555555555554 2.3946936686561457
30.051111111111112 2.420680088723543
30.066666666666666 2.4307990582175307
30.08222222222222 2.4073847048854304
30.09777777777778 2.3464218003956603
30.113333333333333 2.2594729438196737
30.128888888888888 2.158950290013763
30.144444444444442 2.057019926936505
30.16 1.9604920025507226
30.175555555555555 1.8709840829731093
30.19111111111111 1.7899003488889775
30.206666666666667 1.7188320567822757
30.22222222222222 1.662481963022742
30.237777777777776 1.6281185101726123
30.253333333333334 1.6230867792237405
30.26888888888889 1.6536253681733797
30.284444444444443 1.7115251708844426
30.3 1.7784436695980048
30.315555555555555 1.8358288969018304
30.33111111111111 1.865452884961769
30.346666666666668 1.8524777198401807
30.362222222222222 1.7840861717488679
30.377777777777776 1.647487937256642
30.393333333333334 1.4330760361001467
30.40888888888889 1.1583504912886156
30.424444444444443 0.8545183436751813
30.439999999999998 0.5528926514738259
30.455555555555556 0.2854104839351521
30.47111111111111 0.0883845579339777
30.486666666666665 0.0
30.502222222222223 0.05844901920238499
30.517777777777777 0.29137161977655524
30.53333333333333 0.6649444223295404
30.54888888888889 1.1231505078741293
30.564444444444444 1.6099428833816773
30.58 2.07820012177217
30.595555555555556 2.524252733103822
30.61111111111111 2.957634598559025
30.626666666666665 3.3878826397469766
30.642222222222223 3.814344895578074
30.657777777777778 4.194749962806441
30.673333333333332 4.476201032308495
30.68888888888889 4.605804002713171
30.704444444444444 4.554683964233959
30.72 4.376492893116733
30.735555555555553 4.142593324544464
30.75111111111111 3.924325719212902
30.766666666666666 3.769345969512756
30.78222222222222 3.6565796551806216
30.797777777777778 3.552555714484015
30.813333333333333 3.4238449730490856
30.828888888888887 3.2516303521440477
30.844444444444445 3.0530991085895494
30.86 2.850885269374089
30.875555555555554 2.667615950418053
30.891111111111112 2.5247824647772177
30.906666666666666 2.4414868183791896
30.92222222222222 2.4365290377095334
30.93777777777778 2.528423648416606
30.953333333333333 2.708804558095153
30.968888888888888 2.9207848088142327
30.984444444444446 3.102384770669687
31.0 3.1923914575494337
31.015555555555554 3.1760471735686906
31.03111111111111 3.1108635388029597
31.046666666666667 3.060599795951248
31.06222222222222 3.0879122304896782
31.077777777777776 3.208983218524736
31.093333333333334 3.37745660624671
31.108888888888888 3.542571318444402
31.124444444444443 3.6548980512942535
31.14 3.706203308445538
31.155555555555555 3.736345678653038
31.17111111111111 3.7879051441204865
31.186666666666667 3.901330796981256
31.202222222222222 4.0667268520666084
31.217777777777776 4.223099883085638
31.233333333333334 4.307580940326716
31.24888888888889 4.260599376798268
31.264444444444443 4.081886150016771
31.28 3.8255728683955113
31.295555555555556 3.547634293290912
31.31111111111111 3.300379497185304
31.326666666666664 3.1428709143078777
31.342222222222222 2.99092631569431
31.357777777777777 2.7763681823428215
31.37333333333333 2.4583035144455607
31.38888888888889 2.0574432117939523
31.404444444444444 1.635843185170529
31.419999999999998 1.2563240371109714
31.435555555555556 0.9755163702468508
31.45111111111111 0.7868792668635933
31.466666666666665 0.6469342638365561
31.482222222222223 0.5117381243641148
31.497777777777777 0.34432383491707697
31.513333333333332 0.1745481770897186
31.52888888888889 0.08945871904131764
31.544444444444444 0.10206448397411805
31.56 0.2570411435871165
31.575555555555557 0.5338793524305174
31.59111111111111 0.8832255005792149
31.606666666666666 1.2568120107755476
31.62222222222222 1.609342560013033
31.637777777777778 1.9300243867158997
31.653333333333332 2.2209212572729484
31.668888888888887 2.4841234692105445
31.684444444444445 2.723569010337201
31.7 2.9530784797874503
31.715555555555554 3.189762891154942
31.73111111111111 3.450735490441957
31.746666666666666 3.7480644647345116
31.76222222222222 4.070536139641945
31.77777777777778 4.400225363656773
31.793333333333333 4.719206349745036
31.808888888888887 5.011083607854971
31.824444444444445 5.265571883665189
31.84 5.473910739807479
31.855555555555554 5.627339691758721
31.87111111111111 5.716675090657191
31.886666666666667 5.731268189292109
31.90222222222222 5.660153375551772
31.917777777777776 5.492369968394655
31.933333333333334 5.224423685590978
31.948888888888888 4.875310448315645
31.964444444444442 4.46824375327833
31.98 4.026426023161548
31.995555555555555 3.5673352931105455
32.011111111111106 3.09338700178364
32.02666666666667 2.604548507732943
32.04222222222222 2.10082609656979
32.05777777777777 1.5919088495853657
32.07333333333334 1.109837365243834
32.08888888888889 0.6897959589783795
32.10444444444444 0.3668435505854859
32.120000000000005 0.15802479911542378
32.135555555555555 0.04375448025643891
32.151111111111106 0.0
32.166666666666664 0.002918277004710035
32.18222222222222 0.046283767660384
32.19777777777777 0.1555465800638558
32.21333333333333 0.3602967855387078
32.22888888888889 0.6884681663077572
32.24444444444444 1.1413043742415994
32.26 1.6778976665826804
32.275555555555556 2.253533549066674
32.29111111111111 2.824278865183146
32.306666666666665 3.3836071938975465
32.32222222222222 3.9780963157463702
32.337777777777774 4.658366182634495
32.35333333333333 5.474408820862095
32.36888888888889 6.453135043926295
32.38444444444444 7.592219411178121
32.4 8.887455943977784
32.41555555555556 10.335067612509988
32.43111111111111 11.943764019262971
32.446666666666665 13.736398307082709
32.46222222222222 15.736585562831237
32.477777777777774 17.96747145187919
32.49333333333333 20.44111488716237
32.50888888888889 23.158324376580936
32.52444444444444 26.119406273814207
32.54 29.32277859094529
32.55555555555556 32.72996411979284
32.57111111111111 36.26889333101792
32.586666666666666 39.86627075539889
32.602222222222224 43.449281736915395
32.617777777777775 46.953006935500525
32.63333333333333 50.31898449381356
32.64888888888889 53.488942153092125
32.66444444444444 56.405738627580604
32.68 59.028044542888324
32.69555555555556 61.32615830532143
32.71111111111111 63.27064760640155
32.72666666666667 64.83182011429449
32.742222222222225 65.97728688139091
32.757777777777775 66.67254674778223
32.77333333333333 66.88185006461117
32.78888888888889 66.5803164425513
32.80444444444444 65.84806367286933
32.82 64.90076175038212
32.83555555555556 63.92724182239783
32.85111111111111 62.94610397373947
32.86666666666667 62.03525362549374
32.882222222222225 61.240907710796364
32.897777777777776 60.608981432170935
32.913333333333334 60.19118945937407
32.92888888888889 60.08596464660047
32.94444444444444 60.414289458683356
32.96 61.29729217021065
32.97555555555556 62.83343765741972
32.99111111111111 64.95949419697433
33.00666666666667 67.54196611426084
33.022222222222226 70.44755598891277
33.03777777777778 73.5648543055745
33.05333333333333 76.92142830578109
33.06888888888889 80.60043561035434
33.08444444444444 84.68516078568916
33.099999999999994 89.2286151328841
33.11555555555556 94.11211017731512
33.13111111111111 99.15649819216571
33.14666666666666 104.18256402014151
33.162222222222226 109.02572141143753
33.17777777777778 113.59575416372309
33.19333333333333 117.82602085674682
33.20888888888889 121.64988953768
33.224444444444444 124.9955645336621
33.239999999999995 127.76765414568297
33.25555555555556 129.86403059380496
33.27111111111111 131.18256557649283
33.28666666666666 131.63609068366543
33.30222222222223 131.19902496602958
33.31777777777778 129.86163399195857
33.33333333333333 127.6141837991022
33.34888888888889 124.4804974301079
33.364444444444445 120.6090997599664
33.379999999999995 116.17747635410683
33.39555555555555 111.36311680068377
33.41111111111111 106.3677994206871
33.42666666666666 101.4749604285139
33.44222222222222 96.98517791630331
33.45777777777778 93.19899835809872
33.47333333333333 90.36281541810479
33.48888888888889 88.55787081245819
33.504444444444445 87.8340345988396
33.519999999999996 88.24144174813102
33.535555555555554 90.02848158121446
33.55111111111111 93.99360802042634
33.56666666666666 101.029896842011
33.58222222222222 112.02808745779271
33.59777777777778 126.92735122716567
33.61333333333333 143.2578180613649
33.62888888888889 158.17416873856337
33.644444444444446 168.84551789048294
33.66 176.09464173414256
33.675555555555555 189.20897935714606
33.69111111111111 218.67140563081966
33.70666666666666 274.9168154093119
33.72222222222222 360.1338010449075
33.73777777777778 458.97847288302614
33.75333333333333 553.8633571852292
33.76888888888889 627.2856802605726
33.784444444444446 672.2674723659587
33.8 702.4217068909245
33.815555555555555 733.7482242644436
33.83111111111111 782.1177271381385
33.846666666666664 851.2454609528249
33.86222222222222 922.9073638786248
33.87777777777778 976.5769134540351
33.89333333333333 991.9135760392195
33.90888888888889 962.3230232594163
33.92444444444445 904.1553517923958
33.94 835.9390390930155
33.955555555555556 776.0138474523852
33.971111111111114 731.4525212338841
33.986666666666665 691.8959890622808
34.00222222222222 645.4894095924408
34.01777777777778 580.5689646247466
34.03333333333333 494.8971465865293
34.04888888888889 399.7836625898003
34.06444444444445 307.58755847655505
34.08 230.4958215492494
34.095555555555556 173.5442978095042
34.111111111111114 132.2025432392718
34.126666666666665 101.27216918204238
34.14222222222222 75.62896471059696
34.15777777777778 52.78665577712832
34.17333333333333 33.54999988603686
34.18888888888888 18.930558013953146
34.20444444444445 9.8979257249988
34.22 6.127611910982523
34.23555555555555 5.786707535353571
34.251111111111115 6.957156035019011
34.266666666666666 7.7617840122811685
34.28222222222222 7.429183061423714
34.29777777777778 6.394275789608059
34.31333333333333 5.153028959492872
34.32888888888888 4.188121653735607
34.34444444444445 3.6638740608457283
34.36 3.4190032182492587
34.37555555555555 3.2774894020552665
34.391111111111115 3.068709853288624
34.406666666666666 2.737578742711662
34.42222222222222 2.339965592846397
34.43777777777778 1.9362201052317687
34.45333333333333 1.5844075240376014
34.468888888888884 1.2985611163470594
34.48444444444444 1.0529477848555189
34.5 0.8204058750593504
34.51555555555555 0.5758247659076687
34.53111111111111 0.32993011759060664
34.54666666666667 0.12392906166951434
34.56222222222222 0.001215161359823469
34.577777777777776 0.0
34.593333333333334 0.11523884895530045
34.608888888888885 0.30630122253990066
34.62444444444444 0.5315531543233192
34.64 0.7525757112027804
34.65555555555555 0.9779283643608778
34.67111111111111 1.2517662331008523
34.68666666666667 1.6191278359535772
34.70222222222222 2.1220304760290674
34.717777777777776 2.761807752512368
34.733333333333334 3.5106378635769033
34.748888888888885 4.340063990613885
34.76444444444444 5.226473739455628
34.78 6.2066459020510365
34.79555555555555 7.358347692688312
34.81111111111111 8.76012655363047
34.82666666666667 10.486449022263855
34.84222222222222 12.564489939624423
34.85777777777778 14.990983861816858
34.873333333333335 17.762161158596882
34.888888888888886 20.87534319278791
34.904444444444444 24.33964973129048
34.92 28.17141245508742
34.93555555555555 32.38706648211928
34.95111111111111 37.00587003887517
34.96666666666667 42.075673338630054
34.98222222222222 47.6609461200801
34.99777777777778 53.82636349553104
35.013333333333335 60.62227205842828
35.028888888888886 67.96266026307194
35.044444444444444 75.68604363924146
35.06 83.63013852826691
35.07555555555555 91.64286462471898
35.09111111111111 99.66366844392167
35.10666666666667 107.68030135597394
35.12222222222222 115.68095047341467
35.13777777777778 123.63657312604039
35.153333333333336 131.37201383775846
35.16888888888889 138.6384859250959
35.184444444444445 145.18664037866722
35.2 150.7891492172614
35.215555555555554 155.39572145606712
35.23111111111111 159.04137203145342
35.24666666666667 161.7616637649677
35.26222222222222 163.59546600661997
35.27777777777778 164.60691642512904
35.29333333333334 164.8718115558621
35.30888888888889 164.46601046097442
35.324444444444445 163.48421071745975
35.34 162.15830242541597
35.355555555555554 160.7808780548878
35.371111111111105 159.64479992025042
35.38666666666667 159.06229183610117
35.40222222222222 159.48027705800916
35.41777777777777 161.40291647671916
35.43333333333334 165.33458019915236
35.44888888888889 171.7552169569807
35.46444444444444 180.98208287107752
35.480000000000004 193.26593947435333
35.495555555555555 208.85735010595158
35.511111111111106 228.0113658552466
35.52666666666667 251.0117316217129
35.54222222222222 278.1534897432797
35.55777777777777 309.7317097638072
35.57333333333334 345.87740998495553
35.58888888888889 385.7126691248403
35.60444444444444 427.97628372952465
35.620000000000005 471.406311199921
35.635555555555555 514.7983593889921
35.651111111111106 557.2892334938872
35.666666666666664 598.1410026356284
35.68222222222222 636.615927453391
35.69777777777777 671.8833310024291
35.71333333333333 702.5802584451155
35.72888888888889 727.1545901032741
35.74444444444444 744.0539793173235
35.76 752.0156895382696
35.775555555555556 751.3826533431793
35.79111111111111 743.0511166203651
35.806666666666665 727.9178407930677
35.82222222222222 706.8437571235579
35.837777777777774 680.4970975792785
35.85333333333333 649.4815946589721
35.86888888888889 614.4009346880547
35.88444444444444 575.9716095122586
35.9 535.4998062708286
35.91555555555556 494.4837646392001
35.93111111111111 454.42182873767126
35.946666666666665 416.5989547490707
35.96222222222222 381.21366518804905
35.977777777777774 348.11959118004006
35.99333333333333 317.17022285141013
36.00888888888889 288.2837426692156
36.02444444444444 261.70030608770594
36.04 237.75935956840192
36.05555555555556 216.79945463246145
36.07111111111111 199.04807197898685
36.086666666666666 184.1895063338626
36.102222222222224 171.74332767195904
36.117777777777775 161.2290690489615
36.13333333333333 152.2071558403618
36.14888888888889 144.43265738788716
36.16444444444444 137.71849424465825
36.18 131.87759643233255
36.19555555555556 126.73674097373294
36.21111111111111 122.18740657888702
36.22666666666667 118.13995449342372
36.242222222222225 114.50474820400268
36.257777777777775 111.18382249793422
36.27333333333333 108.0409348214938
36.28888888888889 104.92885322412667
36.30444444444444 101.70034480021286
36.32 98.25581519966238
36.33555555555556 94.71143193069213
36.35111111111111 91.24441683093858
36.36666666666667 88.03199556057575
36.382222222222225 85.20890976506746
36.397777777777776 82.71990659995436
36.413333333333334 80.45664186898739
36.42888888888889 78.310768926572
36.44444444444444 76.20849361109333
36.46 74.22889700132998
36.47555555555556 72.49332615737433
36.49111111111111 71.12312958380801
36.50666666666666 70.21010384442855
36.522222222222226 69.71643740008051
36.53777777777778 69.56879698023579
36.55333333333333 69.6938483709323
36.56888888888889 70.04372796365863
36.58444444444444 70.68152124295818
36.599999999999994 71.70051576682772
36.61555555555556 73.1939997225777
36.63111111111111 75.2619840696185
36.64666666666666 78.03362159440292
36.662222222222226 81.64595952386082
36.67777777777778 86.23604521785376
36.69333333333333 91.96946390101436
36.70888888888889 99.13514617514932
36.724444444444444 108.05533960477067
36.739999999999995 119.0522922779171
36.75555555555556 132.47762621857567
36.77111111111111 148.80980187466548
36.78666666666666 168.5615077347196
36.80222222222222 192.24543280587977
36.81777777777778 220.41941665690342
36.83333333333333 253.83645823078484
36.84888888888889 293.302274208908
36.864444444444445 339.6225821068134
36.879999999999995 393.3281238067492
36.89555555555555 453.7575403794781
36.91111111111111 519.9264982592675
36.92666666666666 590.850658116804
36.94222222222222 665.511105957399
36.95777777777778 742.7382916732386
36.97333333333333 821.3228999447282
36.98888888888889 900.0531910452934
37.004444444444445 977.483798715118
37.019999999999996 1051.1396423179608
37.035555555555554 1118.263320598416
37.05111111111111 1176.0974247778513
37.06666666666666 1222.1986034537176
37.08222222222222 1255.5136504581296
37.09777777777778 1275.3738684312852
37.11333333333333 1281.1105733792565
37.12888888888889 1272.2706403725665
37.144444444444446 1249.3655576442352
37.16 1213.176528633781
37.175555555555555 1164.484769382956
37.19111111111111 1104.3814208728124
37.20666666666666 1035.362538592165
37.22222222222222 960.3220706504488
37.23777777777778 882.1539906099978
37.25333333333333 803.4975598787861
37.26888888888889 725.8200643682202
37.284444444444446 650.2519301186593
37.3 577.923553391514
37.315555555555555 509.96636081180793
37.33111111111111 447.516600856169
37.346666666666664 391.71193132016833
37.36222222222222 343.6900101634865
37.37777777777778 304.33353904793535
37.39333333333333 273.3119193137161
37.40888888888889 249.9271409897268
37.42444444444445 233.4837400380435
37.44 223.38643889849993
37.455555555555556 219.5283998880866
37.471111111111114 221.9505784007306
37.486666666666665 230.69311809614373
37.50222222222222 245.6988444631853
37.51777777777778 266.4218843151008
37.53333333333333 292.16440873113675
37.54888888888889 322.2285406901143
37.56444444444445 356.00768282125773
37.58 393.3617769928311
37.595555555555556 434.2994273012588
37.611111111111114 478.82930133659227
37.626666666666665 526.849187026303
37.64222222222222 577.6745024645645
37.65777777777778 630.4301321770504
37.67333333333333 684.2408519822205
37.68888888888888 738.4638289226974
37.70444444444445 793.7132021168079
37.72 851.0261455269391
37.73555555555555 911.4401519407157
37.751111111111115 975.8428854645066
37.766666666666666 1044.2856314219914
37.78222222222222 1116.5295787853129
37.79777777777778 1192.335630813831
37.81333333333333 1271.396060664426
37.82888888888888 1353.0068821632428
37.84444444444445 1436.32220259461
37.86 1520.4959485966851
37.87555555555555 1604.4311580093658
37.891111111111115 1685.5291784765732
37.906666666666666 1760.6351037186234
37.92222222222222 1826.5931219527388
37.93777777777778 1880.362744113298
37.95333333333333 1919.6206998866014
37.968888888888884 1942.3190093072249
37.98444444444444 1946.4102596310415
38.0 1930.1527169910144
38.01555555555555 1893.7846454596465
38.03111111111111 1838.3335887747978
38.04666666666667 1764.8293240371493
38.06222222222222 1674.5502938575346
38.077777777777776 1570.4683901063536
38.093333333333334 1456.2566622807337
38.108888888888885 1335.590407809132
38.12444444444444 1212.019328383174
38.14 1088.2040952956136
38.15555555555555 966.4217523078466
38.17111111111111 848.9478297799744
38.18666666666667 737.9666535197925
38.20222222222222 634.9850417413721
38.217777777777776 541.2047968636534
38.233333333333334 457.82625326641437
38.248888888888885 385.86947516535236
38.26444444444444 324.94535249505293
38.28 274.0017954177464
38.29555555555555 231.98285218937144
38.31111111111111 197.8502624065777
38.32666666666667 170.71171157537572
38.34222222222222 149.74675709627763
38.35777777777778 134.13545925135747
38.373333333333335 123.15774256942473
38.388888888888886 116.96557361277564
38.404444444444444 116.1611400860703
38.42 121.3503868484512
38.43555555555555 132.96864965495115
38.45111111111111 149.86924832457282
38.46666666666667 170.04786303862886
38.48222222222222 191.49169465581554
38.49777777777778 212.48310086189758
38.513333333333335 234.22064690068385
38.528888888888886 259.565539302489
38.544444444444444 291.3983384910231
38.56 332.2702364925965
38.57555555555555 381.2524591992558
38.59111111111111 435.32639284434185
38.60666666666667 491.44494959115866
38.62222222222222 546.7896520100736
38.63777777777778 601.1350551789212
38.653333333333336 655.8984827677648
38.66888888888889 712.5233144275471
38.684444444444445 772.2900429968586
38.7 834.4873499311084
38.715555555555554 897.0706302275399
38.73111111111111 957.970785689996
38.74666666666667 1015.1408382176604
38.76222222222222 1066.8267536190242
38.77777777777778 1111.4820092469326
38.79333333333334 1147.5644767562162
38.80888888888889 1173.6225413201541
38.82444444444444 1189.5093184427474
38.84 1196.0575193634052
38.855555555555554 1194.1236628039023
38.871111111111105 1184.4905555846562
38.88666666666667 1166.7780734538096
38.90222222222222 1139.6791600938652
38.91777777777777 1101.861009601582
38.93333333333334 1052.172399031177
38.94888888888889 992.6167724400113
38.96444444444444 927.8713504446962
38.980000000000004 862.6979330580947
38.995555555555555 801.7067088924483
39.011111111111106 746.587486122667
39.02666666666667 696.3936173592998
39.04222222222222 650.0838150649811
39.05777777777777 606.7153234576413
39.07333333333334 567.4569816504134
39.08888888888889 535.5096783943791
39.10444444444444 514.1579826357396
39.12 506.59923793052815
39.135555555555555 513.9149359780511
39.151111111111106 535.0079346594364
39.166666666666664 568.6813067075557
39.18222222222222 613.7627957201324
39.19777777777777 669.7614339704205
39.21333333333333 736.9375299617881
39.22888888888889 815.590102545423
39.24444444444444 905.993285876513
39.26 1007.6297854119631
39.275555555555556 1119.0457988730805
39.29111111111111 1238.7333655413377
39.306666666666665 1365.1744049099389
39.32222222222222 1496.4751244756817
39.337777777777774 1630.2636651349678
39.35333333333333 1764.1372038628197
39.36888888888889 1895.675680359592
39.38444444444444 2021.6999068004077
39.4 2137.989723491664
39.41555555555556 2240.631063606631
39.43111111111111 2325.2216906286467
39.446666666666665 2388.7291003472055
39.46222222222222 2430.5625710882914
39.477777777777774 2450.3087831450184
39.49333333333333 2447.5605362798196
39.50888888888889 2422.314088080697
39.52444444444444 2375.2128657686394
39.54 2306.9585965668875
39.55555555555556 2218.265007668199
39.57111111111111 2110.854295059562
39.586666666666666 1988.2050420302478
39.602222222222224 1853.9720072013197
39.617777777777775 1711.809592812136
39.63333333333333 1565.2383000164018
39.64888888888889 1417.5268111609996
39.66444444444444 1271.9162120681844
39.68 1131.643512889797
39.69555555555556 999.3163217089244
39.71111111111111 876.2387075704718
39.72666666666667 763.5529879977436
39.742222222222225 662.3987523203583
39.757777777777775 573.2903793312837
39.77333333333333 495.32358710957465
39.78888888888889 427.3984066870561
39.80444444444444 368.41521530478985
39.82 317.4037825108493
39.83555555555556 273.7166378220694
39.85111111111111 236.75580260942343
39.86666666666667 205.92319873144095
39.882222222222225 180.55069839193993
39.897777777777776 159.77741517846448
39.913333333333334 142.70959415168034
39.92888888888889 128.453560854162
39.94444444444444 116.25201014153322
39.96 105.76308150618411
39.97555555555556 96.72374301064792
39.99111111111111 88.87096816165138
40.00666666666666 81.97852605509479
40.022222222222226 75.94472759323708
40.03777777777778 70.69420733693198
40.05333333333333 66.15159980423903
40.06888888888889 62.236452010203266
40.08444444444444 58.89440324695738
40.099999999999994 56.056001430801416
40.11555555555556 53.536959397197165
40.13111111111111 51.25339064834384
40.14666666666666 49.20694624636849
40.162222222222226 47.42181952410533
40.17777777777778 45.922203920794914
40.19333333333333 44.748143703050005
40.20888888888889 43.86525403777057
40.224444444444444 43.249313469073286
40.239999999999995 42.87765983070199
40.25555555555556 42.73185449846767
40.27111111111111 42.815886551936615
40.28666666666666 43.141160691981554
40.30222222222222 43.7190863202577
40.31777777777778 44.56017758180974
40.33333333333333 45.66958572038993
40.34888888888889 47.05047392881454
40.364444444444445 48.70600213625096
40.379999999999995 50.639316204551506
40.39555555555555 52.8534665614751
40.41111111111111 55.351463957798046
40.42666666666666 58.13631900486496
40.44222222222222 61.21676534655967
40.45777777777778 64.64579726137958
40.47333333333333 68.49704213756127
40.48888888888889 72.84424299293846
40.504444444444445 77.75231277962143
40.519999999999996 83.20786273674321
40.535555555555554 89.15656513040392
40.55111111111111 95.54373487238377
40.56666666666666 102.32427561094903
40.58222222222222 109.55133706318304
40.59777777777778 117.33569186467116
40.61333333333333 125.78884445278459
40.62888888888889 135.01608192209824
40.644444444444446 145.04840931927583
40.66 155.86793796372103
40.675555555555555 167.45591956939427
40.69111111111111 179.79721803250766
40.70666666666666 192.9275805550061
40.72222222222222 206.92036589888266
40.73777777777778 221.8498144251364
40.75333333333333 237.78769795428752
40.76888888888889 254.764235646722
40.784444444444446 272.7751207570535
40.8 291.81499848642227
40.815555555555555 311.86837298229955
40.83111111111111 332.71237923658623
40.846666666666664 353.9340376602422
40.86222222222222 375.1137563728844
40.87777777777778 395.8217539148866
40.89333333333333 415.71205002299894
40.90888888888889 434.5180708898848
40.92444444444445 451.9770340174665
40.94 467.82258153244504
40.955555555555556 481.67300611085557
40.971111111111114 493.0091587128536
40.986666666666665 501.30385389527976
41.00222222222222 506.0358721761129
41.01777777777778 506.93723705312846
41.03333333333333 504.08183555824166
41.04888888888889 497.5677465641319
41.06444444444445 487.49531322984103
41.08 474.09707673494177
41.095555555555556 457.80840813643226
41.111111111111114 439.08188569227843
41.126666666666665 418.3700371877817
41.142222222222216 396.12108309297207
41.15777777777778 372.7764398304115
41.17333333333333 348.77590603301167
41.18888888888888 324.55849024541783
41.20444444444445 300.52339363139276
41.22 276.9887536894769
41.23555555555555 254.26302705228522
41.251111111111115 232.65446241069935
41.266666666666666 212.4195421204264
41.28222222222222 193.69522758988626
41.29777777777778 176.6016657376423
41.31333333333333 161.25885243496543
41.32888888888888 147.70023722049302
41.34444444444445 135.72798760638534
41.36 125.10604963135779
41.37555555555555 115.59838748053153
41.391111111111115 107.00733201516209
41.406666666666666 99.25453887559524
41.42222222222222 92.2847942509785
41.437777777777775 86.04288410035815
41.45333333333333 80.46588264620743
41.468888888888884 75.46280620663401
41.48444444444444 70.93629186369606
41.5 66.78897669164587
41.51555555555555 62.93890628958502
41.53111111111111 59.36996128613441
41.54666666666667 56.0836018945829
41.56222222222222 53.08128849523871
41.577777777777776 50.358340043199746
41.593333333333334 47.87916397980439
41.608888888888885 45.59846374627409
41.62444444444444 43.470939309513824
41.64 41.457564135005555
41.65555555555555 39.5566854131622
41.67111111111111 37.78043354650413
41.68666666666667 36.14096068877916
41.70222222222222 34.64786802734784
41.717777777777776 33.29264934329535
41.733333333333334 32.05896553023945
41.748888888888885 30.93044620013245
41.76444444444444 29.890731522986698
41.78 28.923551818786336
41.79555555555555 28.01268306905513
41.81111111111111 27.14190160354292
41.82666666666667 26.296905717134905
41.84222222222222 25.48305237352588
41.85777777777778 24.71452568839868
41.873333333333335 24.00684267037741
41.888888888888886 23.37442002587909
41.904444444444444 22.81757539390253
41.92 22.326867911243994
41.93555555555555 21.8926615421351
41.95111111111111 21.50511896051239
41.96666666666667 21.151155496639376
41.98222222222222 20.815060441512514
41.99777777777778 20.481047816084242
42.013333333333335 20.13482508260404
42.028888888888886 19.793220003978945
42.044444444444444 19.50248591181571
42.06 19.310030299482833
42.07555555555555 19.262045426854456
42.09111111111111 19.37088437997238
42.10666666666667 19.611424948401122
42.12222222222222 19.956600088186747
42.13777777777778 20.380033835696054
42.15333333333333 20.882289585010653
42.16888888888889 21.498968403566664
42.184444444444445 22.268017258394252
42.199999999999996 23.226701531837193
42.215555555555554 24.37256479967084
42.23111111111111 25.642246936956667
42.24666666666666 26.967225755233812
42.26222222222222 28.27967179254415
42.27777777777778 29.578333095830658
42.29333333333333 30.982891153505193
42.30888888888889 32.625820926960955
42.324444444444445 34.63934211067681
42.339999999999996 37.108304697312406
42.355555555555554 40.01500553916537
42.37111111111111 43.32833857550099
42.38666666666666 47.017246033909714
42.40222222222222 51.073722012993926
42.41777777777778 55.54965984537637
42.43333333333333 60.50655665676368
42.44888888888889 66.00589630239176
42.464444444444446 72.07765997904039
42.48 78.65284281698735
42.495555555555555 85.64304827538206
42.51111111111111 92.95987976634945
42.526666666666664 100.50210775238634
42.54222222222222 108.11941255211502
42.55777777777778 115.64973808519653
42.57333333333333 122.93102826484244
42.58888888888889 129.80541293502426
42.60444444444445 136.13459669348208
42.62 141.78600129936297
42.635555555555555 146.6270491958743
42.65111111111111 150.52949880934216
42.666666666666664 153.3900168924631
42.68222222222222 155.11414754591237
42.69777777777778 155.60835750491094
42.71333333333333 154.7944748557495
42.72888888888889 152.71425752474636
42.74444444444444 149.46172747689457
42.76 145.131116085896
42.775555555555556 139.8230877468933
42.79111111111111 133.6957042217474
42.806666666666665 126.93718765917879
42.82222222222222 119.73602815128106
42.837777777777774 112.27648021152766
42.85333333333333 104.69459056901201
42.86888888888889 97.09578670014241
42.88444444444444 89.58500700242496
42.9 82.26709309906573
42.91555555555556 75.24544802657556
42.93111111111111 68.62237215915263
42.946666666666665 62.500137774585596
42.96222222222222 56.976226543094185
42.977777777777774 52.052016387315234
42.99333333333333 47.64000828180451
43.00888888888889 43.64936072306773
43.02444444444444 39.99086917522254
43.04 36.62171639794269
43.05555555555556 33.55091781069166
43.07111111111111 30.790219081159762
43.086666666666666 28.35084982826902
43.102222222222224 26.22196806736065
43.117777777777775 24.36283949728943
43.13333333333333 22.730604378111593
43.14888888888889 21.282553989755
43.16444444444444 19.986765753155737
43.18 18.82911076000528
43.19555555555556 17.79712367956745
43.21111111111111 16.878336323863437
43.22666666666667 16.059878771100784
43.242222222222225 15.328068334204204
43.257777777777775 14.669124231011438
43.27333333333333 14.069263706101424
43.28888888888889 13.513955316297142
43.30444444444444 12.986794153512506
43.32 12.471087026994951
43.33555555555555 11.950144259544231
43.35111111111111 11.415107940500889
43.36666666666667 10.881589759697817
43.38222222222222 10.369967188033911
43.397777777777776 9.900617689354135
43.413333333333334 9.487409226254954
43.428888888888885 9.118600976916014
43.44444444444444 8.776155456728816
43.46 8.4420351751412
43.47555555555555 8.102742590282901
43.49111111111111 7.767376309965471
43.50666666666667 7.452051353501702
43.52222222222222 7.172884915682971
43.53777777777778 6.942080095026313
43.553333333333335 6.747016422538536
43.568888888888885 6.565372250556152
43.58444444444444 6.374803579184686
43.6 6.156010826716283
43.61555555555555 5.914613160403178
43.63111111111111 5.668420380412954
43.64666666666667 5.435325418314278
43.66222222222222 5.4189998875014
43.67777777777778 5.430492134251267
43.693333333333335 5.421807534266236
43.708888888888886 5.359382216117638
43.724444444444444 5.212871554653589
43.74 4.998889382526386
43.75555555555555 4.769588662071669
43.77111111111111 4.57800201053908
43.78666666666667 4.474820178929235
43.80222222222222 4.462525669379033
43.81777777777778 4.4983393892104
43.833333333333336 4.537730445396392
43.84888888888889 4.5371151985305005
43.864444444444445 4.482160169135682
43.88 4.39264916451782
43.89555555555555 4.290293906041256
43.91111111111111 4.196744973753084
43.92666666666666 4.130542345154481
43.94222222222222 4.105700374959497
43.95777777777778 4.135876741521997
43.97333333333333 4.234689115948754
43.98888888888889 4.411836332103917
44.004444444444445 4.669857325015755
44.019999999999996 5.0105280367445175
44.035555555555554 5.435618010275448
44.05111111111111 5.94528170177648
44.06666666666666 6.535933120312507
44.08222222222222 7.20345822704644
44.09777777777778 7.943743381817967
44.11333333333333 8.753209900448724
44.12888888888889 9.629867331177138
44.144444444444446 10.572018599291596
44.16 11.577966613003582
44.175555555555555 12.64150268083813
44.19111111111111 13.73906227559985
44.20666666666666 14.842907983891791
44.22222222222222 15.925302384891097
44.23777777777778 16.964852531732163
44.25333333333333 17.971980684432538
44.26888888888889 18.967060696372073
44.284444444444446 19.970469811626117
44.3 21.00068995363256
44.315555555555555 22.063705547530844
44.33111111111111 23.16044034537356
44.346666666666664 24.29180376269312
44.36222222222222 25.45984169432745
44.37777777777778 26.676620211157683
44.39333333333333 27.95941970353624
44.40888888888889 29.325565316847474
44.42444444444445 30.791202369285543
44.44 32.358189367283444
44.455555555555556 34.01888873499115
44.47111111111111 35.76549161169987
44.486666666666665 37.59122950041228
44.50222222222222 39.507356845909044
44.51777777777777 41.540376405820325
44.53333333333333 43.71727150948175
44.54888888888889 46.06486264574448
44.56444444444444 48.60567570797161
44.58 51.35761258725131
44.595555555555556 54.33834634006291
44.61111111111111 57.566204505565224
44.626666666666665 61.08851494434168
44.64222222222222 64.9924755764099
44.657777777777774 69.36818204000485
44.67333333333333 74.30549073558564
44.68888888888889 79.87319088179026
44.70444444444444 86.10282881992623
44.72 93.02214352106898
44.73555555555556 100.65900083420127
44.75111111111111 109.07210592575086
44.766666666666666 118.39101405125825
44.782222222222224 128.75519185786004
44.797777777777775 140.3041894461295
44.81333333333333 153.3093834903765
44.82888888888889 168.44098282050788
44.84444444444444 186.44433071345406
44.86 208.06477043954624
44.87555555555556 233.95794816275475
44.89111111111111 264.4177554368116
44.906666666666666 299.6468974865121
44.922222222222224 339.848079528178
44.937777777777775 385.46329586700494
44.95333333333333 438.2295600786306
44.96888888888889 500.3199635650484
44.98444444444444 573.9079280669758
45.0 660.9243764526933
45.01555555555556 761.5166212816038
45.03111111111111 875.0359116013003
45.04666666666667 1000.829812796531
45.06222222222222 1138.3025183392897
45.077777777777776 1287.4380812792474
45.093333333333334 1448.5604927554455
45.108888888888885 1621.998055018351
45.12444444444444 1807.9567333100567
45.14 2004.8285768112887
45.15555555555555 2209.6177241961145
45.17111111111111 2419.2930966936133
45.18666666666667 2630.79344334707
45.20222222222222 2840.368127790005
45.217777777777776 3043.5796602190003
45.233333333333334 3235.960885041523
45.248888888888885 3413.0524436296064
45.26444444444444 3570.6992631207863
45.28 3705.140791246966
45.29555555555555 3812.6420358851656
45.31111111111111 3889.481264933401
45.32666666666667 3932.9313391366377
45.34222222222222 3941.96460872628
45.35777777777778 3915.719763902974
45.373333333333335 3853.3427989724023
45.388888888888886 3755.6637611949327
45.404444444444444 3627.3389140594145
45.42 3473.5530780163654
45.43555555555555 3299.4907724836003
45.45111111111111 3109.7890364161867
45.46666666666667 2907.405613994631
45.48222222222222 2694.9773530416805
45.49777777777778 2475.1411013736506
45.513333333333335 2250.939095446862
45.528888888888886 2027.1152554278442
45.544444444444444 1808.859934752396
45.56 1601.3634886184127
45.57555555555555 1409.2134661881896
45.59111111111111 1233.5075614291682
45.60666666666667 1074.0905336909614
45.62222222222222 930.8055164292201
45.63777777777778 803.4244585387814
45.65333333333333 691.1409686364563
45.66888888888889 592.8674875468975
45.684444444444445 507.5145851548989
45.699999999999996 433.9944382223765
45.715555555555554 371.238157595444
45.73111111111111 318.18919139269894
45.74666666666666 273.79119888716093
45.76222222222222 236.98468055622368
45.77777777777778 206.65310324875622
45.79333333333333 181.63042634328428
45.80888888888889 160.7489651106979
45.824444444444445 142.85494776631162
45.839999999999996 127.21626905768346
45.855555555555554 113.58815045103097
45.87111111111111 101.75294467219192
45.88666666666666 91.49299495764103
45.90222222222222 82.59007850150215
45.91777777777778 74.82509683772867
45.93333333333333 67.97887636782445
45.94888888888889 61.83254639062807
45.964444444444446 56.21617710156795
45.98 51.06234285807284
45.995555555555555 46.31650666818473
46.01111111111111 41.92414475399039
46.026666666666664 37.84413976950532
46.04222222222222 34.07402082494252
46.05777777777778 30.618239062580756
46.07333333333333 27.481245618792855
46.08888888888889 24.660716681294275
46.10444444444445 22.12700018807584
46.12 20.061128078278443
46.135555555555555 18.24549247216555
46.15111111111111 16.610600889687476
46.166666666666664 15.14471508603367
46.18222222222222 13.843555143025014
46.19777777777778 12.702849716751643
46.21333333333333 11.716188994218328
46.22888888888889 10.859637839373136
46.24444444444444 10.100678414190497
46.26 9.406734097796857
46.275555555555556 8.74748708070706
46.29111111111111 8.1202933917383
46.306666666666665 7.541058879407842
46.32222222222222 7.026031362619278
46.337777777777774 6.5906952981146105
46.35333333333333 6.235923904668994
46.36888888888889 5.949373569143063
46.38444444444444 5.716426068373835
46.4 5.524399528627441
46.41555555555556 5.391586564313798
46.43111111111111 5.374664929820938
46.446666666666665 5.532699571072158
46.46222222222222 5.924354690428345
46.477777777777774 6.577135220199466
46.49333333333333 7.465641560470544
46.50888888888889 8.55933849632595
46.52444444444444 9.827770562968112
46.54 11.26265304860351
46.55555555555556 12.908041467348426
46.57111111111111 14.815541319323529
46.586666666666666 17.03675284224994
46.602222222222224 19.593759354278745
46.617777777777775 22.409839386255044
46.63333333333333 25.387621392023448
46.64888888888889 28.429733816802695
46.66444444444444 31.463084308074485
46.68 34.531480644482485
46.69555555555556 37.71386932651512
46.71111111111111 41.08920373754438
46.72666666666667 44.71300565159822
46.742222222222225 48.476339995084004
46.757777777777775 52.19983973518697
46.77333333333333 55.70387010248692
46.788888888888884 58.82108047654481
46.80444444444444 61.51404704820891
46.82 63.82343476305607
46.83555555555555 65.79097504723768
46.85111111111111 67.45460817134051
46.86666666666667 68.78798206101919
46.88222222222222 69.71107291476437
46.897777777777776 70.14221162980493
46.913333333333334 70.00175582844065
46.928888888888885 69.27160217997334
46.94444444444444 68.00483417201406
46.96 66.25850440988802
46.97555555555555 64.08970240635324
46.99111111111111 61.55799054762451
47.00666666666667 58.726920356828145
47.02222222222222 55.66040542746737
47.03777777777778 52.42238780621847
47.053333333333335 49.08353409502638
47.068888888888885 45.72986862299399
47.08444444444444 42.449549763915456
47.1 39.330732214758996
47.11555555555555 36.44475919155798
47.13111111111111 33.80743841373726
47.14666666666667 31.423125896983038
47.16222222222222 29.296177649355513
47.17777777777778 27.434419737920848
47.193333333333335 25.86253062712865
47.208888888888886 24.61029745341318
47.224444444444444 23.707508484137747
47.24 23.18201480793266
47.25555555555555 23.047623036001937
47.27111111111111 23.31268677010462
47.28666666666667 23.98463481220699
47.30222222222222 25.071943432206012
47.31777777777778 26.60013380301814
47.333333333333336 28.605101344072636
47.34888888888889 31.12290345898259
47.364444444444445 34.191190392527005
47.379999999999995 37.87762659418593
47.39555555555555 42.27661667668599
47.41111111111111 47.483500545936295
47.42666666666666 53.589551077174974
47.44222222222222 60.53858593300163
47.45777777777778 68.08881649267835
47.47333333333333 75.98663002202818
47.48888888888889 83.97941169405908
47.504444444444445 91.90685415283326
47.519999999999996 99.77436140027248
47.535555555555554 107.60461096984307
47.55111111111111 115.42013773053395
47.56666666666666 123.1733912113441
47.58222222222222 130.6338746755141
47.59777777777778 137.54161380093342
47.61333333333333 143.63663430552924
47.62888888888889 148.71329357643708
47.644444444444446 152.77709271892547
47.66 155.88481674862237
47.675555555555555 158.09325067424254
47.69111111111111 159.46188864293083
47.70666666666666 160.06611206929836
47.72222222222222 159.98707568635825
47.73777777777778 159.30594241909432
47.75333333333333 158.1230118542502
47.76888888888889 156.7127427205064
47.784444444444446 155.4425936560541
47.8 154.68089690397642
47.815555555555555 154.79861890010943
47.83111111111111 156.20632324644816
47.846666666666664 159.34514874079935
47.86222222222222 164.65702607808907
47.87777777777778 172.5926074815069
47.89333333333333 183.84647143592383
47.90888888888889 199.38394030369818
47.92444444444445 220.18443979843528
47.94 247.25317236292483
47.955555555555556 281.7404689535175
47.97111111111111 325.03421719614585
47.986666666666665 378.5722080799411
48.00222222222222 443.79041897220065
48.01777777777777 521.6181782260642
48.03333333333333 611.7875548260656
48.04888888888889 713.8577250496244
48.06444444444444 827.3878556994555
48.08 951.7434979802861
48.095555555555556 1085.598960532003
48.11111111111111 1227.4743532994914
48.126666666666665 1375.8897862207393
48.14222222222222 1529.0921681554928
48.157777777777774 1683.829652768316
48.17333333333333 1836.3391107076977
48.18888888888889 1982.8569765782274
48.20444444444444 2119.5936235654926
48.22 2242.5339717194706
48.23555555555556 2347.547438101056
48.25111111111111 2430.5025024088936
48.266666666666666 2487.4310471866133
48.282222222222224 2516.74027143193
48.297777777777775 2518.6309051719236
48.31333333333333 2493.3478375974955
48.32888888888889 2441.203417599826
48.34444444444444 2364.3789318178387
48.36 2267.120024807624
48.37555555555556 2153.779006073662
48.39111111111111 2028.6898917529031
48.406666666666666 1894.9337519574826
48.422222222222224 1753.554573793931
48.437777777777775 1605.4095154938007
48.45333333333333 1451.3595222101476
48.46888888888889 1293.5202784495802
48.48444444444444 1137.070396169848
48.5 987.6470870030623
48.51555555555556 850.8875521903005
48.53111111111111 731.0145615588524
48.54666666666667 626.9196293860155
48.56222222222222 536.2384153825776
48.577777777777776 456.6065792525679
48.593333333333334 385.95568885871677
48.608888888888885 323.96922721150094
48.62444444444444 270.9730262094775
48.64 227.29389085055158
48.65555555555555 193.10633669057694
48.67111111111111 167.11941051725495
48.68666666666667 147.22384408627005
48.70222222222222 131.30145266496544
48.717777777777776 117.30980971145482
48.733333333333334 104.47499594260512
48.748888888888885 93.08337222459693
48.76444444444444 83.45419332459699
48.78 75.89537922256852
48.79555555555555 70.31525776004446
48.81111111111111 66.12564419316482
48.82666666666667 62.70734788206653
48.84222222222222 59.443508341855136
48.85777777777778 55.96421106007085
48.873333333333335 52.36138655789625
48.888888888888886 48.77763090265
48.904444444444444 45.35550016681407
48.92 42.1962745666724
48.93555555555555 39.28200041628952
48.95111111111111 36.57332088712758
48.96666666666667 34.03087914438595
48.98222222222222 31.62048490776067
48.99777777777778 29.331635524445915
49.013333333333335 27.160612859436924
49.028888888888886 25.10369932842582
49.044444444444444 23.158044997457637
49.06 21.327243280196058
49.07555555555555 19.617787622306764
49.09111111111111 18.036185404184835
49.10666666666666 16.58838953084137
49.12222222222222 15.27327995124881
49.13777777777778 14.084856760386288
49.15333333333333 13.017023228774974
49.16888888888889 12.063750956794934
49.184444444444445 11.220712542486353
49.199999999999996 10.485356660680054
49.215555555555554 9.910206620292001
49.23111111111111 9.44241470988959
49.24666666666666 9.068956024996169
49.26222222222222 8.772413875685515
49.27777777777778 8.534561806580314
49.29333333333333 8.337185770814244
49.30888888888889 8.16642924958137
49.324444444444445 8.019184830438007
49.339999999999996 7.893973256178242
49.355555555555554 7.790293953839978
49.37111111111111 7.7026052793424356
49.38666666666666 7.6123569812862115
49.40222222222222 7.497985761101631
49.41777777777778 7.337928313714542
49.43333333333333 7.116555399999811
49.44888888888889 6.856685508813598
49.464444444444446 6.596459420143503
49.48 6.374057532277845
49.495555555555555 6.224772512108132
49.51111111111111 6.15173863268484
49.526666666666664 6.137993921176815
49.54222222222222 6.166269535104675
49.55777777777778 6.219714496578945
49.57333333333333 6.29045870954684
49.58888888888889 6.379276232055702
49.60444444444445 6.487291610397733
49.62 6.6155570971970405
49.635555555555555 6.7612584723081
49.65111111111111 6.9158445616373
49.666666666666664 7.070299445549836
49.68222222222222 7.215614455185687
49.69777777777777 7.34469101617384
49.71333333333333 7.454891040606697
49.72888888888889 7.5442120326673034
49.74444444444444 7.610651491966848
49.76 7.652573328509561
49.775555555555556 7.6697348019927745
49.79111111111111 7.662224310701276
49.806666666666665 7.630130246716419
49.82222222222222 7.574430874654638
49.837777777777774 7.501738727753889
49.85333333333333 7.422124976594205
49.86888888888889 7.343141868855582
49.88444444444444 7.271300956751929
49.9 7.187596509419336
49.91555555555556 7.057138196669939
49.93111111111111 6.84479574317993
49.946666666666665 6.517544587158568
49.96222222222222 6.088569470377138
49.977777777777774 5.616062572136059
49.99333333333333 5.160081359751928
50.00888888888889 4.780070663324636
50.02444444444444 4.500216600687224
50.04 4.2908993078808635
50.05555555555556 4.117967817468639
50.07111111111111 3.9473399117783856
50.086666666666666 3.7680367443031173
50.102222222222224 3.625622229076498
50.117777777777775 3.574150359569842
50.13333333333333 3.667675123220704
50.14888888888889 3.9347969438959467
50.16444444444444 4.300542049085948
50.18 4.664341101875493
50.19555555555556 4.924644036435154
50.21111111111111 4.997063852848612
50.22666666666667 4.91851390997698
50.242222222222225 4.777033894887154
50.257777777777775 4.660846706992004
50.27333333333333 4.651403079923114
50.288888888888884 4.745013047517546
50.30444444444444 4.879849537585869
50.32 4.992961654266139
50.33555555555555 5.023255771760944
50.35111111111111 4.960155974930956
50.36666666666667 4.845111214718997
50.38222222222222 4.7237457552523665
50.397777777777776 4.639671399113183
50.413333333333334 4.6158791423617345
50.428888888888885 4.63847520438452
50.44444444444444 4.690658099483699
50.46 4.7545455930923595
50.47555555555555 4.809540345431003
50.49111111111111 4.828282998668612
50.50666666666667 4.782133446432397
50.52222222222222 4.6424515764325065
50.53777777777778 4.391485878183005
50.553333333333335 4.064393810133254
50.568888888888885 3.712380223141963
50.58444444444444 3.3866535661013017
50.6 3.1321751327835727
50.61555555555555 2.941056758716286
50.63111111111111 2.7777887968989035
50.64666666666667 2.6058994563010742
50.66222222222222 2.391760006222057
50.67777777777778 2.137885593430383
50.693333333333335 1.876569894109707
50.708888888888886 1.6409945685996377
50.724444444444444 1.4636790653939329
50.74 1.3501433481932281
50.75555555555555 1.2700895370977605
50.77111111111111 1.1907495877410383
50.78666666666667 1.0794449673610984
50.80222222222222 0.9204932074400176
50.81777777777778 0.7352024770595449
50.833333333333336 0.549745008833213
50.84888888888889 0.39029293030591816
50.864444444444445 0.2759272199231759
50.879999999999995 0.19938794833518614
50.89555555555555 0.14778252162636818
50.91111111111111 0.10802159217092822
50.92666666666666 0.06813396220633194
50.94222222222222 0.03107647555737003
50.95777777777778 0.005482354917319299
50.97333333333333 0.0
50.98888888888889 0.022586872456145102
51.004444444444445 0.07276352552929666
51.019999999999996 0.14440874403533144
51.035555555555554 0.2312979384030882
51.05111111111111 0.3272879464882976
51.06666666666666 0.4284459879185647
51.08222222222222 0.5332551541844168
51.09777777777778 0.6403211640542281
51.11333333333333 0.7482690232876621
51.12888888888889 0.8575271617775684
51.144444444444446 0.9717720552771993
51.16 1.0950201316546782
51.175555555555555 1.231287864744104
51.19111111111111 1.3846887517233313
51.20666666666666 1.5596347145960294
51.22222222222222 1.760594857474473
51.23777777777778 1.9920382785959987
51.25333333333333 2.2549246357546053
51.26888888888889 2.5311051140779455
51.284444444444446 2.7971292676734265
51.3 3.0272815157254627
51.315555555555555 3.2002358630887215
51.33111111111111 3.328882523378468
51.346666666666664 3.4459068630225147
51.36222222222222 3.5842371103692017
51.37777777777778 3.775981141788236
51.39333333333333 4.035551684536756
51.40888888888889 4.360294351126413
51.42444444444444 4.746860060375411
51.44 5.191971813695375
51.455555555555556 5.697113681655651
51.47111111111111 6.271411503267416
51.486666666666665 6.924680087083857
51.50222222222222 7.666732632611399
51.51777777777777 8.506236826588804
51.53333333333333 9.44870180755612
51.54888888888889 10.499096959883047
51.56444444444444 11.662391661995116
51.58 12.939503838381597
51.595555555555556 14.31134756939906
51.61111111111111 15.752673918613311
51.626666666666665 17.238232216993936
51.64222222222222 18.744654171463083
51.657777777777774 20.26705004589394
51.67333333333333 21.80768095090889
51.68888888888889 23.369833384448043
51.70444444444444 24.956269406556544
51.72 26.557396177342184
51.73555555555556 28.152359296128907
51.75111111111111 29.719892473711866
51.766666666666666 31.238769568283374
51.782222222222224 32.690116873384795
51.797777777777775 34.05867469107352
51.81333333333333 35.32949045912437
51.82888888888889 36.487611279407815
51.84444444444444 37.517896120683986
51.86 38.4047015543332
51.87555555555556 39.132301183014874
51.89111111111111 39.68496860331891
51.906666666666666 40.04768091921778
51.922222222222224 40.208828713783305
51.937777777777775 40.157836405166904
51.95333333333333 39.88520060041077
51.96888888888889 39.38382488445751
51.98444444444444 38.68740302059717
52.0 37.85140211341792
52.01555555555555 36.931497678340236
52.03111111111111 35.981076308326976
52.04666666666667 35.00774465814146
52.06222222222222 33.97684682457901
52.077777777777776 32.85214286770275
52.093333333333334 31.59806205794945
52.108888888888885 30.221249317631134
52.12444444444444 28.794998256536758
52.14 27.39848002491368
52.15555555555555 26.110842481265024
52.17111111111111 24.993893894487655
52.18666666666667 24.056474043348885
52.20222222222222 23.29901748307168
52.217777777777776 22.72222352694962
52.233333333333334 22.324230102466345
52.248888888888885 22.089934475862037
52.26444444444444 21.999968145366097
52.28 22.034960539383064
52.29555555555555 22.17705278391975
52.31111111111111 22.424384439199457
52.32666666666667 22.7827783846069
52.34222222222222 23.25800313476691
52.35777777777778 23.855315076364946
52.373333333333335 24.55711675052521
52.388888888888886 25.32289559638707
52.404444444444444 26.111867389619988
52.42 26.88248021556069
52.43555555555555 27.605338894060765
52.45111111111111 28.273417133470844
52.46666666666667 28.881882246040618
52.48222222222222 29.42682136608545
52.49777777777778 29.898658340319287
52.513333333333335 30.27483214369903
52.528888888888886 30.530530856244525
52.544444444444444 30.64218266604746
52.56 30.588322537101476
52.57555555555555 30.376277074351435
52.59111111111111 30.023622148079824
52.60666666666666 29.54655005410399
52.62222222222222 28.962061795722207
52.63777777777778 28.281685595770796
52.65333333333333 27.511783123795794
52.66888888888889 26.65954704154683
52.684444444444445 25.732518220024417
52.699999999999996 24.74903643334244
52.715555555555554 23.740601590276015
52.73111111111111 22.73909742311639
52.74666666666666 21.775366499239567
52.76222222222222 20.86646509393495
52.77777777777778 19.999235496902884
52.79333333333333 19.15675274367186
52.80888888888889 18.322091868694883
52.824444444444445 17.485885116807594
52.839999999999996 16.66817765792291
52.855555555555554 15.896720306354325
52.87111111111111 15.198897399339273
52.88666666666666 14.597328283276113
52.90222222222222 14.086193904879508
52.91777777777778 13.646300366256753
52.93333333333333 13.258383986112392
52.94888888888889 12.904499112367432
52.964444444444446 12.588641180351772
52.98 12.332908231816475
52.995555555555555 12.159939730785197
53.01111111111111 12.091764766584504
53.026666666666664 12.118740923317034
53.04222222222222 12.18525653077046
53.05777777777778 12.2318880281112
53.07333333333333 12.198082623449011
53.08888888888889 12.055755079984408
53.10444444444445 11.862076958696946
53.12 11.688433770488984
53.135555555555555 11.606211019270006
53.15111111111111 11.670309989522536
53.166666666666664 11.849685756494011
53.18222222222222 12.085373222962346
53.19777777777777 12.318392503591383
53.21333333333333 12.495292274259725
53.22888888888889 12.621880969316237
53.24444444444444 12.739947318595284
53.26 12.891786207606117
53.275555555555556 13.11896019937933
53.29111111111111 13.436123534875037
53.306666666666665 13.82617126780417
53.32222222222222 14.271503983506818
53.337777777777774 14.754601922640973
53.35333333333333 15.268556422530764
53.36888888888889 15.827611769317741
53.38444444444444 16.448520354803463
53.4 17.14803454757555
53.41555555555556 17.93741091822028
53.43111111111111 18.80685521856094
53.446666666666665 19.741533773137235
53.46222222222222 20.72661289905966
53.477777777777774 21.750524223810885
53.49333333333333 22.826844430281994
53.50888888888889 23.98082896952849
53.52444444444444 25.237797721140055
53.54 26.622976621385874
53.55555555555556 28.15992932073425
53.57111111111111 29.87190624239838
53.586666666666666 31.78009782341917
53.602222222222224 33.90658527628193
53.617777777777775 36.28586083704988
53.63333333333333 38.97152368385514
53.64888888888889 42.01883945380314
53.66444444444444 45.483112612341415
53.68 49.47267683951429
53.69555555555556 54.25391471283626
53.71111111111111 60.12252236460756
53.72666666666667 67.37419591929654
53.74222222222222 76.28934739808733
53.757777777777775 87.05698271960966
53.77333333333333 99.8322757431489
53.788888888888884 114.77034554522629
53.80444444444444 132.06848929356534
53.82 152.47637817453096
53.83555555555555 177.13191915379798
53.85111111111111 207.18108475805388
53.86666666666667 243.7519713137741
53.88222222222222 287.2798807386479
53.897777777777776 337.3018688287402
53.913333333333334 393.2949530704302
53.928888888888885 454.7353912560079
53.94444444444444 521.2672261856587
53.96 592.9451081531523
53.97555555555555 669.8856888497393
53.99111111111111 752.2056199584567
54.00666666666667 839.7268769720316
54.02222222222222 930.8130561727857
54.03777777777778 1023.3774041719123
54.053333333333335 1115.3340732537
54.068888888888885 1204.600287798722
54.08444444444444 1289.009914169791
54.1 1366.3677071044995
54.11555555555555 1434.4785757100813
54.13111111111111 1491.180664108933
54.14666666666667 1535.2675591277402
54.16222222222222 1566.6118995852
54.17777777777778 1585.144175187245
54.193333333333335 1590.7955778596997
54.208888888888886 1583.6230507650225
54.224444444444444 1563.9535202106863
54.24 1532.148856943014
54.25555555555555 1488.5709316997977
54.27111111111111 1433.7926706746175
54.28666666666667 1369.3025427001257
54.30222222222222 1296.9795055481572
54.31777777777778 1218.4232985345002
54.33333333333333 1135.3855583210805
54.34888888888889 1049.8108756064612
54.364444444444445 963.7456234080902
54.379999999999995 879.237182153553
54.39555555555555 798.293006339921
54.41111111111111 721.9482537452199
54.42666666666666 650.2348039139243
54.44222222222222 583.1384122458968
54.45777777777778 520.6457752538212
54.47333333333333 462.86485762567713
54.48888888888889 410.1432296803489
54.504444444444445 362.85656967158104
54.519999999999996 321.3805558467101
54.535555555555554 285.8853418454338
54.55111111111111 255.7149412235068
54.56666666666666 230.0058171300833
54.58222222222222 207.89443270693073
54.59777777777778 188.5644733385367
54.61333333333333 171.60813717394285
54.62888888888889 156.8269097641753
54.644444444444446 144.02397511682875
54.66 133.00222495580203
54.675555555555555 123.5579571475414
54.69111111111111 115.48094632266236
54.70666666666666 108.56068895287785
54.72222222222222 102.58712990774518
54.73777777777778 97.40173975997686
54.75333333333333 92.94462330813542
54.76888888888889 89.16701986618955
54.784444444444446 86.02016874458513
54.8 83.47717967839446
54.815555555555555 81.59727779471427
54.83111111111111 80.46088080034951
54.846666666666664 80.14840639539966
54.86222222222222 80.74758315849851
54.87777777777778 82.40891739785127
54.89333333333333 85.31488079687904
54.90888888888889 89.64819869620078
54.92444444444444 95.59786440385301
54.94 103.49588954716546
54.955555555555556 113.81667079450722
54.97111111111111 127.04074612519014
54.986666666666665 143.64906522754006
55.00222222222222 164.17330935791563
55.01777777777777 189.24418346947448
55.03333333333333 219.50383915089037
55.04888888888889 255.59442798386954
55.06444444444444 297.9997606745201
55.08 346.55775884876414
55.095555555555556 400.94167877804637
55.11111111111111 460.8247766818728
55.126666666666665 525.8871805746423
55.14222222222222 595.8713692555743
55.157777777777774 670.5530352882381
55.17333333333333 749.7081806272605
55.18888888888889 833.306739641898
55.20444444444444 919.8374365768498
55.22 1006.6092003725395
55.23555555555556 1090.993240479031
55.25111111111111 1170.3633269713157
55.266666666666666 1242.508602789169
55.282222222222224 1306.0890360245091
55.297777777777775 1359.8742159482408
55.31333333333333 1402.6337318239368
55.32888888888889 1433.28289252782
55.34444444444444 1451.3885773228708
55.36 1456.6997077890564
55.37555555555556 1448.9652138380009
55.39111111111111 1428.0121582266331
55.406666666666666 1394.467778915806
55.422222222222224 1349.4284608296484
55.437777777777775 1293.996540577657
55.45333333333333 1229.283290823517
55.46888888888889 1156.6767324593588
55.48444444444444 1077.8881516354431
55.5 994.6471444160688
55.51555555555555 908.6834463325265
55.53111111111111 821.7669366092439
55.54666666666667 735.7629135646717
55.56222222222222 652.550545090186
55.577777777777776 574.0089990700169
55.593333333333334 501.7347319127226
55.608888888888885 435.8560300161529
55.62444444444444 376.0260656073033
55.64 321.8977695805504
55.65555555555555 273.1430248359843
55.67111111111111 229.66965961678864
55.68666666666667 191.54549023243044
55.70222222222222 158.84137108259563
55.717777777777776 131.6196489553413
55.733333333333334 109.57254956855309
55.748888888888885 91.88847999756615
55.76444444444444 77.71756101588448
55.78 66.21078169096018
55.79555555555555 56.6647159728351
55.81111111111111 48.7910528489399
55.82666666666667 42.37508567878319
55.84222222222222 37.202107815133445
55.85777777777778 33.06039789387626
55.873333333333335 29.75738538242922
55.888888888888886 27.108062832679593
55.904444444444444 24.92744133807639
55.92 23.036383468105896
55.93555555555555 21.352783056607223
55.95111111111111 19.874392661077536
55.96666666666667 18.601340910854447
55.98222222222222 17.533665711930098
55.99777777777778 16.664562975801232
56.013333333333335 15.97572974122943
56.028888888888886 15.447761509681754
56.044444444444444 15.061253708434265
56.059999999999995 14.79421459119908
56.07555555555555 14.615210217082335
56.09111111111111 14.490653177603235
56.10666666666666 14.386956057804127
56.12222222222222 14.277754840660805
56.13777777777778 14.198150282781853
56.15333333333333 14.214304880898112
56.16888888888889 14.392620848975412
56.184444444444445 14.796192768261449
56.199999999999996 15.405117760541089
56.215555555555554 16.11245742696576
56.23111111111111 16.807157552357125
56.24666666666666 17.378861092836587
56.26222222222222 17.85504645865842
56.27777777777778 18.56596523922201
56.29333333333333 19.88210912415377
56.30888888888889 22.173969796770166
56.324444444444445 25.698538946698704
56.339999999999996 30.149197703238542
56.355555555555554 35.04471144893603
56.37111111111111 39.90379284923199
56.38666666666666 44.28998158644026
56.40222222222222 48.32186072844445
56.41777777777778 52.492904240567555
56.43333333333333 57.30363425087285
56.44888888888889 63.24727208400316
56.464444444444446 70.4746904587845
56.48 78.65486270521899
56.495555555555555 87.42052437945654
56.51111111111111 96.40442451056936
56.526666666666664 105.26436628646093
56.54222222222222 113.73516022908927
56.55777777777778 121.56636355007197
56.57333333333333 128.50753345489045
56.58888888888889 134.3405005465445
56.60444444444445 139.08098214041104
56.62 142.8477380666818
56.635555555555555 145.75997712473622
56.651111111111106 147.93399475675517
56.666666666666664 149.42567514137875
56.68222222222222 150.23394308264812
56.69777777777777 150.35550115452213
56.71333333333333 149.7867967544712
56.72888888888889 148.4892901574534
56.74444444444444 146.35415948290085
56.76 143.26417260885216
56.775555555555556 139.1020974073151
56.79111111111111 133.80777477714742
56.806666666666665 127.58498391281228
56.82222222222222 120.71374913219051
56.837777777777774 113.47410220671054
56.85333333333333 106.13626309052631
56.86888888888889 98.85545531442403
56.88444444444444 91.71226519167737
56.9 84.78601488515721
56.91555555555556 78.15510946812662
56.93111111111111 71.85664897621166
56.946666666666665 65.87055578548143
56.96222222222222 60.172555055846715
56.977777777777774 54.738378764941785
56.99333333333333 49.557413322883235
57.00888888888889 44.66130234029083
57.02444444444444 40.08983904900515
57.04 35.88281667492629
57.05555555555556 32.075936929156114
57.07111111111111 28.674184708748157
57.086666666666666 25.668588247325488
57.102222222222224 23.050105779405726
57.117777777777775 20.808468302589063
57.13333333333333 18.905556230505454
57.14888888888889 17.275606548892483
57.16444444444444 15.851670438518454
57.18 14.566886773494275
57.19555555555556 13.370949034495197
57.21111111111111 12.249532436737582
57.22666666666667 11.193036284674577
57.24222222222222 10.191859876874332
57.257777777777775 9.238421670492244
57.27333333333333 8.333222735341224
57.288888888888884 7.4782198106487385
57.30444444444444 6.6761795965240935
57.32 5.929691757362207
57.33555555555555 5.238882448323693
57.35111111111111 4.602071966642029
57.36666666666667 4.017539093484629
57.38222222222222 3.4834941743228
57.397777777777776 2.9936617530090643
57.413333333333334 2.534585604476888
57.428888888888885 2.092164386449099
57.44444444444444 1.652296846203626
57.46 1.2095568261091785
57.47555555555555 0.7909311121616156
57.49111111111111 0.43097509042775073
57.50666666666667 0.1642441411144091
57.52222222222222 0.021697507614248934
57.53777777777778 0.0
57.553333333333335 0.0768031790328223
57.568888888888885 0.22955617525462912
57.58444444444444 0.4357074277144193
57.6 0.6726818613576597
57.61555555555555 0.9178755618568175
57.63111111111111 1.148682844417408
57.64666666666667 1.3425223665440171
57.66222222222222 1.496721769742976
57.67777777777778 1.6644922805672877
57.693333333333335 1.9087773437498754
57.708888888888886 2.292520398158331
57.724444444444444 2.8629010091271994
57.74 3.5563678028780714
57.75555555555555 4.261912084011669
57.77111111111111 4.868344102617016
57.78666666666666 5.267164349534482
57.80222222222222 5.4086588670878655
57.81777777777778 5.300232103420058
57.83333333333333 4.951645231771067
57.84888888888889 4.372807934377306
57.864444444444445 3.603247760569957
57.879999999999995 2.747679356859294
57.89555555555555 1.919500652545139
57.91111111111111 1.2321095710360623
57.92666666666666 0.7791168411467879
57.94222222222222 0.5462628181624041
57.95777777777778 0.4827097065705175
57.97333333333333 0.537590154682448
57.98888888888889 0.6607839150547079
58.004444444444445 0.8138658404490116
58.019999999999996 0.9676851887685416
58.035555555555554 1.0933460060493871
58.05111111111111 1.1624725944803913
58.06666666666666 1.1948603183597015
58.08222222222222 1.2968076652445006
58.09777777777778 1.5836334965370042
58.11333333333333 2.1706566676950843
58.12888888888889 3.143055789611253
58.144444444444446 4.453050711298033
58.16 6.016209901922366
58.175555555555555 7.748100670436543
58.19111111111111 9.596280490421805
58.20666666666666 11.564723500465334
58.22222222222222 13.725549481657481
58.23777777777778 16.161683633237317
58.25333333333333 18.955222570680462
58.26888888888889 22.141162568103823
58.284444444444446 25.682959208430702
58.3 29.538082108931803
58.315555555555555 33.664001059821885
58.33111111111111 38.02948261929714
58.346666666666664 42.645122988213416
58.36222222222222 47.53119791933568
58.37777777777777 52.70798315951754
58.39333333333333 58.18999656785411
58.40888888888889 63.93420442904085
58.42444444444444 69.86446189324636
58.44 75.90422764122229
58.455555555555556 81.97678737692252
58.47111111111111 87.99835276953263
58.486666666666665 93.87573843013149
58.50222222222222 99.5151096124323
58.51777777777777 104.82263381117968
58.53333333333333 109.71176070747777
58.54888888888889 114.11940564312135
58.56444444444444 117.98720140579576
58.58 121.25678077723182
58.595555555555556 123.87432434604023
58.61111111111111 125.82532462770178
58.626666666666665 127.11540134409006
58.64222222222222 127.75033717217343
58.657777777777774 127.73673372580106
58.67333333333333 127.10798219562366
58.68888888888889 125.92960738399631
58.70444444444444 124.26903293397868
58.72 122.19368703308248
58.73555555555556 119.77597142935838
58.75111111111111 117.10275114595709
58.766666666666666 114.26350566698738
58.782222222222224 111.34771447052208
58.797777777777775 108.44320950675046
58.81333333333333 105.62496177196033
58.82888888888889 102.96189865847361
58.84444444444444 100.52291252134376
58.86 98.3757323920014
58.87555555555556 96.55511521740516
58.89111111111111 95.0589713836232
58.906666666666666 93.88327005817439
58.922222222222224 93.02398793619523
58.937777777777775 92.4819707808291
58.95333333333333 92.27130466317624
58.968888888888884 92.40830492423493
58.98444444444444 92.90928689885686
59.0 93.77858566548355
59.01555555555555 94.93262215254367
59.03111111111111 96.24865807178776
59.04666666666667 97.6037755881996
59.06222222222222 98.87825594371111
59.077777777777776 100.03681539769616
59.093333333333334 101.13425521517877
59.108888888888885 102.22866612314749
59.12444444444444 103.37887622888081
59.14 104.6078057017719
59.15555555555555 105.84383828852742
59.17111111111111 106.99998395056502
59.18666666666667 107.98925264303364
59.20222222222222 108.7397902536892
59.217777777777776 109.2882728331025
59.233333333333334 109.71874536415498
59.248888888888885 110.11545026710564
59.26444444444444 110.56040284926985
59.28 111.07808855728535
59.29555555555555 111.63172470935035
59.31111111111111 112.18155292808501
59.32666666666667 112.68779712956257
59.34222222222222 113.10136417800356
59.35777777777778 113.34857856335645
59.373333333333335 113.35175779856684
59.388888888888886 113.03321939015677
59.404444444444444 112.35281839178947
59.42 111.5436894035862
59.43555555555555 110.95984782029961
59.45111111111111 110.95584568200172
59.46666666666667 111.87162900408907
59.48222222222222 113.6530066712321
59.49777777777778 115.81632000378511
59.513333333333335 117.85622188205912
59.528888888888886 119.26771194765593
59.544444444444444 119.78093018972481
59.559999999999995 119.76973531257772
59.57555555555555 119.71714922067224
59.59111111111111 120.10619381185688
59.60666666666666 121.32693343653261
59.62222222222222 123.05503075671402
59.63777777777778 124.6349116577278
59.65333333333333 125.409187861379
59.66888888888889 124.73703668250778
59.684444444444445 122.47529123288086
59.699999999999996 119.05342651009914
59.715555555555554 114.93257299265395
59.73111111111111 110.57372319451031
59.74666666666666 106.27014286581561
59.76222222222222 101.82144393411534
59.77777777777778 96.93687226401983
59.79333333333333 91.32567371331515
59.80888888888889 84.74607894856445
59.824444444444445 77.37021803753305
59.839999999999996 69.57817068096585
59.855555555555554 61.75643401319644
59.87111111111111 54.28082507908141
59.88666666666666 47.35649487459966
59.90222222222222 40.979725582181345
59.91777777777778 35.13388695498577
59.93333333333333 29.802349856059436
59.94888888888889 24.973153774865295
59.964444444444446 20.649664229329915
59.98 16.838386884519082
59.995555555555555 13.545827398558686
60.01111111111111 10.77413234612527
60.026666666666664 8.483131223594683
60.04222222222222 6.608858961720216
60.05777777777778 5.0870853757839996
60.07333333333333 3.8537922388296693
60.08888888888889 2.855004928093308
60.10444444444444 2.050947129602264
60.12 1.4029167717817472
60.135555555555555 0.8722118099680074
60.151111111111106 0.4276691836655573
60.166666666666664 0.10850057909999578
60.18222222222222 0.008059078927658447
60.19777777777777 0.0
60.21333333333333 0.08684958831145195
60.22888888888889 0.2500090010536269
60.24444444444444 0.4571631594080827
60.26 0.6757644275977555
60.275555555555556 0.8734769988072912
60.29111111111111 1.0330582019561234
60.306666666666665 1.1621437794906342
60.32222222222222 1.2706929180023963
60.337777777777774 1.3686647982202658
60.35333333333333 1.4636712509767449
60.36888888888889 1.5525793269082442
60.38444444444444 1.629183497394365
60.4 1.6872779841642114
60.41555555555556 1.7223273787076323
60.43111111111111 1.754943935966935
60.446666666666665 1.8251776459920848
60.46222222222222 1.9735830845700093
60.477777777777774 2.2406168179581982
60.49333333333333 2.6536670896255146
60.50888888888889 3.214063270458496
60.52444444444444 3.920043846046269
60.54 4.7698472960917115
60.55555555555556 5.755229630903386
60.57111111111111 6.830783162364128
60.586666666666666 7.937880278293392
60.602222222222224 9.017877381549397
60.617777777777775 10.016660072731383
60.63333333333333 10.975039491831694
60.64888888888889 12.023883132897595
60.66444444444444 13.29761300409075
60.68 14.930443804005563
60.69555555555555 16.97578299096574
60.71111111111111 19.283989964072816
60.72666666666667 21.67403777023435
60.74222222222222 23.96489945042356
60.757777777777775 26.001770476049387
60.77333333333333 27.827178036803048
60.788888888888884 29.573495030158938
60.80444444444444 31.373549054092905
60.82 33.35706712435683
60.83555555555555 35.55180501768905
60.85111111111111 37.86289246361696
60.86666666666667 40.188183541489366
60.88222222222222 42.425543611520084
60.897777777777776 44.526996163665444
60.913333333333334 46.624024004448074
60.928888888888885 48.8852316242818
60.94444444444444 51.479223507577785
60.96 54.56123633047946
60.97555555555555 58.14616613161252
60.99111111111111 62.16503990105605
61.00666666666667 66.54775819876033
61.02222222222222 71.22573143809416
61.03777777777778 76.22592509315177
61.053333333333335 81.72634176790018
61.068888888888885 87.9183247010917
61.08444444444444 94.99321712541769
61.1 103.11087545405303
61.11555555555555 112.28715949903801
61.13111111111111 122.49678909664635
61.14666666666667 133.71448087595275
61.16222222222222 145.93132215078572
61.17777777777778 159.40022285619534
61.193333333333335 174.58463604965698
61.208888888888886 191.95397657494527
61.224444444444444 211.97736512617212
61.24 235.06880494880454
61.25555555555555 261.5227039509954
61.27111111111111 291.6177990527516
61.28666666666666 325.632827167845
61.30222222222222 363.82178584378346
61.31777777777778 406.2668285198845
61.33333333333333 452.98151240164157
61.34888888888889 503.979466482166
61.364444444444445 559.2796879261504
61.379999999999995 619.052228858216
61.39555555555555 683.6353257025864
61.41111111111111 753.3760213191725
61.42666666666666 828.6211902748363
61.44222222222222 909.3204750215091
61.45777777777778 994.1760173264264
61.47333333333333 1081.6457032993299
61.48888888888889 1170.1874190437698
61.504444444444445 1258.2784472243582
61.519999999999996 1344.5948915762992
61.535555555555554 1427.9295058846035
61.55111111111111 1507.0765268516116
61.56666666666666 1580.8312417749642
61.58222222222222 1648.0576998705537
61.59777777777778 1707.7299609424604
61.61333333333333 1758.8319605791462
61.62888888888889 1800.347634362719
61.644444444444446 1831.3777793897016
61.66 1851.5838520749253
61.675555555555555 1860.7952447750351
61.69111111111111 1858.841381017151
61.70666666666666 1845.574125868245
61.72222222222222 1821.2472709863005
61.73777777777778 1786.4617613299959
61.75333333333333 1741.8299549816552
61.76888888888889 1687.964940268912
61.784444444444446 1625.7104747952294
61.8 1556.468427726476
61.815555555555555 1481.7234139542807
61.83111111111111 1402.9600483637582
61.846666666666664 1321.64092119317
61.86222222222222 1239.0577565156564
61.87777777777777 1156.4224112414995
61.89333333333333 1074.9480792739196
61.90888888888889 995.8565488733099
61.92444444444444 920.1293159740924
61.94 848.4940935887658
61.955555555555556 781.6602717833009
61.97111111111111 720.3372405440449
61.986666666666665 665.0916190214225
62.00222222222222 615.9325924775475
62.01777777777777 572.7333188828734
62.03333333333333 535.3669562012176
62.04888888888889 503.7013651729276
62.06444444444444 477.5303698536824
62.08 456.5933603177393
62.095555555555556 440.6284665901585
62.11111111111111 429.3732913381574
62.126666666666665 422.482770526679
62.14222222222222 419.4399900177714
62.157777777777774 419.7066171392804
62.17333333333333 422.7443192123318
62.18888888888889 428.03043942974796
62.20444444444444 435.1470305092066
62.22 443.7190443831415
62.23555555555556 453.37156252653006
62.25111111111111 463.7290452769248
62.266666666666666 474.3963338363643
62.282222222222224 484.95513110422644
62.297777777777775 494.98580899788783
62.31333333333333 504.0687431917986
62.32888888888889 511.8486909258205
62.34444444444444 518.1986070818482
62.36 523.0419820978137
62.37555555555556 526.3023064046847
62.39111111111111 527.896228470056
62.406666666666666 527.6534426480729
62.42222222222222 525.3438088789255
62.437777777777775 520.7360077794756
62.45333333333333 513.6005358454981
62.468888888888884 503.9435005161786
62.48444444444444 492.2374056841078
62.5 479.00959085180307
62.51555555555555 464.78739551464776
62.53111111111111 450.08288550891905
62.54666666666667 435.30866220230473
62.56222222222222 420.8355329865643
62.577777777777776 407.0352936909834
62.593333333333334 394.28274680083155
62.608888888888885 383.0461192300395
62.62444444444444 374.17587896035866
62.64 368.04063752134505
62.65555555555555 365.16633774996455
62.67111111111111 366.0826003064925
62.68666666666667 371.12475084877235
62.70222222222222 380.5845274829551
62.717777777777776 394.75366830832627
62.733333333333334 413.90487363474006
62.748888888888885 438.05802629842367
62.76444444444444 467.05357796150156
62.78 500.7281628140481
62.79555555555555 538.9172392629063
62.81111111111111 581.2691837320141
62.82666666666667 627.0420187001525
62.84222222222222 675.4449022866763
62.85777777777778 725.6869926042856
62.873333333333335 776.9534331844804
62.888888888888886 828.2606021290466
62.904444444444444 878.5525177188813
62.92 926.7729216110284
62.93555555555555 971.8677630893006
62.95111111111111 1012.8658356097584
62.96666666666667 1048.901858572327
62.98222222222222 1079.1174629510265
62.99777777777778 1102.6542797133402
63.01333333333333 1118.759940793606
63.028888888888886 1127.112762003826
63.044444444444444 1127.5004263440487
63.059999999999995 1119.7106168230493
63.07555555555555 1103.5711801049822
63.09111111111111 1079.5558048143835
63.10666666666666 1048.659349469396
63.12222222222222 1011.8915417168045
63.13777777777778 970.2618122912797
63.15333333333333 924.6807445031799
63.16888888888889 875.8174141277755
63.184444444444445 824.3047017447032
63.199999999999996 770.7760528386804
63.215555555555554 715.8924677793281
63.23111111111111 660.555913027846
63.24666666666666 605.792854594729
63.26222222222222 552.6307603744257
63.27777777777778 502.09121631582184
63.29333333333333 454.84675105908104
63.30888888888889 411.031061786501
63.324444444444445 370.73175161555434
63.339999999999996 334.036423657406
63.355555555555554 301.00021092232953
63.37111111111111 271.51103387765556
63.38666666666666 245.40313994333928
63.40222222222222 222.51075161294943
63.41777777777778 202.66435285227124
63.43333333333333 185.6067513396082
63.44888888888889 170.9921290088023
63.464444444444446 158.47073936763059
63.48 147.692845547905
63.495555555555555 138.33799903507202
63.51111111111111 130.17966512984083
63.526666666666664 123.0100943272854
63.54222222222222 116.62153711630594
63.55777777777778 110.8116708607298
63.57333333333333 105.44503125647964
63.58888888888889 100.4311492025115
63.60444444444444 95.6803937259881
63.62 91.10331524247181
63.635555555555555 86.63869122640472
63.651111111111106 82.28387111183622
63.666666666666664 78.04348869282137
63.68222222222222 73.92217775733559
63.69777777777777 69.92429084324613
63.71333333333333 66.05209983540578
63.72888888888889 62.306943246831
63.74444444444444 58.690155164349676
63.76 55.20299261622597
63.775555555555556 51.84315147713539
63.79111111111111 48.60334474698266
63.806666666666665 45.47591392619336
63.82222222222222 42.453200509177464
63.837777777777774 39.533198915081016
63.85333333333333 36.74078505338127
63.86888888888889 34.108816834087406
63.88444444444444 31.67015344812603
63.9 29.455828564431386
63.91555555555556 27.45707878982296
63.93111111111111 25.62652350489759
63.946666666666665 23.915192602450816
63.96222222222222 22.274123582581637
63.977777777777774 20.673663920450622
63.99333333333333 19.145175033343094
64.00888888888889 17.732039862069314
64.02444444444444 16.477641341494746
64.03999999999999 15.421028539451868
64.05555555555556 14.546710799884295
64.07111111111111 13.801929622244984
64.08666666666667 13.1332048124209
64.10222222222222 12.487169611898025
64.11777777777777 11.831817783075849
64.13333333333333 11.181543835195498
64.14888888888889 10.556830234515246
64.16444444444444 9.978159441388812
64.18 9.463167069091128
64.19555555555556 9.006484913734539
64.21111111111111 8.5916124257202
64.22666666666666 8.201976309800102
64.24222222222221 7.821099752126997
64.25777777777778 7.438273685258423
64.27333333333334 7.051716719805313
64.28888888888889 6.660413993772863
64.30444444444444 6.263350639286045
64.32 5.859088263863214
64.33555555555554 5.443852998670195
64.35111111111111 5.013070292410134
64.36666666666667 4.56216487449467
64.38222222222223 4.086761094086455
64.39777777777778 3.589342721353546
64.41333333333333 3.0771284596382884
64.42888888888888 2.558307258139166
64.44444444444444 2.04128011123737
64.46000000000001 1.5372460826104088
64.47555555555556 1.0683102979340902
64.49111111111111 0.659234656600006
64.50666666666666 0.33478105214032894
64.52222222222221 0.11846966947507553
64.53777777777778 0.01228908366840642
64.55333333333334 0.0
64.56888888888889 0.06478791542906492
64.58444444444444 0.18985435786987637
64.6 0.3721783807847032
64.61555555555555 0.6476567113962801
64.63111111111111 1.0590090485037535
64.64666666666668 1.6489550850446903
64.66222222222223 2.4595546092233462
64.67777777777778 3.525270684674524
64.69333333333333 4.875700454963862
64.70888888888888 6.540361525871958
64.72444444444444 8.548833378354857
64.74 10.941024583931267
64.75555555555556 13.778650150763156
64.77111111111111 17.126192676168102
64.78666666666666 21.0481347516004
64.80222222222221 25.610706709445253
64.81777777777778 30.894439484965574
64.83333333333333 36.98685811652979
64.8488888888889 43.97553528236938
64.86444444444444 51.94738141872131
64.88 60.94410444202697
64.89555555555555 70.93400889354507
64.91111111111111 81.87867793044461
64.92666666666666 93.73969470397014
64.94222222222223 106.47825592421498
64.95777777777778 120.05320655606135
64.97333333333333 134.56126345692292
64.98888888888888 149.9789133199971
65.00444444444445 166.10369497535373
65.02 182.77752213062138
65.03555555555556 199.69767436886048
65.05111111111111 216.5519840095177
65.06666666666666 233.02828336294544
65.08222222222221 248.83232358286944
65.09777777777778 263.75357994589467
65.11333333333333 277.60596070040697
65.1288888888889 290.2033769918536
65.14444444444445 301.36348962199986
65.16 310.99472916252444
65.17555555555555 319.0988848265356
65.19111111111111 325.6820133862982
65.20666666666666 330.7501705568354
65.22222222222223 334.2604472824863
65.23777777777778 335.99014391118
65.25333333333333 335.6753056387613
65.26888888888888 333.0519776524144
65.28444444444445 327.87721768271183
65.3 320.26862380907244
65.31555555555556 310.64700278381724
65.33111111111111 299.4425996546514
65.34666666666666 287.08568167644034
65.36222222222221 274.03411675515076
65.37777777777777 260.8272011274141
65.39333333333333 248.01917413187175
65.4088888888889 236.16427509883886
65.42444444444445 225.77920305427824
65.44 216.8936452134143
65.45555555555555 209.1972590931723
65.4711111111111 202.37275286773968
65.48666666666666 196.10377190976146
65.50222222222223 190.37619821272028
65.51777777777778 185.9100170683423
65.53333333333333 183.534520144647
65.54888888888888 184.07899910158778
65.56444444444443 188.269654379474
65.58 195.7729089230071
65.59555555555556 205.63201391297355
65.61111111111111 216.8822448370529
65.62666666666667 228.56154533912127
65.64222222222222 240.10135958940145
65.65777777777777 251.73866722666094
65.67333333333333 263.8090355677476
65.6888888888889 276.64803192167597
65.70444444444445 290.50150247092745
65.72 304.85357160175204
65.73555555555555 318.80443828434477
65.7511111111111 331.45229270728544
65.76666666666667 341.90033981236775
65.78222222222223 349.6897137345454
65.79777777777778 355.1336781264838
65.81333333333333 358.6241667048539
65.82888888888888 360.55311317871724
65.84444444444443 361.234662636852
65.86 360.4266442101775
65.87555555555556 357.64463774438184
65.89111111111112 352.4032244253757
65.90666666666667 344.2249136120797
65.92222222222222 333.1074255367548
65.93777777777777 319.7847814514297
65.95333333333333 305.05430809531913
65.96888888888888 289.71333220029794
65.98444444444445 274.452145466161
66.0 259.2961629640795
66.01555555555555 244.0158827511642
66.0311111111111 228.38128130357381
66.04666666666667 212.1686468283168
66.06222222222222 195.44021717716976
66.07777777777778 178.65503551452866
66.09333333333333 162.30137660562252
66.10888888888888 146.8675152084553
66.12444444444444 132.7690366470856
66.14 120.02018967699735
66.15555555555555 108.49746953238514
66.17111111111112 98.07724742821472
66.18666666666667 88.63716722426147
66.20222222222222 80.1015686451932
66.21777777777777 72.4538908400732
66.23333333333333 65.68136954707109
66.24888888888889 59.77124049738279
66.26444444444445 54.70589947359974
66.28 50.44347348598683
66.29555555555555 46.93449895051185
66.3111111111111 44.129509686667234
66.32666666666667 41.97858460391126
66.34222222222222 40.41754450311885
66.35777777777778 39.365457652317446
66.37333333333333 38.74043445614416
66.38888888888889 38.46058531240817
66.40444444444444 38.46385612703068
66.42 38.780405785141966
66.43555555555555 39.467169603226466
66.45111111111112 40.58108578992824
66.46666666666667 42.178875694013755
66.48222222222222 44.31119468644056
66.49777777777777 47.021964711318674
66.51333333333332 50.35475690695898
66.52888888888889 54.35314240500247
66.54444444444445 59.072193828543504
66.56 64.61756988453544
66.57555555555555 71.1088325618083
66.5911111111111 78.6655442428563
66.60666666666665 87.40457413403101
66.62222222222222 97.37295607653937
66.63777777777779 108.54320028537234
66.65333333333334 120.88418490608058
66.66888888888889 134.36478807770334
66.68444444444444 148.94998162939737
66.69999999999999 164.58815297092178
66.71555555555555 181.22328906270536
66.73111111111112 198.79937682620061
66.74666666666667 217.2543341394355
66.76222222222222 236.3750668754991
66.77777777777777 255.7908355260273
66.79333333333332 275.1235040953561
66.80888888888889 293.9949365814282
66.82444444444445 312.04289154510946
66.84 328.9715878609924
66.85555555555555 344.5026123513045
66.8711111111111 358.3575518855133
66.88666666666666 370.26095709873914
66.90222222222222 380.0105111707735
66.91777777777779 387.4798998422823
66.93333333333334 392.54634688951137
66.94888888888889 395.0870760824173
66.96444444444444 395.0136830868629
66.97999999999999 392.38219182197145
66.99555555555555 387.28655513409944
67.01111111111112 379.8207260230866
67.02666666666667 370.0824774494418
67.04222222222222 358.26616335229045
67.05777777777777 344.66782791163786
67.07333333333332 329.58835797193404
67.08888888888889 313.3286403714107
67.10444444444444 296.1743384371578
67.12 278.34551744714196
67.13555555555556 260.0445777112479
67.1511111111111 241.47391928293558
67.16666666666666 222.83954424140046
67.18222222222222 204.44398490700297
67.19777777777777 186.6945795539371
67.21333333333334 170.00392713583113
67.22888888888889 154.7850552241414
67.24444444444444 141.33362614142266
67.25999999999999 129.41489509241956
67.27555555555556 118.64584506812162
67.2911111111111 108.64345060155085
67.30666666666667 99.04375397397803
67.32222222222222 90.04465593293219
67.33777777777777 82.48437582820873
67.35333333333332 77.23597688418351
67.36888888888889 75.17252231917723
67.38444444444444 76.8246862945067
67.4 81.0734396584661
67.41555555555556 86.30353005600136
67.43111111111111 90.89960676416672
67.44666666666666 93.28377067165013
67.46222222222222 93.14307913804532
67.47777777777777 91.70515025537281
67.49333333333334 90.29084677550122
67.50888888888889 90.22103144430912
67.52444444444444 92.45968631840981
67.53999999999999 96.09453359680185
67.55555555555556 99.59886330791824
67.57111111111111 101.44561150979064
67.58666666666667 100.13882342358556
67.60222222222222 95.448380178207
67.61777777777777 88.82196238161555
67.63333333333333 81.8228083015839
67.64888888888888 76.01415619994066
67.66444444444444 72.65843342744677
67.68 71.25425110814706
67.69555555555556 70.6593412362397
67.71111111111111 69.73644136935155
67.72666666666666 67.35290930620175
67.74222222222221 63.08606251086002
67.75777777777778 57.559297539304055
67.77333333333334 51.47941408056414
67.78888888888889 45.55321181773837
67.80444444444444 40.40130266344073
67.82 36.06735841836888
67.83555555555554 32.35822230368814
67.85111111111111 29.08040993290723
67.86666666666667 26.041527424345134
67.88222222222223 23.12259636183768
67.89777777777778 20.329713083483114
67.91333333333333 17.68070242789298
67.92888888888888 15.19338922777655
67.94444444444444 12.885729509724854
67.96000000000001 10.77670804374003
67.97555555555556 8.885794868835148
67.99111111111111 7.232462875993576
68.00666666666666 5.836000967199823
68.02222222222221 4.694369831274628
68.03777777777778 3.7646005559316222
68.05333333333334 2.9990897492646127
68.06888888888889 2.3502340134901374
68.08444444444444 1.7746252038192551
68.1 1.2685426645917346
68.11555555555555 0.8501284377970819
68.13111111111111 0.5377525018760707
68.14666666666668 0.3497016259074144
68.16222222222223 0.2853170238856251
68.17777777777778 0.30100955890986825
68.19333333333333 0.3472775957995964
68.20888888888888 0.3746194935112044
68.22444444444444 0.33784175032945996
68.24 0.24270668920752314
68.25555555555556 0.12827100778355316
68.27111111111111 0.034165466396530064
68.28666666666666 0.0
68.30222222222221 0.0511002130984366
68.31777777777778 0.17362347436124992
68.33333333333333 0.3470734013711194
68.3488888888889 0.5509536058514755
68.36444444444444 0.7661699975595866
68.38 0.995331704995067
68.39555555555555 1.2581314315470422
68.41111111111111 1.5747236266272466
68.42666666666666 1.9652619073148117
68.44222222222223 2.443658171196205
68.45777777777778 3.002561759329012
68.47333333333333 3.6300984675760333
68.48888888888888 4.314394085931838
68.50444444444445 5.0444569898094755
68.52 5.82831153269791
68.53555555555556 6.692311135455213
68.55111111111111 7.663554363907849
68.56666666666666 8.769139778007741
68.58222222222221 10.03638559954237
68.59777777777778 11.493563630246456
68.61333333333333 13.169204360863262
68.6288888888889 15.091838281089906
68.64444444444445 17.291312478659677
68.66 19.84072452420861
68.67555555555555 22.865154504504346
68.69111111111111 26.492764046302284
68.70666666666666 30.851714770444516
68.72222222222223 36.0622188078965
68.73777777777778 42.19943002478868
68.75333333333333 49.32264580203088
68.76888888888888 57.49114591672418
68.78444444444445 66.7647519684619
68.8 77.23472707667594
68.81555555555556 89.04046424314441
68.83111111111111 102.32542681681304
68.84666666666666 117.23307814072035
68.86222222222221 133.8806547519925
68.87777777777777 152.1849155820559
68.89333333333333 171.970097121087
68.9088888888889 193.0599391075994
68.92444444444445 215.27799465636934
68.94 238.4228576047118
68.95555555555555 262.24335259450106
68.9711111111111 286.4804570489299
68.98666666666666 310.8761835904901
69.00222222222223 335.16358025461716
69.01777777777778 358.978892885497
69.03333333333333 381.8992622589293
69.04888888888888 403.5009841136748
69.06444444444443 423.36042852428056
69.08 441.0992692010941
69.09555555555556 456.46134215915254
69.11111111111111 469.21086786330795
69.12666666666667 479.1120667723982
69.14222222222222 485.939005285401
69.15777777777777 489.62688111401735
69.17333333333333 490.24239506560855
69.1888888888889 487.85609144796763
69.20444444444445 482.53851472629265
69.22 474.380936587629
69.23555555555555 463.55263926223677
69.2511111111111 450.24125456407694
69.26666666666667 434.63441430098544
69.28222222222223 416.9234493040203
69.29777777777778 397.4026053242836
69.31333333333333 376.4800515377475
69.32888888888888 354.56986497485764
69.34444444444443 332.0861226599044
69.36 309.4179273943838
69.37555555555555 286.8193031966015
69.39111111111112 264.4988142883651
69.40666666666667 242.66499063063418
69.42222222222222 221.52622792686373
69.43777777777777 201.2830825859063
69.45333333333333 182.1240825923776
69.46888888888888 164.23673540585173
69.48444444444445 147.80854847959074
69.5 133.0040270850759
69.51555555555555 119.8017834738339
69.5311111111111 108.09045973981847
69.54666666666667 97.75810983486758
69.56222222222222 88.69292904966721
69.57777777777778 80.8109337704384
69.59333333333333 74.08919164823521
69.60888888888888 68.5128749679726
69.62444444444444 64.06715600822554
69.64 60.732086069824845
69.65555555555555 58.42143425863367
69.67111111111112 57.00276652960497
69.68666666666667 56.34270833302651
69.70222222222222 56.30789160973143
69.71777777777777 56.79071022650851
69.73333333333333 57.767814722946355
69.74888888888889 59.23305364246778
69.76444444444445 61.180275522036936
69.78 63.60248439641839
69.79555555555555 66.47283613251477
69.8111111111111 69.74439954379852
69.82666666666667 73.36935116225573
69.84222222222222 77.29986751332888
69.85777777777778 81.484879098575
69.87333333333333 85.8504917083228
69.88888888888889 90.31638843471592
69.90444444444444 94.80257899683932
69.92 99.22941663053382
69.93555555555555 103.53611882025587
69.95111111111112 107.69017997132744
69.96666666666667 111.66141777075677
69.98222222222222 115.41964989890846
69.99777777777777 118.93600310051829
70.01333333333332 122.19232592690776
70.02888888888889 125.17571508597325
70.04444444444445 127.87330314714632
70.06 130.27229034127595
70.07555555555555 132.37645885544327
70.0911111111111 134.22775108814108
70.10666666666665 135.8734580581306
70.12222222222222 137.36087077736772
70.13777777777779 138.7400168503193
70.15333333333334 140.1006412524241
70.16888888888889 141.5624462238129
70.18444444444444 143.24586977852425
70.19999999999999 145.27134991648757
70.21555555555555 147.75880697231435
70.23111111111112 150.82623816477837
70.24666666666667 154.59119421681305
70.26222222222222 159.17122584438448
70.27777777777777 164.68422801547865
70.29333333333332 171.25880333691066
70.30888888888889 179.03608824238142
70.32444444444445 188.15793149671765
70.34 198.76618185766824
70.35555555555555 210.97653809242627
70.3711111111111 224.74116548773736
70.38666666666666 239.94913962502096
70.40222222222222 256.48940185132267
70.41777777777779 274.25067352363715
70.43333333333334 293.0984520841729
70.44888888888889 312.85484984630546
70.46444444444444 333.3372262779501
70.47999999999999 354.36294083975633
70.49555555555555 375.73710111306673
70.51111111111112 397.11987360653814
70.52666666666667 418.0787034117816
70.54222222222222 438.3743445539483
70.55777777777777 457.46402420526294
70.57333333333332 474.868470573035
70.58888888888889 490.31292176988984
70.60444444444444 503.54614238457305
70.62 514.3168969996249
70.63555555555556 522.3780446022893
70.6511111111111 527.5826966044556
70.66666666666666 529.8877162599073
70.68222222222222 529.2547613689486
70.69777777777777 525.6454897256848
70.71333333333334 519.0441372480458
70.72888888888889 509.5606078246261
70.74444444444444 497.3482717450552
70.75999999999999 482.5605411019649
70.77555555555556 465.3518762147846
70.7911111111111 445.96296835331805
70.80666666666667 424.7836573079991
70.82222222222222 402.2186113735793
70.83777777777777 378.67249883863246
70.85333333333332 354.54058780011974
70.86888888888889 330.1185212675613
70.88444444444444 305.64197285626483
70.9 281.34579343594976
70.91555555555556 257.4648307683847
70.93111111111111 234.22853786930614
70.94666666666666 211.84989110528534
70.96222222222222 190.53940831783746
70.97777777777777 170.50683678748248
70.99333333333334 151.956296430596
71.00888888888889 134.96661699923038
71.02444444444444 119.48635168951932
71.03999999999999 105.45803251055565
71.05555555555556 92.8241914654011
71.07111111111111 81.52611417074456
71.08666666666667 71.49794323767719
71.10222222222222 62.67128117625657
71.11777777777777 54.977727428017374
71.13333333333333 48.34866953480264
71.14888888888888 42.69494658538463
71.16444444444444 37.88997077937995
71.18 33.803181380749265
71.19555555555556 30.30401764748558
71.21111111111111 27.266434972452885
71.22666666666666 24.617412936663527
71.24222222222221 22.318390770605788
71.25777777777778 20.331393386271998
71.27333333333334 18.618445301401948
71.28888888888889 17.13843894740046
71.30444444444444 15.839558285018256
71.32 14.66770064803336
71.33555555555554 13.568763364302868
71.35111111111111 12.489751215398542
71.36666666666667 11.412228774710684
71.38222222222223 10.358279968063812
71.39777777777778 9.352841598021428
71.41333333333333 8.42047001187359
71.42888888888888 7.581053094833237
71.44444444444444 6.829170111411713
71.46000000000001 6.148494924343595
71.47555555555556 5.522664209209097
71.49111111111111 4.935354281285868
71.50666666666666 4.377988695563545
71.52222222222221 3.8589638252645955
71.53777777777778 3.3889249374459496
71.55333333333334 2.9785172932868136
71.56888888888889 2.6372999346336883
71.58444444444444 2.3577339525878642
71.6 2.1186723954510853
71.61555555555555 1.8985914975044125
71.63111111111111 1.675967487160051
71.64666666666668 1.4345724623002525
71.66222222222223 1.1816249205671738
71.67777777777778 0.9308298362981304
71.69333333333333 0.695892404875508
71.70888888888888 0.49041516207478253
71.72444444444444 0.3222538073408714
71.74 0.19058581283900367
71.75555555555556 0.09386830983453365
71.77111111111111 0.030558423732827578
71.78666666666666 0.0
71.80222222222221 0.010135015635341915
71.81777777777778 0.07373565759371559
71.83333333333333 0.20362776515230507
71.8488888888889 0.4126330293382807
71.86444444444444 0.7064723727960427
71.88 1.0692098659393423
71.89555555555555 1.480795449038851
71.91111111111111 1.9211790565036608
71.92666666666666 2.370691597408154
71.94222222222223 2.8213207214258773
71.95777777777778 3.274592086242137
71.97333333333333 3.733478793480117
71.98888888888888 4.201088352917623
72.00444444444445 4.681359841338349
72.02 5.183797097840625
72.03555555555556 5.720187584925839
72.05111111111111 6.3023257173729235
72.06666666666666 6.942002936533527
72.08222222222221 7.650368278104565
72.09777777777778 8.437130916704518
72.11333333333333 9.311804175902807
72.1288888888889 10.28390137338738
72.14444444444445 11.362898669740048
72.16 12.557627304531707
72.17555555555555 13.876372180000317
72.19111111111111 15.327400928263614
72.20666666666666 16.918981175536373
72.22222222222223 18.659812888772308
72.23777777777778 20.56075228539578
72.25333333333333 22.633326458187526
72.26888888888888 24.889062708048073
72.28444444444443 27.339437488873386
72.3 29.991578607551673
72.31555555555556 32.84499712490515
72.33111111111111 35.89843455250286
72.34666666666666 39.15063239598567
72.36222222222221 42.60028487528177
72.37777777777777 46.24549560573257
72.39333333333333 50.08396676280927
72.4088888888889 54.11339284607345
72.42444444444445 58.33146834846525
72.44 62.72746705235784
72.45555555555555 67.25741177631755
72.4711111111111 71.86911917792372
72.48666666666666 76.51040590877744
72.50222222222223 81.12923395661153
72.51777777777778 85.75129223556678
72.53333333333333 90.3557325074695
72.54888888888888 94.82528738135193
72.56444444444443 99.1265404706528
72.58 103.2251922625253
72.59555555555556 107.07822104626018
72.61111111111111 110.63763368496939
72.62666666666667 113.85537921823436
72.64222222222222 116.68340849558922
72.65777777777777 119.08202691318729
72.67333333333333 121.03914587590793
72.6888888888889 122.54837082630922
72.70444444444445 123.6033072007765
72.72 124.19773051831737
72.73555555555555 124.33154197907231
72.7511111111111 124.01232971671163
72.76666666666667 123.24816925194966
72.78222222222223 122.04713609937437
72.79777777777778 120.4206438543041
72.81333333333333 118.40817754353122
72.82888888888888 116.06326993555854
72.84444444444443 113.43955830280095
72.86 110.59067324852072
72.87555555555555 107.56261170611424
72.89111111111112 104.37905201037677
72.90666666666667 101.05961525832322
72.92222222222222 97.62392254090423
72.93777777777777 94.09164162279546
72.95333333333333 90.48382473879758
72.96888888888888 86.82310707426666
72.98444444444445 83.13221040785481
73.0 79.4338565122082
73.01555555555555 75.74957350794637
73.0311111111111 72.09177326822521
73.04666666666667 68.46866360083538
73.06222222222222 64.88842980976506
73.07777777777778 61.359261292567226
73.09333333333333 57.89208455202015
73.10888888888888 54.50530305026132
73.12444444444444 51.218585290781334
73.14 48.051599771104634
73.15555555555555 45.02336411464876
73.17111111111112 42.135231671118504
73.18666666666667 39.36925081776201
73.20222222222222 36.706490106275055
73.21777777777777 34.12801808241625
73.23333333333333 31.61806340983196
73.24888888888889 29.184136399889667
73.26444444444445 26.844153519386737
73.28 24.616079702004868
73.29555555555555 22.517868733567184
73.3111111111111 20.5607605533545
73.32666666666667 18.73884963234275
73.34222222222222 17.041684341716063
73.35777777777778 15.45909644525068
73.37333333333333 13.98141643035558
73.38888888888889 12.603772513725744
73.40444444444444 11.326551131959604
73.42 10.150406872394
73.43555555555555 9.075994316479864
73.45111111111112 8.102536164421053
73.46666666666667 7.218457679739004
73.48222222222222 6.407259259485727
73.49777777777777 5.652416173923484
73.51333333333332 4.937411803924647
73.52888888888889 4.252214181678482
73.54444444444445 3.6049389395245726
73.56 3.0068521139677387
73.57555555555555 2.4692197356424685
73.5911111111111 2.0029535171534008
73.60666666666665 1.608268307487947
73.62222222222222 1.2730400696650577
73.63777777777779 0.9844599433331496
73.65333333333334 0.7297190622773542
73.66888888888889 0.4980340673153023
73.68444444444444 0.29523188386269794
73.69999999999999 0.13527838288791827
73.71555555555555 0.032195281083090777
73.73111111111112 0.0
73.74666666666667 0.044768413403858176
73.76222222222222 0.1481759870349606
73.77777777777777 0.28722735090957485
73.79333333333332 0.43892712918409416
73.80888888888889 0.5807560572055763
73.82444444444445 0.7079491161937312
73.84 0.8383772794102242
73.85555555555555 0.9913820764195407
73.8711111111111 1.1863050309232221
73.88666666666666 1.4406343908143526
73.90222222222222 1.7542221084491985
73.91777777777779 2.1171588168778044
73.93333333333334 2.519431787789131
73.94888888888889 2.951028547924011
73.96444444444444 3.407288336662532
73.97999999999999 3.9026591972078677
73.99555555555555 4.455852354377043
74.0111111111111 5.085579027108793
74.02666666666667 5.810504785295734
74.04222222222222 6.6468614732795
74.05777777777777 7.607274242748417
74.07333333333334 8.704076563497665
74.08888888888889 9.949601899429354
74.10444444444444 11.354966832274727
74.12 12.916812177495103
74.13555555555556 14.622280630138562
74.1511111111111 16.45834928221859
74.16666666666667 18.41199521984265
74.18222222222222 20.47223425575328
74.19777777777777 22.637048270699097
74.21333333333334 24.906883216422443
74.22888888888889 27.282185109504894
74.24444444444444 29.76326038912623
74.26 32.33698800318632
74.27555555555556 34.965849328766126
74.2911111111111 37.60974374253499
74.30666666666666 40.22884977221952
74.32222222222222 42.784459752558405
74.33777777777777 45.24758502546217
74.35333333333332 47.599495487740455
74.36888888888889 49.821731678858214
74.38444444444444 51.895834132310256
74.39999999999999 53.80288649259933
74.41555555555556 55.52134466596408
74.43111111111111 57.028726967678494
74.44666666666666 58.3025505467283
74.46222222222222 59.32035509929847
74.47777777777777 60.06598422976356
74.49333333333333 60.53817990072923
74.50888888888889 60.73783575999357
74.52444444444444 60.66584544933471
74.53999999999999 60.32344558236218
74.55555555555556 59.72068169001079
74.57111111111111 58.87695210828679
74.58666666666666 57.812107044966524
74.60222222222222 56.54599670177106
74.61777777777777 55.09874963481411
74.63333333333333 53.49274432467723
74.64888888888889 51.7514483302424
74.66444444444444 49.898336327385096
74.67999999999999 47.95688385361041
74.69555555555556 45.95428133772941
74.71111111111111 43.92993446145715
74.72666666666666 41.92575589802209
74.74222222222222 39.9836583145252
74.75777777777778 38.145377133357215
74.77333333333333 36.44360349438955
74.78888888888889 34.897854919686324
74.80444444444444 33.52660902652258
74.82 32.34834342599572
74.83555555555556 31.38259105647478
74.85111111111111 30.66214007330916
74.86666666666666 30.228823631562477
74.88222222222223 30.12464942432632
74.89777777777778 30.391625138468385
74.91333333333333 31.07394761345654
74.92888888888889 32.22654508253197
74.94444444444444 33.90762882854267
74.96 36.175410962708156
74.97555555555556 39.08827699568985
74.99111111111111 42.73450165869019
75.00666666666666 47.26595115060911
75.02222222222223 52.84263586100508
75.03777777777778 59.62456617309704
75.05333333333333 67.77023954628316
75.06888888888889 77.40420785549884
75.08444444444444 88.61455499257795
75.1 101.48810992281233
75.11555555555556 116.11203593562777
75.13111111111111 132.56584631019928
75.14666666666666 150.86869487398292
75.16222222222223 171.01111107776603
75.17777777777778 192.9834520424729
75.19333333333333 216.77606781966244
75.2088888888889 242.33626482424313
75.22444444444444 269.4665428341913
75.24 297.9389829918638
75.25555555555556 327.5256664331305
75.27111111111111 357.99724125012085
75.28666666666666 389.0386965198213
75.30222222222223 420.20243536825626
75.31777777777778 451.02947732767916
75.33333333333333 481.0608419238664
75.3488888888889 509.8412271573178
75.36444444444444 536.9687433016219
75.38 562.0818001093776
75.39555555555556 584.8197978360416
75.41111111111111 604.8221367303674
75.42666666666666 621.7453180353278
75.44222222222223 635.3444202136036
75.45777777777778 645.4097693553349
75.47333333333333 651.7317358850604
75.48888888888888 654.1009242289216
75.50444444444445 652.4150517873252
75.52 646.8483003716739
75.53555555555555 637.6200044315193
75.55111111111111 624.9473421552499
75.56666666666666 609.0494434493236
75.58222222222221 590.1840288292643
75.59777777777778 568.6616215496997
75.61333333333333 544.7862532057136
75.62888888888888 518.866295213086
75.64444444444445 491.21709262002923
75.66 462.2280352082289
75.67555555555555 432.33450989309927
75.69111111111111 401.9725943153636
75.70666666666666 371.5783661089499
75.72222222222221 341.5590424644074
75.73777777777778 312.1850722255489
75.75333333333333 283.68643083313043
75.76888888888888 256.2930875567856
75.78444444444445 230.2348457027323
75.8 205.70812727663053
75.81555555555555 182.83574203124658
75.83111111111111 161.73067231363382
75.84666666666666 142.5062583579729
75.86222222222221 125.27287626313944
75.87777777777778 110.05126513268101
75.89333333333333 96.76594612493182
75.90888888888888 85.33643434949715
75.92444444444445 75.68224490885405
75.94 67.83433547817594
75.95555555555555 61.898232598041204
75.97111111111111 57.79671515728705
75.98666666666666 55.62424827755717
76.00222222222222 55.47529707418255
76.01777777777778 57.381595974506695
76.03333333333333 61.102447731671305
76.04888888888888 66.32321687231001
76.06444444444445 72.72926651385535
76.08 80.00652500514605
76.09555555555555 87.93059669427817
76.11111111111111 96.46406388231196
76.12666666666667 105.59289487326646
76.14222222222222 115.30305796497964
76.15777777777778 125.57282278690525
76.17333333333333 136.1794734489548
76.18888888888888 146.68504908528132
76.20444444444445 156.6410340694514
76.22 165.59891276884855
76.23555555555555 173.17086029480345
76.25111111111111 179.55181313628998
76.26666666666667 185.2615635229821
76.28222222222222 190.82342385669813
76.29777777777778 196.76070653314514
76.31333333333333 203.41961769380794
76.32888888888888 210.36155310171637
76.34444444444445 216.9305944659784
76.36 222.47081568983663
76.37555555555555 226.32779580252736
76.39111111111112 228.13384887544612
76.40666666666667 228.14583044490485
76.42222222222222 226.7027936343179
76.43777777777778 224.14379156105485
76.45333333333333 220.80230951461078
76.46888888888888 216.8470042284198
76.48444444444445 212.2582492084731
76.5 207.00613315524367
76.51555555555555 201.060744763186
76.53111111111112 194.3998642751062
76.54666666666667 187.08433125030047
76.56222222222222 179.2257009372023
76.57777777777778 170.93625373514055
76.59333333333333 162.32827003749162
76.60888888888888 153.5123780317109
76.62444444444444 144.59087659454917
76.64 135.6634457156248
76.65555555555555 126.8297644248787
76.6711111111111 118.18944841779489
76.68666666666667 109.81692616664066
76.70222222222222 101.72311810772726
76.71777777777777 93.90909063999322
76.73333333333333 86.3759101564483
76.74888888888889 79.12481163668087
76.76444444444444 72.16406804849044
76.78 65.51138522595306
76.79555555555555 59.185129481659146
76.8111111111111 53.203667122270076
76.82666666666667 47.585238206374015
76.84222222222222 42.34631681579617
76.85777777777777 37.50207785585451
76.87333333333333 33.06766611044884
76.88888888888889 29.05822635759762
76.90444444444444 25.48251760991775
76.92 22.30824186547852
76.93555555555555 19.486853532163195
76.9511111111111 16.96976668118532
76.96666666666667 14.708397391833046
76.98222222222222 12.661803078720595
76.99777777777777 10.813954114029457
77.01333333333334 9.153889605565041
77.02888888888889 7.670648655265836
77.04444444444444 6.353260405073456
77.06 5.189922347004085
77.07555555555555 4.167386282660232
77.0911111111111 3.272259348324269
77.10666666666667 2.491148674415399
77.12222222222222 1.812053107724637
77.13777777777777 1.2309749978280706
77.15333333333334 0.7536259104488181
77.16888888888889 0.38640140908842113
77.18444444444444 0.13569705138570498
77.2 0.0072029774415796055
77.21555555555555 0.0
77.2311111111111 0.1095559451536019
77.24666666666667 0.331301907374268
77.26222222222222 0.6606689752740067
77.27777777777777 1.0958853783204177
77.29333333333334 1.6484438852019139
77.30888888888889 2.333765213712468
77.32444444444444 3.167270680811612
77.34 4.164382208387906
77.35555555555555 5.34076657841581
77.3711111111111 6.712708820439957
77.38666666666667 8.296590030267907
77.40222222222222 10.108791297837229
77.41777777777777 12.16571000254794
77.43333333333334 14.484520958680605
77.44888888888889 17.08350110399624
77.46444444444444 19.981011092971357
77.48 23.19541157420838
77.49555555555555 26.744461677490904
77.5111111111111 30.778094634478066
77.52666666666667 35.22894663541183
77.54222222222222 40.021217660023694
77.55777777777777 45.15430159484515
77.57333333333334 50.622442808853066
77.58888888888889 56.37942886660494
77.60444444444444 62.35993138482604
77.62 68.49850861324455
77.63555555555556 74.72971879409738
77.6511111111111 80.99460347015565
77.66666666666667 87.2613579291658
77.68222222222222 93.50528524438084
77.69777777777777 99.70168850614573
77.71333333333334 105.82578464021879
77.72888888888889 111.83076968142211
77.74444444444444 117.61872160745088
77.76 123.0844830431829
77.77555555555556 128.12289660621695
77.7911111111111 132.6297000668818
77.80666666666666 136.53877691663854
77.82222222222222 139.83559112630076
77.83777777777777 142.50926568895204
77.85333333333332 144.54892359052792
77.86888888888889 145.9433947982103
77.88444444444444 146.6767827923436
77.89999999999999 146.72968039657792
77.91555555555556 146.08293626617888
77.93111111111111 144.7157341232613
77.94666666666666 142.61615569668675
77.96222222222222 139.83558086505548
77.97777777777777 136.45577172361175
77.99333333333333 132.55868247356705
78.00888888888889 128.22626730915795
78.02444444444444 123.53846408488744
78.03999999999999 118.56631091551708
78.05555555555556 113.37839123682659
78.07111111111111 108.04328839911182
78.08666666666666 102.62956666179218
78.10222222222222 97.19817747069828
78.11777777777777 91.79086725763011
78.13333333333333 86.44640089824907
78.14888888888889 81.20354326140955
78.16444444444444 76.10113775220577
78.17999999999999 71.18240982195232
78.19555555555556 66.49719356835999
78.21111111111111 62.095870646578305
78.22666666666666 58.02882270502255
78.24222222222222 54.34523463830885
78.25777777777778 51.07009727790512
78.27333333333333 48.20592494854691
78.28888888888889 45.75437931650947
78.30444444444444 43.71712204143569
78.32 42.09667539569182
78.33555555555556 40.90412943221406
78.35111111111111 40.15548811453061
78.36666666666666 39.86681366965058
78.38222222222223 40.05416831802006
78.39777777777778 40.73037906953232
78.41333333333333 41.890245529642584
78.42888888888889 43.52232516245499
78.44444444444444 45.615169365830866
78.46 48.15733136515075
78.47555555555556 51.144559815113666
78.49111111111111 54.59611890793269
78.50666666666666 58.53606899368185
78.52222222222223 62.9884704159997
78.53777777777778 67.97743159037896
78.55333333333333 73.53332486309023
78.56888888888889 79.698935918203
78.58444444444444 86.51851185730527
78.6 94.03629977562832
78.61555555555556 102.29568757510367
78.63111111111111 111.30948521005087
78.64666666666666 121.05234087389738
78.66222222222223 131.49650342670236
78.67777777777778 142.61422172218403
78.69333333333333 154.37793126736534
78.7088888888889 166.7630286570017
78.72444444444444 179.74727909785355
78.74 193.3085141004181
78.75555555555556 207.42456516893975
78.77111111111111 222.06197750542952
78.78666666666666 237.09007977721973
78.80222222222223 252.32857191723764
78.81777777777778 267.5967562834367
78.83333333333333 282.71393522760894
78.8488888888889 297.5089132412293
78.86444444444444 311.85909035614367
78.88 325.657360545324
78.89555555555556 338.7966244387306
78.91111111111111 351.16977764040763
78.92666666666666 362.6579057412768
78.94222222222221 373.10501567284206
78.95777777777778 382.3478566183591
78.97333333333333 390.22317775493906
78.98888888888888 396.56810183835177
79.00444444444445 401.26894007784114
79.02 404.3097568941818
79.03555555555555 405.68616436040685
79.05111111111111 405.39377454346544
79.06666666666666 403.42906096705696
79.08222222222221 399.822069349082
79.09777777777778 394.64650485787223
79.11333333333333 387.9789953221543
79.12888888888888 379.89616856460253
79.14444444444445 370.47656431420074
79.16 359.8331170233867
79.17555555555555 348.10855012534347
79.19111111111111 335.4465718387758
79.20666666666666 321.9908903764179
79.22222222222221 307.883648611144
79.23777777777778 293.2512775438227
79.25333333333333 278.21113894888134
79.26888888888888 262.8804848957449
79.28444444444445 247.37656744786221
79.3 231.81771253051915
79.31555555555555 216.3288430514013
79.33111111111111 201.03738539469538
79.34666666666666 186.07077073374597
79.36222222222221 171.55643023087788
79.37777777777778 157.60453842418423
79.39333333333333 144.2576116101988
79.40888888888888 131.54158682636074
79.42444444444445 119.48240110418163
79.44 108.10598227365898
79.45555555555555 97.4343087402114
79.47111111111111 87.47927100114697
79.48666666666666 78.251172003053
79.50222222222222 69.76031468657885
79.51777777777778 62.01669722730804
79.53333333333333 55.00582354305362
79.54888888888888 48.671151850856916
79.56444444444445 42.95200075744452
79.58 37.787688863666574
79.59555555555555 33.1179761571554
79.61111111111111 28.896632619030186
79.62666666666667 25.093990401202916
79.64222222222222 21.681337963284193
79.65777777777778 18.629963759006557
79.67333333333333 15.911211921007123
79.68888888888888 13.497351994213489
79.70444444444445 11.361416223539152
79.72 9.477367700779723
79.73555555555555 7.817695589799882
79.75111111111111 6.3559196516079055
79.76666666666667 5.073960677731407
79.78222222222222 3.958372072867178
79.79777777777778 2.995762565060488
79.81333333333333 2.1727408764955385
79.82888888888888 1.4776643887295222
79.84444444444445 0.9101807444066026
79.86 0.4744226629874788
79.87555555555555 0.17453424382142657
79.89111111111112 0.014659580398131311
79.90666666666667 0.0
79.92222222222222 0.14034013162216752
79.93777777777778 0.44670631147886297
79.95333333333333 0.9301248920294825
79.96888888888888 1.6016246475259095
79.98444444444445 2.4753521558931766
80.0 3.5746855662945336
