10.0 71.06219509588311
10.015555555555556 71.06778917127576
10.03111111111111 71.1297743866628
10.046666666666667 71.24939910325111
10.062222222222223 71.41809881891095
10.077777777777778 71.60972935965572
10.093333333333334 71.79631884114826
10.108888888888888 71.94953477558317
10.124444444444444 72.03018564048364
10.14 71.98656960971641
10.155555555555555 71.76629192419966
10.171111111111111 71.32520990340436
10.186666666666667 70.73704485379972
10.202222222222222 70.16346291446519
10.217777777777778 69.76823717080606
10.233333333333333 69.69053982559296
10.248888888888889 69.8741512546926
10.264444444444445 70.16966705395816
10.28 70.42710872520172
10.295555555555556 70.53223943206854
10.311111111111112 70.54025503708954
10.326666666666666 70.55650693771236
10.342222222222222 70.68630464108617
10.357777777777777 70.98305081427065
10.373333333333333 71.34994708071372
10.38888888888889 71.66318454635416
10.404444444444444 71.79969217827988
10.42 71.70730830670061
10.435555555555556 71.46266970742897
10.45111111111111 71.15603819441083
10.466666666666667 70.8764364358808
10.482222222222223 70.67435522869698
10.497777777777777 70.5551873488132
10.513333333333334 70.52176299544044
10.528888888888888 70.57454264648038
10.544444444444444 70.67919917614654
10.56 70.77496462825422
10.575555555555555 70.80041016790324
10.591111111111111 70.70168063896506
10.606666666666667 70.486667380178
10.622222222222222 70.19336863808883
10.637777777777778 70.10966572179609
10.653333333333332 70.1038569339562
10.668888888888889 70.11149419807111
10.684444444444445 70.14697043634567
10.7 70.22467403811402
10.715555555555556 70.35439550439378
10.731111111111112 70.53222799541368
10.746666666666666 70.75172537102776
10.762222222222222 71.0065230856643
10.777777777777779 71.29892659506675
10.793333333333333 71.64746666575616
10.80888888888889 72.07245540236318
10.824444444444444 72.5927476200967
10.84 73.17884926856186
10.855555555555556 73.74287996626742
10.87111111111111 74.19347212985144
10.886666666666667 74.44591510852376
10.902222222222223 74.51837989006287
10.917777777777777 74.50994441075318
10.933333333333334 74.52186890779114
10.948888888888888 74.64075442660214
10.964444444444444 74.8280517374751
10.98 74.98179183680656
10.995555555555555 74.99951122810762
11.011111111111111 74.8110632860114
11.026666666666667 74.51113348488047
11.042222222222222 74.24826126685298
11.057777777777778 74.16756367531923
11.073333333333334 74.35536031018148
11.088888888888889 74.70884227465478
11.104444444444445 75.08838960334367
11.12 75.35497034959815
11.135555555555555 75.44323178798004
11.151111111111112 75.43229602689826
11.166666666666666 75.41807844641096
11.182222222222222 75.49465123218044
11.197777777777778 75.68838844037737
11.213333333333333 75.93994382878634
11.22888888888889 76.18446046264114
11.244444444444444 76.36073171804753
11.26 76.46852368087093
11.275555555555556 76.55801669388654
11.29111111111111 76.68090575660096
11.306666666666667 76.88274927668397
11.322222222222223 77.15305888795683
11.337777777777777 77.4513313070795
11.353333333333333 77.73677848661623
11.36888888888889 77.97733785349033
11.384444444444444 78.18838038768547
11.4 78.40131817149518
11.415555555555555 78.64757267390985
11.431111111111111 78.94146253147017
11.446666666666667 79.24027175327296
11.462222222222222 79.48940974417644
11.477777777777778 79.63448946936762
11.493333333333332 79.65382092016
11.508888888888889 79.59409525610931
11.524444444444445 79.5105868005686
11.54 79.45758050943107
11.555555555555555 79.44734938697354
11.571111111111112 79.43544323324761
11.586666666666666 79.3733968427307
11.602222222222222 79.21640182741555
11.617777777777778 78.98764966319732
11.633333333333333 78.77043025360774
11.648888888888889 78.65010247062321
11.664444444444445 78.70340330332965
11.68 78.92083962739298
11.695555555555556 79.2432840514706
11.71111111111111 79.61101398320693
11.726666666666667 79.971839294951
11.742222222222223 80.31814179948026
11.757777777777777 80.65863763157506
11.773333333333333 81.00206724783595
11.788888888888888 81.34679971442097
11.804444444444444 81.65352756309892
11.82 81.87439044039309
11.835555555555555 81.96169694313835
11.851111111111111 81.9067925956158
11.866666666666667 81.78975394736972
11.882222222222222 81.70292088488623
11.897777777777778 81.73747808387134
11.913333333333334 81.92476408649759
11.928888888888888 82.20842411337867
11.944444444444445 82.55720601929579
11.96 82.91413480846052
11.975555555555555 83.19884165770782
11.991111111111111 83.3875710370371
12.006666666666668 83.45733312400102
12.022222222222222 83.38963112836052
12.037777777777778 83.21647556214714
12.053333333333333 83.00166169972135
12.068888888888889 82.8094797024894
12.084444444444443 82.69375077625159
12.1 82.63937793956268
12.115555555555556 82.6033982144886
12.13111111111111 82.54277034754443
12.146666666666667 82.43490227061932
12.162222222222223 82.33979990295552
12.177777777777777 82.33832089381042
12.193333333333333 82.51120564215853
12.20888888888889 82.89263499518711
12.224444444444444 83.39942055028371
12.24 83.93016735965239
12.255555555555556 84.38428729317059
12.27111111111111 84.71591927531517
12.286666666666667 84.96787555438766
12.302222222222222 85.1910641398473
12.317777777777778 85.43542306422012
12.333333333333334 85.72591114121565
12.348888888888888 86.06092776819833
12.364444444444445 86.4375859537256
12.379999999999999 86.85114638404752
12.395555555555555 87.27275286723159
12.411111111111111 87.65666807602986
12.426666666666666 87.95680748332973
12.442222222222222 88.13245348991848
12.457777777777778 88.1831515361398
12.473333333333333 88.1267297301041
12.488888888888889 87.9819910875159
12.504444444444445 87.76549828877921
12.52 87.48722093177253
12.535555555555556 87.15625733218565
12.551111111111112 86.78171094756863
12.566666666666666 86.37767858519203
12.582222222222223 85.97252418688163
12.597777777777777 85.59714334521027
12.613333333333333 85.28227187225184
12.628888888888888 85.04296852637913
12.644444444444444 84.8656355752995
12.66 84.73361969029588
12.675555555555555 84.63014520294007
12.69111111111111 84.53444224804184
12.706666666666667 84.42095414197127
12.722222222222221 84.26384170718165
12.737777777777778 84.039457597117
12.753333333333334 83.8017619047207
12.768888888888888 83.55583809401321
12.784444444444444 83.33028989367165
12.8 83.15811812618779
12.815555555555555 83.02309589340143
12.831111111111111 82.88477509082315
12.846666666666668 82.70249438557585
12.862222222222222 82.44850221672073
12.877777777777778 82.16379041584185
12.893333333333333 81.91214130826586
12.908888888888889 81.75734615259773
12.924444444444443 81.73464098452735
12.94 81.78460024583148
12.955555555555556 81.82820878169173
12.97111111111111 81.78675481714765
12.986666666666666 81.63182574593793
13.002222222222223 81.44102315687769
13.017777777777777 81.30537746883499
13.033333333333333 81.31416992292009
13.04888888888889 81.47880040884206
13.064444444444444 81.70337778235682
13.08 81.88418989777983
13.095555555555556 81.92177216533457
13.11111111111111 81.8000505255817
13.126666666666667 81.57909313403752
13.142222222222223 81.32176228080823
13.157777777777778 81.0872645334623
13.173333333333334 80.8959580251776
13.188888888888888 80.74476791389509
13.204444444444444 80.63029591780048
13.219999999999999 80.55076765559
13.235555555555555 80.51470470079983
13.251111111111111 80.53465121876206
13.266666666666666 80.62316060560238
13.282222222222222 80.78307336964156
13.297777777777778 80.97895326818445
13.313333333333333 81.16593642407975
13.328888888888889 81.2991983784458
13.344444444444445 81.34848409178153
13.36 81.3198073128649
13.375555555555556 81.22473082822887
13.391111111111112 81.07478140569503
13.406666666666666 80.87905440016698
13.422222222222222 80.64271159505404
13.437777777777779 80.37055635236709
13.453333333333333 80.06796347164186
13.46888888888889 79.75526536174016
13.484444444444444 79.46883523506324
13.5 79.24583471270557
13.515555555555554 79.12111928705713
13.53111111111111 79.09869421859639
13.546666666666667 79.16169279431153
13.562222222222221 79.29095526884703
13.577777777777778 79.46622033939639
13.593333333333334 79.6573375053481
13.608888888888888 79.82931224953961
13.624444444444444 79.94712236416183
13.64 79.97997434787374
13.655555555555555 79.9173619224191
13.671111111111111 79.75485530140156
13.686666666666667 79.48803149804394
13.702222222222222 79.1212711700897
13.717777777777778 78.68553562708348
13.733333333333334 78.21678301280349
13.748888888888889 77.75099288835759
13.764444444444445 77.32675531959103
13.78 76.98773963918211
13.795555555555556 76.77820003685827
13.81111111111111 76.74082631428689
13.826666666666666 76.85887605205585
13.842222222222222 77.03919285790607
13.857777777777777 77.18359220769128
13.873333333333333 77.19842978996837
13.88888888888889 77.07063497022602
13.904444444444444 76.85633762174882
13.92 76.61391667442263
13.935555555555556 76.39790235158182
13.95111111111111 76.22477009757347
13.966666666666667 76.08928592110817
13.982222222222223 75.98596263685943
13.997777777777777 75.91412682875898
14.013333333333334 75.90197821262029
14.02888888888889 75.98843254073688
14.044444444444444 76.21242314219262
14.059999999999999 76.60086056272905
14.075555555555557 77.13568158362023
14.091111111111111 77.7887269443263
14.106666666666666 78.5297094217882
14.122222222222222 79.31334380705766
14.137777777777778 80.0554128155228
14.153333333333332 80.66596780096211
14.168888888888889 81.05614466275586
14.184444444444445 81.20534316165981
14.2 81.20064845154616
14.215555555555556 81.13863176741063
14.231111111111112 81.11361830957674
14.246666666666666 81.1630200222229
14.262222222222222 81.26425353858485
14.277777777777779 81.39187250897339
14.293333333333333 81.52169068094383
14.308888888888887 81.64614214299547
14.324444444444445 81.76940086452623
14.34 81.89588769127738
14.355555555555554 82.03070146476387
14.371111111111112 82.17938694409668
14.386666666666667 82.34663551430583
14.402222222222221 82.53803005790758
14.417777777777777 82.75353841554966
14.433333333333334 82.96602605630414
14.448888888888888 83.14019197807818
14.464444444444444 83.24074184209167
14.48 83.24732586764208
14.495555555555555 83.18537045884864
14.511111111111111 83.08903683850326
14.526666666666667 82.99232072534403
14.542222222222222 82.90740215188578
14.557777777777778 82.80309262278752
14.573333333333334 82.68101293419465
14.588888888888889 82.52862980657403
14.604444444444443 82.30020814758086
14.620000000000001 82.07672600740034
14.635555555555555 81.94369830072878
14.65111111111111 81.98180511698536
14.666666666666668 82.18076808156889
14.682222222222222 82.44934997918051
14.697777777777777 82.69348720141443
14.713333333333333 82.82918792858982
14.72888888888889 82.87797405924812
14.744444444444444 82.92432109184631
14.76 83.05354597004657
14.775555555555556 83.33924556124009
14.79111111111111 83.78031664830667
14.806666666666667 84.34632951237063
14.822222222222223 85.00678498732623
14.837777777777777 85.72608067965848
14.853333333333333 86.44804831623082
14.86888888888889 87.1113396028336
14.884444444444444 87.65466032431175
14.899999999999999 88.04174300772911
14.915555555555557 88.30102718486648
14.931111111111111 88.47127096990789
14.946666666666665 88.59093590274551
14.962222222222222 88.6752131227696
14.977777777777778 88.69966368345126
14.993333333333332 88.63598649586936
15.008888888888889 88.45715945831137
15.024444444444445 88.17417328808983
15.04 87.84152618204939
15.055555555555555 87.51610053962054
15.071111111111112 87.2525945255527
15.086666666666666 87.07277271841599
15.102222222222222 86.9729182839535
15.117777777777778 86.94865140553509
15.133333333333333 86.9942691257587
15.148888888888889 87.09246024165896
15.164444444444445 87.21989725662138
15.18 87.35320175543438
15.195555555555554 87.4708841848626
15.211111111111112 87.5617680796305
15.226666666666667 87.61817921838599
15.242222222222221 87.6324465665549
15.257777777777777 87.60080872494507
15.273333333333333 87.5331320943668
15.288888888888888 87.4422505237369
15.304444444444444 87.3409682512646
15.32 87.23537863348133
15.335555555555555 87.11638214381287
15.351111111111111 86.97278900878712
15.366666666666667 86.7936900557695
15.382222222222222 86.58385645034616
15.397777777777778 86.37172127828978
15.413333333333334 86.18767975140861
15.428888888888888 86.06070005755964
15.444444444444445 85.98561568161279
15.46 85.92237938086612
15.475555555555555 85.82936766206785
15.49111111111111 85.66932947342855
15.506666666666668 85.46113860703747
15.522222222222222 85.26256241835495
15.537777777777777 85.13214847677182
15.553333333333333 85.11766122922495
15.568888888888889 85.18393141033232
15.584444444444443 85.25731191595241
15.6 85.26394430216794
15.615555555555556 85.14956075773978
15.63111111111111 84.95510535443759
15.646666666666667 84.75040568923237
15.662222222222223 84.60527972127602
15.677777777777777 84.55327028004626
15.693333333333333 84.51447776979933
15.70888888888889 84.38688717629122
15.724444444444444 84.06897792168502
15.74 83.53313049811209
15.755555555555556 82.90353677814028
15.77111111111111 82.32442948353128
15.786666666666665 81.93520209333656
15.802222222222223 81.78594807797742
15.817777777777778 81.80139346462386
15.833333333333332 81.89708366119271
15.848888888888888 81.99065220546152
15.864444444444445 82.04292078713945
15.879999999999999 82.05537056471928
15.895555555555555 82.0310645128776
15.911111111111111 81.97307084283216
15.926666666666666 81.88451813448785
15.942222222222222 81.76857362115334
15.957777777777778 81.62840515740959
15.973333333333333 81.46730387969126
15.988888888888889 81.2894279371609
16.004444444444445 81.09930743164443
16.02 80.90147388103685
16.035555555555554 80.70241033844218
16.051111111111112 80.51736539497017
16.066666666666666 80.36404762272048
16.08222222222222 80.26015976851966
16.09777777777778 80.21684470537491
16.113333333333333 80.22614695536436
16.128888888888888 80.27665451765017
16.144444444444446 80.37882440509327
16.16 80.51494556357409
16.175555555555555 80.63340617476774
16.191111111111113 80.70316666155918
16.206666666666667 80.69415330256493
16.22222222222222 80.61447789283102
16.23777777777778 80.52342881202344
16.253333333333334 80.48094096471311
16.26888888888889 80.5444739754729
16.284444444444446 80.69807884331249
16.3 80.8600504910504
16.315555555555555 80.94635921667634
16.331111111111113 80.87992057007796
16.346666666666668 80.65878146219052
16.362222222222222 80.32692444106317
16.377777777777776 79.92899135426535
16.393333333333334 79.50489909879934
16.40888888888889 79.0629235981304
16.424444444444443 78.59834790147931
16.439999999999998 78.1064153221622
16.455555555555556 77.58110688577005
16.47111111111111 77.01096189599082
16.486666666666665 76.38305355460545
16.502222222222223 75.68445286229019
16.517777777777777 74.90042773751532
16.53333333333333 74.01117447508534
16.54888888888889 72.99600419430999
16.564444444444444 71.83463232894064
16.58 70.55021270800364
16.595555555555556 69.24746297211664
16.61111111111111 68.04009261103693
16.626666666666665 67.03958872589544
16.642222222222223 66.27381412913905
16.657777777777778 65.66357698312174
16.673333333333332 65.1226871820304
16.68888888888889 64.56803401116724
16.704444444444444 63.973471381389345
16.72 63.36303944618521
16.735555555555557 62.762495249082804
16.75111111111111 62.19661799720234
16.766666666666666 61.68028211436865
16.782222222222224 61.221935608096146
16.797777777777778 60.82869769831427
16.813333333333333 60.50392777002048
16.82888888888889 60.220211082886635
16.844444444444445 59.93759116577439
16.86 59.61607474158177
16.875555555555557 59.22963800573598
16.891111111111112 58.81233500213102
16.906666666666666 58.41436694815218
16.92222222222222 58.085901479390714
16.93777777777778 57.84834544111777
16.953333333333333 57.64195850965223
16.968888888888888 57.39279118305308
16.984444444444446 57.027341789770276
17.0 56.52157516222337
17.015555555555554 55.94508695852744
17.03111111111111 55.377897460440295
17.046666666666667 54.89844120556859
17.06222222222222 54.523778231486176
17.077777777777776 54.19139734260466
17.093333333333334 53.833485160312534
17.108888888888888 53.38600340963819
17.124444444444443 52.85679805489792
17.14 52.318163650386964
17.155555555555555 51.84467716408449
17.17111111111111 51.503911639663784
17.186666666666667 51.2865671464109
17.202222222222222 51.13582558244036
17.217777777777776 50.994165175284934
17.233333333333334 50.811750891212114
17.24888888888889 50.59151056906501
17.264444444444443 50.35852482422433
17.28 50.13795042962386
17.295555555555556 49.95100025034435
17.31111111111111 49.8480702369518
17.326666666666668 49.84538041462042
17.342222222222222 49.87719539286957
17.357777777777777 49.934491926212104
17.373333333333335 49.98555293731397
17.38888888888889 49.994509494362205
17.404444444444444 49.925652357672675
17.42 49.76397567747415
17.435555555555556 49.53544674600107
17.45111111111111 49.270848816042985
17.46666666666667 49.000610059276255
17.482222222222223 48.739821838876765
17.497777777777777 48.482716952774354
17.513333333333332 48.222035926315584
17.52888888888889 47.951069604304735
17.544444444444444 47.67456214599588
17.56 47.408079431251736
17.575555555555553 47.16761121334923
17.59111111111111 46.96643672301025
17.606666666666666 46.78562314003375
17.62222222222222 46.585117239058036
17.637777777777778 46.32449825557603
17.653333333333332 45.970930027182135
17.668888888888887 45.54777472541309
17.684444444444445 45.103638965890696
17.7 44.68724964075102
17.715555555555554 44.33702970014656
17.73111111111111 44.04166739815173
17.746666666666666 43.774864920390996
17.76222222222222 43.51032614786868
17.77777777777778 43.23546533447802
17.793333333333333 42.98147339504601
17.808888888888887 42.78846926006429
17.824444444444445 42.69717630527464
17.84 42.71630448139365
17.855555555555554 42.79159702659376
17.871111111111112 42.86048021713225
17.886666666666667 42.861163610742665
17.90222222222222 42.773464170355055
17.91777777777778 42.63876839261843
17.933333333333334 42.50343169320547
17.948888888888888 42.412057940596355
17.964444444444446 42.36658114906106
17.98 42.324897161438685
17.995555555555555 42.242876524575536
18.011111111111113 42.07877415450321
18.026666666666667 41.823242400590175
18.04222222222222 41.49029542665994
18.05777777777778 41.0944638583029
18.07333333333333 40.652741401601475
18.08888888888889 40.20276535967821
18.104444444444447 39.7924747087834
18.119999999999997 39.4698842477502
18.135555555555555 39.27000363248442
18.151111111111113 39.1569993606804
18.166666666666664 39.07103319912471
18.182222222222222 38.95224807321961
18.197777777777777 38.75321408180491
18.21333333333333 38.4714379721853
18.22888888888889 38.11458018060932
18.244444444444444 37.690331627984506
18.259999999999998 37.21629190975352
18.275555555555556 36.734161777223335
18.29111111111111 36.289236197133505
18.306666666666665 35.92646631192713
18.322222222222223 35.66521267993505
18.337777777777777 35.48201921514328
18.35333333333333 35.3493520330677
18.36888888888889 35.24039732475762
18.384444444444444 35.15070676717869
18.4 35.101993866538805
18.415555555555557 35.117457328689625
18.43111111111111 35.21962677118847
18.446666666666665 35.41994857533905
18.462222222222223 35.72075350859268
18.477777777777778 36.169651152973984
18.493333333333332 36.72981507661598
18.50888888888889 37.40015136726447
18.524444444444445 38.18768815336
18.54 39.099473968946995
18.555555555555557 40.1355687188302
18.57111111111111 41.25104204982267
18.586666666666666 42.383138807263435
18.602222222222224 43.46905927844284
18.617777777777775 44.459492297953716
18.633333333333333 45.36284414150089
18.64888888888889 46.2039581961742
18.66444444444444 47.00604784206325
18.68 47.792099240077164
18.695555555555558 48.584098728707204
18.71111111111111 49.403786784119234
18.726666666666667 50.272571854549824
18.742222222222225 51.16941836825083
18.757777777777775 51.98960827422525
18.773333333333333 52.61863216575557
18.788888888888888 52.943742844330245
18.804444444444442 52.93073000498066
18.82 52.65362041665492
18.835555555555555 52.1943353329018
18.85111111111111 51.63163986181735
18.866666666666667 50.97510720390346
18.88222222222222 50.166956035280805
18.897777777777776 49.14661644680575
18.913333333333334 47.86061536278896
18.92888888888889 46.34557212057189
18.944444444444443 44.70005065269913
18.96 43.023833350905306
18.975555555555555 41.41128262248424
18.99111111111111 39.913309737424356
19.006666666666668 38.55993879267908
19.022222222222222 37.38106100476432
19.037777777777777 36.39348938743706
19.053333333333335 35.54473524492721
19.06888888888889 34.75944180992053
19.084444444444443 33.962239612820895
19.1 33.10861203352829
19.115555555555556 32.26409513824649
19.13111111111111 31.518753049175416
19.14666666666667 30.96249033934953
19.162222222222223 30.633419904406765
19.177777777777777 30.443702990425663
19.193333333333335 30.286721323921938
19.208888888888886 30.056643821430043
19.224444444444444 29.708360149035798
19.240000000000002 29.299581404340643
19.255555555555553 28.897965399282498
19.27111111111111 28.569486054200524
19.28666666666667 28.325214619529902
19.30222222222222 28.110471518728787
19.317777777777778 27.866701516090984
19.333333333333336 27.539495792275034
19.348888888888887 27.147107992312613
19.364444444444445 26.769710898482344
19.38 26.49276020774073
19.395555555555553 26.413782766149893
19.41111111111111 26.486047442352856
19.426666666666666 26.634208009786562
19.44222222222222 26.78214178032067
19.45777777777778 26.873332372973778
19.473333333333333 26.91934579419228
19.488888888888887 26.94920080388863
19.504444444444445 27.003449759057162
19.52 27.111177827596748
19.535555555555554 27.24820838556218
19.551111111111112 27.37491255990392
19.566666666666666 27.451666176997833
19.58222222222222 27.45499614883454
19.59777777777778 27.412806400389513
19.613333333333333 27.360717847437854
19.628888888888888 27.335397767800487
19.644444444444446 27.34535792909196
19.66 27.337685097678673
19.675555555555555 27.25136661469685
19.691111111111113 27.02632066380488
19.706666666666667 26.657094655032893
19.72222222222222 26.2222161344871
19.73777777777778 25.807356095661362
19.753333333333334 25.49584339806438
19.76888888888889 25.30697360569434
19.784444444444446 25.189794710022284
19.799999999999997 25.089766369815948
19.815555555555555 24.95516946042858
19.831111111111113 24.777817753538898
19.846666666666664 24.583724418409815
19.862222222222222 24.39982300070085
19.87777777777778 24.251420318247938
19.89333333333333 24.148138258221934
19.90888888888889 24.090826471314926
19.924444444444443 24.08023853171926
19.939999999999998 24.114051239558535
19.955555555555556 24.170335232598518
19.97111111111111 24.219465478024176
19.986666666666665 24.231798736824544
20.002222222222223 24.18963271990617
20.017777777777777 24.126958985860142
20.03333333333333 24.091754571325737
20.04888888888889 24.131983862871266
20.064444444444444 24.278583869534373
20.08 24.51191710917624
20.095555555555556 24.80299950902031
20.11111111111111 25.122997475604052
20.126666666666665 25.466423487225825
20.142222222222223 25.876196850629412
20.157777777777778 26.40125161578044
20.173333333333332 27.090026504539992
20.18888888888889 27.964897049122783
20.204444444444444 29.009813582498396
20.22 30.205641317011327
20.235555555555557 31.535063858064973
20.25111111111111 33.0273318601586
20.266666666666666 34.76106168922388
20.282222222222224 36.817248434526505
20.297777777777778 39.2715306414417
20.313333333333333 42.12028220763
20.32888888888889 45.299308443413906
20.344444444444445 48.7428823612446
20.36 52.38428763659658
20.375555555555557 56.147523948954586
20.39111111111111 59.9515095268473
20.406666666666666 63.71511072451142
20.422222222222224 67.35507526371748
20.437777777777775 70.77487284665324
20.453333333333333 73.8728403688666
20.46888888888889 76.5473036614045
20.484444444444442 78.71184690908922
20.5 80.34557278369948
20.515555555555554 81.44516602315241
20.53111111111111 82.00777987486549
20.546666666666667 82.01248431465842
20.56222222222222 81.38396745353486
20.577777777777776 80.03789226920651
20.593333333333334 77.89053455357282
20.608888888888888 74.95597133974752
20.624444444444443 71.45249733830497
20.64 67.62399348467432
20.655555555555555 63.71274666781892
20.67111111111111 59.87414653016731
20.686666666666667 56.13369334856998
20.702222222222222 52.50625703451908
20.717777777777776 49.00747669555642
20.733333333333334 45.67346863073931
20.74888888888889 42.56250492901074
20.764444444444443 39.733963248496366
20.78 37.25001588058058
20.795555555555556 35.105162011617494
20.81111111111111 33.19243136111663
20.826666666666668 31.427755238790837
20.842222222222222 29.73397274339368
20.857777777777777 28.101731937961745
20.873333333333335 26.560144805946493
20.88888888888889 25.1387639458668
20.904444444444444 23.861983680562503
20.92 22.7202308210409
20.935555555555553 21.690194265152172
20.95111111111111 20.748524268206438
20.96666666666667 19.87903919009375
20.98222222222222 19.09809704762813
20.997777777777777 18.431284513451715
21.013333333333335 17.904182292326823
21.028888888888886 17.525676942123482
21.044444444444444 17.25189901605779
21.060000000000002 17.028583099635966
21.075555555555553 16.801562948687092
21.09111111111111 16.53773429043349
21.106666666666666 16.251483126963876
21.12222222222222 15.963402988280905
21.137777777777778 15.69304641749659
21.153333333333332 15.466623562503855
21.168888888888887 15.319736339226097
21.184444444444445 15.288833233918922
21.2 15.408994980782609
21.215555555555554 15.672940433154054
21.23111111111111 16.0239044562079
21.246666666666666 16.40231894973431
21.26222222222222 16.7547118298628
21.27777777777778 17.13487875321914
21.293333333333333 17.688257393237336
21.308888888888887 18.563231992249825
21.324444444444445 19.8844843087262
21.34 21.51382850889513
21.355555555555554 23.14931699424187
21.371111111111112 24.486523172942384
21.386666666666667 25.266688595650976
21.40222222222222 25.56982501465211
21.41777777777778 25.62827408949488
21.433333333333334 25.675106619787925
21.448888888888888 25.884947630782108
21.464444444444446 26.1271027555523
21.48 26.173739105818754
21.495555555555555 25.79740099237688
21.511111111111113 24.857604634430118
21.526666666666664 23.526176761040006
21.54222222222222 22.045020416494026
21.55777777777778 20.655826930808644
21.57333333333333 19.512160108323997
21.58888888888889 18.54365307580497
21.604444444444447 17.644898769996075
21.619999999999997 16.711054208513133
21.635555555555555 15.692819844760493
21.651111111111113 14.642530867260803
21.666666666666664 13.623373602282527
21.682222222222222 12.697901305069536
21.697777777777777 11.902400717178693
21.71333333333333 11.238047197226024
21.72888888888889 10.703567216659962
21.744444444444444 10.297448276385921
21.759999999999998 10.012837011899933
21.775555555555556 9.837624083300057
21.79111111111111 9.75970095397497
21.806666666666665 9.767020791257096
21.822222222222223 9.838384575818623
21.837777777777777 9.948346004568975
21.85333333333333 10.071340392761272
21.86888888888889 10.184536462107644
21.884444444444444 10.289780156383586
21.9 10.402009349118202
21.915555555555557 10.536282163898363
21.93111111111111 10.699444825478395
21.946666666666665 10.847330945674685
21.962222222222223 10.916214848342861
21.977777777777778 10.842330821610744
21.993333333333332 10.579582177566863
22.00888888888889 10.159066966663886
22.024444444444445 9.632959127528352
22.04 9.053431213471413
22.055555555555557 8.46887706059806
22.07111111111111 7.9159858196974255
22.086666666666666 7.429187210029568
22.102222222222224 7.043500330785946
22.117777777777775 6.7753869297408755
22.133333333333333 6.601199146446675
22.14888888888889 6.49252313457464
22.16444444444444 6.421035781049341
22.18 6.364643073208413
22.195555555555558 6.311386603907181
22.21111111111111 6.250238523192365
22.226666666666667 6.1701657837588755
22.24222222222222 6.059964545405364
22.257777777777775 5.908225550225097
22.273333333333333 5.703527343954306
22.288888888888888 5.435530146120868
22.304444444444442 5.11438843555959
22.32 4.76977760770194
22.335555555555555 4.42954466607614
22.35111111111111 4.122012884327546
22.366666666666667 3.866267174923337
22.38222222222222 3.675268914472099
22.397777777777776 3.5618698207921398
22.413333333333334 3.5357485110477
22.42888888888889 3.58165202954865
22.444444444444443 3.6705760645040755
22.46 3.774615569840421
22.475555555555555 3.8661107926212708
22.49111111111111 3.9349043879664123
22.506666666666668 3.977719998296152
22.522222222222222 3.9897531494272016
22.537777777777777 3.9651418108653615
22.553333333333335 3.892898337732845
22.56888888888889 3.7606505677343876
22.584444444444443 3.5561515538342974
22.6 3.2789069252569334
22.615555555555556 2.957888527507748
22.63111111111111 2.628935227179795
22.64666666666667 2.3277948826125794
22.662222222222223 2.0747280736599123
22.677777777777777 1.857145652107647
22.693333333333335 1.6582663787859246
22.708888888888886 1.4614579747232028
22.724444444444444 1.2592896674183294
22.740000000000002 1.0590758211910725
22.755555555555553 0.8696520318235343
22.77111111111111 0.6982377042692178
22.78666666666667 0.549790476232829
22.80222222222222 0.4255464313748689
22.817777777777778 0.326530552880854
22.833333333333332 0.2535196597292497
22.848888888888887 0.2027410718515057
22.864444444444445 0.16643587973578633
22.88 0.13671028086764636
22.895555555555553 0.10620465922715994
22.91111111111111 0.07390532107115177
22.926666666666666 0.04295820281072338
22.94222222222222 0.016581564799480475
22.95777777777778 0.0
22.973333333333333 0.01475905932011301
22.988888888888887 0.09034733377632165
23.004444444444445 0.25630648366404785
23.02 0.5313259470241292
23.035555555555554 0.8716475335202176
23.051111111111112 1.211220772147385
23.066666666666666 1.4839674956057252
23.08222222222222 1.6423514395820575
23.09777777777778 1.7155512423305481
23.113333333333333 1.752582801410199
23.128888888888888 1.802446081481321
23.144444444444446 1.8913419284544943
23.16 1.9774381860282801
23.175555555555555 2.006698312300273
23.191111111111113 1.9235061133072122
23.206666666666667 1.7113659585804726
23.22222222222222 1.4375086260052967
23.23777777777778 1.1802935292138272
23.25333333333333 1.0174224562175596
23.26888888888889 0.9808133851661296
23.284444444444446 1.0275206852047631
23.299999999999997 1.1076805795484006
23.315555555555555 1.1722927987054845
23.331111111111113 1.2021392125178636
23.346666666666664 1.214631279526543
23.362222222222222 1.2294318675864133
23.37777777777778 1.2658845920457225
23.39333333333333 1.3368691260554897
23.40888888888889 1.4492546924151384
23.424444444444443 1.6096821102397598
23.439999999999998 1.8222091832111573
23.455555555555556 2.0570775046314793
23.47111111111111 2.2607666193532623
23.486666666666665 2.379262700435106
23.502222222222223 2.364915296726167
23.517777777777777 2.227181903462906
23.53333333333333 2.0056712068685556
23.54888888888889 1.7402642362529832
23.564444444444444 1.468470669360272
23.58 1.212685162805542
23.595555555555556 0.9893680832735754
23.61111111111111 0.8149657377144877
23.626666666666665 0.7027203747727526
23.642222222222223 0.6510829481472911
23.657777777777778 0.65423901253655
23.673333333333332 0.7063734524356278
23.68888888888889 0.8000410148976016
23.704444444444444 0.9223045209785141
23.72 1.0590714528541412
23.735555555555557 1.1962626683049393
23.75111111111111 1.363793638054517
23.766666666666666 1.9088442126096652
23.782222222222224 2.452492176436067
23.797777777777778 2.9995888753683175
23.813333333333333 3.566909835267097
23.82888888888889 4.193364719467354
23.84444444444444 4.920268884330994
23.86 5.788374692086336
23.875555555555557 6.8121898095917
23.89111111111111 7.969368443878693
23.906666666666666 9.234803101420539
23.922222222222224 10.582433213874424
23.937777777777775 11.961357916582756
23.953333333333333 13.294096731889795
23.96888888888889 14.501867744632818
23.984444444444442 15.51154371456255
24.0 16.342732184859074
24.015555555555554 17.090825506188708
24.03111111111111 17.85343735466654
24.046666666666667 18.71935065697187
24.06222222222222 19.679512760050557
24.077777777777776 20.663967874259015
24.093333333333334 21.601840241843888
24.108888888888888 22.437805078314454
24.124444444444443 23.238187899952322
24.14 24.126582994461955
24.155555555555555 25.226919094661525
24.17111111111111 26.630938432173593
24.186666666666667 28.247784051628173
24.202222222222222 29.922285735524838
24.217777777777776 31.4992013887462
24.233333333333334 32.86683859603204
24.24888888888889 34.09517678291468
24.264444444444443 35.30156105487845
24.28 36.603319092986226
24.295555555555556 38.08385220227012
24.31111111111111 39.721894717368286
24.326666666666668 41.47606007418949
24.342222222222222 43.30502850772962
24.357777777777777 45.18407387671584
24.373333333333335 47.12676371973566
24.38888888888889 49.152178856141745
24.404444444444444 51.28042385562503
24.42 53.528127641227
24.435555555555553 55.91143808307902
24.45111111111111 58.4463238749064
24.46666666666667 61.148109345631724
24.48222222222222 64.00525908952693
24.497777777777777 66.97026088802897
24.513333333333335 69.99308578331454
24.528888888888886 73.02662668745086
24.544444444444444 76.09493713776067
24.56 79.29550185729772
24.575555555555553 82.72918169168315
24.59111111111111 86.49080654367651
24.606666666666666 90.58020548875993
24.62222222222222 94.92156206349637
24.637777777777778 99.43696301481793
24.653333333333332 104.05852294978956
24.668888888888887 108.82714674420947
24.684444444444445 113.85039902671133
24.7 119.2368071641198
24.715555555555554 125.08963720307054
24.73111111111111 131.47124763170336
24.746666666666666 138.42483931925733
24.76222222222222 145.99350365920384
24.77777777777778 154.21909973731863
24.793333333333333 163.13644918801958
24.808888888888887 172.7778794042158
24.824444444444445 183.17571483980578
24.84 194.38845221706345
24.855555555555554 206.58581820140284
24.871111111111112 219.96708303477226
24.886666666666667 234.73152466178078
24.90222222222222 251.0989070089645
24.91777777777778 269.35413367941294
24.933333333333334 289.79502618301797
24.948888888888888 312.72031881083785
24.964444444444446 338.70680058951984
24.98 368.999430078983
24.995555555555555 404.94147686441795
25.011111111111113 447.897821666278
25.026666666666664 501.39606125142484
25.04222222222222 572.9405003315471
25.05777777777778 670.4626077500749
25.07333333333333 801.9248851511028
25.08888888888889 976.7800439991184
25.104444444444447 1206.5989811997651
25.119999999999997 1503.1141102925612
25.135555555555555 1878.3013825472822
25.15111111111111 2350.9012432652576
25.166666666666664 2947.135830335454
25.182222222222222 3693.614715862441
25.197777777777777 4615.426460540561
25.21333333333333 5710.459100976959
25.22888888888889 6953.128608224862
25.244444444444444 8317.080717858355
25.259999999999998 9775.469451442788
25.275555555555556 11295.397636262654
25.29111111111111 12839.898900901264
25.306666666666665 14371.931230063605
25.322222222222223 15852.516815639588
25.337777777777777 17225.565628928416
25.35333333333333 18426.063646578077
25.36888888888889 19388.91965286892
25.384444444444444 20055.678180972147
25.4 20411.196585050813
25.415555555555557 20457.709889766695
25.43111111111111 20197.499829285487
25.446666666666665 19637.54719126246
25.462222222222223 18807.85525750449
25.477777777777778 17745.466812722578
25.493333333333332 16487.426467780722
25.50888888888889 15074.01028380024
25.524444444444445 13557.467148410333
25.54 11992.818237133499
25.555555555555557 10435.077795810634
25.571111111111108 8933.407556835962
25.586666666666666 7520.473340971188
25.602222222222224 6226.055557687558
25.617777777777775 5079.870674708828
25.633333333333333 4099.692575922286
25.64888888888889 3277.401359144153
25.66444444444444 2601.4871379719348
25.68 2060.397100694064
25.695555555555558 1639.2142344197005
25.71111111111111 1317.3535431053087
25.726666666666667 1073.684719303987
25.74222222222222 887.2183044016717
25.757777777777775 742.6664738610002
25.773333333333333 632.2815722319715
25.788888888888888 548.8335276718527
25.804444444444442 485.16368213593864
25.82 435.8856656937626
25.835555555555555 397.4606374782312
25.85111111111111 366.436226765533
25.866666666666667 339.46893021064557
25.88222222222222 315.0209569502498
25.897777777777776 293.04088344560887
25.913333333333334 273.52152519404274
25.92888888888889 256.4350343753513
25.944444444444443 241.5114334932872
25.96 228.3236164353284
25.975555555555555 216.44181681244424
25.99111111111111 205.46393005597304
26.006666666666668 195.22539542642357
26.022222222222222 185.68261182910976
26.037777777777777 176.79293823045475
26.053333333333335 168.51443363375233
26.06888888888889 160.8096695640171
26.084444444444443 153.64300750440248
26.099999999999998 146.97881343602694
26.115555555555556 140.77779624360596
26.13111111111111 134.98270891047014
26.146666666666665 129.5308025856492
26.162222222222223 124.35932708085318
26.177777777777777 119.41844916341756
26.19333333333333 114.70697762450789
26.20888888888889 110.23516911118065
26.224444444444444 106.01327095234728
26.24 102.04150104489827
26.255555555555556 98.29096061561017
26.27111111111111 94.72749690007868
26.286666666666665 91.31701924534264
26.302222222222223 88.03942209173238
26.317777777777778 84.90621307791616
26.333333333333332 81.9332416772753
26.34888888888889 79.13622393281867
26.364444444444445 76.51890425870567
26.38 74.06373837107924
26.395555555555553 71.75098930223851
26.41111111111111 69.56087091813072
26.426666666666666 67.47128042927466
26.44222222222222 65.45684740953254
26.45777777777778 63.491954988911516
26.473333333333333 61.551680740260394
26.488888888888887 59.63104584634152
26.504444444444445 57.74750795046839
26.52 55.9197198780048
26.535555555555554 54.16599324662377
26.551111111111112 52.49810507517179
26.566666666666666 50.92195339530849
26.58222222222222 49.44322661300964
26.59777777777778 48.06682531068975
26.613333333333333 46.78698316831071
26.628888888888888 45.59026058309041
26.644444444444446 44.463049292081564
26.66 43.39203948281818
26.675555555555555 42.36689254979444
26.69111111111111 41.378973956616164
26.706666666666667 40.41966936712777
26.72222222222222 39.47790125277743
26.737777777777776 38.524077182468545
26.753333333333334 37.52018324664573
26.76888888888889 36.45946452239582
26.784444444444443 35.3068449120542
26.8 34.08187006372543
26.815555555555555 32.851025969894295
26.83111111111111 31.680829801154573
26.846666666666668 30.624461870447476
26.862222222222222 29.675308562429564
26.877777777777776 28.810006036781033
26.893333333333334 28.005190191975316
26.90888888888889 27.244614590016567
26.924444444444443 26.53691805373785
26.94 25.896174783916422
26.955555555555556 25.336442886052623
26.97111111111111 24.86071285701064
26.986666666666665 24.441616280702874
27.002222222222223 24.04662547736814
27.017777777777777 23.64331689375024
27.03333333333333 23.21888068273256
27.04888888888889 22.80311615960511
27.064444444444444 22.431413575003262
27.08 22.138950273456885
27.095555555555556 21.94318616744374
27.11111111111111 21.83531381052353
27.126666666666665 21.818269595878746
27.142222222222223 21.852020252226453
27.157777777777778 21.92754439166208
27.173333333333332 22.04587620777818
27.18888888888889 22.20879826644648
27.204444444444444 22.419754371362956
27.22 22.730364476549425
27.235555555555553 23.24671401602484
27.25111111111111 24.07781346740512
27.266666666666666 25.32846212780862
27.28222222222222 27.020196152657604
27.297777777777778 29.09820616057266
27.313333333333333 31.504858374381342
27.328888888888887 34.19702540327387
27.344444444444445 37.337823228440925
27.36 41.24377860203083
27.375555555555554 46.23506719601619
27.391111111111112 52.58379549290282
27.406666666666666 60.05232165748282
27.42222222222222 68.1044912989181
27.43777777777778 76.20803640477834
27.453333333333333 83.82624292883281
27.468888888888888 90.74918064985923
27.484444444444446 96.9134403016186
27.5 102.25658323564676
27.515555555555554 106.69399851227968
27.53111111111111 110.00101101722157
27.546666666666667 111.89840617253913
27.56222222222222 112.1068465067749
27.577777777777776 110.42466187282093
27.593333333333334 107.03648308847937
27.608888888888888 102.2468130132903
27.624444444444443 96.36019144518684
27.64 89.6750957077918
27.655555555555555 82.46611982942648
27.67111111111111 75.00197727364878
27.686666666666667 67.551354075674
27.702222222222222 60.320263113146325
27.717777777777776 53.31844210999054
27.733333333333334 46.51730922086017
27.74888888888889 39.88848229171447
27.764444444444443 33.480553853319975
27.78 27.535160088010343
27.795555555555556 22.323713774622206
27.81111111111111 18.116520830008426
27.826666666666664 15.027253183381504
27.842222222222222 12.852328464955008
27.857777777777777 11.34982428090916
27.87333333333333 10.278747828704354
27.88888888888889 9.464340560003848
27.904444444444444 8.841020039767272
27.919999999999998 8.353400079374296
27.935555555555556 7.9468049839834976
27.95111111111111 7.597435522097612
27.966666666666665 7.321212689959225
27.982222222222223 7.136604705909235
27.997777777777777 7.0616175203915645
28.013333333333332 7.086382843378146
28.02888888888889 7.170109170959108
28.044444444444444 7.270395519724843
28.06 7.3469502202377726
28.075555555555557 7.4009659871009035
28.09111111111111 7.471553782014553
28.106666666666666 7.599218846435633
28.12222222222222 7.819202368005904
28.137777777777778 8.0904788680524
28.153333333333332 8.314565101156177
28.168888888888887 8.39157036968902
28.184444444444445 8.2340620938852
28.2 7.89192492229904
28.215555555555554 7.500195555436449
28.23111111111111 7.19518305662848
28.246666666666666 7.095391343849542
28.26222222222222 7.166536577783404
28.27777777777778 7.296581272089838
28.293333333333333 7.372872175665748
28.308888888888887 7.303351390202124
28.324444444444445 7.14028831973576
28.34 7.006093319907791
28.355555555555554 6.985999495340366
28.371111111111112 7.158519299778163
28.386666666666667 7.45227861501462
28.40222222222222 7.742694310462184
28.417777777777776 7.9080469788247
28.433333333333334 7.869841090280374
28.448888888888888 7.693854202655871
28.464444444444442 7.499921278212241
28.48 7.407875784094131
28.495555555555555 7.493945750719149
28.51111111111111 7.679944220017205
28.526666666666667 7.853520014420269
28.54222222222222 7.90236454579599
28.557777777777776 7.756613668258751
28.573333333333334 7.468501464471842
28.58888888888889 7.112083235409955
28.604444444444443 6.761354313106949
28.62 6.473897517658315
28.635555555555555 6.268667613142725
28.65111111111111 6.159066388001406
28.666666666666668 6.158363497433129
28.682222222222222 6.2639144575572345
28.697777777777777 6.442206471497229
28.71333333333333 6.656185644256311
28.72888888888889 6.868822537743995
28.744444444444444 7.044713963898403
28.759999999999998 7.151073029629856
28.775555555555556 7.155349450900417
28.79111111111111 7.0261356337476855
28.806666666666665 6.779795166090025
28.822222222222223 6.496758115953298
28.837777777777777 6.26194456104156
28.85333333333333 6.157452217962373
28.86888888888889 6.1847453408283855
28.884444444444444 6.254814721293656
28.9 6.2738526071939305
28.915555555555557 6.1522982809829045
28.93111111111111 5.888327187082609
28.946666666666665 5.562956334210298
28.962222222222223 5.260773353707577
28.977777777777778 5.060778250607655
28.993333333333332 4.99908895790395
29.008888888888887 5.030071745083774
29.024444444444445 5.119667575272047
29.04 5.236591304848048
29.055555555555554 5.353586004740237
29.07111111111111 5.446062032962573
29.086666666666666 5.489477374777266
29.10222222222222 5.462535233121571
29.11777777777778 5.3748853128407745
29.133333333333333 5.253333767293043
29.148888888888887 5.1248693768312705
29.164444444444445 5.013265070395619
29.18 4.917628265301232
29.195555555555554 4.825649619479236
29.211111111111112 4.724957712760784
29.226666666666667 4.606091376224185
29.24222222222222 4.477752064306742
29.25777777777778 4.355635004369788
29.273333333333333 4.2554501227361925
29.288888888888888 4.18725359080338
29.304444444444442 4.132159111689589
29.32 4.0620437636519
29.335555555555555 3.948780603005389
29.35111111111111 3.775250881537886
29.366666666666667 3.5707929688753666
29.38222222222222 3.3769985892639625
29.397777777777776 3.2354585882839046
29.413333333333334 3.1765160144215088
29.42888888888889 3.1912741546482266
29.444444444444443 3.2622844519875116
29.46 3.3720955926771694
29.475555555555555 3.500352222588731
29.49111111111111 3.6182878768444198
29.506666666666668 3.6956220499109804
29.522222222222222 3.702126063181936
29.537777777777777 3.6239319929554767
29.55333333333333 3.486751831562856
29.56888888888889 3.322164794540072
29.584444444444443 3.1617073076968154
29.599999999999998 3.025496281433334
29.615555555555556 2.905778166656887
29.63111111111111 2.792913592751688
29.646666666666665 2.677328688787611
29.662222222222223 2.5547324022129487
29.677777777777777 2.429912067993314
29.69333333333333 2.308550115190542
29.70888888888889 2.196333834478878
29.724444444444444 2.0992000777943076
29.74 2.0234498884778986
29.755555555555556 1.9754131292053216
29.77111111111111 1.9609381012580798
29.786666666666665 1.9688580346439721
29.802222222222223 1.96684188975928
29.817777777777778 1.921234819194865
29.833333333333332 1.8000095408979178
29.848888888888887 1.6130392653348053
29.864444444444445 1.4147403058576629
29.88 1.2616856830662755
29.895555555555553 1.207424689111349
29.91111111111111 1.246467892658984
29.926666666666666 1.3195941285935078
29.94222222222222 1.365622854028402
29.95777777777778 1.327252599497342
29.973333333333333 1.206361839076294
29.988888888888887 1.0509747185449214
30.004444444444445 0.9103369213277119
30.02 0.8294902121962195
30.035555555555554 0.8022197642741276
30.051111111111112 0.788072533884133
30.066666666666666 0.7459699167143299
30.08222222222222 0.6395558657719675
30.09777777777778 0.4792950316707447
30.113333333333333 0.3024184549436768
30.128888888888888 0.14647138331508813
30.144444444444442 0.045268188863587966
30.16 0.0014260966428309985
30.175555555555555 0.0
30.19111111111111 0.027013035304776167
30.206666666666667 0.07022595964951961
30.22222222222222 0.1292173602529374
30.237777777777776 0.20848676146329126
30.253333333333334 0.3125498883268847
30.26888888888889 0.44576245643304446
30.284444444444443 0.6115673216974074
30.3 0.8130840987993224
30.315555555555555 1.0534320196754834
30.33111111111111 1.3296271838004259
30.346666666666668 1.6093166806116415
30.362222222222222 1.8513245006254238
30.377777777777776 2.014472912817041
30.393333333333334 2.070714303090199
30.40888888888889 2.067452391753932
30.424444444444443 2.064850549564653
30.439999999999998 2.0588720420803384
30.455555555555556 2.072610262562307
30.47111111111111 2.0740184817084355
30.486666666666665 2.0202638516961997
30.502222222222223 1.8664372973547643
30.517777777777777 1.5945318091482932
30.53333333333333 1.2633694058069977
30.54888888888889 0.9458111079588889
30.564444444444444 0.7146407386921965
30.58 0.6121226264067445
30.595555555555556 0.6036460950007267
30.61111111111111 0.642685631612153
30.626666666666665 0.68281482431928
30.642222222222223 0.6960624826118647
30.657777777777778 0.6944441170626305
30.673333333333332 0.6956453647588887
30.68888888888889 0.7172034526173547
30.704444444444444 0.7667710587585361
30.72 0.8365214399410661
30.735555555555553 0.9168377895070989
30.75111111111111 0.998111839156536
30.766666666666666 1.071320022740224
30.78222222222222 1.1283891199959726
30.797777777777778 1.1613330304406873
30.813333333333333 1.1622553615119386
30.828888888888887 1.1275264828265108
30.844444444444445 1.0595577264100484
30.86 0.9612184754876125
30.875555555555554 0.8355181249734187
30.891111111111112 0.6903546816359949
30.906666666666666 0.5396732319696866
30.92222222222222 0.39779385756924057
30.93777777777778 0.27869469728398144
30.953333333333333 0.1872304585973552
30.968888888888888 0.11932726076145173
30.984444444444446 0.0688039141673471
31.0 0.03015346997767665
31.015555555555554 0.004704435295025178
31.03111111111111 0.0
31.046666666666667 0.02382940793677335
31.06222222222222 0.08323523178466985
31.077777777777776 0.1726022929622104
31.093333333333334 0.275751055212595
31.108888888888888 0.3761782840078922
31.124444444444443 0.45844792063360273
31.14 0.5219878101462427
31.155555555555555 0.5771283290778229
31.17111111111111 0.6344508200469363
31.186666666666667 0.7046048379512513
31.202222222222222 0.7990322179067562
31.217777777777776 0.9296855856514412
31.233333333333334 1.108526058358052
31.24888888888889 1.3442141458143624
31.264444444444443 1.6130635238165496
31.28 1.8730630175323313
31.295555555555556 2.0819923760178654
31.31111111111111 2.2028683742337307
31.326666666666664 2.242435570875159
31.342222222222222 2.2291913566660924
31.357777777777777 2.1929703570381207
31.37333333333333 2.158855207585475
31.38888888888889 2.1352818438805343
31.404444444444444 2.1230421791181016
31.419999999999998 2.1228959772947746
31.435555555555556 2.1328608527587676
31.45111111111111 2.133968750464078
31.466666666666665 2.100756141172269
31.482222222222223 2.0077464179797744
31.497777777777777 1.838657225964539
31.513333333333332 1.626655506142697
31.52888888888889 1.4214600886610924
31.544444444444444 1.2728016481714803
31.56 1.2189498832644858
31.575555555555557 1.244451832141749
31.59111111111111 1.318126980377201
31.606666666666666 1.4087928248951584
31.62222222222222 1.4919442971784065
31.637777777777778 1.5704312283714899
31.653333333333332 1.654107332598528
31.668888888888887 1.7528260042180364
31.684444444444445 1.8690757510096319
31.7 1.9789230197518464
31.715555555555554 2.052511248316023
31.73111111111111 2.0599907958860513
31.746666666666666 1.9884912673809367
31.76222222222222 1.8786372597544414
31.77777777777778 1.7815622258827943
31.793333333333333 1.7483708163248366
31.808888888888887 1.8084865404103994
31.824444444444445 1.931842036836997
31.84 2.0771232514663325
31.855555555555554 2.2026855699295993
31.87111111111111 2.2828538977626067
31.886666666666667 2.3298490101905145
31.90222222222222 2.361605867467233
31.917777777777776 2.3960597088839677
31.933333333333334 2.4512004810787857
31.948888888888888 2.545137498601207
31.964444444444442 2.6959958118411578
31.98 2.921844875306192
31.995555555555555 3.233996490828531
32.011111111111106 3.6306212408363763
32.02666666666667 4.113214156279923
32.04222222222222 4.7088877600211845
32.05777777777777 5.371795472242638
32.07333333333334 6.079189378287651
32.08888888888889 6.807093392945262
32.10444444444444 7.53158494483398
32.120000000000005 8.23200808920501
32.135555555555555 8.892802297768753
32.151111111111106 9.498849130490953
32.166666666666664 10.03586776975385
32.18222222222222 10.52853504022653
32.19777777777777 11.056180805145232
32.21333333333333 11.70222483767509
32.22888888888889 12.548960545498971
32.24444444444444 13.637417522022702
32.26 14.95643800245341
32.275555555555556 16.49151530385484
32.29111111111111 18.228807453683544
32.306666666666665 20.17415937957378
32.32222222222222 22.35590932252785
32.337777777777774 24.803624643187618
32.35333333333333 27.546890424437265
32.36888888888889 30.61572515032799
32.38444444444444 34.040595458199164
32.4 37.85198865907262
32.41555555555556 42.07987622328551
32.43111111111111 46.724435612693924
32.446666666666665 51.75927753866415
32.46222222222222 57.157372890279476
32.477777777777774 62.89238871838779
32.49333333333333 68.95015806678418
32.50888888888889 75.32686333616255
32.52444444444444 82.01901678041372
32.54 89.01539079636302
32.55555555555556 96.18823707061472
32.57111111111111 103.31974510007046
32.586666666666666 110.18976652197546
32.602222222222224 116.58383940152635
32.617777777777775 122.36198285973774
32.63333333333333 127.43657002610553
32.64888888888889 131.72106193194543
32.66444444444444 135.1318964801062
32.68 137.61972233792028
32.69555555555556 139.15707330412056
32.71111111111111 139.7168396429222
32.72666666666667 139.27578847157417
32.742222222222225 137.85006161179706
32.757777777777775 135.47873807599865
32.77333333333333 132.20855580466537
32.78888888888889 128.0893746509215
32.80444444444444 123.22583376999603
32.82 117.76902297958623
32.83555555555556 111.87036431212982
32.85111111111111 105.6775435441125
32.86666666666667 99.30807413489515
32.882222222222225 92.8648756173933
32.897777777777776 86.45077235514964
32.913333333333334 80.16113370371602
32.92888888888889 74.03724677240336
32.94444444444444 68.09655035279536
32.96 62.35637887808343
32.97555555555556 56.83597535772594
32.99111111111111 51.567071991717626
33.00666666666667 46.586423324941165
33.022222222222226 41.930797572905135
33.03777777777778 37.62976697537181
33.05333333333333 33.67027649009549
33.06888888888889 30.023633391599446
33.08444444444444 26.66112116988279
33.099999999999994 23.55564822838494
33.11555555555556 20.688864155501847
33.13111111111111 18.045345040586767
33.14666666666666 15.609669066069387
33.162222222222226 13.371424612032683
33.17777777777778 11.34474282583858
33.19333333333333 9.551257953339473
33.20888888888889 8.01260612270903
33.224444444444444 6.741960366606122
33.239999999999995 5.714652306622611
33.25555555555556 4.895441164000772
33.27111111111111 4.249085669351075
33.28666666666666 3.747462006310684
33.30222222222223 3.392215975418594
33.31777777777778 3.1917329620684995
33.33333333333333 3.1538226420969977
33.34888888888889 3.324368110363366
33.364444444444445 3.889635918187196
33.379999999999995 5.0687755014876075
33.39555555555555 7.080932793617762
33.41111111111111 10.113327806255484
33.42666666666666 14.243299092631105
33.44222222222222 19.524563320884
33.45777777777778 26.010938177513708
33.47333333333333 34.02072018247543
33.48888888888889 44.71008911249908
33.504444444444445 59.40076022866731
33.519999999999996 79.41552094502208
33.535555555555554 107.30457738872929
33.55111111111111 149.20644313304615
33.56666666666666 211.99001204284582
33.58222222222222 302.47256872050923
33.59777777777778 421.89363779304176
33.61333333333333 556.9218551139761
33.62888888888889 691.7676430342118
33.644444444444446 810.6559449074216
33.66 903.4195713316477
33.675555555555555 973.9598512785466
33.69111111111111 1028.3489391742794
33.70666666666666 1072.644330570627
33.72222222222222 1109.064970183832
33.73777777777778 1130.87524844259
33.75333333333333 1130.0650627426471
33.76888888888889 1098.6525776142796
33.784444444444446 1034.002625762264
33.8 945.1065382604892
33.815555555555555 842.4829302820966
33.83111111111111 736.6317522833936
33.846666666666664 635.3795028546417
33.86222222222222 541.1207388736483
33.87777777777778 455.59111376711746
33.89333333333333 380.5148463451193
33.90888888888889 316.329744512394
33.92444444444445 261.0258474788734
33.94 212.31890134890568
33.955555555555556 167.93906638805822
33.971111111111114 126.92766294927617
33.986666666666665 90.66759938301709
34.00222222222222 60.784270239048396
34.01777777777778 38.88441968872257
34.03333333333333 25.17044443480279
34.04888888888889 17.48584594419981
34.06444444444445 13.448317599327993
34.08 10.691084964080119
34.095555555555556 7.834540114430979
34.111111111111114 5.061818013086622
34.126666666666665 2.6943710754649146
34.14222222222222 1.049652704480195
34.15777777777778 0.22705681309071224
34.17333333333333 0.0
34.18888888888888 0.11521652486999301
34.20444444444445 0.32166526155606334
34.22 0.4738362166516481
34.23555555555555 0.575475389052599
34.251111111111115 0.6416291318116691
34.266666666666666 0.6874092209521905
34.28222222222222 0.7306601395544021
34.29777777777778 0.792889741680483
34.31333333333333 0.8958624638320316
34.32888888888888 1.0609314407597594
34.34444444444445 1.2941670093726998
34.36 1.5821858401154714
34.37555555555555 1.9103438716822438
34.391111111111115 2.2645141665509527
34.406666666666666 2.6478220108813275
34.42222222222222 3.0842812848420635
34.43777777777778 3.5991586165450826
34.45333333333333 4.217427930930171
34.468888888888884 4.955224543635154
34.48444444444444 5.818487287711946
34.5 6.812588978425765
34.51555555555555 7.944021539362097
34.53111111111111 9.250087796738171
34.54666666666667 10.802013654550251
34.56222222222222 12.672768367440426
34.577777777777776 14.934174089516887
34.593333333333334 17.62907113803658
34.608888888888885 20.769796274414603
34.62444444444444 24.36723456585753
34.64 28.44758737322286
34.65555555555555 33.39428181953792
34.67111111111111 39.95074312001259
34.68666666666667 48.876267259882866
34.70222222222222 60.91954461948853
34.717777777777776 76.59968927639488
34.733333333333334 96.2139403676066
34.748888888888885 120.05047225985516
34.76444444444444 148.53074284255047
34.78 184.7672709678169
34.79555555555555 234.37070813404534
34.81111111111111 303.0463367461765
34.82666666666667 396.29949378959225
34.84222222222222 515.8528949153878
34.85777777777778 660.051149492014
34.873333333333335 827.1201490414429
34.888888888888886 1015.349897946862
34.904444444444444 1224.1717069992746
34.92 1453.9989703285632
34.93555555555555 1705.277124776926
34.95111111111111 1978.1386535331608
34.96666666666667 2267.453065853961
34.98222222222222 2563.7194967331156
34.99777777777778 2857.304582558724
35.013333333333335 3138.6939442184175
35.028888888888886 3400.270554272521
35.044444444444444 3635.940217457512
35.06 3839.6516819805956
35.07555555555555 4005.287347765666
35.09111111111111 4125.722884996187
35.10666666666667 4193.051777337658
35.12222222222222 4199.346967345418
35.13777777777778 4137.402858542611
35.153333333333336 4010.464929826084
35.16888888888889 3829.651473813308
35.184444444444445 3606.273584386683
35.2 3351.4105192009856
35.215555555555554 3072.9251868577044
35.23111111111111 2776.327696635257
35.24666666666667 2467.074340865625
35.26222222222222 2150.8622925674717
35.27777777777778 1836.5988738012948
35.29333333333334 1535.475344511101
35.30888888888889 1258.73184752805
35.324444444444445 1016.9760329094631
35.34 812.6952115380924
35.355555555555554 642.7486252119935
35.371111111111105 503.88257310241715
35.38666666666667 392.7962672093049
35.40222222222222 305.6049046186283
35.41777777777777 238.0287446040113
35.43333333333334 185.78059826919457
35.44888888888889 144.71933221779204
35.46444444444444 112.45853688224122
35.480000000000004 87.77146459918129
35.495555555555555 69.45197324538162
35.511111111111106 56.300045755118276
35.52666666666667 47.188754889395796
35.54222222222222 41.04270139242885
35.55777777777777 36.771804797826576
35.57333333333334 33.35639990384607
35.58888888888889 30.479765795496746
35.60444444444444 28.271038064906975
35.620000000000005 26.86644672699674
35.635555555555555 26.386803986698624
35.651111111111106 26.78196247892845
35.666666666666664 27.895283427063646
35.68222222222222 29.568516571977966
35.69777777777777 31.661354226979938
35.71333333333333 34.228408479897666
35.72888888888889 37.44407319492643
35.74444444444444 41.48268902077234
35.76 46.496478403281
35.775555555555556 52.391503058423154
35.79111111111111 58.92519924710996
35.806666666666665 65.85294610012772
35.82222222222222 72.91344111900594
35.837777777777774 79.6708942015349
35.85333333333333 85.5855332574638
35.86888888888889 90.11620122749139
35.88444444444444 92.78839857577157
35.9 93.81461309013093
35.91555555555556 93.81209127926513
35.93111111111111 93.40329070310418
35.946666666666665 93.12943021630167
35.96222222222222 92.70488097279986
35.977777777777774 91.36154848588421
35.99333333333333 88.32530594675757
36.00888888888889 82.94529040925102
36.02444444444444 75.8124120946884
36.04 68.23640114097384
36.05555555555556 61.53575879752782
36.07111111111111 56.91220614422457
36.086666666666666 54.40040323425694
36.102222222222224 53.36364964703671
36.117777777777775 53.15720939988603
36.13333333333333 53.169192126940516
36.14888888888889 53.11406178944799
36.16444444444444 52.89317262879172
36.18 52.4100845730253
36.19555555555556 51.57962251384936
36.21111111111111 50.42814242221232
36.22666666666667 49.04569185716775
36.242222222222225 47.52306355143264
36.257777777777775 45.937062610249086
36.27333333333333 44.22619181265338
36.28888888888889 42.25005690101841
36.30444444444444 39.86734354923567
36.32 36.9590209450555
36.33555555555556 33.62658230968441
36.35111111111111 30.097410568392093
36.36666666666667 26.600359917339574
36.382222222222225 23.346367708300363
36.397777777777776 20.3685066507893
36.413333333333334 17.59806379126576
36.42888888888889 14.965127472924678
36.44444444444444 12.410580898263788
36.46 9.983047815775308
36.47555555555556 7.793067819945691
36.49111111111111 5.952062583269253
36.50666666666666 4.562242684404055
36.522222222222226 3.622145854553537
36.53777777777778 3.0728066921151367
36.55333333333333 2.8545467946956933
36.56888888888889 2.911237858560753
36.58444444444444 3.22281078323158
36.599999999999994 3.7902036685453595
36.61555555555556 4.614615997371516
36.63111111111111 5.704691160189213
36.64666666666666 7.145610758630255
36.662222222222226 9.067569208197597
36.67777777777778 11.601337273882223
36.69333333333333 14.89146358293442
36.70888888888889 19.226235847421663
36.724444444444444 24.979428402640906
36.739999999999995 32.525947450138005
36.75555555555556 42.24825774159058
36.77111111111111 54.60902453000324
36.78666666666666 70.11923275800734
36.80222222222222 89.35141213711029
36.81777777777778 112.89569654300215
36.83333333333333 141.34765669059004
36.84888888888889 175.5399121131594
36.864444444444445 216.30673543286662
36.879999999999995 264.3765989537869
36.89555555555555 319.3082580278078
36.91111111111111 379.9334525350946
36.92666666666666 445.07298884394675
36.94222222222222 513.5468357234093
36.95777777777778 584.1654737453193
36.97333333333333 655.733378182521
36.98888888888889 727.054929303869
37.004444444444445 796.8523831507872
37.019999999999996 862.8923431962149
37.035555555555554 922.3244074340555
37.05111111111111 972.2878699467948
37.06666666666666 1010.060925450222
37.08222222222222 1034.5865854598305
37.09777777777778 1045.9062134783658
37.11333333333333 1044.0806011247228
37.12888888888889 1029.2157384620987
37.144444444444446 1001.9771299641333
37.16 963.4081288433423
37.175555555555555 914.5591890976239
37.19111111111111 856.554568598794
37.20666666666666 791.4648214685673
37.22222222222222 722.097202033217
37.23777777777778 651.280350375133
37.25333333333333 581.4962008509591
37.26888888888889 514.2556187368858
37.284444444444446 450.2570540614163
37.3 390.1815844867276
37.315555555555555 334.70661421616535
37.33111111111111 284.4585613704328
37.346666666666664 240.0265356125683
37.36222222222222 201.99879259923716
37.37777777777778 170.90714515112518
37.39333333333333 146.46443056567136
37.40888888888889 127.76586736903573
37.42444444444445 113.89151050808925
37.44 103.94898701324655
37.455555555555556 97.46557835004205
37.471111111111114 94.29528403047175
37.486666666666665 94.30072246626287
37.50222222222222 97.365447501434
37.51777777777778 103.70845903239251
37.53333333333333 113.81882537002741
37.54888888888889 128.19328179680497
37.56444444444445 147.37114319792158
37.58 172.6126909243843
37.595555555555556 205.7794842375239
37.611111111111114 248.75147672591072
37.626666666666665 303.42932038102674
37.64222222222222 372.0855342856612
37.65777777777778 457.3144468456419
37.67333333333333 561.7210076696308
37.68888888888888 687.8454551840392
37.70444444444445 836.9890616548373
37.72 1009.3386346872492
37.73555555555555 1205.0412585823701
37.751111111111115 1424.1187384421942
37.766666666666666 1664.024683276175
37.78222222222222 1919.8073342851276
37.79777777777778 2186.422262932704
37.81333333333333 2458.7746990669666
37.82888888888888 2730.6592743447923
37.84444444444445 2994.7856594360965
37.86 3243.818311712995
37.87555555555555 3470.4360654120346
37.891111111111115 3667.661813920339
37.906666666666666 3828.865864817307
37.92222222222222 3947.4355821298827
37.93777777777778 4016.9040714826615
37.95333333333333 4034.5927728949628
37.968888888888884 4001.8709621734774
37.98444444444444 3920.3056284331283
38.0 3791.5578122581555
38.01555555555555 3619.9683389258735
38.03111111111111 3412.880737318679
38.04666666666667 3177.79743376677
38.06222222222222 2922.2247520491596
38.077777777777776 2653.7916595612023
38.093333333333334 2380.271502083967
38.108888888888885 2109.4459061069206
38.12444444444444 1849.0254251966396
38.14 1604.2296854663555
38.15555555555555 1377.1916376728846
38.17111111111111 1169.8522898921638
38.18666666666667 984.1255823727877
38.20222222222222 820.8587637863121
38.217777777777776 679.5050064451835
38.233333333333334 559.4234637536498
38.248888888888885 459.9566087736009
38.26444444444444 379.6996950374494
38.28 316.2159595967513
38.29555555555555 266.99313141913865
38.31111111111111 229.52844711528462
38.32666666666667 201.80940862531168
38.34222222222222 182.54058876367662
38.35777777777778 170.48349497865297
38.373333333333335 164.41080750162268
38.388888888888886 163.76818581134467
38.404444444444444 169.0466573239621
38.42 180.82631853993928
38.43555555555555 199.68499452166736
38.45111111111111 226.06011401713124
38.46666666666667 260.1564412610369
38.48222222222222 302.15696455649345
38.49777777777778 352.2485215197744
38.513333333333335 410.95234464544023
38.528888888888886 479.3782699045747
38.544444444444444 558.6959775377785
38.56 650.067627557911
38.57555555555555 753.8422967353456
38.59111111111111 868.8407689396313
38.60666666666667 993.7123476185089
38.62222222222222 1127.0999579235254
38.63777777777778 1266.5927775969317
38.653333333333336 1407.656088696844
38.66888888888889 1545.5358822409962
38.684444444444445 1675.5947261378383
38.7 1794.683744999353
38.715555555555554 1903.751883903784
38.73111111111111 2004.2603543562561
38.74666666666667 2097.6646488169436
38.76222222222222 2183.923744629113
38.77777777777778 2259.506056465622
38.79333333333334 2320.383270885419
38.80888888888889 2362.52822107262
38.82444444444444 2382.3680945607475
38.84 2377.474978474538
38.855555555555554 2345.598481330676
38.871111111111105 2284.490391700751
38.88666666666667 2193.3528899716025
38.90222222222222 2075.3482330309766
38.91777777777777 1934.3083400043897
38.93333333333334 1774.0661611260862
38.94888888888889 1599.806125733547
38.96444444444444 1420.7243244069728
38.980000000000004 1246.7545566546466
38.995555555555555 1087.8310791782062
39.011111111111106 950.7745987922791
39.02666666666667 832.3337310259901
39.04222222222222 727.2241401745516
39.05777777777777 630.1615824992282
39.07333333333334 537.3583398974455
39.08888888888889 450.3198981188766
39.10444444444444 371.7214631115338
39.12 304.2382399968094
39.135555555555555 249.78110056528146
39.151111111111106 207.29688279397612
39.166666666666664 175.01403352966906
39.18222222222222 151.16099961009513
39.19777777777777 133.96142089006946
39.21333333333333 121.62158689120895
39.22888888888889 112.33616382232094
39.24444444444444 104.29664071136335
39.26 95.99291469551076
39.275555555555556 87.29632274932874
39.29111111111111 78.48325522502921
39.306666666666665 69.83015498713564
39.32222222222222 61.60695288643285
39.337777777777774 54.049807998894494
39.35333333333333 47.383964977054006
39.36888888888889 41.83466300006637
39.38444444444444 37.560327295677894
39.4 34.32531121633792
39.41555555555556 31.755585782054595
39.43111111111111 29.47700463763897
39.446666666666665 27.16642672320404
39.46222222222222 24.826717721568798
39.477777777777774 22.58906001118362
39.49333333333333 20.584944463820648
39.50888888888889 18.9289247061472
39.52444444444444 17.61464408738891
39.54 16.583179211601873
39.55555555555556 15.77539162803896
39.57111111111111 15.136223666893784
39.586666666666666 14.64331314336539
39.602222222222224 14.290006762337157
39.617777777777775 14.069750947194962
39.63333333333333 13.974356533773516
39.64888888888889 13.980843738325348
39.66444444444444 14.05837533313138
39.68 14.176041569841914
39.69555555555556 14.305803549631378
39.71111111111111 14.449116963064625
39.72666666666667 14.624772854534285
39.742222222222225 14.852580532136017
39.757777777777775 15.149987318868739
39.77333333333333 15.518754701269245
39.78888888888889 15.951164949507415
39.80444444444444 16.439329415768043
39.82 16.97492803220257
39.83555555555556 17.54377912451787
39.85111111111111 18.127474285469248
39.86666666666667 18.707511661817648
39.882222222222225 19.267813599979036
39.897777777777776 19.8307592369722
39.913333333333334 20.44948986877523
39.92888888888889 21.17800798082351
39.94444444444444 22.06758870044291
39.96 23.118343594595444
39.97555555555556 24.284924193904317
39.99111111111111 25.520400373516736
40.00666666666666 26.78066377208438
40.022222222222226 28.08517611324237
40.03777777777778 29.51623863020211
40.05333333333333 31.158828198554716
40.06888888888889 33.095591096733074
40.08444444444444 35.344917912342794
40.099999999999994 37.85440148708847
40.11555555555556 40.56799179759366
40.13111111111111 43.43220205436421
40.14666666666666 46.48209057456347
40.162222222222226 49.88013802329215
40.17777777777778 53.76928994925731
40.19333333333333 58.288527244048964
40.20888888888889 63.53793402450708
40.224444444444444 69.54928403213489
40.239999999999995 76.34936681869033
40.25555555555556 83.9688988684685
40.27111111111111 92.67361581995851
40.28666666666666 103.09318999464574
40.30222222222222 115.88856003251124
40.31777777777778 131.7290361633352
40.33333333333333 151.99231377389071
40.34888888888889 179.29256424884795
40.364444444444445 216.36833470437773
40.379999999999995 265.95285687908654
40.39555555555555 330.0954126106899
40.41111111111111 409.49442666862194
40.42666666666666 504.689928464171
40.44222222222222 616.2391267921597
40.45777777777778 748.4419390399678
40.47333333333333 913.998751597753
40.48888888888889 1126.7543777529936
40.504444444444445 1400.5376397656282
40.519999999999996 1742.1730762578738
40.535555555555554 2140.5361785449177
40.55111111111111 2581.6677648632644
40.56666666666666 3051.6108574879377
40.58222222222222 3539.063061075599
40.59777777777778 4040.526822814998
40.61333333333333 4553.93184829123
40.62888888888889 5077.20823021878
40.644444444444446 5603.865711813891
40.66 6112.439554069348
40.675555555555555 6578.294956461181
40.69111111111111 6976.797119610935
40.70666666666666 7287.874403460352
40.72222222222222 7509.362703448981
40.73777777777778 7643.490148507148
40.75333333333333 7692.484867558249
40.76888888888889 7657.693377232307
40.784444444444446 7536.444981795361
40.8 7324.925383612999
40.815555555555555 7019.320202803304
40.83111111111111 6619.5294223746605
40.846666666666664 6145.172099516192
40.86222222222222 5622.385805393458
40.87777777777778 5077.312242749678
40.89333333333333 4533.839641420776
40.90888888888889 4001.8504770288464
40.92444444444445 3485.854619577964
40.94 2990.3509109423057
40.955555555555556 2520.364201429433
40.971111111111114 2084.77143279357
40.986666666666665 1694.162294764877
41.00222222222222 1359.134265304041
41.01777777777778 1088.6584278249088
41.03333333333333 877.5545015104118
41.04888888888889 713.3575773103545
41.06444444444445 583.5425968879681
41.08 476.235441708209
41.095555555555556 386.36332715283345
41.111111111111114 312.9031846882375
41.126666666666665 254.88575155016076
41.142222222222216 211.25237803021992
41.15777777777778 179.80094710692492
41.17333333333333 157.54128665568032
41.18888888888888 141.46846703264816
41.20444444444445 128.6738774719638
41.22 117.76552376233712
41.23555555555555 108.55871278477525
41.251111111111115 100.90219651009102
41.266666666666666 94.64269480544135
41.28222222222222 89.58642830391284
41.29777777777778 85.50230827436894
41.31333333333333 82.1578532023326
41.32888888888888 79.3228929913339
41.34444444444445 76.8272615181736
41.36 74.5648629456715
41.37555555555555 72.43272721350422
41.391111111111115 70.32889347981938
41.406666666666666 68.18685638080638
41.42222222222222 65.98409469847888
41.437777777777775 63.70082704926358
41.45333333333333 61.317626655712616
41.468888888888884 58.83283408893908
41.48444444444444 56.27048120323832
41.5 53.656607124341804
41.51555555555555 51.01724066272277
41.53111111111111 48.37761659341788
41.54666666666667 45.76162576855688
41.56222222222222 43.193029108176574
41.577777777777776 40.69558898988794
41.593333333333334 38.293261980694524
41.608888888888885 36.01039134635539
41.62444444444444 33.87240069946802
41.64 31.90282749133962
41.65555555555555 30.11259630531879
41.67111111111111 28.48178425246283
41.68666666666667 26.985993329527332
41.70222222222222 25.600832522155656
41.717777777777776 24.307658842065734
41.733333333333334 23.10397400052625
41.748888888888885 21.9900932225828
41.76444444444444 20.966331400756985
41.78 20.030958833364593
41.79555555555555 19.175355979884444
41.81111111111111 18.389453539197007
41.82666666666667 17.663182204056625
41.84222222222222 16.985980408706155
41.85777777777778 16.345285424263352
41.873333333333335 15.72802605884624
41.888888888888886 15.1211311144001
41.904444444444444 14.516008930361409
41.92 13.926114018385306
41.93555555555555 13.371671679165502
41.95111111111111 12.872909024046294
41.96666666666667 12.44290619762262
41.98222222222222 12.051935132650215
41.99777777777778 11.654400350411265
42.013333333333335 11.204680418197654
42.028888888888886 10.676759770450076
42.044444444444444 10.101993934569123
42.06 9.53285655969512
42.07555555555555 9.032128918592207
42.09111111111111 8.65540480651714
42.10666666666667 8.389194860999737
42.12222222222222 8.184737409668628
42.13777777777778 7.992928067109233
42.15333333333333 7.768246582073289
42.16888888888889 7.50646085011806
42.184444444444445 7.22979812637891
42.199999999999996 6.960918714047352
42.215555555555554 6.729962714481417
42.23111111111111 6.539354694911594
42.24666666666666 6.367907340769307
42.26222222222222 6.202945242806777
42.27777777777778 6.032213415105957
42.29333333333333 5.85175955357397
42.30888888888889 5.665238801803639
42.324444444444445 5.476587346480642
42.339999999999996 5.289961440522461
42.355555555555554 5.115534468889564
42.37111111111111 4.97008112469814
42.38666666666666 4.870713317071704
42.40222222222222 4.8340151838506245
42.41777777777778 4.855394459151398
42.43333333333333 4.9023622355585985
42.44888888888889 4.940525698925512
42.464444444444446 4.935803272772432
42.48 4.8740952640828255
42.495555555555555 4.773049924888369
42.51111111111111 4.653139264927518
42.526666666666664 4.534726586129182
42.54222222222222 4.425365526583846
42.55777777777778 4.307913975209885
42.57333333333333 4.162417739446482
42.58888888888889 3.968963355605865
42.60444444444445 3.7188718276592
42.62 3.429945076116269
42.635555555555555 3.123798198280724
42.65111111111111 2.822042931393298
42.666666666666664 2.542636379919486
42.68222222222222 2.292911669117416
42.69777777777778 2.0782821854229496
42.71333333333333 1.9041612455245058
42.72888888888889 1.7750004376161996
42.74444444444444 1.6872126861647985
42.76 1.6358372255402855
42.775555555555556 1.61628780745707
42.79111111111111 1.624663326600512
42.806666666666665 1.6601613350761681
42.82222222222222 1.7228549568986864
42.837777777777774 1.812817363266845
42.85333333333333 1.9262148542617297
42.86888888888889 2.037002040426387
42.88444444444444 2.1112945028355625
42.9 2.1151989138496674
42.91555555555556 2.021199192009931
42.93111111111111 1.8477914005677576
42.946666666666665 1.633664232116189
42.96222222222222 1.4175927583745533
42.977777777777774 1.235625770150591
42.99333333333333 1.0984739823363725
43.00888888888889 1.0030865592801774
43.02444444444444 0.9462757603853333
43.04 0.924555574738406
43.05555555555556 0.9307905738425006
43.07111111111111 0.9554014148089891
43.086666666666666 0.988763802986341
43.102222222222224 1.0210443172353507
43.117777777777775 1.0389347955507446
43.13333333333333 1.0262636047797287
43.14888888888889 0.966773675737727
43.16444444444444 0.8451890287254855
43.18 0.669380085061789
43.19555555555556 0.47069124361939885
43.21111111111111 0.2815135121223875
43.22666666666667 0.1337578831363544
43.242222222222225 0.04216564215687413
43.257777777777775 0.002415912994933933
43.27333333333333 0.04412160069978199
43.28888888888889 0.11904752722819012
43.30444444444444 0.2179376200558636
43.32 0.3297606298518758
43.33555555555555 0.44333257483515354
43.35111111111111 0.5475012138776947
43.36666666666667 0.6349025947054088
43.38222222222222 0.7055018342820176
43.397777777777776 0.760102163515171
43.413333333333334 0.7995184718312203
43.428888888888885 0.8283969319512607
43.44444444444444 0.8607212187979485
43.46 0.9118705847773754
43.47555555555555 0.9972204334640082
43.49111111111111 1.1242157183480685
43.50666666666667 1.2756896379130467
43.52222222222222 1.4297150568805819
43.53777777777778 1.5643648340919754
43.553333333333335 1.6601891281624148
43.568888888888885 1.7076224655436363
43.58444444444444 1.6995642635865806
43.6 1.628913933769013
43.61555555555555 1.4928915342651408
43.63111111111111 1.310998038179946
43.64666666666667 1.1098958608768044
43.66222222222222 0.9162507869901901
43.67777777777778 0.7530241673048295
43.693333333333335 0.6182651332060232
43.708888888888886 0.4997538969097377
43.724444444444444 0.38523861544808824
43.74 0.26464011321991165
43.75555555555555 0.147246994004945
43.77111111111111 0.05251750403112965
43.78666666666667 0.0
43.80222222222222 0.007555259942250814
43.81777777777778 0.0725872864760504
43.833333333333336 0.17889266163842876
43.84888888888889 0.31002204296328273
43.864444444444445 0.45070747980173564
43.88 0.6059156795633953
43.89555555555555 0.7976113051510083
43.91111111111111 1.0494820529069102
43.92666666666666 1.3821218286137764
43.94222222222222 1.7977650060556698
43.95777777777778 2.2780763533937716
43.97333333333333 2.803725878572777
43.98888888888889 3.3556088029948796
44.004444444444445 3.924071609888756
44.019999999999996 4.512156768726527
44.035555555555554 5.123798679044171
44.05111111111111 5.762831255642482
44.06666666666666 6.425076306321898
44.08222222222222 7.092638156581984
44.09777777777778 7.746275094025918
44.11333333333333 8.36674036228294
44.12888888888889 8.9337776448956
44.144444444444446 9.424906253482845
44.16 9.817348827224805
44.175555555555555 10.088337548560503
44.19111111111111 10.22445187601113
44.20666666666666 10.23910291255288
44.22222222222222 10.1504863208786
44.23777777777778 9.976797731138504
44.25333333333333 9.731665391051024
44.26888888888889 9.411425174572742
44.284444444444446 9.008321209789642
44.3 8.514597618866901
44.315555555555555 7.928218285663434
44.33111111111111 7.275907640753985
44.346666666666664 6.5934100940063445
44.36222222222222 5.916473233103943
44.37777777777778 5.279330366752447
44.39333333333333 4.706003530746102
44.40888888888889 4.21629528037613
44.42444444444445 3.8299948217443216
44.44 3.564020299947174
44.455555555555556 3.408812327172086
44.47111111111111 3.3405205298161036
44.486666666666665 3.335155309921902
44.50222222222222 3.370595699827959
44.51777777777777 3.4490599683634855
44.53333333333333 3.5898079296006244
44.54888888888889 3.81245011207227
44.56444444444444 4.135521332459575
44.58 4.556744939030523
44.595555555555556 5.055006899995647
44.61111111111111 5.608513519067742
44.626666666666665 6.197706215981611
44.64222222222222 6.872696113928441
44.657777777777774 7.765930688520029
44.67333333333333 9.012324324854035
44.68888888888889 10.749047221949695
44.70444444444444 13.17701627345582
44.72 16.594165180408254
44.73555555555556 21.306567345636154
44.75111111111111 27.622265437657234
44.766666666666666 36.11328743951549
44.782222222222224 47.87880141282869
44.797777777777775 64.08060580524818
44.81333333333333 85.88046078973707
44.82888888888889 114.41913147517448
44.84444444444444 150.78163987416963
44.86 196.04386003647141
44.87555555555556 251.28164256310606
44.89111111111111 317.04561311684745
44.906666666666666 392.0046361144455
44.922222222222224 474.4063119861297
44.937777777777775 562.4982411559131
44.95333333333333 654.608736769061
44.96888888888889 749.459948800311
44.98444444444444 845.8939699071045
45.0 942.7529213341904
45.01555555555556 1038.739200164891
45.03111111111111 1131.617117217379
45.04666666666667 1218.764877653047
45.06222222222222 1297.5594912262545
45.077777777777776 1365.6176874116918
45.093333333333334 1422.8214087750928
45.108888888888885 1470.2993167607647
45.12444444444444 1509.1930328826243
45.14 1540.3970748148504
45.15555555555555 1561.4185809989076
45.17111111111111 1567.3601812833074
45.18666666666667 1552.9987346123028
45.20222222222222 1513.5506940078908
45.217777777777776 1450.4824612303717
45.233333333333334 1371.2904683386296
45.248888888888885 1283.7165313791565
45.26444444444444 1195.4218713169835
45.28 1111.0549996851978
45.29555555555555 1031.4190880265796
45.31111111111111 957.0670720383927
45.32666666666667 888.5278338429688
45.34222222222222 824.448644754317
45.35777777777778 760.275624517264
45.373333333333335 691.1433394135793
45.388888888888886 612.2015286680936
45.404444444444444 522.2807068824208
45.42 428.67380206705207
45.43555555555555 339.84709763493083
45.45111111111111 264.25424892162414
45.46666666666667 207.61429590303408
45.48222222222222 166.99397990587363
45.49777777777778 137.75965425778907
45.513333333333335 115.27767228042921
45.528888888888886 95.61543121629609
45.544444444444444 77.91555170193806
45.56 62.163646249895464
45.57555555555555 48.34534972801396
45.59111111111111 36.45569374295724
45.60666666666667 26.54759714801935
45.62222222222222 18.69600313510489
45.63777777777778 12.975897787628583
45.65333333333333 9.4127835168822
45.66888888888889 7.594634996997684
45.684444444444445 6.881215532494252
45.699999999999996 6.6303131299458755
45.715555555555554 6.234125119515625
45.73111111111111 5.539737367148973
45.74666666666666 4.716065291125119
45.76222222222222 3.9388189276035064
45.77777777777778 3.377351568365384
45.79333333333333 3.066339516597168
45.80888888888889 2.9118913003189846
45.824444444444445 2.8149813713870344
45.839999999999996 2.678272893096846
45.855555555555554 2.469035615739813
45.87111111111111 2.237867478842304
45.88666666666666 2.040875625335161
45.90222222222222 1.9336865709573203
45.91777777777778 1.9304240115401399
45.93333333333333 1.9733367202993577
45.94888888888889 1.9954113971233483
45.964444444444446 1.9303536182062544
45.98 1.7456160499024236
45.995555555555555 1.4901012103442781
46.01111111111111 1.2248388683049143
46.026666666666664 1.0108565127741258
46.04222222222222 0.8905419033465023
46.05777777777778 0.842498009631754
46.07333333333333 0.8316953932777551
46.08888888888889 0.8231046100532922
46.10444444444445 0.7893477516803387
46.12 0.7404244996755551
46.135555555555555 0.6977303929795653
46.15111111111111 0.6826637246149403
46.166666666666664 0.7115977960213513
46.18222222222222 0.7653959381173081
46.19777777777778 0.8096211841670993
46.21333333333333 0.8097766386761123
46.22888888888889 0.7351577325770222
46.24444444444444 0.5950988149309069
46.26 0.4229655662361438
46.275555555555556 0.25245055221478196
46.29111111111111 0.11628227649657674
46.306666666666665 0.031053841749780986
46.32222222222222 0.0
46.337777777777774 0.025953069673391838
46.35333333333333 0.11137723987053505
46.36888888888889 0.24789796876086712
46.38444444444444 0.4147932998655506
46.4 0.5906698032874829
46.41555555555556 0.7544154729225738
46.43111111111111 0.9026048766570511
46.446666666666665 1.0596974271454656
46.46222222222222 1.2526070924481019
46.477777777777774 1.5081837554095046
46.49333333333333 1.8401893189088696
46.50888888888889 2.2334249876885224
46.52444444444444 2.6688103637586664
46.54 3.1272653228576246
46.55555555555556 3.590445931401973
46.57111111111111 4.042341671041413
46.586666666666666 4.467403242872024
46.602222222222224 4.850081342112276
46.617777777777775 5.175594831776493
46.63333333333333 5.432709692911317
46.64888888888889 5.611215049274165
46.66444444444444 5.701206761940739
46.68 5.699220741242925
46.69555555555556 5.641839664843246
46.71111111111111 5.5839569420452335
46.72666666666667 5.580523717433152
46.742222222222225 5.680579419460173
46.757777777777775 5.871665819979057
46.77333333333333 6.104830551089208
46.788888888888884 6.330641204027188
46.80444444444444 6.501925946071992
46.82 6.609825588580293
46.83555555555555 6.677452234001976
46.85111111111111 6.72889725949085
46.86666666666667 6.788064831685347
46.88222222222222 6.873039420119994
46.897777777777776 6.995094977839017
46.913333333333334 7.165118546727399
46.928888888888885 7.39385020009604
46.94444444444444 7.681479280202552
46.96 8.010758581086748
46.97555555555555 8.362806851487449
46.99111111111111 8.718782326189398
47.00666666666667 9.071114403924298
47.02222222222222 9.43897933620076
47.03777777777778 9.84543399686504
47.053333333333335 10.31353430003469
47.068888888888885 10.855046771022899
47.08444444444444 11.442375621908468
47.1 12.039351473154852
47.11555555555555 12.60980493920556
47.13111111111111 13.123880388423458
47.14666666666667 13.584571833480709
47.16222222222222 14.005522949693841
47.17777777777778 14.400382922239032
47.193333333333335 14.781246948209628
47.208888888888886 15.147905217465677
47.224444444444444 15.494294680795065
47.24 15.814316602159465
47.25555555555555 16.104404609205744
47.27111111111111 16.39302828768416
47.28666666666667 16.73062963097948
47.30222222222222 17.168080144314786
47.31777777777778 17.75453687854781
47.333333333333336 18.501127499867835
47.34888888888889 19.38171374312833
47.364444444444445 20.368595599144783
47.379999999999995 21.43447236109307
47.39555555555555 22.570605632074603
47.41111111111111 23.794292385595668
47.42666666666666 25.12477734535196
47.44222222222222 26.582367073512728
47.45777777777778 28.169547954987365
47.47333333333333 29.858100936612914
47.48888888888889 31.616051932777964
47.504444444444445 33.41143861787543
47.519999999999996 35.230561348852234
47.535555555555554 37.11487596433767
47.55111111111111 39.11620988383618
47.56666666666666 41.286390520585655
47.58222222222222 43.67212454718674
47.59777777777778 46.29665759693535
47.61333333333333 49.17652034986372
47.62888888888889 52.32824293658018
47.644444444444446 55.78150073428742
47.66 59.65880251356759
47.675555555555555 64.12263359759095
47.69111111111111 69.33563543139485
47.70666666666666 75.45985506868499
47.72222222222222 82.65057925151541
47.73777777777778 91.05880314596072
47.75333333333333 100.8354534621518
47.76888888888889 112.16318034640597
47.784444444444446 125.86019389508976
47.8 143.33201438047809
47.815555555555555 166.00621669509098
47.83111111111111 195.31287973237193
47.846666666666664 232.78742998384666
47.86222222222222 280.1069637463495
47.87777777777778 338.9585461848976
47.89333333333333 411.3003084354792
47.90888888888889 498.9239631109914
47.92444444444445 604.473702951958
47.94 730.7093105087836
47.955555555555556 880.3904469521722
47.97111111111111 1056.1028640508803
47.986666666666665 1259.9113668799378
48.00222222222222 1493.7836301233006
48.01777777777777 1759.6881594212614
48.03333333333333 2058.0172226084233
48.04888888888889 2381.8637037206536
48.06444444444444 2722.2079994177284
48.08 3070.030290960961
48.095555555555556 3416.779207598518
48.11111111111111 3757.3233248696847
48.126666666666665 4088.047698464066
48.14222222222222 4405.344193794536
48.157777777777774 4705.294430334926
48.17333333333333 4980.225866152629
48.18888888888889 5219.971963720275
48.20444444444444 5414.321263171018
48.22 5553.269266919966
48.23555555555556 5631.427193764087
48.25111111111111 5647.943145273793
48.266666666666666 5602.156417112685
48.282222222222224 5493.475224305924
48.297777777777775 5324.827467098327
48.31333333333333 5104.269336209729
48.32888888888889 4840.262019993259
48.34444444444444 4541.268424543308
48.36 4216.091070211049
48.37555555555556 3874.278486914454
48.39111111111111 3525.478353590556
48.406666666666666 3179.339312454955
48.422222222222224 2843.815307007688
48.437777777777775 2521.0944177609817
48.45333333333333 2212.137613174412
48.46888888888889 1917.9058617012643
48.48444444444444 1639.8661662261852
48.5 1382.2168140315107
48.51555555555556 1150.0734441476707
48.53111111111111 948.5523739504199
48.54666666666667 781.9791570688084
48.56222222222222 647.7229943034855
48.577777777777776 539.5397884235568
48.593333333333334 451.15462678833114
48.608888888888885 376.49709116505153
48.62444444444444 312.6561565549173
48.64 259.2048474613084
48.65555555555555 215.78316051477373
48.67111111111111 182.00877650467612
48.68666666666667 156.79192847374395
48.70222222222222 138.2070239193887
48.717777777777776 124.28025491520077
48.733333333333334 113.04476109850543
48.748888888888885 103.17312113514924
48.76444444444444 94.48405935004007
48.78 86.91553903042961
48.79555555555555 80.40548889427453
48.81111111111111 74.86486657496232
48.82666666666667 70.12938181441154
48.84222222222222 66.02172392226578
48.85777777777778 62.3649162201001
48.873333333333335 59.00750726492004
48.888888888888886 55.909438143539205
48.904444444444444 53.063138522962504
48.92 50.461039508691215
48.93555555555555 48.09344426159885
48.95111111111111 45.935089781098725
48.96666666666667 43.95379862997112
48.98222222222222 42.11736206392101
48.99777777777778 40.39461019590448
49.013333333333335 38.76757256207969
49.028888888888886 37.22735973489074
49.044444444444444 35.76526118169801
49.06 34.37282651049446
49.07555555555555 33.048162349016195
49.09111111111111 31.79626781766632
49.10666666666666 30.62246932446436
49.12222222222222 29.53203579896291
49.13777777777778 28.526381264183726
49.15333333333333 27.60069834452969
49.16888888888889 26.74961462571929
49.184444444444445 25.967759124744305
49.199999999999996 25.25035358265967
49.215555555555554 24.59412346087521
49.23111111111111 24.015961202037204
49.24666666666666 23.498250743330857
49.26222222222222 23.034375060668992
49.27777777777778 22.630444545352077
49.29333333333333 22.294764759867178
49.30888888888889 22.036013080868145
49.324444444444445 21.856501236833367
49.339999999999996 21.72719650887376
49.355555555555554 21.605547118210495
49.37111111111111 21.44895564399934
49.38666666666666 21.21731719129201
49.40222222222222 20.90044771227491
49.41777777777778 20.507925420579397
49.43333333333333 20.0496791200772
49.44888888888889 19.535529108763114
49.464444444444446 18.972682785920085
49.48 18.36566771631857
49.495555555555555 17.718889569033024
49.51111111111111 17.036797459043157
49.526666666666664 16.32667906240698
49.54222222222222 15.600360335028256
49.55777777777778 14.870074266290032
49.57333333333333 14.14805368034132
49.58888888888889 13.446462996829098
49.60444444444445 12.777291895484097
49.62 12.152502547504525
49.635555555555555 11.584057118001795
49.65111111111111 11.079366445253811
49.666666666666664 10.626605643423943
49.68222222222222 10.208868867028457
49.69777777777777 9.809250234807621
49.71333333333333 9.412116521086261
49.72888888888889 9.010940923664919
49.74444444444444 8.603163905474787
49.76 8.186242314825279
49.775555555555556 7.759126071093817
49.79111111111111 7.324937001283786
49.806666666666665 6.891557181464407
49.82222222222222 6.467181102931079
49.837777777777774 6.059834184691283
49.85333333333333 5.672908057695679
49.86888888888889 5.304704317718631
49.88444444444444 4.9532639864951875
49.9 4.616678137787062
49.91555555555556 4.2972626802463765
49.93111111111111 4.0047017812032095
49.946666666666665 3.7494199798533145
49.96222222222222 3.5418338503259292
49.977777777777774 3.384948321527645
49.99333333333333 3.260621453364479
50.00888888888889 3.146964410260807
50.02444444444444 3.0220883507063263
50.04 2.8792664405470987
50.05555555555556 2.7156475529437216
50.07111111111111 2.5392691258832656
50.086666666666666 2.361343564105937
50.102222222222224 2.1927177092217676
50.117777777777775 2.041158247869646
50.13333333333333 1.9128879516286474
50.14888888888889 1.8141180292869308
50.16444444444444 1.7507475349875676
50.18 1.723637966999945
50.19555555555556 1.7295762553355871
50.21111111111111 1.7652324944743327
50.22666666666667 1.827092883166813
50.242222222222225 1.9045607354489107
50.257777777777775 1.9778763571194986
50.27333333333333 2.026671467553683
50.288888888888884 2.0306419695451154
50.30444444444444 1.9800581824706
50.32 1.88744348174788
50.33555555555555 1.7681349438831262
50.35111111111111 1.6374694499383509
50.36666666666667 1.5072820304510515
50.38222222222222 1.3769561055598274
50.397777777777776 1.243108779356703
50.413333333333334 1.1034665059610802
50.428888888888885 0.9652958086821286
50.44444444444444 0.8265947419134818
50.46 0.699303867637866
50.47555555555555 0.5953712682461969
50.49111111111111 0.5258923072138373
50.50666666666667 0.4922729973935134
50.52222222222222 0.48977264540781107
50.53777777777778 0.5135527007860787
50.553333333333335 0.5584576109666841
50.568888888888885 0.6116229169698499
50.58444444444444 0.6522356293045846
50.6 0.6591178174995207
50.61555555555555 0.6113509392372407
50.63111111111111 0.5076805194382246
50.64666666666667 0.37995705012536973
50.66222222222222 0.26320940722047226
50.67777777777778 0.19244898389496257
50.693333333333335 0.1871121766640158
50.708888888888886 0.22243758145941683
50.724444444444444 0.26587737731102834
50.74 0.2848837373858828
50.75555555555555 0.25495674847383043
50.77111111111111 0.18873802990799504
50.78666666666667 0.10951076518188074
50.80222222222222 0.04129843762143537
50.81777777777778 0.005513379912429173
50.833333333333336 0.0
50.84888888888889 0.010101641521885085
50.864444444444445 0.02104688846549152
50.879999999999995 0.0190457371974162
50.89555555555555 0.008403569143808909
50.91111111111111 0.009336100414770954
50.92666666666666 0.04419786034202389
50.94222222222222 0.1351876854525358
50.95777777777778 0.28083521483523555
50.97333333333333 0.4563092187314055
50.98888888888889 0.6349967937136967
51.004444444444445 0.790620437965174
51.019999999999996 0.9082544624438356
51.035555555555554 1.005544815822418
51.05111111111111 1.1048997196951973
51.06666666666666 1.2287273897925388
51.08222222222222 1.3927782325902172
51.09777777777778 1.5839654311889717
51.11333333333333 1.7813964276073762
51.12888888888889 1.9641785234376243
51.144444444444446 2.114532798711707
51.16 2.2392735791228233
51.175555555555555 2.3568882596866274
51.19111111111111 2.4859347556371176
51.20666666666666 2.6445146268467283
51.22222222222222 2.8434605853394146
51.23777777777778 3.0877755542252885
51.25333333333333 3.3822983114624208
51.26888888888889 3.731889286821513
51.284444444444446 4.142312196681189
51.3 4.6205409395860215
51.315555555555555 5.173634095729142
51.33111111111111 5.808659074706611
51.346666666666664 6.5347867463446505
51.36222222222222 7.36599961052201
51.37777777777778 8.316949981525966
51.39333333333333 9.402290167725653
51.40888888888889 10.63201487174689
51.42444444444444 11.997605894723165
51.44 13.485383079436815
51.455555555555556 15.080715053316112
51.47111111111111 16.768501784477166
51.486666666666665 18.52456587217398
51.50222222222222 20.320588275012824
51.51777777777777 22.128228790166986
51.53333333333333 23.918946617674692
51.54888888888889 25.661118539549648
51.56444444444444 27.320706377045326
51.58 28.86360734269749
51.595555555555556 30.255713988711705
51.61111111111111 31.462728986489765
51.626666666666665 32.450103048951746
51.64222222222222 33.18326950086919
51.657777777777774 33.627743701545796
51.67333333333333 33.76900738397512
51.68888888888889 33.63842557719033
51.70444444444444 33.273784039380416
51.72 32.712868522707936
51.73555555555556 31.9849061969353
51.75111111111111 31.083419131694882
51.766666666666666 29.992619759383956
51.782222222222224 28.69672048174027
51.797777777777775 27.1869615206989
51.81333333333333 25.509739331881633
51.82888888888889 23.737488659318274
51.84444444444444 21.942798082919694
51.86 20.19592083878547
51.87555555555556 18.528580122697917
51.89111111111111 16.940890172039303
51.906666666666666 15.432031129981056
51.922222222222224 14.001147614164097
51.937777777777775 12.64571319399738
51.95333333333333 11.360846055138154
51.96888888888889 10.141486915309997
51.98444444444444 8.982587519499248
52.0 7.88317370247546
52.01555555555555 6.852412321205065
52.03111111111111 5.901021627571481
52.04666666666667 5.039719867255485
52.06222222222222 4.274066014022992
52.077777777777776 3.5858126673269908
52.093333333333334 2.949850476218444
52.108888888888885 2.341752729594816
52.12444444444444 1.7410837600368723
52.14 1.1695275916017067
52.15555555555555 0.6717428181948435
52.17111111111111 0.2925870925685672
52.18666666666667 0.10761428341197643
52.20222222222222 0.1401275916032887
52.217777777777776 0.24052065975683945
52.233333333333334 0.3326331513079026
52.248888888888885 0.34111114752198546
52.26444444444444 0.24420602036593664
52.28 0.1066606780846655
52.29555555555555 0.0015042423922864145
52.31111111111111 0.0
52.32666666666667 0.142329241310847
52.34222222222222 0.37508947857492103
52.35777777777778 0.6279043125012436
52.373333333333335 0.8303973379386775
52.388888888888886 0.9270518572267861
52.404444444444444 0.944707431481902
52.42 0.9385738487678736
52.43555555555555 0.9638872468320869
52.45111111111111 1.0710070667345235
52.46666666666667 1.2556148847398276
52.48222222222222 1.4790494438849464
52.49777777777778 1.702117604121952
52.513333333333335 1.8865809673509943
52.528888888888886 2.0208717476032234
52.544444444444444 2.1230067995263084
52.56 2.212542490522594
52.57555555555555 2.308979225547489
52.59111111111111 2.4245337812364482
52.60666666666666 2.556992447278901
52.62222222222222 2.702443114519781
52.63777777777778 2.856973679087048
52.65333333333333 3.0175233365642384
52.66888888888889 3.1841986387298107
52.684444444444445 3.3578426068306158
52.699999999999996 3.53929825621816
52.715555555555554 3.7291288615426197
52.73111111111111 3.9258595902005595
52.74666666666666 4.12711346638838
52.76222222222222 4.330509490592192
52.77777777777778 4.534078441905137
52.79333333333333 4.74242982688844
52.80888888888889 4.965459712197628
52.824444444444445 5.213213629547965
52.839999999999996 5.49564647285041
52.855555555555554 5.818241513115765
52.87111111111111 6.180055969587272
52.88666666666666 6.579649354751552
52.90222222222222 7.015579694880955
52.91777777777778 7.4855928205524265
52.93333333333333 7.985278113532615
52.94888888888889 8.509871051709467
52.964444444444446 9.054607106999526
52.98 9.61572337835645
52.995555555555555 10.194638025523261
53.01111111111111 10.794439418872969
53.026666666666664 11.418216736233319
53.04222222222222 12.068382404198076
53.05777777777778 12.740098448574656
53.07333333333333 13.424126345833258
53.08888888888889 14.111165726653496
53.10444444444445 14.792327493309415
53.12 15.470044757052108
53.135555555555555 16.159215982908734
53.15111111111111 16.875380199734934
53.166666666666664 17.634044400382948
53.18222222222222 18.446229078280396
53.19777777777777 19.313891715295938
53.21333333333333 20.237898001098927
53.22888888888889 21.21911361873623
53.24444444444444 22.256928060770463
53.26 23.344951913432567
53.275555555555556 24.475381823512066
53.29111111111111 25.640414431679005
53.306666666666665 26.833771625656027
53.32222222222222 28.061298212051724
53.337777777777774 29.334624072920974
53.35333333333333 30.665414812460654
53.36888888888889 32.0658722377442
53.38444444444444 33.558193146437816
53.4 35.17342085736095
53.41555555555556 36.94290412500368
53.43111111111111 38.89774775676676
53.446666666666665 41.052268605449854
53.46222222222222 43.39344335081432
53.477777777777774 45.90573562757254
53.49333333333333 48.573623719368356
53.50888888888889 51.415354037102475
53.52444444444444 54.55500025786512
53.54 58.137312159010094
53.55555555555556 62.30703951159717
53.57111111111111 67.21313335875902
53.586666666666666 73.03124327271837
53.602222222222224 79.9474719958655
53.617777777777775 88.14794661253234
53.63333333333333 97.8389206010786
53.64888888888889 109.51341415914465
53.66444444444444 123.87806825436144
53.68 141.64462225403986
53.69555555555556 163.5280802579009
53.71111111111111 190.39032193546382
53.72666666666667 223.29644702827773
53.74222222222222 263.3264626778396
53.757777777777775 311.56048753679704
53.77333333333333 369.1400664652124
53.788888888888884 437.3699325649609
53.80444444444444 517.581616976752
53.82 611.1066508346987
53.83555555555555 719.1242187741907
53.85111111111111 841.9892675310662
53.86666666666667 979.7792760111629
53.88222222222222 1132.5715134976633
53.897777777777776 1300.2716245366641
53.913333333333334 1480.7419776053434
53.928888888888885 1670.509993916443
53.94444444444444 1866.0716309088898
53.96 2063.924887539843
53.97555555555555 2260.7647356721213
53.99111111111111 2453.5232675126435
54.00666666666667 2639.147246094607
54.02222222222222 2814.582163367634
54.03777777777778 2976.405570446512
54.053333333333335 3120.3194740437275
54.068888888888885 3241.898458609292
54.08444444444444 3336.717108586756
54.1 3400.860167593143
54.11555555555555 3432.901609480894
54.13111111111111 3432.173475568582
54.14666666666667 3398.007987797821
54.16222222222222 3330.0624869436792
54.17777777777778 3231.476008366655
54.193333333333335 3107.5000667047857
54.208888888888886 2963.415834482883
54.224444444444444 2804.457228417972
54.24 2634.422242013753
54.25555555555555 2455.4472206131186
54.27111111111111 2269.575806875685
54.28666666666667 2078.8542511442624
54.30222222222222 1885.9001069878102
54.31777777777778 1694.6147745313444
54.33333333333333 1509.074800576025
54.34888888888889 1333.3567319157555
54.364444444444445 1171.0025218098447
54.379999999999995 1023.0664598228145
54.39555555555555 889.8797881357518
54.41111111111111 771.7736692019346
54.42666666666666 668.9651542145671
54.44222222222222 580.496096705237
54.45777777777778 504.7163381544126
54.47333333333333 439.9668258140424
54.48888888888889 384.6039206982324
54.504444444444445 337.43661869398863
54.519999999999996 297.788873586901
54.535555555555554 265.01258258812663
54.55111111111111 238.4590884380383
54.56666666666666 217.36116124399985
54.58222222222222 200.6984629396636
54.59777777777778 187.39189936227524
54.61333333333333 176.37216545647232
54.62888888888889 166.7146642523369
54.644444444444446 158.16873055925657
54.66 150.68118751483973
54.675555555555555 144.19888358785408
54.69111111111111 138.6724754337331
54.70666666666666 134.09358846438636
54.72222222222222 130.4771709187911
54.73777777777778 127.83805027520418
54.75333333333333 126.19381142157272
54.76888888888889 125.63003399297781
54.784444444444446 126.3121276380225
54.8 128.41006089845996
54.815555555555555 132.09464897409907
54.83111111111111 137.76321063730268
54.846666666666664 146.3445879261053
54.86222222222222 158.84226367886424
54.87777777777778 176.25966468329932
54.89333333333333 199.5438185433311
54.90888888888889 229.35721167141503
54.92444444444444 266.27349952786756
54.94 310.8664646985709
54.955555555555556 363.7818595898502
54.97111111111111 426.488237847458
54.986666666666665 500.9866747055885
55.00222222222222 589.2870623020456
55.01777777777777 693.3643525717564
55.03333333333333 813.8960929169216
55.04888888888889 949.9095590488855
55.06444444444444 1100.3243179389576
55.08 1264.0582674186076
55.095555555555556 1439.5077107600796
55.11111111111111 1623.7157357256453
55.126666666666665 1813.5091156963647
55.14222222222222 2005.7146240452894
55.157777777777774 2197.178077319899
55.17333333333333 2384.8506087548567
55.18888888888889 2565.718946319212
55.20444444444444 2736.770757998893
55.22 2894.9282010125016
55.23555555555556 3036.215367773484
55.25111111111111 3156.004772903638
55.266666666666666 3249.6543139940363
55.282222222222224 3312.566231394762
55.297777777777775 3342.3456683049935
55.31333333333333 3339.793137583333
55.32888888888889 3305.960558515714
55.34444444444444 3242.2225955447316
55.36 3150.0075558777166
55.37555555555556 3032.844036008144
55.39111111111111 2894.6896307129173
55.406666666666666 2739.50193476155
55.422222222222224 2571.118002925305
55.437777777777775 2392.5558949295328
55.45333333333333 2206.4929452463925
55.46888888888889 2015.6053714505367
55.48444444444444 1822.607677509075
55.5 1630.892849573037
55.51555555555555 1444.436330686463
55.53111111111111 1267.2305449312457
55.54666666666667 1103.2495867489538
55.56222222222222 954.835156316268
55.577777777777776 821.4843983932752
55.593333333333334 702.4089385465529
55.608888888888885 596.8204025210927
55.62444444444444 503.9562870191146
55.64 423.15164872610023
55.65555555555555 353.76453720964184
55.67111111111111 295.15300203035974
55.68666666666667 246.6302856900727
55.70222222222222 207.1174813198794
55.717777777777776 175.33284670062335
55.733333333333334 149.99293562682453
55.748888888888885 129.8241494256464
55.76444444444444 113.80732075301592
55.78 101.19427635329885
55.79555555555555 91.25000718616548
55.81111111111111 83.24029885549896
55.82666666666667 76.59496163021095
55.84222222222222 71.10819105929204
55.85777777777778 66.62261204109859
55.873333333333335 62.98002879797093
55.888888888888886 60.02556941567195
55.904444444444444 57.61742026562729
55.92 55.61782464221369
55.93555555555555 53.889027103234866
55.95111111111111 52.30169717861111
55.96666666666667 50.8302095289456
55.98222222222222 49.518688472218514
55.99777777777778 48.412555491992066
56.013333333333335 47.55634224732398
56.028888888888886 46.95394368280961
56.044444444444444 46.55267569765874
56.059999999999995 46.29617770236621
56.07555555555555 46.1278320720055
56.09111111111111 46.0005543993492
56.10666666666666 45.868655291878326
56.12222222222222 45.694847692429676
56.13777777777778 45.44198377443206
56.15333333333333 45.120888991620745
56.16888888888889 45.07994058896088
56.184444444444445 45.81240202903882
56.199999999999996 47.81209362578477
56.215555555555554 51.55214480609334
56.23111111111111 57.09865919219578
56.24666666666666 64.14565267688386
56.26222222222222 72.37446198429154
56.27777777777778 81.46745740772371
56.29333333333333 91.43687729345584
56.30888888888889 102.93113563674626
56.324444444444445 116.67117833894508
56.339999999999996 133.37795129505025
56.355555555555554 153.56525298176246
56.37111111111111 176.83679196932655
56.38666666666666 202.54641429794492
56.40222222222222 230.04795904470234
56.41777777777778 258.67148522991477
56.43333333333333 287.4873803395968
56.44888888888889 315.4061363887504
56.464444444444446 341.335903383188
56.48 364.19471685911515
56.495555555555555 383.2890334244364
56.51111111111111 398.43227939914004
56.526666666666664 409.47200493359674
56.54222222222222 416.2558726846587
56.55777777777778 418.74368795406815
56.57333333333333 417.21786254620656
56.58888888888889 412.01846596959126
56.60444444444445 403.48651638484
56.62 391.9882501802814
56.635555555555555 378.074465680347
56.651111111111106 362.37372994558643
56.666666666666664 345.5148781246253
56.68222222222222 328.1018558023361
56.69777777777777 310.24629319038934
56.71333333333333 291.608298643599
56.72888888888889 271.83126879574377
56.74444444444444 250.56234569584944
56.76 227.93837579147885
56.775555555555556 205.0675816417437
56.79111111111111 183.1726766292876
56.806666666666665 163.47637413066116
56.82222222222222 146.9218636956249
56.837777777777774 133.15402507551073
56.85333333333333 121.44107364773424
56.86888888888889 111.05118469360195
56.88444444444444 101.28656388611694
56.9 91.85929896445623
56.91555555555556 82.75285958193467
56.93111111111111 73.95556078067034
56.946666666666665 65.45735619121092
56.96222222222222 57.32870540358044
56.977777777777774 49.75556501177016
56.99333333333333 42.932815425699346
57.00888888888889 37.0558108588682
57.02444444444444 32.235056079845435
57.04 28.30260081817994
57.05555555555556 25.034487844420596
57.07111111111111 22.206759923155573
57.086666666666666 19.61510291780121
57.102222222222224 17.21546006225492
57.117777777777775 15.041960297271885
57.13333333333333 13.129260070102191
57.14888888888889 11.51068248794013
57.16444444444444 10.184309626090453
57.18 9.110236741452923
57.19555555555556 8.246675624324894
57.21111111111111 7.551845804555455
57.22666666666667 6.986397723100595
57.24222222222222 6.516856396662206
57.257777777777775 6.110616634764256
57.27333333333333 5.735073241028886
57.288888888888884 5.3604542681708836
57.30444444444444 4.973745175012709
57.32 4.568069848457185
57.33555555555555 4.1365614066004355
57.35111111111111 3.6734041489390847
57.36666666666667 3.190633223034183
57.38222222222222 2.7161219823499323
57.397777777777776 2.2766823403975422
57.413333333333334 1.8992674355440613
57.428888888888885 1.5978659800360901
57.44444444444444 1.3617212284390234
57.46 1.1773770984381144
57.47555555555555 1.0313775018470324
57.49111111111111 0.9108847142537115
57.50666666666667 0.8058430983538756
57.52222222222222 0.7069790775742604
57.53777777777778 0.605019111331444
57.553333333333335 0.4916503432605168
57.568888888888885 0.37021576999063655
57.58444444444444 0.25181660945668227
57.6 0.14769451885990748
57.61555555555555 0.06898252894757206
57.63111111111111 0.020927796209775806
57.64666666666667 0.0
57.66222222222222 0.001952761594338881
57.67777777777778 0.022539674440736235
57.693333333333335 0.057658380960447175
57.708888888888886 0.10138150089312603
57.724444444444444 0.14660503818697634
57.74 0.1869277491067578
57.75555555555555 0.21749468337498
57.77111111111111 0.24786091232203944
57.78666666666666 0.29542474303593735
57.80222222222222 0.3776630650694415
57.81777777777778 0.5116796504398735
57.83333333333333 0.7015585707279115
57.84888888888889 0.9352830630899689
57.864444444444445 1.1998382918512789
57.879999999999995 1.4822160255349672
57.89555555555555 1.7767993041449017
57.91111111111111 2.099521512397473
57.92666666666666 2.470222291814366
57.94222222222222 2.908741278040111
57.95777777777778 3.430358613466069
57.97333333333333 4.01006532657243
57.98888888888889 4.604285985285173
58.004444444444445 5.169933720062204
58.019999999999996 5.665294039814853
58.035555555555554 6.0837146632297845
58.05111111111111 6.45566613566541
58.06666666666666 6.813403925694615
58.08222222222222 7.189168518436418
58.09777777777778 7.609732702472797
58.11333333333333 8.088286762019038
58.12888888888889 8.635947690328521
58.144444444444446 9.26383247474098
58.16 9.982617478271436
58.175555555555555 10.797107223471812
58.19111111111111 11.708695710444545
58.20666666666666 12.719567710162437
58.22222222222222 13.83226035676853
58.23777777777778 15.05650900804892
58.25333333333333 16.408777099789745
58.26888888888889 17.90578626730678
58.284444444444446 19.568035127682606
58.3 21.41300715464854
58.315555555555555 23.461373519573385
58.33111111111111 25.736894085948393
58.346666666666664 28.263328711320014
58.36222222222222 31.06737044900649
58.37777777777777 34.19234337845376
58.39333333333333 37.687426020948465
58.40888888888889 41.6018034054199
58.42444444444444 45.98860736455845
58.44 50.969923144783024
58.455555555555556 56.72648277807855
58.47111111111111 63.440886822683865
58.486666666666665 71.29648097897302
58.50222222222222 80.57576200143978
58.51777777777777 91.75543135911892
58.53333333333333 105.33692161995566
58.54888888888889 121.82166534586827
58.56444444444444 141.71900150215527
58.58 165.5793886694912
58.595555555555556 193.96661103449094
58.61111111111111 227.4444596510026
58.626666666666665 266.6359982045748
58.64222222222222 313.100950728395
58.657777777777774 369.14641596066895
58.67333333333333 437.1003022965706
58.68888888888889 519.2818275976218
58.70444444444444 617.0423159723825
58.72 729.896694426975
58.73555555555556 857.1548326226696
58.75111111111111 998.1266002145996
58.766666666666666 1152.08955103459
58.782222222222224 1318.1613691206044
58.797777777777775 1495.4103898312228
58.81333333333333 1682.9049343327583
58.82888888888889 1879.5679323988957
58.84444444444444 2082.1373069581923
58.86 2285.700812944857
58.87555555555556 2485.4074304820265
58.89111111111111 2676.0917656427882
58.906666666666666 2853.3480489860713
58.922222222222224 3013.8476987427835
58.937777777777775 3154.378978897199
58.95333333333333 3271.7301534272306
58.968888888888884 3362.8508871633762
58.98444444444444 3425.4782159349843
59.0 3457.588914246883
59.01555555555555 3457.1598135625773
59.03111111111111 3422.39605042549
59.04666666666667 3354.9249125216666
59.06222222222222 3259.0111540094767
59.077777777777776 3138.9875524294966
59.093333333333334 2999.1794927138785
59.108888888888885 2843.1289644620674
59.12444444444444 2672.9128620697156
59.14 2490.4473596555936
59.15555555555555 2297.64863133212
59.17111111111111 2096.9350633225276
59.18666666666667 1893.229808140099
59.20222222222222 1692.2354351497984
59.217777777777776 1499.6557843594912
59.233333333333334 1320.9620342599646
59.248888888888885 1158.013836704107
59.26444444444444 1009.802511921785
59.28 875.2403753376783
59.29555555555555 753.2422183441562
59.31111111111111 643.0270053568827
59.32666666666667 544.4069296761602
59.34222222222222 457.26269015042396
59.35777777777778 381.47498562175963
59.373333333333335 316.8195829870216
59.388888888888886 262.5172913999837
59.404444444444444 217.6061386004285
59.42 181.12404065711235
59.43555555555555 152.09972507490158
59.45111111111111 129.4033384342896
59.46666666666667 111.77117547557805
59.48222222222222 97.93533279474832
59.49777777777778 86.6299269871871
59.513333333333335 76.9212479880282
59.528888888888886 68.5743121445962
59.544444444444444 61.44243819734265
59.559999999999995 55.37894488062284
59.57555555555555 50.23855611646604
59.59111111111111 45.884177448071114
59.60666666666666 42.18166759178234
59.62222222222222 38.996889247899844
59.63777777777778 36.19809285883548
59.65333333333333 33.70153559677419
59.66888888888889 31.46792930820959
59.684444444444445 29.459661854442857
59.699999999999996 27.63914669001747
59.715555555555554 25.97574586552389
59.73111111111111 24.45514835523204
59.74666666666666 23.065709689397067
59.76222222222222 21.79607005090611
59.77777777777778 20.633571009213824
59.79333333333333 19.568103970055745
59.80888888888889 18.590221814948677
59.824444444444445 17.69047939932443
59.839999999999996 16.859513345086498
59.855555555555554 16.090011790103517
59.87111111111111 15.37681399041071
59.88666666666666 14.71486090300607
59.90222222222222 14.099090898482359
59.91777777777778 13.522754390798923
59.93333333333333 12.97450400604987
59.94888888888889 12.442216829887911
59.964444444444446 11.91376994202244
59.98 11.379114371904848
59.995555555555555 10.84473530913067
60.01111111111111 10.325028453607047
60.026666666666664 9.834438868812981
60.04222222222222 9.386777473563143
60.05777777777778 8.97412096950245
60.07333333333333 8.562704526515063
60.08888888888889 8.115951165170827
60.10444444444444 7.599636571244105
60.12 6.995342366286877
60.135555555555555 6.346373423406817
60.151111111111106 5.710080972122455
60.166666666666664 5.144605527599651
60.18222222222222 4.700355365185146
60.19777777777777 4.361292886997603
60.21333333333333 4.073611276166844
60.22888888888889 3.783042902871898
60.24444444444444 3.436060923506375
60.26 3.0187630452198846
60.275555555555556 2.576041549419074
60.29111111111111 2.157551644191358
60.306666666666665 1.8129485317414265
60.32222222222222 1.5770911228190698
60.337777777777774 1.4237685114203487
60.35333333333333 1.3110162586272054
60.36888888888889 1.1968699022326064
60.38444444444444 1.0422635830011586
60.4 0.8470337429579331
60.41555555555556 0.6398955100219155
60.43111111111111 0.44822282671850644
60.446666666666665 0.29993909499762594
60.46222222222222 0.20809380076036632
60.477777777777774 0.1576717658920188
60.49333333333333 0.13059258656278416
60.50888888888889 0.10877585308026028
60.52444444444444 0.07768100421628787
60.54 0.04186911460703868
60.55555555555556 0.012315449159586933
60.57111111111111 0.0
60.586666666666666 0.015453134060521734
60.602222222222224 0.06038638842414912
60.617777777777775 0.12846351572602543
60.63333333333333 0.21305325725995772
60.64888888888889 0.3075290017036423
60.66444444444444 0.40681015999462034
60.68 0.5095920348145455
60.69555555555555 0.6151355894655808
60.71111111111111 0.7227017813873999
60.72666666666667 0.8298672168575649
60.74222222222222 0.9217387914882238
60.757777777777775 0.9778260749507126
60.77333333333333 0.9776120489104869
60.788888888888884 0.902250792050836
60.80444444444444 0.7603939360774348
60.82 0.595020833700687
60.83555555555555 0.4516034145123058
60.85111111111111 0.37561094450825294
60.86666666666667 0.39660729649938276
60.88222222222222 0.4907067702058612
60.897777777777776 0.6228084296841416
60.913333333333334 0.7578113331062468
60.928888888888885 0.8641195108829152
60.94444444444444 0.9482080915402094
60.96 1.0399012380034947
60.97555555555555 1.1693612203416706
60.99111111111111 1.366473279476736
61.00666666666667 1.6415510623272667
61.02222222222222 1.9727420440405012
61.03777777777778 2.335201164281898
61.053333333333335 2.704083356802471
61.068888888888885 3.057290561332138
61.08444444444444 3.3860465746950013
61.1 3.685607960145944
61.11555555555555 3.951232155268144
61.13111111111111 4.185820982507153
61.14666666666667 4.399623838933394
61.16222222222222 4.588537871409017
61.17777777777778 4.762748764549087
61.193333333333335 4.932424018422921
61.208888888888886 5.102730906820057
61.224444444444444 5.267056840993632
61.24 5.417093963377738
61.25555555555555 5.544534410506003
61.27111111111111 5.643145293169027
61.28666666666666 5.721984434175283
61.30222222222222 5.796945550088594
61.31777777777778 5.88395422426936
61.33333333333333 5.998515361871682
61.34888888888889 6.141535947647526
61.364444444444445 6.295917208602191
61.379999999999995 6.443448706837557
61.39555555555555 6.566208826192792
61.41111111111111 6.652205609956923
61.42666666666666 6.707640998874808
61.44222222222222 6.744117728472929
61.45777777777778 6.773238528328648
61.47333333333333 6.805933047218218
61.48888888888889 6.8449072949996435
61.504444444444445 6.8873658166572795
61.519999999999996 6.930412243634805
61.535555555555554 6.971198923176416
61.55111111111111 7.011862083149367
61.56666666666666 7.063762226205085
61.58222222222222 7.139258782423326
61.59777777777778 7.250711175883794
61.61333333333333 7.409166469338629
61.62888888888889 7.618141065266059
61.644444444444446 7.878470199404433
61.66 8.190985838553615
61.675555555555555 8.556728743730787
61.69111111111111 8.981719124671486
61.70666666666666 9.477057032893526
61.72222222222222 10.054071395232882
61.73777777777778 10.724090982118128
61.75333333333333 11.498258400058376
61.76888888888889 12.387167243883027
61.784444444444446 13.401310391934544
61.8 14.551180716461204
61.815555555555555 15.848190366958875
61.83111111111111 17.31287485377254
61.846666666666664 18.970989508877665
61.86222222222222 20.848351087986202
61.87777777777777 22.97119194439233
61.89333333333333 25.393530708552476
61.90888888888889 28.214178741625915
61.92444444444444 31.536009324316865
61.94 35.461895731160666
61.955555555555556 40.106974125387296
61.97111111111111 45.64793772707367
61.986666666666665 52.28075371309899
62.00222222222222 60.20139591867587
62.01777777777777 69.60269681717307
62.03333333333333 80.61419565622191
62.04888888888889 93.3067480736911
62.06444444444444 107.74899192163639
62.08 124.00954887453918
62.095555555555556 142.14689682885648
62.11111111111111 162.19204692221115
62.126666666666665 184.17140665286263
62.14222222222222 208.11138351273144
62.157777777777774 234.00600416583427
62.17333333333333 261.5513656307636
62.18888888888889 290.28306149809316
62.20444444444444 319.735131644122
62.22 349.44152777455975
62.23555555555556 378.93091912887576
62.25111111111111 407.7237913770881
62.266666666666666 435.33992671688475
62.282222222222224 461.29910733948975
62.297777777777775 485.1472702468059
62.31333333333333 506.55867009430324
62.32888888888889 525.247300106608
62.34444444444444 540.9270873210914
62.36 553.3187127038115
62.37555555555556 562.3037412311335
62.39111111111111 567.9120368963348
62.406666666666666 570.1790607941939
62.42222222222222 569.1404781246264
62.437777777777775 564.9802471990345
62.45333333333333 558.2921409498935
62.468888888888884 549.740131478617
62.48444444444444 539.9881908800124
62.5 529.7371672080033
62.51555555555555 520.0442473349636
62.53111111111111 512.1662559724
62.54666666666667 507.3622163364088
62.56222222222222 506.8907506040209
62.577777777777776 511.9822188833905
62.593333333333334 523.8205724187657
62.608888888888885 543.5862837293282
62.62444444444444 572.4637517293753
62.64 611.4770499299616
62.65555555555555 660.8521036629882
62.67111111111111 720.5467247986527
62.68666666666667 790.5185394320503
62.70222222222222 870.7105955390475
62.717777777777776 960.7189704125041
62.733333333333334 1059.7861583982426
62.748888888888885 1167.1387531223104
62.76444444444444 1282.003155738982
62.78 1403.1494380751028
62.79555555555555 1527.9140291542317
62.81111111111111 1653.3525459114585
62.82666666666667 1776.520605274824
62.84222222222222 1894.527416814674
62.85777777777778 2005.102655900644
62.873333333333335 2106.3750914885586
62.888888888888886 2196.4800900725554
62.904444444444444 2273.5551977964374
62.92 2335.993822869991
62.93555555555555 2382.859110311163
62.95111111111111 2413.0453044469655
62.96666666666667 2425.3655420431205
62.98222222222222 2418.952753138574
62.99777777777778 2394.1939500036824
63.01333333333333 2351.982620801224
63.028888888888886 2293.213666644683
63.044444444444444 2218.797618853323
63.059999999999995 2130.1891292834935
63.07555555555555 2029.5149923886156
63.09111111111111 1918.9435961327065
63.10666666666666 1800.643328473131
63.12222222222222 1676.7784774762495
63.13777777777778 1549.4969288510806
63.15333333333333 1420.942467008652
63.16888888888889 1293.2588763532076
63.184444444444445 1168.552472366542
63.199999999999996 1048.3200688254528
63.215555555555554 933.5629698640964
63.23111111111111 825.2681159396903
63.24666666666666 724.4218074995579
63.26222222222222 631.7567840432338
63.27777777777778 547.3668699044273
63.29333333333333 471.24682594643707
63.30888888888889 403.39141302598307
63.324444444444445 343.7539140519867
63.339999999999996 291.90572500455926
63.355555555555554 247.21239674362857
63.37111111111111 209.03748384581115
63.38666666666666 176.74456782027016
63.40222222222222 149.70017033165743
63.41777777777778 127.2723723132699
63.43333333333333 108.82997191758034
63.44888888888889 93.74205418704958
63.464444444444446 81.40330843170068
63.48 71.35508887599042
63.495555555555555 63.19088016454566
63.51111111111111 56.504229556972746
63.526666666666664 50.89326705770236
63.54222222222222 46.08902934614491
63.55777777777778 41.97281439110964
63.57333333333333 38.433990226064566
63.58888888888889 35.36192499651031
63.60444444444444 32.65616117073773
63.62 30.254206257102965
63.635555555555555 28.102421235107045
63.651111111111106 26.147167078026428
63.666666666666664 24.336699119530863
63.68222222222222 22.64855384754958
63.69777777777777 21.083296861455437
63.71333333333333 19.642115056394005
63.72888888888889 18.326179710852898
63.74444444444444 17.13067726553288
63.76 16.03579888714819
63.775555555555556 15.019425112982844
63.79111111111111 14.059436474182917
63.806666666666665 13.136782698686147
63.82222222222222 12.261517546751406
63.837777777777774 11.45975778324646
63.85333333333333 10.757788684538923
63.86888888888889 10.181656477003457
63.88444444444444 9.7370968619216
63.9 9.394347090270458
63.91555555555556 9.120067645780523
63.93111111111111 8.880919006120052
63.946666666666665 8.648369846664309
63.96222222222222 8.424114996508592
63.977777777777774 8.221566389979671
63.99333333333333 8.054161639231552
64.00888888888889 7.935073202397007
64.02444444444444 7.867871537861788
64.03999999999999 7.84404729546452
64.05555555555556 7.854322208132658
64.07111111111111 7.889985838596203
64.08666666666667 7.947626412105706
64.10222222222222 8.048053610153147
64.11777777777777 8.219577320817734
64.13333333333333 8.490507569052056
64.14888888888889 8.887003118896473
64.16444444444444 9.391986438489766
64.18 9.948351299576188
64.19555555555556 10.497482928078625
64.21111111111111 10.980775902407345
64.22666666666666 11.358500266147985
64.24222222222221 11.649383414446106
64.25777777777778 11.88343511917492
64.27333333333334 12.090665146273636
64.28888888888889 12.298225088655045
64.30444444444444 12.496699827894986
64.32 12.651393190624276
64.33555555555554 12.727104792267596
64.35111111111111 12.68869998046523
64.36666666666667 12.516124117075265
64.38222222222223 12.22354778672991
64.39777777777778 11.82986366368425
64.41333333333333 11.353964416295298
64.42888888888888 10.814099645309852
64.44444444444444 10.222838740678526
64.46000000000001 9.589790745334653
64.47555555555556 8.924539146893608
64.49111111111111 8.236666203098025
64.50666666666666 7.5356560805457775
64.52222222222221 6.830824734350699
64.53777777777778 6.131471573740782
64.55333333333334 5.446896002070162
64.56888888888889 4.786021054671551
64.58444444444444 4.15086003664112
64.6 3.5402489331967217
64.61555555555555 2.9536587606243074
64.63111111111111 2.3907294065960514
64.64666666666668 1.8580205608685674
64.66222222222223 1.371291743530037
64.67777777777778 0.9469389776385242
64.69333333333333 0.6013582803898316
64.70888888888888 0.34664861837643457
64.72444444444444 0.17411033485143435
64.74 0.06875958333409926
64.75555555555556 0.015611178139124604
64.77111111111111 0.0
64.78666666666666 0.015346801268947274
64.80222222222221 0.06358226588122307
64.81777777777778 0.1470420256569014
64.83333333333333 0.26806165333084664
64.8488888888889 0.4240730551019851
64.86444444444444 0.5941808523675718
64.88 0.7532088181634435
64.89555555555555 0.8759807196635165
64.91111111111111 0.9387775936802427
64.92666666666666 0.9432016373551733
64.94222222222223 0.9123182698992878
64.95777777777778 0.8698719774987467
64.97333333333333 0.8396024655033898
64.98888888888888 0.8402088921750419
65.00444444444445 0.8713772083707454
65.02 0.929788170329175
65.03555555555556 1.0124674191785061
65.05111111111111 1.1163189104303228
65.06666666666666 1.2366848452958266
65.08222222222221 1.3678252195510368
65.09777777777778 1.503978316883149
65.11333333333333 1.6394254805367154
65.1288888888889 1.7811793309336963
65.14444444444445 1.966671024861057
65.16 2.2377788232739704
65.17555555555555 2.636380981231696
65.19111111111111 3.1994648892253963
65.20666666666666 3.915249466419027
65.22222222222223 4.7439481553418545
65.23777777777778 5.6454410030075906
65.25333333333333 6.580227261427467
65.26888888888888 7.58949276392616
65.28444444444445 8.87432759940225
65.3 10.654648293296077
65.31555555555556 13.150371365125238
65.33111111111111 16.57559108026578
65.34666666666666 21.097546678449135
65.36222222222221 26.860880780753405
65.37777777777777 34.01009037335041
65.39333333333333 42.689793830841154
65.4088888888889 53.05376415684373
65.42444444444445 65.27173883944681
65.44 79.51444540206558
65.45555555555555 95.95184034332567
65.4711111111111 114.75941617180581
65.48666666666666 136.14521455909642
65.50222222222223 160.33064225408032
65.51777777777778 187.53714685143188
65.53333333333333 217.97781494284663
65.54888888888888 251.44076108665593
65.56444444444443 287.0960685567852
65.58 324.0651419701578
65.59555555555556 361.4693859376031
65.61111111111111 398.5583632845563
65.62666666666667 435.3143363999993
65.64222222222222 471.979525144606
65.65777777777777 508.79645723313274
65.67333333333333 545.983272092548
65.6888888888889 582.8368268818001
65.70444444444445 617.4724848013191
65.72 647.9281667289821
65.73555555555555 672.2417935365369
65.7511111111111 688.8375392651254
65.76666666666667 698.0684840672783
65.78222222222223 700.8886236234114
65.79777777777778 698.2521485136784
65.81333333333333 691.1046687315451
65.82888888888888 679.8380445640644
65.84444444444443 664.2157941600861
65.86 643.9738591837852
65.87555555555556 618.8481812933059
65.89111111111112 588.8240278176697
65.90666666666667 554.9974324072414
65.92222222222222 518.7736408448089
65.93777777777777 481.55791176930734
65.95333333333333 444.7224985131742
65.96888888888888 408.80713387740377
65.98444444444445 373.4747465812193
66.0 338.3457658833088
66.01555555555555 303.0413177775181
66.0311111111111 267.439424680766
66.04666666666667 232.45991450764575
66.06222222222222 199.286670544838
66.07777777777778 169.10357609777566
66.09333333333333 143.0502701790166
66.10888888888888 121.28877015245041
66.12444444444444 103.02518913163692
66.14 87.42574010393002
66.15555555555555 73.65663743968548
66.17111111111112 61.064158982913796
66.18666666666667 49.67259092518327
66.20222222222222 39.66577274800784
66.21777777777777 31.227543926657518
66.23333333333333 24.528262303157476
66.24888888888889 19.467945939442075
66.26444444444445 15.696663945395812
66.28 12.855089827382358
66.29555555555555 10.584250588465807
66.3111111111111 8.596445565671957
66.32666666666667 6.855892697841796
66.34222222222222 5.384199845814237
66.35777777777778 4.202974864075486
66.37333333333333 3.330791898999223
66.38888888888889 2.7292170118802233
66.40444444444444 2.3091107387640477
66.42 1.9795658457610443
66.43555555555555 1.7559020801303404
66.45111111111112 1.4918110101571074
66.46666666666667 1.1888865721280126
66.48222222222222 0.8927258777514453
66.49777777777777 0.6489260328672799
66.51333333333332 0.5006333324572552
66.52888888888889 0.44652987706274416
66.54444444444445 0.4465867607233349
66.56 0.4594818337088782
66.57555555555555 0.4438948492821737
66.5911111111111 0.3722048323279523
66.60666666666665 0.2633232174185878
66.62222222222222 0.1460321248573564
66.63777777777779 0.04911366908754644
66.65333333333334 0.0
66.66888888888889 0.00178938253452543
66.68444444444444 0.03647880091648403
66.69999999999999 0.08607654910360907
66.71555555555555 0.13170985033707439
66.73111111111112 0.16052193456596342
66.74666666666667 0.18199850079440694
66.76222222222222 0.21027574424806517
66.77777777777777 0.25948985429215554
66.79333333333332 0.34258254047529135
66.80888888888889 0.45048299546408543
66.82444444444445 0.5547719444448376
66.84 0.6325669533098335
66.85555555555555 0.6674013188709296
66.8711111111111 0.6223341336442445
66.88666666666666 0.5175641078342323
66.90222222222222 0.3816792734073715
66.91777777777779 0.24326765646878812
66.93333333333334 0.13008897475276626
66.94888888888889 0.05383041606273764
66.96444444444444 0.011605473579948011
66.97999999999999 0.0
66.99555555555555 0.015599893472312942
67.01111111111112 0.057276906180618425
67.02666666666667 0.13228437921520708
67.04222222222222 0.24979621281909203
67.05777777777777 0.41898630137620785
67.07333333333332 0.6480390890698118
67.08888888888889 0.9242764374171202
67.10444444444444 1.2151588859370577
67.12 1.4873579279450269
67.13555555555556 1.7075450688527098
67.1511111111111 1.8963247776009666
67.16666666666666 2.2855633250528626
67.18222222222222 3.158847971025807
67.19777777777777 4.80041848227097
67.21333333333334 7.478838633022178
67.22888888888889 11.106945915455071
67.24444444444444 15.236832590035306
67.25999999999999 19.404389682169608
67.27555555555556 23.14550821139119
67.2911111111111 26.370646973769908
67.30666666666667 30.590145783804815
67.32222222222222 37.7414165588001
67.33777777777777 49.76187539491252
67.35333333333332 68.51059542825874
67.36888888888889 93.66798674905283
67.38444444444444 122.5033221475677
67.4 152.16088672852118
67.41555555555556 179.78496559062535
67.43111111111111 203.11349132714145
67.44666666666666 222.70735063354186
67.46222222222222 239.96565002240186
67.47777777777777 256.2876311202091
67.49333333333334 273.03516994838344
67.50888888888889 290.29030286434386
67.52444444444444 306.56606661468743
67.53999999999999 320.27954704603223
67.55555555555556 329.84869674634047
67.57111111111111 334.06931181355856
67.58666666666667 333.78870131395445
67.60222222222222 330.5451081812672
67.61777777777777 325.87729678440064
67.63333333333333 321.29774648035254
67.64888888888888 317.136419046103
67.66444444444444 312.08712308066083
67.68 304.7236458411062
67.69555555555556 293.61977457854596
67.71111111111111 277.6834895544026
67.72666666666666 257.92819491169803
67.74222222222221 236.18508844750522
67.75777777777778 214.28718272687604
67.77333333333334 194.0534629364489
67.78888888888889 176.39648258768307
67.80444444444444 160.7852490089757
67.82 146.55997265050382
67.83555555555554 133.0608639564042
67.85111111111111 119.70374189403162
67.86666666666667 106.47379520600145
67.88222222222223 93.61560362802823
67.89777777777778 81.37506313289725
67.91333333333333 69.99748193841071
67.92888888888888 59.66566194655229
67.94444444444444 50.44538470421253
67.96000000000001 42.389578129949655
67.97555555555556 35.55117013620725
67.99111111111111 29.964036306346316
68.00666666666666 25.48362770305812
68.02222222222221 21.86646009973856
68.03777777777778 18.869116004012767
68.05333333333334 16.248546153708617
68.06888888888889 13.843217476182986
68.08444444444444 11.675194521227581
68.1 9.791653234600858
68.11555555555555 8.239769555877388
68.13111111111111 7.06008803189377
68.14666666666668 6.214350779694314
68.16222222222223 5.6126344549824125
68.17777777777778 5.1641167721870715
68.19333333333333 4.778021434594507
68.20888888888888 4.39848552074136
68.22444444444444 4.066697927792575
68.24 3.8405759046854655
68.25555555555556 3.778036694078992
68.27111111111111 3.932807289194784
68.28666666666666 4.29159283820411
68.30222222222221 4.787200301131975
68.31777777777778 5.350910256170664
68.33333333333333 5.914004850172091
68.3488888888889 6.431650164920143
68.36444444444444 6.943233806573176
68.38 7.50669825012767
68.39555555555555 8.179985964195566
68.41111111111111 9.01936075985202
68.42666666666666 10.042307590932865
68.44222222222223 11.227437943798577
68.45777777777778 12.551665725148723
68.47333333333333 13.991904835236824
68.48888888888888 15.553386532249192
68.50444444444445 17.371290132115746
68.52 19.618047872396005
68.53555555555556 22.466095101135807
68.55111111111111 26.088133343744857
68.56666666666666 30.631747496666208
68.58222222222221 36.21452525582799
68.59777777777778 42.95247469825313
68.61333333333333 50.96160389438205
68.6288888888889 60.38582751768831
68.64444444444445 71.54010254736477
68.66 84.8041564140849
68.67555555555555 100.56645099271941
68.69111111111111 119.57554455190348
68.70666666666666 141.69608295593378
68.72222222222223 166.95032140882915
68.73777777777778 195.33972867489922
68.75333333333333 226.86577350953473
68.76888888888888 261.52094776576746
68.78444444444445 299.2214916658427
68.8 339.8451670812891
68.81555555555556 383.2694405159343
68.83111111111111 429.37091986054463
68.84666666666666 477.8523418803006
68.86222222222221 528.0324433008662
68.87777777777777 579.1786066977318
68.89333333333333 630.558214637778
68.9088888888889 681.437573246005
68.92444444444445 731.069595469842
68.94 778.6981165973458
68.95555555555555 823.5667997161406
68.9711111111111 864.9193338358441
68.98666666666666 902.0441533355576
69.00222222222223 934.3666343662914
69.01777777777778 961.3383093898199
69.03333333333333 982.4091647430535
69.04888888888888 997.046535925955
69.06444444444443 1005.0437536158768
69.08 1006.4941796254393
69.09555555555556 1001.5023554977747
69.11111111111111 990.1728227678138
69.12666666666667 972.6722159655292
69.14222222222222 949.438185074157
69.15777777777777 920.9823015300999
69.17333333333333 887.8161384278903
69.1888888888889 850.4537754608072
69.20444444444445 809.5021489098231
69.22 765.6862301096254
69.23555555555555 719.7386237309313
69.2511111111111 672.3919344365007
69.26666666666667 624.3627568871041
69.28222222222223 576.2646758524672
69.29777777777778 528.6704849033531
69.31333333333333 482.1528759556626
69.32888888888888 437.2832433164284
69.34444444444443 394.5115242115927
69.36 354.0688168198308
69.37555555555555 316.16330264404746
69.39111111111112 281.00316317929924
69.40666666666667 248.77907763437645
69.42222222222222 219.5068157678861
69.43777777777777 193.10192604086615
69.45333333333333 169.47888478506434
69.46888888888888 148.5506666197748
69.48444444444445 130.2042376919851
69.5 114.2551844454116
69.51555555555555 100.50740189071564
69.5311111111111 88.76478503107637
69.54666666666667 78.83131105503048
69.56222222222222 70.51235968520234
69.57777777777778 63.614486072891964
69.59333333333333 57.94428168903073
69.60888888888888 53.308337997149465
69.62444444444444 49.52884402989491
69.64 46.491506978649
69.65555555555555 44.09820061260427
69.67111111111112 42.2507986970362
69.68666666666667 40.85201559335235
69.70222222222222 39.83392065141936
69.71777777777777 39.16489793714334
69.73333333333333 38.81558383990455
69.74888888888889 38.75661474190588
69.76444444444445 38.961724087578546
69.78 39.42472441862037
69.79555555555555 40.147434878623244
69.8111111111111 41.13169537917588
69.82666666666667 42.37944245804965
69.84222222222222 43.903004050705704
69.85777777777778 45.73422518837049
69.87333333333333 47.90710324122392
69.88888888888889 50.45563557245657
69.90444444444444 53.41262640403511
69.92 56.7977196004241
69.93555555555555 60.62299751663909
69.95111111111112 64.89990185398437
69.96666666666667 69.63914211810948
69.98222222222222 74.91131414993276
69.99777777777777 80.96370352985628
70.01333333333332 88.07641693399205
70.02888888888889 96.52956103161762
70.04444444444445 106.60150557737813
70.06 118.5331459529292
70.07555555555555 132.52922842728776
70.0911111111111 148.79302751467492
70.10666666666665 167.52781772255742
70.12222222222222 189.02671092855587
70.13777777777779 214.03006402350115
70.15333333333334 243.41714254913245
70.16888888888889 278.0672553608755
70.18444444444444 318.8520893403927
70.19999999999999 366.2038415097528
70.21555555555555 419.8980270579142
70.23111111111112 479.6255956376102
70.24666666666667 545.0900647611251
70.26222222222222 616.0881693457125
70.27777777777777 693.2219004172009
70.29333333333332 777.5071879091322
70.30888888888889 869.964505647142
70.32444444444445 971.6116359859363
70.34 1082.3918286188173
70.35555555555555 1199.5372057209756
70.3711111111111 1319.8589265134653
70.38666666666666 1440.1681502106667
70.40222222222222 1557.3651068290044
70.41777777777779 1669.9024613386562
70.43333333333334 1777.5513135305678
70.44888888888889 1880.1246420187992
70.46444444444444 1977.4354254107125
70.47999999999999 2068.8995128708125
70.49555555555555 2152.17718809199
70.51111111111112 2224.443781264397
70.52666666666667 2282.874606326229
70.54222222222222 2324.683348042902
70.55777777777777 2348.890318754829
70.57333333333332 2357.063152626738
70.58888888888889 2350.961497267017
70.60444444444444 2332.345000277618
70.62 2302.820547398871
70.63555555555556 2262.59396499016
70.6511111111111 2211.2058577754024
70.66666666666666 2148.19714221743
70.68222222222222 2073.1110368908576
70.69777777777777 1986.2577742772278
70.71333333333334 1889.8218428803953
70.72888888888889 1786.2686726891689
70.74444444444444 1678.0636936855306
70.75999999999999 1567.6276501813882
70.77555555555556 1456.608305840228
70.7911111111111 1346.0000439462679
70.80666666666667 1236.7766942396743
70.82222222222222 1129.9120864545207
70.83777777777777 1026.3372497291625
70.85333333333332 926.7896025426967
70.86888888888889 831.9518442667039
70.88444444444444 742.5066709318708
70.9 659.1316816365817
70.91555555555556 582.2357172507576
70.93111111111111 511.8310595460979
70.94666666666666 447.8981144004857
70.96222222222222 390.4172876853818
70.97777777777777 339.334581497409
70.99333333333334 294.28913509194183
71.00888888888889 254.7588834822692
71.02444444444444 220.22033081526058
71.03999999999999 190.15004574440252
71.05555555555556 164.0653219508947
71.07111111111111 141.59483253467806
71.08666666666667 122.38401610677829
71.10222222222222 106.07879551342535
71.11777777777777 92.32653322420185
71.13333333333333 80.79945686887277
71.14888888888888 71.19347641330614
71.16444444444444 63.20544343997858
71.18 56.53220952515812
71.19555555555556 50.89156652853285
71.21111111111111 46.11326212380709
71.22666666666666 42.0643050627757
71.24222222222221 38.611729341456
71.25777777777778 35.6228890472853
71.27333333333334 32.992724114554335
71.28888888888889 30.6646078361249
71.30444444444444 28.586821872546807
71.32 26.70764787823532
71.33555555555554 24.977571931223338
71.35111111111111 23.372558808077883
71.36666666666667 21.88494124732881
71.38222222222223 20.507321657296302
71.39777777777778 19.2323022464833
71.41333333333333 18.050420366441358
71.42888888888888 16.945050486987157
71.44444444444444 15.898014919307911
71.46000000000001 14.891135968530762
71.47555555555556 13.90675383543362
71.49111111111111 12.944659904731566
71.50666666666666 12.025875193165461
71.52222222222221 11.172703413947147
71.53777777777778 10.407448274262606
71.55333333333334 9.747496806424579
71.56888888888889 9.173950862203696
71.58444444444444 8.65166952196131
71.6 8.145435678492163
71.61555555555555 7.620087721033258
71.63111111111111 7.057301033786246
71.64666666666668 6.479178529301009
71.66222222222223 5.91376617058404
71.67777777777778 5.389109914669973
71.69333333333333 4.932200478619052
71.70888888888888 4.55025284332055
71.72444444444444 4.232921450760841
71.74 3.969250503516946
71.75555555555556 3.748284198220631
71.77111111111111 3.5621152818351334
71.78666666666666 3.4108331929585916
71.80222222222221 3.2985651098377957
71.81777777777778 3.2295903121583933
71.83333333333333 3.2080537317893913
71.8488888888889 3.226094957158125
71.86444444444444 3.254532010510445
71.88 3.2619903734819786
71.89555555555555 3.2170955217985124
71.91111111111111 3.0914088201317327
71.92666666666666 2.8929815740932554
71.94222222222223 2.654578414444245
71.95777777777778 2.409431832949906
71.97333333333333 2.1907743023859894
71.98888888888888 2.024274737522944
72.00444444444445 1.9064308963286294
72.02 1.8267088820912818
72.03555555555556 1.7745747922168675
72.05111111111111 1.739506862534995
72.06666666666666 1.7115372867688166
72.08222222222221 1.6814691681958607
72.09777777777778 1.6491892079741888
72.11333333333333 1.6037672563807064
72.1288888888889 1.5296476950645115
72.14444444444445 1.4260701529611879
72.16 1.2963436489000628
72.17555555555555 1.1438165208180635
72.19111111111111 0.971838792639403
72.20666666666666 0.7866310772969882
72.22222222222223 0.6034046763954848
72.23777777777778 0.4395486704093514
72.25333333333333 0.31068323169637324
72.26888888888888 0.2329903201988941
72.28444444444443 0.20935708524791607
72.3 0.22741220191937828
72.31555555555556 0.27764219250053657
72.33111111111111 0.348194923402275
72.34666666666666 0.4210371934097452
72.36222222222221 0.48585604947624006
72.37777777777777 0.5315826515313233
72.39333333333333 0.5474323124192892
72.4088888888889 0.5229621790228975
72.42444444444445 0.4555387157107589
72.44 0.3624411152021594
72.45555555555555 0.26407635639412774
72.4711111111111 0.1808514123147802
72.48666666666666 0.13240425399783362
72.50222222222223 0.120905319320741
72.51777777777778 0.13117853040392902
72.53333333333333 0.14730301122443734
72.54888888888888 0.15335787989693017
72.56444444444443 0.13625049868073802
72.58 0.10070810611114211
72.59555555555556 0.05838023249350499
72.61111111111111 0.02093177258035439
72.62666666666667 0.0
72.64222222222222 0.0010802610711380112
72.65777777777777 0.015990254445000573
72.67333333333333 0.03539230228756196
72.6888888888889 0.04795793818021821
72.70444444444445 0.04418810189423539
72.72 0.028959142144856287
72.73555555555555 0.020095601259754403
72.7511111111111 0.035884744938925905
72.76666666666667 0.09461383302016202
72.78222222222223 0.21198684512063437
72.79777777777778 0.37546417558826306
72.81333333333333 0.5545988745467412
72.82888888888888 0.7240269041921579
72.84444444444443 0.8584598347754309
72.86 0.9449760921718848
72.87555555555555 0.9966333385842745
72.89111111111112 1.0297672878410253
72.90666666666667 1.0607136479044925
72.92222222222222 1.105148320502451
72.93777777777777 1.1670890644333554
72.95333333333333 1.2405681650479892
72.96888888888888 1.3192951527339005
72.98444444444445 1.396979552006485
73.0 1.468154763284815
73.01555555555555 1.5318789487310482
73.0311111111111 1.588755478239932
73.04666666666667 1.6398568817671162
73.06222222222222 1.6861135143740285
73.07777777777778 1.7288933245795306
73.09333333333333 1.773512145661698
73.10888888888888 1.8256759940029497
73.12444444444444 1.8910908800931452
73.14 1.9751820209996254
73.15555555555555 2.0784335059364025
73.17111111111112 2.1971079187671307
73.18666666666667 2.327332093142502
73.20222222222222 2.4652328568033113
73.21777777777777 2.6084586562895993
73.23333333333333 2.7631476172642238
73.24888888888889 2.938381045066251
73.26444444444445 3.1432431257402413
73.28 3.3867863143895534
73.29555555555555 3.672616990406766
73.3111111111111 3.992765934367128
73.32666666666667 4.337783118063385
73.34222222222222 4.698218507337913
73.35777777777778 5.065589827505505
73.37333333333333 5.449762715939983
73.38888888888889 5.87700986669239
73.40444444444444 6.374182040490496
73.42 6.968129992087427
73.43555555555555 7.682254228409704
73.45111111111112 8.519255138352548
73.46666666666667 9.474148506596919
73.48222222222222 10.541937410503067
73.49777777777777 11.717647530819875
73.51333333333332 13.001950571223858
73.52888888888889 14.408562329502672
73.54444444444445 15.953034982303222
73.56 17.650920700238828
73.57555555555555 19.519312056242313
73.5911111111111 21.60961352079306
73.60666666666665 24.007111031981538
73.62222222222222 26.799230472124407
73.63777777777779 30.07141766124522
73.65333333333334 33.91965273824309
73.66888888888889 38.504633607472954
73.68444444444444 44.01416210275005
73.69999999999999 50.63613203681513
73.71555555555555 58.558252751113685
73.73111111111112 67.86787222072206
73.74666666666667 78.38620821880687
73.76222222222222 89.89086321358485
73.77777777777777 102.15943966712751
73.79333333333332 114.99078270022966
73.80888888888889 128.80215138195598
73.82444444444445 144.71130821722153
73.84 163.87375626420948
73.85555555555555 187.4449985749481
73.8711111111111 216.3944999561191
73.88666666666666 250.14194611863246
73.90222222222222 287.33755943665625
73.91777777777779 326.62600646080745
73.93333333333334 366.65206390872225
73.94888888888889 406.42258148601485
73.96444444444444 446.112370980956
73.97999999999999 486.1313027697151
73.99555555555555 526.8892472222224
74.0111111111111 568.7803494455216
74.02666666666667 611.5035220613438
74.04222222222222 653.8027598329047
74.05777777777777 694.3527496439565
74.07333333333334 731.8281783719083
74.08888888888889 764.9833424323185
74.10444444444444 793.443604085762
74.12 817.3829412417115
74.13555555555556 836.9768201481627
74.1511111111111 852.3792467275935
74.16666666666667 863.7032921237044
74.18222222222222 870.8227349892413
74.19777777777777 873.548980639104
74.21333333333334 871.6934342206334
74.22888888888889 865.0700947992586
74.24444444444444 853.7173820896328
74.26 838.0682303992776
74.27555555555556 818.5956188518353
74.2911111111111 795.7725265646638
74.30666666666666 770.0582460442488
74.32222222222222 741.6718915300399
74.33777777777777 710.6434608330993
74.35333333333332 676.9976107154596
74.36888888888889 640.758997932854
74.38444444444444 602.0789382247723
74.39999999999999 561.8346647891897
74.41555555555556 521.1615634969341
74.43111111111111 481.1953315700225
74.44666666666666 443.0702867867376
74.46222222222222 407.5098068146435
74.47777777777777 374.2539709696932
74.49333333333333 342.89886619748233
74.50888888888889 313.0405794372151
74.52444444444444 284.28904763683124
74.53999999999999 256.62787535908717
74.55555555555556 230.44819126269442
74.57111111111111 206.1617558514048
74.58666666666666 184.17897985065747
74.60222222222222 164.8608845092748
74.61777777777777 148.1410250444883
74.63333333333333 133.73703247329297
74.64888888888889 121.36487422577545
74.66444444444444 110.74052031655071
74.67999999999999 101.61311587092314
74.69555555555556 93.84790420840204
74.71111111111111 87.33551065234201
74.72666666666666 81.96656051949742
74.74222222222222 77.63246531822983
74.75777777777778 74.27289438056744
74.77333333333333 71.90294785671779
74.78888888888889 70.54428889959479
74.80444444444444 70.21858065545985
74.82 70.95441732225368
74.83555555555556 72.87206503497077
74.85111111111111 76.15877221710662
74.86666666666666 81.00422525765703
74.88222222222223 87.59811053890235
74.89777777777778 96.13981011295459
74.91333333333333 106.88198532298418
74.92888888888889 120.09550241799127
74.94444444444444 136.0512433897344
74.96 155.02013649013384
74.97555555555556 177.28715950832134
74.99111111111111 203.28646756783678
75.00666666666666 233.47744233034098
75.02222222222223 267.932579827587
75.03777777777778 306.9686754028997
75.05333333333333 350.7005223628549
75.06888888888889 399.01322565951983
75.08444444444444 451.7794378569426
75.1 508.87181151131784
75.11555555555556 570.13246799383
75.13111111111111 635.1149404587743
75.14666666666666 703.213892159923
75.16222222222223 773.8223335422651
75.17777777777778 846.3332750427542
75.19333333333333 920.0678887942074
75.2088888888889 994.0583496090082
75.22444444444444 1067.2641695827365
75.24 1138.6456258907551
75.25555555555556 1207.1629667073742
75.27111111111111 1271.8718128032394
75.28666666666666 1332.0050837640797
75.30222222222223 1386.8147816071858
75.31777777777778 1435.5529083420745
75.33333333333333 1477.4774630479103
75.3488888888889 1511.9632365785787
75.36444444444444 1538.4997120351954
75.38 1556.5650997713678
75.39555555555556 1565.6421782463499
75.41111111111111 1565.3046665675465
75.42666666666666 1555.7779548026092
75.44222222222223 1537.577318047452
75.45777777777778 1511.2193523694732
75.47333333333333 1477.2206630470523
75.48888888888888 1436.1358383967877
75.50444444444445 1388.6440298563211
75.52 1335.449884229692
75.53555555555555 1277.2580483133368
75.55111111111111 1214.7746733287795
75.56666666666666 1148.7996617713115
75.58222222222221 1080.2802709158852
75.59777777777778 1010.1766752111931
75.61333333333333 939.4490490987656
75.62888888888888 869.0455253291149
75.64444444444445 799.7248448407308
75.66 732.0950941446545
75.67555555555555 666.7601929314174
75.69111111111111 604.3240608843154
75.70666666666666 545.3391486279256
75.72222222222221 490.027741788296
75.73777777777778 438.4829296431733
75.75333333333333 390.79521788247894
75.76888888888888 347.05605395759846
75.78444444444445 307.331207986918
75.8 271.6249983110796
75.81555555555555 239.9053172385236
75.83111111111111 212.13875224063236
75.84666666666666 188.29829532694816
75.86222222222221 168.25817442198763
75.87777777777778 151.74713913827281
75.89333333333333 138.48227342215262
75.90888888888888 128.18066121257107
75.92444444444445 120.56622041373839
75.94 115.4639219570895
75.95555555555555 112.77591665152033
75.97111111111111 112.40630566336756
75.98666666666666 114.25919015172485
76.00222222222222 118.23501549729633
76.01777777777778 124.21125229861082
76.03333333333333 132.0564674330966
76.04888888888888 141.63920828677146
76.06444444444445 152.82802098147818
76.08 165.48965691194292
76.09555555555555 179.48549337434315
76.11111111111111 194.6759060483547
76.12666666666667 210.92127060655844
76.14222222222222 228.08111671285678
76.15777777777778 245.96696932445775
76.17333333333333 264.31748864591555
76.18888888888888 282.8652438236926
76.20444444444445 301.3434860298456
76.22 319.4867173789711
76.23555555555555 337.0610254618224
76.25111111111111 353.85898734414707
76.26666666666667 369.67391544486213
76.28222222222222 384.29912217605226
76.29777777777778 397.53047172044853
76.31333333333333 409.18140534093027
76.32888888888888 419.07276724272776
76.34444444444445 427.0254274899047
76.36 432.86026297266517
76.37555555555555 436.4373487187879
76.39111111111112 437.74814158484196
76.40666666666667 436.81159324331577
76.42222222222222 433.6466553599805
76.43777777777778 428.27287173344496
76.45333333333333 420.7579227990336
76.46888888888888 411.2524267211145
76.48444444444445 399.9152065575313
76.5 386.9050853595197
76.51555555555555 372.38263125730384
76.53111111111112 356.54396508077673
76.54666666666667 339.61838592258755
76.56222222222222 321.83646235564663
76.57777777777778 303.4287629462974
76.59333333333333 284.6237566492249
76.60888888888888 265.63204400431493
76.62444444444444 246.6551944918807
76.64 227.8947078556247
76.65555555555555 209.55208383280922
76.6711111111111 191.813534586051
76.68666666666667 174.8012561493366
76.70222222222222 158.62069079629111
76.71777777777777 143.37728073711116
76.73333333333333 129.17624432919376
76.74888888888889 116.08109340522071
76.76444444444444 104.06554085356584
76.78 93.09101417340696
76.79555555555555 83.11813003415
76.8111111111111 74.10819509702549
76.82666666666667 66.02237331576782
76.84222222222222 58.82165901834469
76.85777777777777 52.467036646768065
76.87333333333333 46.91949063672973
76.88888888888889 42.13772310163756
76.90444444444444 38.05274403444275
76.92 34.577130747997785
76.93555555555555 31.62312683905327
76.9511111111111 29.102975898083173
76.96666666666667 26.933736902372402
76.98222222222222 25.06069604885772
76.99777777777777 23.43939310075052
77.01333333333334 22.025382334734218
77.02888888888889 20.774222946372333
77.04444444444444 19.6501306854816
77.06 18.64378718741409
77.07555555555555 17.750914392671348
77.0911111111111 16.967234235578417
77.10666666666667 16.28842822771753
77.12222222222222 15.70716091271612
77.13777777777777 15.211044079492922
77.15333333333334 14.78720767950989
77.16888888888889 14.422781658103304
77.18444444444444 14.104992495470015
77.2 13.82312554562867
77.21555555555555 13.568439088850823
77.2311111111111 13.332270740982324
77.24666666666667 13.105958111783309
77.26222222222222 12.881379802417143
77.27777777777777 12.65611561536599
77.29333333333334 12.430030739287304
77.30888888888889 12.202284331181772
77.32444444444444 11.972700231258784
77.34 11.739948122188252
77.35555555555555 11.497052538668925
77.3711111111111 11.235314755076388
77.38666666666667 10.946035614962
77.40222222222222 10.620525747405111
77.41777777777777 10.255545225475714
77.43333333333334 9.862353901000631
77.44888888888889 9.45459668853016
77.46444444444444 9.045918496619208
77.48 8.649791796627369
77.49555555555555 8.269862859332193
77.5111111111111 7.894838876951383
77.52666666666667 7.512175433495088
77.54222222222222 7.109328107010356
77.55777777777777 6.674888772034251
77.57333333333334 6.219185208181386
77.58888888888889 5.772086196837051
77.60444444444444 5.364156275265827
77.62 5.025959974793182
77.63555555555556 4.783709551712832
77.6511111111111 4.624266668506834
77.66666666666667 4.513591273783334
77.68222222222222 4.417450517036684
77.69777777777777 4.301611541843499
77.71333333333334 4.139369896972994
77.72888888888889 3.9407301221252737
77.74444444444444 3.7279336706661184
77.76 3.521281551493246
77.77555555555556 3.3417537674017694
77.7911111111111 3.2020595630995103
77.80666666666666 3.0916962894540347
77.82222222222222 2.9962144113239333
77.83777777777777 2.9011643876788185
77.85333333333332 2.7922110382644405
77.86888888888889 2.683683190163322
77.88444444444444 2.561899295772889
77.89999999999999 2.432179225127129
77.91555555555556 2.3013985262998062
77.93111111111111 2.176097349160443
77.94666666666666 2.055331249159053
77.96222222222222 1.9307964741947785
77.97777777777777 1.7938789335869387
77.99333333333333 1.6359645307372261
78.00888888888889 1.4498348611961092
78.02444444444444 1.2430649424658213
78.03999999999999 1.032135406176053
78.05555555555556 0.8336490854512135
78.07111111111111 0.6642088075164452
78.08666666666666 0.538048142378841
78.10222222222222 0.4560027432052607
78.11777777777777 0.4140172043880739
78.13333333333333 0.40669515409382484
78.14888888888889 0.4295018479583632
78.16444444444444 0.47626599406180503
78.17999999999999 0.5353021282145392
78.19555555555556 0.5937646285656797
78.21111111111111 0.6388078673876407
78.22666666666666 0.6576335369126127
78.24222222222222 0.6440360544240207
78.25777777777778 0.6051085063003256
78.27333333333333 0.5495432760851031
78.28888888888889 0.4860327414538119
78.30444444444444 0.5061052282012497
78.32 0.5598702791072583
78.33555555555556 0.6161756980461064
78.35111111111111 0.6726970488136885
78.36666666666666 0.7272137943009511
78.38222222222223 0.7789165585285787
78.39777777777778 0.8318101472075909
78.41333333333333 0.8966950958060806
78.42888888888889 0.9845281654404516
78.44444444444444 1.106266110777085
78.46 1.271691913850134
78.47555555555556 1.480652739277616
78.49111111111111 1.727996290275371
78.50666666666666 2.008532297154659
78.52222222222223 2.3170704838428264
78.53777777777778 2.6514823547234982
78.55333333333333 3.0258337797536683
78.56888888888889 3.4572903003875126
78.58444444444444 3.963374557206066
78.6 4.561919372176703
78.61555555555556 5.278664659518768
78.63111111111111 6.1632358098594295
78.64666666666666 7.269750695798791
78.66222222222223 8.664947355655102
78.67777777777778 10.390315404607236
78.69333333333333 12.490873340124722
78.7088888888889 14.994761544099049
78.72444444444444 17.928228463544713
78.74 21.31752253913544
78.75555555555556 25.188467625313706
78.77111111111111 29.55223090486072
78.78666666666666 34.4019455005149
78.80222222222223 39.72963535277188
78.81777777777778 45.527324395823825
78.83333333333333 51.7855594292007
78.8488888888889 58.47094776829772
78.86444444444444 65.5306807427088
78.88 72.9113897046334
78.89555555555556 80.55970600003752
78.91111111111111 88.4142367637254
78.92666666666666 96.3406761125782
78.94222222222221 104.16583217252094
78.95777777777778 111.71614935773016
78.97333333333333 118.81807207617851
78.98888888888888 125.31500457932918
79.00444444444445 131.14442718989676
79.02 136.27625411507688
79.03555555555555 140.68042989867536
79.05111111111111 144.32689957927278
79.06666666666666 147.19235801277262
79.08222222222221 149.27717691650696
79.09777777777778 150.58691663850425
79.11333333333333 151.12713752068737
79.12888888888888 150.9033487953941
79.14444444444445 149.90927437320522
79.16 148.11186024494532
79.17555555555555 145.47435305944964
79.19111111111111 141.95999945948824
79.20666666666666 137.533534451528
79.22222222222221 132.2444408132086
79.23777777777778 126.27100643715119
79.25333333333333 119.80230600803259
79.26888888888888 113.02741420448774
79.28444444444445 106.1321295079689
79.3 99.22146675200554
79.31555555555555 92.3165193494815
79.33111111111111 85.43447667590146
79.34666666666666 78.59252810079556
79.36222222222221 71.80927269188544
79.37777777777778 65.12225782323515
79.39333333333333 58.582592620493756
79.40888888888888 52.24168067614812
79.42444444444445 46.15092557672108
79.44 40.36269014867821
79.45555555555555 34.937220232149
79.47111111111111 29.938631189944545
79.48666666666666 25.43106511756781
79.50222222222222 21.478664104568395
79.51777777777778 18.126006203396003
79.53333333333333 15.313316542302175
79.54888888888888 12.946167752386089
79.56444444444445 10.930109487835864
79.58 9.170692504986903
79.59555555555555 7.5939568386150995
79.61111111111111 6.198799461469207
79.62666666666667 5.000304190274107
79.64222222222222 4.01355483584797
79.65777777777778 3.253578948277095
79.67333333333333 2.7177039524414113
79.68888888888888 2.360462718092606
79.70444444444445 2.130048556585564
79.72 1.9746547733887496
79.73555555555555 1.8427400290109404
79.75111111111111 1.703091802172139
79.76666666666667 1.5588425228916094
79.78222222222222 1.4164371990939912
79.79777777777778 1.282320832829157
79.81333333333333 1.162794088058547
79.82888888888888 1.0593851324762795
79.84444444444445 0.9678681230453208
79.86 0.8836744207306424
79.87555555555555 0.8022353806306342
79.89111111111112 0.7190947036629041
79.90666666666667 0.6318344571606644
79.92222222222222 0.5398113371899171
79.93777777777778 0.4424413204545772
79.95333333333333 0.339140377798401
79.96888888888888 0.2295204347153117
79.98444444444445 0.11540235820427824
80.0 0.0
