9.90343322 3214.0
9.91429966 3221.0
9.9251661 3070.0
9.93603254 3106.0
9.94689898 3245.0
9.95776542 3303.0
9.96863186 3226.0
9.9794983 3105.0
9.99036474 3183.0
10.00123118 3138.0
10.01209762 3134.0
10.02296406 3143.0
10.0338305 3181.0
10.04469694 3303.0
10.05556338 3222.0
10.06642982 3079.0
10.07729626 3107.0
10.0881627 3205.0
10.09902914 3127.0
10.10989558 3127.0
10.12076202 3124.0
10.13162846 3175.0
10.1424949 3116.0
10.15336134 3172.0
10.164227780000001 3200.0
10.17509422 3178.0
10.185960660000001 3204.0
10.1968271 3085.0
10.20769354 3074.0
10.21855998 3139.0
10.22942642 3095.0
10.24029286 3063.0
10.2511593 3117.0
10.26202574 3111.0
10.27289218 3156.0
10.28375862 3165.0
10.29462506 3152.0
10.3054915 3072.0
10.31635794 3203.0
10.32722438 3121.0
10.33809082 3139.0
10.34895726 3180.0
10.3598237 3164.0
10.37069014 3044.0
10.38155658 3079.0
10.39242302 3069.0
10.40328946 3068.0
10.4141559 3202.0
10.42502234 3152.0
10.43588878 3004.0
10.44675522 3088.0
10.457621660000001 3118.0
10.4684881 3025.0
10.47935454 3148.0
10.49022098 3073.0
10.501087420000001 3106.0
10.51195386 3082.0
10.5228203 3072.0
10.53368674 3098.0
10.54455318 3086.0
10.55541962 3036.0
10.56628606 3106.0
10.5771525 3102.0
10.58801894 3054.0
10.59888538 3027.0
10.60975182 2993.0
10.62061826 3043.0
10.6314847 3101.0
10.64235114 3054.0
10.65321758 2946.0
10.66408402 3015.0
10.67495046 3077.0
10.6858169 3041.0
10.69668334 3000.0
10.70754978 3030.0
10.71841622 3005.0
10.72928266 3044.0
10.7401491 3047.0
10.751015540000001 3071.0
10.76188198 2972.0
10.77274842 3061.0
10.78361486 3006.0
10.794481300000001 3048.0
10.80534774 3056.0
10.81621418 3013.0
10.82708062 3087.0
10.83794706 3034.0
10.8488135 3012.0
10.85967994 3110.0
10.87054638 2993.0
10.88141282 2970.0
10.89227926 3009.0
10.9031457 3094.0
10.91401214 2841.0
10.92487858 2979.0
10.93574502 3041.0
10.94661146 2930.0
10.9574779 2969.0
10.96834434 3023.0
10.97921078 3082.0
10.99007722 2996.0
11.00094366 2987.0
11.0118101 2974.0
11.02267654 2980.0
11.03354298 3093.0
11.044409420000001 2982.0
11.05527586 3043.0
11.0661423 2965.0
11.07700874 2970.0
11.087875180000001 2891.0
11.09874162 3002.0
11.10960806 2902.0
11.1204745 2936.0
11.13134094 2958.0
11.14220738 2948.0
11.15307382 2936.0
11.16394026 3031.0
11.1748067 3101.0
11.18567314 2954.0
11.19653958 2973.0
11.20740602 2978.0
11.21827246 2931.0
11.2291389 2995.0
11.24000534 2988.0
11.25087178 2937.0
11.26173822 2856.0
11.27260466 2958.0
11.2834711 2853.0
11.29433754 2840.0
11.30520398 3000.0
11.31607042 2979.0
11.32693686 2918.0
11.337803300000001 2962.0
11.34866974 2937.0
11.35953618 2971.0
11.37040262 2933.0
11.381269060000001 2928.0
11.3921355 3105.0
11.40300194 2955.0
11.41386838 2980.0
11.42473482 3006.0
11.43560126 2970.0
11.4464677 2939.0
11.45733414 2907.0
11.46820058 2968.0
11.47906702 2992.0
11.48993346 2870.0
11.5007999 2949.0
11.51166634 2982.0
11.52253278 2842.0
11.53339922 2999.0
11.54426566 2857.0
11.5551321 3012.0
11.56599854 2905.0
11.57686498 2972.0
11.58773142 2864.0
11.59859786 2912.0
11.6094643 2823.0
11.62033074 2948.0
11.631197180000001 2858.0
11.64206362 2836.0
11.65293006 2887.0
11.6637965 2828.0
11.674662940000001 2852.0
11.68552938 2930.0
11.69639582 2846.0
11.70726226 2921.0
11.7181287 2935.0
11.72899514 2860.0
11.73986158 2957.0
11.75072802 2835.0
11.76159446 2866.0
11.7724609 2981.0
11.78332734 2899.0
11.79419378 2802.0
11.80506022 2842.0
11.81592666 2987.0
11.8267931 2858.0
11.83765954 2821.0
11.84852598 2912.0
11.85939242 2856.0
11.87025886 2828.0
11.8811253 2774.0
11.89199174 2947.0
11.90285818 2730.0
11.91372462 2915.0
11.924591060000001 2831.0
11.9354575 2860.0
11.94632394 2926.0
11.95719038 2809.0
11.968056820000001 2852.0
11.97892326 2728.0
11.9897897 2801.0
12.00065614 2833.0
12.011522580000001 2863.0
12.02238902 2836.0
12.03325546 2850.0
12.0441219 2869.0
12.05498834 2889.0
12.06585478 2867.0
12.07672122 2845.0
12.08758766 2916.0
12.0984541 2879.0
12.10932054 2880.0
12.12018698 2877.0
12.13105342 2881.0
12.14191986 2926.0
12.1527863 2948.0
12.16365274 2764.0
12.17451918 2846.0
12.18538562 2831.0
12.196252059999999 2753.0
12.2071185 2826.0
12.217984940000001 2821.0
12.22885138 2821.0
12.23971782 2826.0
12.25058426 2766.0
12.261450700000001 2888.0
12.27231714 2810.0
12.28318358 2828.0
12.29405002 2761.0
12.304916460000001 2879.0
12.3157829 2874.0
12.32664934 2848.0
12.33751578 2768.0
12.34838222 2769.0
12.35924866 2848.0
12.3701151 2834.0
12.38098154 2793.0
12.39184798 2822.0
12.40271442 2921.0
12.41358086 2892.0
12.4244473 2763.0
12.43531374 2815.0
12.44618018 2744.0
12.45704662 2679.0
12.46791306 2857.0
12.4787795 2835.0
12.489645939999999 2771.0
12.50051238 2814.0
12.511378820000001 2779.0
12.52224526 2759.0
12.5331117 2831.0
12.54397814 2811.0
12.554844580000001 2813.0
12.56571102 2812.0
12.57657746 2793.0
12.5874439 2857.0
12.598310340000001 2728.0
12.60917678 2783.0
12.62004322 2852.0
12.63090966 2855.0
12.6417761 2796.0
12.65264254 2774.0
12.66350898 2698.0
12.67437542 2823.0
12.68524186 2811.0
12.6961083 2760.0
12.70697474 2746.0
12.71784118 2739.0
12.72870762 2845.0
12.73957406 2791.0
12.7504405 2723.0
12.76130694 2812.0
12.77217338 2796.0
12.783039819999999 2805.0
12.79390626 2695.0
12.804772700000001 2741.0
12.81563914 2723.0
12.82650558 2787.0
12.83737202 2825.0
12.848238460000001 2773.0
12.8591049 2788.0
12.86997134 2704.0
12.88083778 2726.0
12.891704220000001 2716.0
12.90257066 2814.0
12.9134371 2705.0
12.92430354 2721.0
12.93516998 2639.0
12.94603642 2829.0
12.95690286 2737.0
12.9677693 2794.0
12.97863574 2735.0
12.98950218 2718.0
13.00036862 2800.0
13.01123506 2762.0
13.0221015 2794.0
13.03296794 2702.0
13.04383438 2722.0
13.05470082 2809.0
13.06556726 2755.0
13.076433699999999 2783.0
13.08730014 2785.0
13.098166580000001 2654.0
13.10903302 2776.0
13.11989946 2719.0
13.1307659 2719.0
13.141632340000001 2800.0
13.15249878 2705.0
13.16336522 2773.0
13.17423166 2762.0
13.185098100000001 2794.0
13.19596454 2757.0
13.20683098 2747.0
13.21769742 2717.0
13.22856386 2744.0
13.2394303 2750.0
13.25029674 2796.0
13.26116318 2817.0
13.27202962 2701.0
13.28289606 2679.0
13.2937625 2689.0
13.30462894 2748.0
13.31549538 2738.0
13.32636182 2741.0
13.33722826 2704.0
13.3480947 2708.0
13.35896114 2783.0
13.369827579999999 2735.0
13.38069402 2811.0
13.39156046 2764.0
13.4024269 2756.0
13.41329334 2725.0
13.42415978 2739.0
13.435026220000001 2705.0
13.44589266 2821.0
13.4567591 2676.0
13.46762554 2742.0
13.478491980000001 2784.0
13.48935842 2872.0
13.50022486 2661.0
13.5110913 2702.0
13.52195774 2781.0
13.53282418 2792.0
13.54369062 2609.0
13.55455706 2726.0
13.5654235 2741.0
13.57628994 2678.0
13.58715638 2739.0
13.59802282 2743.0
13.60888926 2768.0
13.6197557 2740.0
13.63062214 2673.0
13.64148858 2683.0
13.65235502 2738.0
13.663221459999999 2683.0
13.6740879 2738.0
13.68495434 2684.0
13.69582078 2835.0
13.70668722 2762.0
13.71755366 2614.0
13.728420100000001 2742.0
13.73928654 2730.0
13.75015298 2732.0
13.76101942 2682.0
13.771885860000001 2650.0
13.7827523 2813.0
13.79361874 2750.0
13.80448518 2677.0
13.81535162 2700.0
13.82621806 2724.0
13.8370845 2717.0
13.84795094 2623.0
13.85881738 2702.0
13.86968382 2698.0
13.88055026 2651.0
13.8914167 2683.0
13.90228314 2614.0
13.913149579999999 2695.0
13.92401602 2760.0
13.93488246 2743.0
13.9457489 2683.0
13.956615339999999 2747.0
13.96748178 2715.0
13.97834822 2629.0
13.98921466 2649.0
14.0000811 2746.0
14.01094754 2702.0
14.021813980000001 2699.0
14.03268042 2776.0
14.04354686 2713.0
14.0544133 2757.0
14.065279740000001 2699.0
14.07614618 2696.0
14.08701262 2681.0
14.09787906 2753.0
14.108745500000001 2726.0
14.11961194 2648.0
14.13047838 2673.0
14.14134482 2824.0
14.15221126 2686.0
14.163077699999999 2768.0
14.17394414 2718.0
14.18481058 2783.0
14.19567702 2782.0
14.206543459999999 2753.0
14.2174099 2727.0
14.22827634 2656.0
14.23914278 2611.0
14.250009219999999 2764.0
14.26087566 2681.0
14.2717421 2714.0
14.28260854 2809.0
14.29347498 2642.0
14.30434142 2721.0
14.315207860000001 2764.0
14.3260743 2623.0
14.33694074 2672.0
14.34780718 2625.0
14.358673620000001 2709.0
14.36954006 2614.0
14.3804065 2654.0
14.39127294 2768.0
14.402139380000001 2634.0
14.41300582 2686.0
14.42387226 2697.0
14.4347387 2660.0
14.44560514 2738.0
14.456471579999999 2724.0
14.46733802 2596.0
14.47820446 2761.0
14.4890709 2749.0
14.499937339999999 2661.0
14.51080378 2646.0
14.52167022 2732.0
14.53253666 2751.0
14.543403099999999 2647.0
14.55426954 2687.0
14.56513598 2626.0
14.57600242 2619.0
14.58686886 2617.0
14.5977353 2720.0
14.608601740000001 2634.0
14.61946818 2717.0
14.63033462 2711.0
14.64120106 2728.0
14.652067500000001 2657.0
14.66293394 2737.0
14.67380038 2693.0
14.68466682 2662.0
14.695533260000001 2669.0
14.7063997 2637.0
14.71726614 2612.0
14.72813258 2656.0
14.73899902 2642.0
14.749865459999999 2672.0
14.7607319 2572.0
14.77159834 2664.0
14.78246478 2685.0
14.793331219999999 2659.0
14.80419766 2658.0
14.8150641 2705.0
14.82593054 2706.0
14.836796979999999 2711.0
14.84766342 2554.0
14.85852986 2749.0
14.8693963 2672.0
14.88026274 2673.0
14.89112918 2735.0
14.901995620000001 2683.0
14.91286206 2657.0
14.9237285 2652.0
14.93459494 2740.0
14.945461380000001 2638.0
14.95632782 2673.0
14.96719426 2720.0
14.9780607 2640.0
14.988927140000001 2759.0
14.99979358 2684.0
15.01066002 2676.0
15.02152646 2727.0
15.0323929 2672.0
15.043259339999999 2623.0
15.05412578 2601.0
15.06499222 2639.0
15.07585866 2724.0
15.086725099999999 2746.0
15.09759154 2670.0
15.10845798 2622.0
15.11932442 2698.0
15.130190859999999 2659.0
15.1410573 2739.0
15.15192374 2714.0
15.16279018 2723.0
15.17365662 2632.0
15.18452306 2649.0
15.195389500000001 2652.0
15.20625594 2687.0
15.21712238 2680.0
15.22798882 2785.0
15.238855260000001 2720.0
15.2497217 2677.0
15.26058814 2719.0
15.27145458 2707.0
15.282321020000001 2659.0
15.29318746 2692.0
15.3040539 2555.0
15.31492034 2721.0
15.32578678 2647.0
15.336653219999999 2634.0
15.34751966 2653.0
15.3583861 2740.0
15.36925254 2775.0
15.380118979999999 2641.0
15.39098542 2637.0
15.40185186 2676.0
15.4127183 2571.0
15.423584739999999 2790.0
15.43445118 2710.0
15.44531762 2666.0
15.45618406 2611.0
15.4670505 2703.0
15.47791694 2657.0
15.488783380000001 2630.0
15.49964982 2661.0
15.51051626 2668.0
15.5213827 2665.0
15.532249140000001 2647.0
15.54311558 2653.0
15.55398202 2642.0
15.56484846 2671.0
15.575714900000001 2615.0
15.58658134 2628.0
15.59744778 2679.0
15.60831422 2595.0
15.61918066 2545.0
15.630047099999999 2624.0
15.64091354 2735.0
15.65177998 2709.0
15.66264642 2653.0
15.673512859999999 2674.0
15.6843793 2719.0
15.69524574 2716.0
15.70611218 2733.0
15.716978619999999 2625.0
15.72784506 2759.0
15.7387115 2665.0
15.74957794 2689.0
15.76044438 2711.0
15.77131082 2664.0
15.782177260000001 2666.0
15.7930437 2708.0
15.80391014 2655.0
15.81477658 2624.0
15.825643020000001 2714.0
15.83650946 2696.0
15.8473759 2685.0
15.85824234 2662.0
15.869108780000001 2674.0
15.87997522 2651.0
15.89084166 2576.0
15.9017081 2656.0
15.91257454 2610.0
15.923440979999999 2638.0
15.93430742 2657.0
15.94517386 2610.0
15.9560403 2647.0
15.966906739999999 2672.0
15.97777318 2715.0
15.98863962 2598.0
15.99950606 2704.0
16.0103725 2681.0
16.02123894 2780.0
16.03210538 2567.0
16.042971819999998 2642.0
16.05383826 2785.0
16.0647047 2592.0
16.07557114 2760.0
16.086437580000002 2700.0
16.09730402 2666.0
16.10817046 2560.0
16.1190369 2679.0
16.12990334 2674.0
16.14076978 2682.0
16.15163622 2579.0
16.16250266 2635.0
16.173369100000002 2674.0
16.18423554 2573.0
16.19510198 2623.0
16.205968419999998 2702.0
16.21683486 2580.0
16.2277013 2757.0
16.23856774 2688.0
16.24943418 2700.0
16.26030062 2701.0
16.27116706 2675.0
16.2820335 2739.0
16.292899939999998 2682.0
16.30376638 2612.0
16.31463282 2587.0
16.32549926 2590.0
16.3363657 2750.0
16.34723214 2658.0
16.35809858 2641.0
16.36896502 2560.0
16.37983146 2618.0
16.3906979 2618.0
16.40156434 2618.0
16.41243078 2631.0
16.423297220000002 2733.0
16.43416366 2554.0
16.4450301 2668.0
16.45589654 2621.0
16.46676298 2656.0
16.47762942 2682.0
16.48849586 2665.0
16.4993623 2772.0
16.51022874 2714.0
16.52109518 2517.0
16.53196162 2700.0
16.542828059999998 2699.0
16.5536945 2663.0
16.56456094 2522.0
16.57542738 2578.0
16.58629382 2753.0
16.59716026 2627.0
16.6080267 2630.0
16.61889314 2739.0
16.629759579999998 2727.0
16.64062602 2699.0
16.65149246 2600.0
16.6623589 2632.0
16.673225340000002 2607.0
16.68409178 2640.0
16.69495822 2638.0
16.70582466 2753.0
16.7166911 2541.0
16.72755754 2676.0
16.73842398 2651.0
16.74929042 2682.0
16.760156860000002 2649.0
16.7710233 2698.0
16.78188974 2626.0
16.792756179999998 2585.0
16.80362262 2594.0
16.81448906 2576.0
16.8253555 2606.0
16.83622194 2678.0
16.84708838 2653.0
16.85795482 2641.0
16.86882126 2620.0
16.879687699999998 2524.0
16.89055414 2620.0
16.90142058 2572.0
16.91228702 2677.0
16.92315346 2562.0
16.9340199 2620.0
16.94488634 2606.0
16.95575278 2687.0
16.96661922 2653.0
16.97748566 2531.0
16.9883521 2663.0
16.99921854 2623.0
17.010084980000002 2599.0
17.02095142 2608.0
17.03181786 2686.0
17.0426843 2659.0
17.05355074 2661.0
17.06441718 2561.0
17.07528362 2608.0
17.08615006 2712.0
17.0970165 2561.0
17.10788294 2683.0
17.11874938 2655.0
17.129615819999998 2673.0
17.14048226 2548.0
17.1513487 2651.0
17.16221514 2582.0
17.17308158 2591.0
17.18394802 2630.0
17.19481446 2667.0
17.2056809 2556.0
17.216547339999998 2591.0
17.22741378 2543.0
17.23828022 2686.0
17.24914666 2556.0
17.260013100000002 2617.0
17.27087954 2674.0
17.28174598 2585.0
17.29261242 2641.0
17.30347886 2633.0
17.3143453 2715.0
17.32521174 2623.0
17.33607818 2617.0
17.346944620000002 2595.0
17.35781106 2592.0
17.3686775 2536.0
17.379543939999998 2552.0
17.39041038 2568.0
17.40127682 2583.0
17.41214326 2546.0
17.4230097 2536.0
17.43387614 2575.0
17.44474258 2577.0
17.45560902 2642.0
17.466475459999998 2578.0
17.4773419 2653.0
17.48820834 2533.0
17.49907478 2617.0
17.50994122 2576.0
17.52080766 2588.0
17.5316741 2623.0
17.54254054 2577.0
17.55340698 2593.0
17.56427342 2584.0
17.57513986 2603.0
17.5860063 2646.0
17.596872740000002 2624.0
17.60773918 2571.0
17.61860562 2589.0
17.62947206 2529.0
17.6403385 2590.0
17.65120494 2639.0
17.66207138 2677.0
17.67293782 2619.0
17.68380426 2625.0
17.6946707 2605.0
17.70553714 2503.0
17.716403579999998 2538.0
17.72727002 2587.0
17.73813646 2610.0
17.7490029 2600.0
17.75986934 2617.0
17.77073578 2563.0
17.78160222 2587.0
17.79246866 2696.0
17.803335099999998 2573.0
17.81420154 2608.0
17.82506798 2624.0
17.83593442 2549.0
17.846800860000002 2640.0
17.8576673 2714.0
17.86853374 2593.0
17.87940018 2635.0
17.89026662 2528.0
17.90113306 2549.0
17.9119995 2586.0
17.92286594 2508.0
17.933732380000002 2673.0
17.94459882 2480.0
17.95546526 2531.0
17.966331699999998 2632.0
17.97719814 2582.0
17.98806458 2641.0
17.99893102 2646.0
18.00979746 2583.0
18.020663900000002 2636.0
18.03153034 2670.0
18.04239678 2667.0
18.053263219999998 2630.0
18.06412966 2635.0
18.0749961 2739.0
18.08586254 2720.0
18.09672898 2591.0
18.10759542 2739.0
18.11846186 2692.0
18.129328299999997 2733.0
18.14019474 2702.0
18.15106118 2810.0
18.16192762 2817.0
18.17279406 2731.0
18.183660500000002 2632.0
18.19452694 2877.0
18.20539338 2753.0
18.216259819999998 2779.0
18.22712626 2826.0
18.2379927 2942.0
18.24885914 2827.0
18.25972558 2851.0
18.270592020000002 2995.0
18.28145846 2928.0
18.2923249 2973.0
18.303191339999998 3020.0
18.31405778 3058.0
18.32492422 3108.0
18.33579066 3066.0
18.3466571 3218.0
18.357523540000003 3287.0
18.36838998 3431.0
18.37925642 3443.0
18.390122859999998 3541.0
18.4009893 3651.0
18.41185574 3799.0
18.42272218 3954.0
18.433588620000002 3857.0
18.44445506 4115.0
18.4553215 4041.0
18.466187939999998 4283.0
18.47705438 4446.0
18.48792082 4388.0
18.49878726 4331.0
18.5096537 4168.0
18.520520140000002 3963.0
18.53138658 3582.0
18.54225302 3312.0
18.553119459999998 3263.0
18.5639859 3089.0
18.57485234 3047.0
18.58571878 2917.0
18.59658522 2853.0
18.607451660000002 2665.0
18.6183181 2695.0
18.62918454 2656.0
18.640050979999998 2573.0
18.65091742 2782.0
18.66178386 2625.0
18.6726503 2610.0
18.68351674 2590.0
18.69438318 2584.0
18.70524962 2497.0
18.716116059999997 2545.0
18.7269825 2663.0
18.73784894 2644.0
18.74871538 2575.0
18.75958182 2494.0
18.770448260000002 2578.0
18.7813147 2488.0
18.79218114 2600.0
18.803047579999998 2613.0
18.81391402 2553.0
18.82478046 2620.0
18.8356469 2479.0
18.84651334 2633.0
18.857379780000002 2624.0
18.86824622 2443.0
18.87911266 2604.0
18.889979099999998 2538.0
18.90084554 2524.0
18.91171198 2593.0
18.92257842 2594.0
18.93344486 2655.0
18.944311300000003 2620.0
18.95517774 2590.0
18.96604418 2596.0
18.976910619999998 2591.0
18.98777706 2584.0
18.9986435 2553.0
19.00950994 2577.0
19.020376380000002 2608.0
19.03124282 2557.0
19.04210926 2506.0
19.052975699999998 2602.0
19.06384214 2611.0
19.07470858 2569.0
19.08557502 2554.0
19.09644146 2498.0
19.107307900000002 2633.0
19.11817434 2513.0
19.12904078 2506.0
19.139907219999998 2532.0
19.15077366 2589.0
19.1616401 2601.0
19.17250654 2535.0
19.18337298 2560.0
19.194239420000002 2531.0
19.20510586 2592.0
19.2159723 2590.0
19.226838739999998 2525.0
19.23770518 2586.0
19.24857162 2459.0
19.25943806 2514.0
19.2703045 2571.0
19.28117094 2570.0
19.29203738 2592.0
19.302903819999997 2486.0
19.31377026 2524.0
19.3246367 2501.0
19.33550314 2520.0
19.34636958 2465.0
19.357236020000002 2582.0
19.36810246 2544.0
19.3789689 2538.0
19.389835339999998 2632.0
19.40070178 2557.0
19.41156822 2606.0
19.42243466 2531.0
19.4333011 2526.0
19.444167540000002 2605.0
19.45503398 2524.0
19.46590042 2491.0
19.476766859999998 2555.0
19.4876333 2598.0
19.49849974 2428.0
19.50936618 2515.0
19.52023262 2503.0
19.531099060000003 2420.0
19.5419655 2509.0
19.55283194 2526.0
19.563698379999998 2550.0
19.57456482 2555.0
19.58543126 2578.0
19.5962977 2597.0
19.607164140000002 2545.0
19.61803058 2511.0
19.62889702 2557.0
19.639763459999998 2485.0
19.6506299 2532.0
19.66149634 2503.0
19.67236278 2525.0
19.68322922 2498.0
19.694095660000002 2512.0
19.7049621 2437.0
19.71582854 2537.0
19.726694979999998 2529.0
19.73756142 2576.0
19.74842786 2503.0
19.7592943 2569.0
19.77016074 2490.0
19.781027180000002 2553.0
19.79189362 2505.0
19.80276006 2484.0
19.813626499999998 2566.0
19.82449294 2590.0
19.83535938 2514.0
19.84622582 2490.0
19.85709226 2583.0
19.8679587 2547.0
19.87882514 2625.0
19.889691579999997 2542.0
19.90055802 2589.0
19.91142446 2417.0
19.9222909 2453.0
19.93315734 2490.0
19.944023780000002 2459.0
19.95489022 2506.0
19.96575666 2502.0
19.976623099999998 2467.0
19.98748954 2495.0
19.99835598 2638.0
20.00922242 2533.0
20.02008886 2580.0
20.030955300000002 2490.0
20.04182174 2581.0
20.05268818 2538.0
20.063554619999998 2458.0
20.07442106 2427.0
20.0852875 2447.0
20.09615394 2429.0
20.10702038 2489.0
20.117886820000003 2493.0
20.12875326 2565.0
20.1396197 2551.0
20.150486139999998 2460.0
20.16135258 2472.0
20.17221902 2534.0
20.18308546 2527.0
20.193951900000002 2467.0
20.20481834 2429.0
20.21568478 2453.0
20.226551219999997 2529.0
20.23741766 2488.0
20.2482841 2557.0
20.25915054 2516.0
20.27001698 2444.0
20.280883420000002 2502.0
20.29174986 2461.0
20.3026163 2493.0
20.313482739999998 2446.0
20.32434918 2441.0
20.33521562 2480.0
20.34608206 2455.0
20.3569485 2532.0
20.367814940000002 2567.0
20.37868138 2458.0
20.38954782 2512.0
20.400414259999998 2538.0
20.4112807 2482.0
20.42214714 2527.0
20.43301358 2447.0
20.44388002 2513.0
20.45474646 2521.0
20.4656129 2487.0
20.476479339999997 2487.0
20.48734578 2539.0
20.49821222 2428.0
20.50907866 2542.0
20.5199451 2536.0
20.530811540000002 2488.0
20.54167798 2543.0
20.55254442 2516.0
20.563410859999998 2437.0
20.5742773 2524.0
20.58514374 2443.0
20.59601018 2426.0
20.60687662 2464.0
20.617743060000002 2534.0
20.6286095 2408.0
20.63947594 2444.0
20.650342379999998 2454.0
20.66120882 2462.0
20.67207526 2505.0
20.6829417 2462.0
20.69380814 2539.0
20.704674580000002 2456.0
20.71554102 2573.0
20.72640746 2499.0
20.737273899999998 2540.0
20.74814034 2457.0
20.75900678 2491.0
20.76987322 2488.0
20.780739660000002 2456.0
20.7916061 2497.0
20.80247254 2600.0
20.813338979999997 2484.0
20.82420542 2424.0
20.83507186 2461.0
20.8459383 2539.0
20.85680474 2453.0
20.867671180000002 2481.0
20.87853762 2445.0
20.88940406 2453.0
20.900270499999998 2495.0
20.91113694 2423.0
20.92200338 2468.0
20.93286982 2472.0
20.94373626 2553.0
20.954602700000002 2462.0
20.96546914 2506.0
20.97633558 2377.0
20.987202019999998 2538.0
20.99806846 2482.0
21.0089349 2506.0
21.01980134 2488.0
21.03066778 2487.0
21.04153422 2427.0
21.05240066 2481.0
21.063267099999997 2441.0
21.07413354 2473.0
21.08499998 2601.0
21.09586642 2448.0
21.10673286 2493.0
21.117599300000002 2500.0
21.12846574 2596.0
21.13933218 2424.0
21.150198619999998 2440.0
21.16106506 2553.0
21.1719315 2444.0
21.18279794 2461.0
21.19366438 2456.0
21.204530820000002 2419.0
21.21539726 2440.0
21.2262637 2474.0
21.237130139999998 2480.0
21.24799658 2443.0
21.25886302 2579.0
21.26972946 2415.0
21.2805959 2452.0
21.291462340000002 2495.0
21.30232878 2439.0
21.31319522 2384.0
21.324061659999998 2402.0
21.3349281 2441.0
21.34579454 2439.0
21.35666098 2601.0
21.367527420000002 2453.0
21.37839386 2443.0
21.3892603 2493.0
21.400126739999997 2318.0
21.41099318 2536.0
21.42185962 2448.0
21.43272606 2564.0
21.4435925 2434.0
21.454458940000002 2520.0
21.46532538 2397.0
21.47619182 2482.0
21.487058259999998 2518.0
21.4979247 2433.0
21.50879114 2484.0
21.51965758 2536.0
21.53052402 2454.0
21.541390460000002 2356.0
21.5522569 2448.0
21.56312334 2478.0
21.573989779999998 2428.0
21.58485622 2445.0
21.59572266 2505.0
21.6065891 2427.0
21.61745554 2424.0
21.62832198 2536.0
21.63918842 2483.0
21.650054859999997 2475.0
21.6609213 2433.0
21.67178774 2476.0
21.68265418 2460.0
21.69352062 2473.0
21.704387060000002 2516.0
21.7152535 2451.0
21.72611994 2485.0
21.736986379999998 2524.0
21.74785282 2473.0
21.75871926 2459.0
21.7695857 2534.0
21.78045214 2469.0
21.791318580000002 2502.0
21.80218502 2419.0
21.81305146 2446.0
21.823917899999998 2465.0
21.83478434 2490.0
21.84565078 2519.0
21.85651722 2451.0
21.86738366 2534.0
21.878250100000002 2443.0
21.88911654 2493.0
21.89998298 2403.0
21.910849419999998 2439.0
21.92171586 2579.0
21.9325823 2407.0
21.94344874 2530.0
21.954315180000002 2463.0
21.96518162 2590.0
21.97604806 2502.0
21.986914499999997 2381.0
21.99778094 2414.0
22.00864738 2507.0
22.01951382 2438.0
22.03038026 2480.0
22.041246700000002 2484.0
22.05211314 2555.0
22.06297958 2426.0
22.073846019999998 2363.0
22.08471246 2500.0
22.0955789 2478.0
22.10644534 2502.0
22.11731178 2508.0
22.128178220000002 2454.0
22.13904466 2424.0
22.1499111 2435.0
22.160777539999998 2450.0
22.17164398 2440.0
22.18251042 2567.0
22.19337686 2404.0
22.2042433 2478.0
22.21510974 2452.0
22.22597618 2493.0
22.236842619999997 2453.0
22.24770906 2421.0
22.2585755 2452.0
22.26944194 2404.0
22.28030838 2442.0
22.291174820000002 2480.0
22.30204126 2408.0
22.3129077 2413.0
22.323774139999998 2471.0
22.33464058 2476.0
22.34550702 2475.0
22.35637346 2463.0
22.3672399 2470.0
22.378106340000002 2471.0
22.38897278 2458.0
22.39983922 2478.0
22.410705659999998 2463.0
22.4215721 2471.0
22.43243854 2435.0
22.44330498 2395.0
22.45417142 2391.0
22.465037860000002 2463.0
22.4759043 2455.0
22.48677074 2465.0
22.497637179999998 2473.0
22.50850362 2415.0
22.51937006 2451.0
22.5302365 2418.0
22.541102940000002 2465.0
22.55196938 2532.0
22.56283582 2379.0
22.573702259999997 2403.0
22.5845687 2480.0
22.59543514 2409.0
22.60630158 2439.0
22.61716802 2382.0
22.628034460000002 2407.0
22.6389009 2395.0
22.64976734 2545.0
22.660633779999998 2400.0
22.67150022 2370.0
22.68236666 2552.0
22.6932331 2445.0
22.70409954 2429.0
22.714965980000002 2388.0
22.72583242 2447.0
22.73669886 2546.0
22.747565299999998 2414.0
22.75843174 2424.0
22.76929818 2394.0
22.78016462 2420.0
22.79103106 2454.0
22.8018975 2474.0
22.81276394 2410.0
22.823630379999997 2434.0
22.83449682 2423.0
22.84536326 2460.0
22.8562297 2410.0
22.86709614 2363.0
22.877962580000002 2415.0
22.88882902 2423.0
22.89969546 2416.0
22.910561899999998 2335.0
22.92142834 2273.0
22.93229478 2478.0
22.94316122 2466.0
22.95402766 2458.0
22.964894100000002 2566.0
22.97576054 2446.0
22.98662698 2486.0
22.997493419999998 2445.0
23.00835986 2387.0
23.0192263 2478.0
23.03009274 2376.0
23.04095918 2407.0
23.051825620000002 2447.0
23.06269206 2397.0
23.0735585 2411.0
23.084424939999998 2355.0
23.09529138 2396.0
23.10615782 2427.0
23.11702426 2339.0
23.127890700000002 2514.0
23.13875714 2476.0
23.14962358 2483.0
23.160490019999997 2519.0
23.17135646 2470.0
23.1822229 2350.0
23.19308934 2399.0
23.20395578 2455.0
23.214822220000002 2351.0
23.22568866 2392.0
23.2365551 2436.0
23.247421539999998 2398.0
23.25828798 2392.0
23.26915442 2430.0
23.28002086 2444.0
23.2908873 2410.0
23.301753740000002 2397.0
23.31262018 2481.0
23.32348662 2413.0
23.334353059999998 2523.0
23.3452195 2390.0
23.35608594 2370.0
23.36695238 2511.0
23.37781882 2393.0
23.38868526 2376.0
23.3995517 2505.0
23.410418139999997 2492.0
23.42128458 2425.0
23.43215102 2424.0
23.44301746 2523.0
23.4538839 2399.0
23.464750340000002 2504.0
23.47561678 2394.0
23.48648322 2423.0
23.497349659999998 2343.0
23.5082161 2366.0
23.51908254 2450.0
23.52994898 2456.0
23.54081542 2516.0
23.551681860000002 2472.0
23.5625483 2374.0
23.57341474 2423.0
23.584281179999998 2417.0
23.59514762 2380.0
23.60601406 2321.0
23.6168805 2427.0
23.62774694 2360.0
23.638613380000002 2329.0
23.64947982 2444.0
23.66034626 2408.0
23.671212699999998 2355.0
23.68207914 2434.0
23.69294558 2344.0
23.70381202 2457.0
23.714678460000002 2429.0
23.7255449 2441.0
23.73641134 2408.0
23.747277779999997 2363.0
23.75814422 2480.0
23.76901066 2377.0
23.7798771 2483.0
23.79074354 2451.0
23.801609980000002 2334.0
23.81247642 2438.0
23.82334286 2351.0
23.834209299999998 2350.0
23.84507574 2486.0
23.85594218 2429.0
23.86680862 2439.0
23.87767506 2365.0
23.888541500000002 2443.0
23.89940794 2368.0
23.91027438 2443.0
23.921140819999998 2352.0
23.93200726 2398.0
23.9428737 2460.0
23.95374014 2460.0
23.96460658 2411.0
23.97547302 2361.0
23.98633946 2437.0
23.997205899999997 2496.0
24.00807234 2446.0
24.01893878 2374.0
24.02980522 2401.0
24.04067166 2367.0
24.051538100000002 2421.0
24.06240454 2457.0
24.07327098 2340.0
24.084137419999998 2462.0
24.09500386 2401.0
24.1058703 2517.0
24.11673674 2346.0
24.12760318 2417.0
24.138469620000002 2471.0
24.14933606 2469.0
24.1602025 2403.0
24.171068939999998 2412.0
24.18193538 2473.0
24.19280182 2345.0
24.20366826 2382.0
24.2145347 2442.0
24.225401140000002 2367.0
24.23626758 2399.0
24.24713402 2411.0
24.258000459999998 2412.0
24.2688669 2476.0
24.27973334 2399.0
24.29059978 2394.0
24.301466220000002 2299.0
24.31233266 2414.0
24.3231991 2403.0
24.334065539999997 2404.0
24.34493198 2380.0
24.35579842 2409.0
24.36666486 2457.0
24.3775313 2422.0
24.388397740000002 2352.0
24.39926418 2503.0
24.41013062 2333.0
24.420997059999998 2377.0
24.4318635 2426.0
24.44272994 2386.0
24.45359638 2417.0
24.46446282 2380.0
24.475329260000002 2432.0
24.4861957 2407.0
24.49706214 2399.0
24.507928579999998 2386.0
24.51879502 2329.0
24.52966146 2357.0
24.5405279 2364.0
24.55139434 2373.0
24.56226078 2444.0
24.57312722 2354.0
24.583993659999997 2425.0
24.5948601 2307.0
24.60572654 2334.0
24.61659298 2431.0
24.62745942 2289.0
24.638325860000002 2381.0
24.6491923 2454.0
24.66005874 2408.0
24.670925179999998 2390.0
24.68179162 2427.0
24.69265806 2377.0
24.7035245 2427.0
24.71439094 2451.0
24.725257380000002 2422.0
24.73612382 2295.0
24.74699026 2289.0
24.757856699999998 2465.0
24.76872314 2437.0
24.77958958 2331.0
24.79045602 2460.0
24.80132246 2468.0
24.812188900000002 2372.0
24.82305534 2441.0
24.83392178 2372.0
24.844788219999998 2443.0
24.85565466 2502.0
24.8665211 2444.0
24.87738754 2382.0
24.88825398 2386.0
24.89912042 2399.0
24.90998686 2370.0
24.920853299999997 2408.0
24.93171974 2471.0
24.94258618 2459.0
24.95345262 2382.0
24.96431906 2421.0
24.975185500000002 2330.0
24.98605194 2447.0
24.99691838 2423.0
25.007784819999998 2476.0
25.01865126 2408.0
25.0295177 2493.0
25.04038414 2423.0
25.05125058 2391.0
25.062117020000002 2386.0
25.07298346 2379.0
25.0838499 2380.0
25.094716339999998 2440.0
25.10558278 2382.0
25.11644922 2406.0
25.12731566 2365.0
25.1381821 2298.0
25.14904854 2361.0
25.15991498 2413.0
25.170781419999997 2437.0
25.181647859999998 2419.0
25.1925143 2378.0
25.20338074 2275.0
25.21424718 2380.0
25.225113620000002 2347.0
25.23598006 2345.0
25.2468465 2468.0
25.257712939999998 2328.0
25.26857938 2422.0
25.27944582 2384.0
25.29031226 2383.0
25.3011787 2389.0
25.312045140000002 2371.0
25.32291158 2354.0
25.33377802 2312.0
25.344644459999998 2280.0
25.3555109 2362.0
25.36637734 2311.0
25.37724378 2371.0
25.38811022 2377.0
25.398976660000002 2361.0
25.4098431 2477.0
25.42070954 2460.0
25.431575979999998 2460.0
25.44244242 2414.0
25.45330886 2397.0
25.4641753 2377.0
25.47504174 2277.0
25.48590818 2420.0
25.49677462 2413.0
25.507641059999997 2397.0
25.5185075 2432.0
25.52937394 2360.0
25.54024038 2411.0
25.55110682 2410.0
25.561973260000002 2383.0
25.5728397 2346.0
25.58370614 2419.0
25.594572579999998 2349.0
25.60543902 2354.0
25.61630546 2329.0
25.6271719 2412.0
25.63803834 2369.0
25.648904780000002 2342.0
25.65977122 2460.0
25.67063766 2339.0
25.681504099999998 2466.0
25.69237054 2259.0
25.70323698 2390.0
25.71410342 2450.0
25.72496986 2323.0
25.7358363 2479.0
25.74670274 2372.0
25.757569179999997 2426.0
25.768435619999998 2392.0
25.77930206 2376.0
25.7901685 2406.0
25.80103494 2383.0
25.811901380000002 2304.0
25.82276782 2381.0
25.83363426 2367.0
25.844500699999998 2290.0
25.85536714 2417.0
25.86623358 2480.0
25.87710002 2203.0
25.88796646 2378.0
25.898832900000002 2376.0
25.90969934 2310.0
25.92056578 2418.0
25.93143222 2396.0
25.94229866 2370.0
25.9531651 2402.0
25.96403154 2245.0
25.97489798 2339.0
25.98576442 2396.0
25.99663086 2469.0
26.0074973 2279.0
26.018363739999998 2423.0
26.02923018 2329.0
26.04009662 2407.0
26.05096306 2349.0
26.061829499999998 2435.0
26.07269594 2323.0
26.08356238 2387.0
26.09442882 2349.0
26.10529526 2414.0
26.1161617 2392.0
26.12702814 2394.0
26.13789458 2337.0
26.14876102 2363.0
26.15962746 2437.0
26.1704939 2240.0
26.18136034 2519.0
26.19222678 2395.0
26.20309322 2318.0
26.21395966 2445.0
26.2248261 2415.0
26.23569254 2383.0
26.24655898 2322.0
26.25742542 2398.0
26.26829186 2402.0
26.2791583 2376.0
26.29002474 2410.0
26.30089118 2358.0
26.311757619999998 2328.0
26.32262406 2420.0
26.3334905 2421.0
26.34435694 2450.0
26.355223379999998 2271.0
26.36608982 2387.0
26.37695626 2308.0
26.3878227 2319.0
26.39868914 2380.0
26.40955558 2377.0
26.42042202 2236.0
26.43128846 2436.0
26.4421549 2393.0
26.45302134 2382.0
26.46388778 2395.0
26.47475422 2421.0
26.48562066 2205.0
26.4964871 2380.0
26.50735354 2320.0
26.51821998 2353.0
26.52908642 2421.0
26.53995286 2280.0
26.5508193 2403.0
26.56168574 2355.0
26.57255218 2308.0
26.58341862 2269.0
26.59428506 2374.0
26.605151499999998 2339.0
26.61601794 2363.0
26.62688438 2248.0
26.63775082 2323.0
26.648617259999998 2311.0
26.6594837 2408.0
26.67035014 2379.0
26.68121658 2326.0
26.69208302 2360.0
26.70294946 2320.0
26.7138159 2410.0
26.72468234 2324.0
26.73554878 2333.0
26.74641522 2331.0
26.75728166 2438.0
26.7681481 2345.0
26.77901454 2353.0
26.78988098 2440.0
26.80074742 2406.0
26.81161386 2289.0
26.8224803 2329.0
26.83334674 2369.0
26.84421318 2370.0
26.85507962 2378.0
26.86594606 2418.0
26.8768125 2258.0
26.88767894 2418.0
26.898545379999998 2363.0
26.90941182 2375.0
26.92027826 2416.0
26.9311447 2390.0
26.942011139999998 2288.0
26.95287758 2359.0
26.96374402 2420.0
26.97461046 2416.0
26.9854769 2398.0
26.99634334 2348.0
27.00720978 2294.0
27.01807622 2265.0
27.02894266 2280.0
27.0398091 2272.0
27.05067554 2337.0
27.06154198 2317.0
27.07240842 2372.0
27.08327486 2343.0
27.0941413 2395.0
27.10500774 2406.0
27.11587418 2393.0
27.12674062 2388.0
27.13760706 2361.0
27.1484735 2376.0
27.15933994 2327.0
27.17020638 2390.0
27.18107282 2355.0
27.191939259999998 2335.0
27.2028057 2348.0
27.21367214 2331.0
27.22453858 2270.0
27.235405019999998 2308.0
27.24627146 2263.0
27.2571379 2439.0
27.26800434 2308.0
27.27887078 2395.0
27.28973722 2348.0
27.30060366 2418.0
27.3114701 2332.0
27.32233654 2285.0
27.33320298 2320.0
27.34406942 2341.0
27.35493586 2356.0
27.3658023 2400.0
27.37666874 2386.0
27.38753518 2417.0
27.39840162 2408.0
27.40926806 2280.0
27.4201345 2347.0
27.43100094 2365.0
27.44186738 2325.0
27.45273382 2474.0
27.46360026 2456.0
27.4744667 2332.0
27.485333139999998 2464.0
27.49619958 2258.0
27.50706602 2383.0
27.51793246 2267.0
27.528798899999998 2412.0
27.53966534 2383.0
27.55053178 2317.0
27.56139822 2389.0
27.57226466 2322.0
27.5831311 2352.0
27.59399754 2406.0
27.60486398 2369.0
27.61573042 2311.0
27.62659686 2392.0
27.6374633 2434.0
27.64832974 2269.0
27.65919618 2323.0
27.67006262 2419.0
27.68092906 2430.0
27.6917955 2329.0
27.70266194 2271.0
27.71352838 2374.0
27.72439482 2436.0
27.73526126 2334.0
27.7461277 2332.0
27.75699414 2357.0
27.76786058 2405.0
27.778727019999998 2304.0
27.78959346 2338.0
27.8004599 2383.0
27.81132634 2321.0
27.822192779999998 2293.0
27.83305922 2303.0
27.84392566 2310.0
27.8547921 2336.0
27.86565854 2387.0
27.87652498 2337.0
27.88739142 2362.0
27.89825786 2233.0
27.9091243 2336.0
27.91999074 2306.0
27.93085718 2315.0
27.94172362 2326.0
27.95259006 2319.0
27.9634565 2314.0
27.97432294 2353.0
27.98518938 2405.0
27.99605582 2294.0
28.00692226 2335.0
28.0177887 2302.0
28.02865514 2295.0
28.03952158 2336.0
28.05038802 2359.0
28.06125446 2439.0
28.072120899999998 2346.0
28.08298734 2367.0
28.09385378 2329.0
28.10472022 2393.0
28.115586659999998 2430.0
28.1264531 2394.0
28.13731954 2331.0
28.14818598 2303.0
28.15905242 2475.0
28.16991886 2319.0
28.1807853 2372.0
28.19165174 2416.0
28.20251818 2295.0
28.21338462 2345.0
28.22425106 2365.0
28.2351175 2335.0
28.24598394 2401.0
28.25685038 2324.0
28.26771682 2373.0
28.27858326 2282.0
28.2894497 2307.0
28.30031614 2353.0
28.31118258 2265.0
28.32204902 2346.0
28.33291546 2351.0
28.3437819 2346.0
28.35464834 2319.0
28.365514779999998 2333.0
28.37638122 2384.0
28.38724766 2345.0
28.3981141 2325.0
28.408980539999998 2365.0
28.41984698 2345.0
28.43071342 2254.0
28.44157986 2362.0
28.4524463 2363.0
28.46331274 2336.0
28.47417918 2330.0
28.48504562 2249.0
28.49591206 2397.0
28.5067785 2297.0
28.51764494 2291.0
28.52851138 2318.0
28.53937782 2292.0
28.55024426 2314.0
28.5611107 2320.0
28.57197714 2269.0
28.58284358 2307.0
28.59371002 2314.0
28.60457646 2306.0
28.6154429 2320.0
28.62630934 2342.0
28.63717578 2313.0
28.64804222 2374.0
28.658908659999998 2403.0
28.6697751 2348.0
28.68064154 2307.0
28.69150798 2295.0
28.702374419999998 2311.0
28.71324086 2302.0
28.7241073 2256.0
28.73497374 2280.0
28.74584018 2377.0
28.75670662 2392.0
28.76757306 2308.0
28.7784395 2309.0
28.78930594 2387.0
28.80017238 2378.0
28.81103882 2415.0
28.82190526 2350.0
28.8327717 2307.0
28.84363814 2330.0
28.85450458 2290.0
28.86537102 2302.0
28.87623746 2321.0
28.8871039 2307.0
28.89797034 2384.0
28.90883678 2303.0
28.91970322 2310.0
28.93056966 2389.0
28.9414361 2416.0
28.952302539999998 2371.0
28.96316898 2273.0
28.97403542 2292.0
28.98490186 2306.0
28.995768299999998 2445.0
29.00663474 2299.0
29.01750118 2269.0
29.02836762 2372.0
29.03923406 2375.0
29.0501005 2339.0
29.06096694 2406.0
29.07183338 2434.0
29.08269982 2352.0
29.09356626 2230.0
29.1044327 2348.0
29.11529914 2365.0
29.12616558 2400.0
29.13703202 2297.0
29.14789846 2318.0
29.1587649 2391.0
29.16963134 2274.0
29.18049778 2424.0
29.19136422 2293.0
29.20223066 2381.0
29.2130971 2314.0
29.22396354 2252.0
29.23482998 2336.0
29.245696419999998 2349.0
29.25656286 2426.0
29.2674293 2285.0
29.27829574 2442.0
29.289162179999998 2313.0
29.30002862 2331.0
29.31089506 2340.0
29.3217615 2385.0
29.33262794 2364.0
29.34349438 2358.0
29.35436082 2342.0
29.36522726 2393.0
29.3760937 2359.0
29.38696014 2343.0
29.39782658 2300.0
29.40869302 2393.0
29.41955946 2446.0
29.4304259 2301.0
29.44129234 2425.0
29.45215878 2321.0
29.46302522 2402.0
29.47389166 2396.0
29.4847581 2333.0
29.49562454 2355.0
29.50649098 2465.0
29.51735742 2346.0
29.52822386 2437.0
29.539090299999998 2356.0
29.54995674 2341.0
29.56082318 2371.0
29.57168962 2344.0
29.582556059999998 2312.0
29.5934225 2458.0
29.60428894 2410.0
29.61515538 2364.0
29.62602182 2427.0
29.63688826 2287.0
29.6477547 2401.0
29.65862114 2279.0
29.66948758 2474.0
29.68035402 2526.0
29.69122046 2399.0
29.7020869 2392.0
29.71295334 2433.0
29.72381978 2442.0
29.73468622 2397.0
29.74555266 2417.0
29.7564191 2416.0
29.76728554 2500.0
29.77815198 2438.0
29.78901842 2447.0
29.79988486 2502.0
29.8107513 2489.0
29.82161774 2473.0
29.832484179999998 2530.0
29.84335062 2557.0
29.85421706 2443.0
29.8650835 2521.0
29.875949939999998 2624.0
29.88681638 2601.0
29.89768282 2640.0
29.90854926 2747.0
29.9194157 2708.0
29.93028214 2775.0
29.94114858 2767.0
29.95201502 2815.0
29.96288146 2927.0
29.9737479 2969.0
29.98461434 2996.0
29.99548078 3139.0
30.00634722 3160.0
30.01721366 3384.0
30.0280801 3340.0
30.03894654 3646.0
30.04981298 3862.0
30.06067942 4069.0
30.07154586 4263.0
30.0824123 4583.0
30.09327874 4981.0
30.10414518 5303.0
30.11501162 5739.0
30.125878059999998 6071.0
30.1367445 6395.0
30.14761094 6664.0
30.15847738 7236.0
30.169343819999998 7438.0
30.18021026 7505.0
30.1910767 7606.0
30.20194314 7285.0
30.21280958 7011.0
30.22367602 6677.0
30.23454246 6167.0
30.2454089 5829.0
30.25627534 5435.0
30.26714178 4972.0
30.27800822 4647.0
30.28887466 4292.0
30.2997411 3996.0
30.31060754 3629.0
30.32147398 3317.0
30.33234042 3108.0
30.34320686 2910.0
30.3540733 2744.0
30.36493974 2695.0
30.37580618 2640.0
30.38667262 2585.0
30.39753906 2555.0
30.4084055 2529.0
30.419271939999998 2632.0
30.43013838 2575.0
30.44100482 2550.0
30.45187126 2575.0
30.462737699999998 2463.0
30.47360414 2455.0
30.48447058 2432.0
30.49533702 2439.0
30.50620346 2413.0
30.5170699 2482.0
30.52793634 2409.0
30.53880278 2486.0
30.54966922 2505.0
30.56053566 2429.0
30.5714021 2371.0
30.58226854 2357.0
30.59313498 2462.0
30.60400142 2420.0
30.61486786 2384.0
30.6257343 2402.0
30.63660074 2490.0
30.64746718 2388.0
30.65833362 2424.0
30.66920006 2367.0
30.6800665 2389.0
30.69093294 2311.0
30.70179938 2360.0
30.712665819999998 2341.0
30.72353226 2316.0
30.7343987 2292.0
30.74526514 2315.0
30.756131579999998 2385.0
30.76699802 2356.0
30.77786446 2403.0
30.7887309 2315.0
30.79959734 2321.0
30.81046378 2433.0
30.82133022 2370.0
30.83219666 2353.0
30.8430631 2280.0
30.85392954 2258.0
30.86479598 2320.0
30.87566242 2261.0
30.88652886 2366.0
30.8973953 2252.0
30.90826174 2207.0
30.91912818 2346.0
30.92999462 2328.0
30.94086106 2243.0
30.9517275 2333.0
30.96259394 2284.0
30.97346038 2260.0
30.98432682 2291.0
30.99519326 2256.0
31.006059699999998 2317.0
31.01692614 2408.0
31.02779258 2318.0
31.03865902 2299.0
31.049525459999998 2308.0
31.0603919 2303.0
31.07125834 2350.0
31.08212478 2346.0
31.09299122 2320.0
31.10385766 2275.0
31.1147241 2307.0
31.12559054 2368.0
31.13645698 2344.0
31.14732342 2310.0
31.15818986 2413.0
31.1690563 2295.0
31.17992274 2318.0
31.19078918 2313.0
31.20165562 2335.0
31.21252206 2330.0
31.2233885 2384.0
31.23425494 2286.0
31.24512138 2358.0
31.25598782 2314.0
31.26685426 2254.0
31.2777207 2394.0
31.28858714 2373.0
31.299453579999998 2358.0
31.31032002 2278.0
31.32118646 2282.0
31.3320529 2297.0
31.342919339999998 2383.0
31.35378578 2312.0
31.36465222 2287.0
31.37551866 2282.0
31.3863851 2268.0
31.39725154 2357.0
31.40811798 2320.0
31.41898442 2381.0
31.42985086 2259.0
31.4407173 2329.0
31.45158374 2253.0
31.46245018 2291.0
31.47331662 2375.0
31.48418306 2361.0
31.4950495 2317.0
31.50591594 2390.0
31.51678238 2280.0
31.52764882 2418.0
31.53851526 2279.0
31.5493817 2368.0
31.56024814 2334.0
31.57111458 2382.0
31.58198102 2343.0
31.592847459999998 2304.0
31.6037139 2287.0
31.61458034 2363.0
31.62544678 2311.0
31.636313219999998 2387.0
31.64717966 2265.0
31.6580461 2353.0
31.66891254 2341.0
31.67977898 2281.0
31.69064542 2372.0
31.70151186 2304.0
31.7123783 2348.0
31.72324474 2316.0
31.73411118 2379.0
31.74497762 2348.0
31.75584406 2246.0
31.7667105 2292.0
31.77757694 2327.0
31.78844338 2365.0
31.79930982 2334.0
31.81017626 2325.0
31.8210427 2366.0
31.83190914 2303.0
31.84277558 2379.0
31.85364202 2300.0
31.86450846 2407.0
31.8753749 2270.0
31.886241339999998 2265.0
31.89710778 2306.0
31.90797422 2193.0
31.91884066 2321.0
31.929707099999998 2357.0
31.94057354 2420.0
31.95143998 2346.0
31.96230642 2314.0
31.97317286 2360.0
31.9840393 2406.0
31.99490574 2233.0
32.00577218 2395.0
32.016638619999995 2313.0
32.027505059999996 2415.0
32.0383715 2321.0
32.04923794 2311.0
32.06010438 2346.0
32.07097082 2327.0
32.08183726 2365.0
32.0927037 2282.0
32.10357014 2345.0
32.11443658 2237.0
32.125303020000004 2331.0
32.136169460000005 2337.0
32.1470359 2333.0
32.15790234 2328.0
32.16876878 2276.0
32.179635219999994 2303.0
32.190501659999995 2375.0
32.201368099999996 2307.0
32.21223454 2245.0
32.22310098 2305.0
32.23396742 2301.0
32.24483386 2325.0
32.2557003 2311.0
32.26656674 2313.0
32.27743318 2238.0
32.288299620000004 2230.0
32.299166060000005 2339.0
32.3100325 2388.0
32.32089894 2260.0
32.33176538 2220.0
32.34263182 2293.0
32.353498259999995 2276.0
32.364364699999996 2271.0
32.37523114 2374.0
32.38609758 2388.0
32.39696402 2358.0
32.40783046 2305.0
32.4186969 2271.0
32.42956334 2231.0
32.44042978 2301.0
32.45129622 2284.0
32.462162660000004 2258.0
32.4730291 2363.0
32.48389554 2291.0
32.49476198 2355.0
32.50562842 2307.0
32.516494859999995 2298.0
32.527361299999995 2310.0
32.538227739999996 2267.0
32.54909418 2255.0
32.55996062 2285.0
32.57082706 2254.0
32.5816935 2179.0
32.59255994 2263.0
32.60342638 2235.0
32.61429282 2345.0
32.625159260000004 2359.0
32.636025700000005 2313.0
32.64689214 2211.0
32.65775858 2244.0
32.66862502 2248.0
32.67949146 2292.0
32.690357899999995 2312.0
32.701224339999996 2299.0
32.71209078 2314.0
32.72295722 2208.0
32.73382366 2303.0
32.7446901 2278.0
32.75555654 2226.0
32.76642298 2299.0
32.77728942 2334.0
32.78815586 2406.0
32.799022300000004 2314.0
32.80988874 2325.0
32.82075518 2261.0
32.83162162 2382.0
32.84248806 2304.0
32.853354499999995 2307.0
32.864220939999996 2307.0
32.87508738 2276.0
32.88595382 2294.0
32.89682026 2274.0
32.9076867 2328.0
32.91855314 2272.0
32.92941958 2376.0
32.94028602 2232.0
32.95115246 2271.0
32.962018900000004 2306.0
32.972885340000005 2301.0
32.98375178 2278.0
32.99461822 2304.0
33.00548466 2274.0
33.0163511 2366.0
33.027217539999995 2303.0
33.038083979999996 2231.0
33.04895042 2341.0
33.05981686 2325.0
33.0706833 2280.0
33.08154974 2366.0
33.09241618 2419.0
33.10328262 2331.0
33.11414906 2243.0
33.1250155 2329.0
33.135881940000004 2320.0
33.14674838 2359.0
33.15761482 2252.0
33.16848126 2164.0
33.1793477 2241.0
33.190214139999995 2192.0
33.201080579999996 2277.0
33.21194702 2228.0
33.22281346 2272.0
33.2336799 2352.0
33.24454634 2384.0
33.25541278 2333.0
33.26627922 2297.0
33.27714566 2325.0
33.2880121 2271.0
33.298878540000004 2230.0
33.309744980000005 2289.0
33.32061142 2325.0
33.33147786 2291.0
33.3423443 2306.0
33.353210739999994 2305.0
33.364077179999995 2357.0
33.374943619999996 2285.0
33.38581006 2248.0
33.3966765 2288.0
33.40754294 2280.0
33.41840938 2334.0
33.42927582 2338.0
33.44014226 2367.0
33.4510087 2267.0
33.461875140000004 2237.0
33.472741580000005 2363.0
33.48360802 2235.0
33.49447446 2290.0
33.5053409 2290.0
33.51620734 2335.0
33.527073779999995 2277.0
33.537940219999996 2303.0
33.54880666 2282.0
33.5596731 2335.0
33.57053954 2315.0
33.58140598 2287.0
33.59227242 2230.0
33.60313886 2224.0
33.6140053 2347.0
33.62487174 2324.0
33.635738180000004 2292.0
33.64660462 2275.0
33.65747106 2230.0
33.6683375 2299.0
33.67920394 2268.0
33.690070379999995 2352.0
33.700936819999995 2296.0
33.711803259999996 2261.0
33.7226697 2270.0
33.73353614 2267.0
33.74440258 2319.0
33.75526902 2284.0
33.76613546 2267.0
33.7770019 2228.0
33.78786834 2254.0
33.798734780000004 2216.0
33.809601220000005 2282.0
33.82046766 2322.0
33.8313341 2312.0
33.84220054 2280.0
33.85306698 2271.0
33.863933419999995 2296.0
33.874799859999996 2306.0
33.8856663 2369.0
33.89653274 2288.0
33.90739918 2265.0
33.91826562 2329.0
33.92913206 2362.0
33.9399985 2454.0
33.95086494 2313.0
33.96173138 2209.0
33.972597820000004 2215.0
33.98346426 2280.0
33.9943307 2259.0
34.00519714 2264.0
34.01606358 2314.0
34.026930019999995 2336.0
34.037796459999996 2287.0
34.0486629 2337.0
34.05952934 2305.0
34.07039578 2305.0
34.08126222 2275.0
34.09212866 2279.0
34.1029951 2267.0
34.11386154 2301.0
34.12472798 2266.0
34.135594420000004 2275.0
34.146460860000005 2399.0
34.1573273 2442.0
34.16819374 2304.0
34.17906018 2335.0
34.18992662 2325.0
34.200793059999995 2354.0
34.211659499999996 2300.0
34.22252594 2366.0
34.23339238 2466.0
34.24425882 2420.0
34.25512526 2272.0
34.2659917 2364.0
34.27685814 2354.0
34.28772458 2345.0
34.29859102 2383.0
34.309457460000004 2281.0
34.3203239 2345.0
34.33119034 2343.0
34.34205678 2364.0
34.35292322 2426.0
34.363789659999995 2411.0
34.374656099999996 2390.0
34.38552254 2437.0
34.39638898 2258.0
34.40725542 2355.0
34.41812186 2438.0
34.4289883 2407.0
34.43985474 2331.0
34.45072118 2288.0
34.46158762 2402.0
34.472454060000004 2341.0
34.483320500000005 2382.0
34.49418694 2346.0
34.50505338 2399.0
34.51591982 2486.0
34.526786259999994 2332.0
34.537652699999995 2368.0
34.548519139999996 2399.0
34.55938558 2348.0
34.57025202 2384.0
34.58111846 2342.0
34.5919849 2480.0
34.60285134 2325.0
34.61371778 2350.0
34.62458422 2361.0
34.635450660000004 2339.0
34.646317100000005 2334.0
34.65718354 2422.0
34.66804998 2381.0
34.67891642 2322.0
34.68978286 2425.0
34.700649299999995 2481.0
34.711515739999996 2478.0
34.72238218 2299.0
34.73324862 2393.0
34.74411506 2440.0
34.7549815 2497.0
34.76584794 2373.0
34.77671438 2362.0
34.78758082 2370.0
34.79844726 2388.0
34.809313700000004 2379.0
34.82018014 2408.0
34.83104658 2329.0
34.84191302 2422.0
34.85277946 2526.0
34.863645899999995 2444.0
34.874512339999995 2452.0
34.885378779999996 2444.0
34.89624522 2471.0
34.90711166 2436.0
34.9179781 2420.0
34.92884454 2511.0
34.93971098 2506.0
34.95057742 2551.0
34.96144386 2515.0
34.972310300000004 2617.0
34.983176740000005 2546.0
34.99404318 2599.0
35.00490962 2532.0
35.01577606 2520.0
35.0266425 2599.0
35.037508939999995 2664.0
35.048375379999996 2704.0
35.05924182 2672.0
35.07010826 2644.0
35.0809747 2735.0
35.09184114 2900.0
35.10270758 2822.0
35.11357402 2805.0
35.12444046 2749.0
35.1353069 2849.0
35.146173340000004 2938.0
35.15703978 2947.0
35.16790622 3028.0
35.17877266 3119.0
35.1896391 3125.0
35.200505539999995 3309.0
35.211371979999996 3265.0
35.22223842 3409.0
35.23310486 3544.0
35.2439713 3688.0
35.25483774 3836.0
35.26570418 3853.0
35.27657062 4050.0
35.28743706 4319.0
35.2983035 4644.0
35.309169940000004 4940.0
35.320036380000005 5219.0
35.33090282 5679.0
35.34176926 6192.0
35.3526357 6519.0
35.36350214 7182.0
35.374368579999995 8025.0
35.385235019999996 8941.0
35.39610146 9591.0
35.4069679 10782.0
35.41783434 11906.0
35.42870078 13112.0
35.43956722 14429.0
35.45043366 15436.0
35.4613001 16654.0
35.47216654 17165.0
35.483032980000004 17674.0
35.49389942 17834.0
35.50476586 17137.0
35.5156323 16671.0
35.52649874 15954.0
35.537365179999995 15071.0
35.548231619999996 14014.0
35.55909806 12902.0
35.5699645 12011.0
35.58083094 11121.0
35.59169738 10187.0
35.60256382 9301.0
35.61343026 8367.0
35.6242967 7340.0
35.63516314 6455.0
35.646029580000004 5833.0
35.656896020000005 5051.0
35.66776246 4542.0
35.6786289 4262.0
35.68949534 3864.0
35.700361779999994 3717.0
35.711228219999995 3475.0
35.722094659999996 3365.0
35.7329611 3349.0
35.74382754 3219.0
35.75469398 3075.0
35.76556042 3036.0
35.77642686 2934.0
35.7872933 2852.0
35.79815974 2864.0
35.809026180000004 2862.0
35.819892620000005 2807.0
35.83075906 2695.0
35.8416255 2725.0
35.85249194 2692.0
35.86335838 2695.0
35.874224819999995 2679.0
35.885091259999996 2639.0
35.8959577 2561.0
35.90682414 2595.0
35.91769058 2542.0
35.92855702 2552.0
35.93942346 2509.0
35.9502899 2544.0
35.96115634 2554.0
35.97202278 2482.0
35.982889220000004 2532.0
35.99375566 2443.0
36.0046221 2458.0
36.01548854 2432.0
36.02635498 2414.0
36.037221419999995 2442.0
36.048087859999995 2411.0
36.058954299999996 2472.0
36.06982074 2414.0
36.08068718 2496.0
36.09155362 2451.0
36.10242006 2444.0
36.1132865 2442.0
36.12415294 2419.0
36.13501938 2398.0
36.145885820000004 2351.0
36.156752260000005 2426.0
36.1676187 2417.0
36.17848514 2436.0
36.18935158 2252.0
36.20021802 2372.0
36.211084459999995 2262.0
36.221950899999996 2451.0
36.23281734 2405.0
36.24368378 2366.0
36.25455022 2430.0
36.26541666 2321.0
36.2762831 2369.0
36.28714954 2353.0
36.29801598 2413.0
36.30888242 2394.0
36.319748860000004 2313.0
36.3306153 2365.0
36.34148174 2358.0
36.35234818 2462.0
36.36321462 2389.0
36.374081059999995 2390.0
36.384947499999996 2320.0
36.39581394 2371.0
36.40668038 2352.0
36.41754682 2312.0
36.42841326 2381.0
36.4392797 2343.0
36.45014614 2323.0
36.46101258 2343.0
36.47187902 2284.0
36.482745460000004 2405.0
36.493611900000005 2391.0
36.50447834 2307.0
36.51534478 2451.0
36.52621122 2324.0
36.53707766 2401.0
36.547944099999995 2438.0
36.558810539999996 2310.0
36.56967698 2369.0
36.58054342 2471.0
36.59140986 2409.0
36.6022763 2355.0
36.61314274 2359.0
36.62400918 2371.0
36.63487562 2282.0
36.64574206 2223.0
36.656608500000004 2417.0
36.66747494 2375.0
36.67834138 2377.0
36.68920782 2358.0
36.70007426 2363.0
36.710940699999995 2323.0
36.721807139999996 2246.0
36.73267358 2325.0
36.74354002 2358.0
36.75440646 2410.0
36.7652729 2349.0
36.77613934 2468.0
36.78700578 2400.0
36.79787222 2422.0
36.80873866 2352.0
36.819605100000004 2397.0
36.830471540000005 2319.0
36.84133798 2361.0
36.85220442 2423.0
36.86307086 2464.0
36.873937299999994 2380.0
36.884803739999995 2354.0
36.895670179999996 2431.0
36.90653662 2369.0
36.91740306 2441.0
36.9282695 2444.0
36.93913594 2485.0
36.95000238 2507.0
36.96086882 2616.0
36.97173526 2631.0
36.982601700000004 2553.0
36.993468140000004 2669.0
37.00433458 2810.0
37.01520102 2826.0
37.02606746 2965.0
37.0369339 3023.0
37.047800339999995 3024.0
37.058666779999996 3233.0
37.06953322 3261.0
37.08039966 3305.0
37.0912661 3378.0
37.10213254 3294.0
37.11299898 3443.0
37.12386542 3431.0
37.13473186 3307.0
37.1455983 3198.0
37.156464740000004 3071.0
37.16733118 3120.0
37.17819762 3061.0
37.18906406 2910.0
37.1999305 2861.0
37.210796939999994 2911.0
37.221663379999995 2792.0
37.232529819999996 2687.0
37.24339626 2540.0
37.2542627 2565.0
37.26512914 2524.0
37.27599558 2435.0
37.28686202 2410.0
37.29772846 2428.0
37.3085949 2361.0
37.319461340000004 2410.0
37.330327780000005 2351.0
37.34119422 2345.0
37.35206066 2361.0
37.3629271 2380.0
37.37379354 2307.0
37.384659979999995 2303.0
37.395526419999996 2303.0
37.40639286 2334.0
37.4172593 2294.0
37.42812574 2363.0
37.43899218 2336.0
37.44985862 2342.0
37.46072506 2288.0
37.4715915 2268.0
37.48245794 2303.0
37.493324380000004 2282.0
37.50419082 2363.0
37.51505726 2263.0
37.5259237 2315.0
37.53679014 2343.0
37.547656579999995 2296.0
37.558523019999996 2252.0
37.56938946 2234.0
37.5802559 2272.0
37.59112234 2307.0
37.60198878 2351.0
37.61285522 2270.0
37.62372166 2308.0
37.6345881 2276.0
37.64545454 2231.0
37.656320980000004 2269.0
37.667187420000005 2243.0
37.67805386 2346.0
37.6889203 2367.0
37.69978674 2313.0
37.71065318 2284.0
37.721519619999995 2264.0
37.732386059999996 2300.0
37.7432525 2385.0
37.75411894 2297.0
37.76498538 2301.0
37.77585182 2350.0
37.78671826 2227.0
37.7975847 2332.0
37.80845114 2262.0
37.81931758 2375.0
37.830184020000004 2205.0
37.84105046 2308.0
37.8519169 2320.0
37.86278334 2316.0
37.87364978 2185.0
37.884516219999995 2343.0
37.895382659999996 2267.0
37.9062491 2240.0
37.91711554 2293.0
37.92798198 2379.0
37.93884842 2272.0
37.94971486 2274.0
37.9605813 2357.0
37.97144774 2319.0
37.98231418 2276.0
37.993180620000004 2303.0
38.004047060000005 2366.0
38.0149135 2351.0
38.02577994 2341.0
38.03664638 2263.0
38.047512819999994 2280.0
38.058379259999995 2287.0
38.069245699999996 2331.0
38.08011214 2251.0
38.09097858 2213.0
38.10184502 2198.0
38.11271146 2291.0
38.1235779 2332.0
38.13444434 2209.0
38.14531078 2317.0
38.156177220000004 2316.0
38.167043660000004 2263.0
38.1779101 2264.0
38.18877654 2296.0
38.19964298 2294.0
38.21050942 2307.0
38.221375859999995 2427.0
38.232242299999996 2350.0
38.24310874 2312.0
38.25397518 2304.0
38.26484162 2340.0
38.27570806 2287.0
38.2865745 2286.0
38.29744094 2318.0
38.30830738 2285.0
38.31917382 2271.0
38.330040260000004 2291.0
38.3409067 2317.0
38.35177314 2251.0
38.36263958 2266.0
38.37350602 2376.0
38.384372459999994 2237.0
38.395238899999995 2305.0
38.406105339999996 2371.0
38.41697178 2278.0
38.42783822 2223.0
38.43870466 2239.0
38.4495711 2265.0
38.46043754 2324.0
38.47130398 2208.0
38.48217042 2178.0
38.493036860000004 2232.0
38.503903300000005 2239.0
38.51476974 2244.0
38.52563618 2270.0
38.53650262 2289.0
38.54736906 2168.0
38.558235499999995 2249.0
38.569101939999996 2295.0
38.57996838 2236.0
38.59083482 2311.0
38.60170126 2236.0
38.6125677 2244.0
38.62343414 2226.0
38.63430058 2245.0
38.64516702 2236.0
38.65603346 2301.0
38.666899900000004 2311.0
38.67776634 2315.0
38.68863278 2311.0
38.69949922 2298.0
38.71036566 2312.0
38.721232099999995 2264.0
38.732098539999996 2280.0
38.742964979999996 2260.0
38.75383142 2234.0
38.76469786 2289.0
38.7755643 2245.0
38.78643074 2312.0
38.79729718 2294.0
38.80816362 2215.0
38.81903006 2242.0
38.829896500000004 2265.0
38.840762940000005 2265.0
38.85162938 2317.0
38.86249582 2232.0
38.87336226 2266.0
38.8842287 2281.0
38.895095139999995 2201.0
38.905961579999996 2276.0
38.91682802 2332.0
38.92769446 2229.0
38.9385609 2236.0
38.94942734 2337.0
38.96029378 2218.0
38.97116022 2200.0
38.98202666 2272.0
38.9928931 2198.0
39.003759540000004 2322.0
39.01462598 2346.0
39.02549242 2310.0
39.03635886 2258.0
39.0472253 2221.0
39.058091739999995 2285.0
39.068958179999996 2278.0
39.07982462 2275.0
39.09069106 2211.0
39.1015575 2320.0
39.11242394 2314.0
39.12329038 2305.0
39.13415682 2317.0
39.14502326 2305.0
39.1558897 2397.0
39.166756140000004 2285.0
39.177622580000005 2221.0
39.18848902 2253.0
39.19935546 2232.0
39.2102219 2296.0
39.221088339999994 2310.0
39.231954779999995 2310.0
39.242821219999996 2297.0
39.25368766 2303.0
39.2645541 2218.0
39.27542054 2250.0
39.28628698 2307.0
39.29715342 2181.0
39.30801986 2235.0
39.3188863 2235.0
39.32975274 2232.0
39.340619180000004 2281.0
39.35148562 2293.0
39.36235206 2234.0
39.3732185 2244.0
39.38408494 2200.0
39.394951379999995 2261.0
39.405817819999996 2266.0
39.41668426 2369.0
39.4275507 2234.0
39.43841714 2302.0
39.44928358 2232.0
39.46015002 2260.0
39.47101646 2365.0
39.4818829 2341.0
39.49274934 2248.0
39.503615780000004 2267.0
39.51448222 2266.0
39.52534866 2326.0
39.5362151 2255.0
39.54708154 2226.0
39.557947979999994 2300.0
39.568814419999995 2330.0
39.579680859999996 2270.0
39.5905473 2326.0
39.60141374 2265.0
39.61228018 2263.0
39.62314662 2219.0
39.63401306 2254.0
39.6448795 2308.0
39.65574594 2246.0
39.666612380000004 2268.0
39.677478820000005 2255.0
39.68834526 2247.0
39.6992117 2258.0
39.71007814 2264.0
39.72094458 2319.0
39.731811019999995 2265.0
39.742677459999996 2279.0
39.7535439 2232.0
39.76441034 2298.0
39.77527678 2134.0
39.78614322 2218.0
39.79700966 2222.0
39.8078761 2274.0
39.81874254 2241.0
39.82960898 2302.0
39.840475420000004 2247.0
39.85134186 2316.0
39.8622083 2291.0
39.87307474 2198.0
39.88394118 2260.0
39.894807619999995 2213.0
39.905674059999996 2335.0
39.916540499999996 2317.0
39.92740694 2249.0
39.93827338 2247.0
39.94913982 2263.0
39.96000626 2313.0
39.9708727 2243.0
39.98173914 2346.0
39.99260558 2250.0
40.003472020000004 2250.0
40.014338460000005 2260.0
40.0252049 2127.0
40.03607134 2240.0
40.04693778 2345.0
40.05780422 2263.0
40.068670659999995 2323.0
40.079537099999996 2288.0
40.09040354 2293.0
40.10126998 2256.0
40.11213642 2294.0
40.12300286 2237.0
40.1338693 2323.0
40.14473574 2237.0
40.15560218 2196.0
40.16646862 2247.0
40.177335060000004 2303.0
40.1882015 2243.0
40.19906794 2240.0
40.20993438 2187.0
40.22080082 2224.0
40.231667259999995 2211.0
40.242533699999996 2357.0
40.25340014 2218.0
40.26426658 2283.0
40.27513302 2284.0
40.28599946 2308.0
40.2968659 2242.0
40.30773234 2284.0
40.31859878 2225.0
40.32946522 2266.0
40.340331660000004 2292.0
40.351198100000005 2294.0
40.36206454 2184.0
40.37293098 2255.0
40.38379742 2284.0
40.394663859999994 2225.0
40.405530299999995 2321.0
40.416396739999996 2217.0
40.42726318 2252.0
40.43812962 2278.0
40.44899606 2224.0
40.4598625 2232.0
40.47072894 2244.0
40.48159538 2279.0
40.49246182 2239.0
40.50332826 2190.0
40.514194700000004 2290.0
40.52506114 2267.0
40.53592758 2345.0
40.54679402 2204.0
40.55766046 2229.0
40.568526899999995 2306.0
40.579393339999996 2294.0
40.59025978 2267.0
40.60112622 2221.0
40.61199266 2278.0
40.6228591 2302.0
40.63372554 2315.0
40.64459198 2196.0
40.65545842 2275.0
40.66632486 2241.0
40.677191300000004 2284.0
40.68805774 2211.0
40.69892418 2211.0
40.70979062 2262.0
40.72065706 2210.0
40.731523499999994 2289.0
40.742389939999995 2332.0
40.753256379999996 2241.0
40.76412282 2199.0
40.77498926 2238.0
40.7858557 2317.0
40.79672214 2272.0
40.80758858 2131.0
40.81845502 2307.0
40.82932146 2195.0
40.840187900000004 2306.0
40.851054340000005 2264.0
40.86192078 2272.0
40.87278722 2328.0
40.88365366 2340.0
40.8945201 2184.0
40.905386539999995 2336.0
40.916252979999996 2240.0
40.92711942 2283.0
40.93798586 2310.0
40.9488523 2288.0
40.95971874 2356.0
40.97058518 2230.0
40.98145162 2193.0
40.99231806 2281.0
41.0031845 2361.0
41.014050940000004 2323.0
41.02491738 2198.0
41.03578382 2266.0
41.04665026 2233.0
41.0575167 2290.0
41.068383139999995 2318.0
41.079249579999995 2335.0
41.090116019999996 2289.0
41.10098246 2222.0
41.1118489 2275.0
41.12271534 2254.0
41.13358178 2269.0
41.14444822 2270.0
41.15531466 2201.0
41.1661811 2225.0
41.177047540000004 2217.0
41.187913980000005 2273.0
41.19878042 2215.0
41.20964686 2221.0
41.2205133 2238.0
41.23137974 2223.0
41.242246179999995 2318.0
41.253112619999996 2176.0
41.26397906 2217.0
41.2748455 2231.0
41.28571194 2250.0
41.29657838 2258.0
41.30744482 2297.0
41.31831126 2263.0
41.3291777 2336.0
41.34004414 2286.0
41.350910580000004 2249.0
41.36177702 2235.0
41.37264346 2292.0
41.3835099 2259.0
41.39437634 2274.0
41.405242779999995 2299.0
41.416109219999996 2277.0
41.42697566 2335.0
41.4378421 2318.0
41.44870854 2275.0
41.45957498 2320.0
41.47044142 2264.0
41.48130786 2235.0
41.4921743 2248.0
41.50304074 2329.0
41.513907180000004 2232.0
41.524773620000005 2229.0
41.53564006 2313.0
41.5465065 2331.0
41.55737294 2270.0
41.568239379999994 2260.0
41.579105819999995 2240.0
41.589972259999996 2248.0
41.6008387 2283.0
41.61170514 2306.0
41.62257158 2229.0
41.63343802 2296.0
41.64430446 2321.0
41.6551709 2164.0
41.66603734 2214.0
41.67690378 2255.0
41.687770220000004 2312.0
41.69863666 2225.0
41.7095031 2240.0
41.72036954 2343.0
41.73123598 2260.0
41.742102419999995 2222.0
41.752968859999996 2271.0
41.7638353 2233.0
41.77470174 2343.0
41.78556818 2214.0
41.79643462 2194.0
41.80730106 2250.0
41.8181675 2331.0
41.82903394 2326.0
41.83990038 2231.0
41.850766820000004 2257.0
41.86163326 2286.0
41.8724997 2375.0
41.88336614 2257.0
41.89423258 2234.0
41.905099019999994 2310.0
41.915965459999995 2348.0
41.926831899999996 2318.0
41.93769834 2229.0
41.94856478 2321.0
41.95943122 2255.0
41.97029766 2254.0
41.9811641 2249.0
41.99203054 2270.0
42.00289698 2247.0
42.013763420000004 2312.0
42.024629860000005 2222.0
42.035496300000005 2267.0
42.046362740000006 2235.0
42.05722917999999 2191.0
42.068095619999994 2212.0
42.078962059999995 2233.0
42.089828499999996 2266.0
42.10069494 2289.0
42.11156138 2265.0
42.12242782 2274.0
42.13329426 2370.0
42.1441607 2278.0
42.15502714 2295.0
42.16589358 2353.0
42.17676002 2243.0
42.187626460000004 2233.0
42.198492900000005 2253.0
42.209359340000006 2274.0
42.22022577999999 2248.0
42.231092219999994 2328.0
42.241958659999995 2240.0
42.252825099999995 2247.0
42.263691539999996 2289.0
42.27455798 2232.0
42.28542442 2285.0
42.29629086 2215.0
42.3071573 2240.0
42.31802374 2323.0
42.32889018 2240.0
42.33975662 2396.0
42.350623060000004 2290.0
42.361489500000005 2335.0
42.372355940000006 2306.0
42.38322238000001 2318.0
42.39408881999999 2285.0
42.404955259999994 2167.0
42.415821699999995 2298.0
42.426688139999996 2301.0
42.43755458 2255.0
42.44842102 2327.0
42.45928746 2325.0
42.4701539 2399.0
42.48102034 2305.0
42.49188678 2352.0
42.50275322 2280.0
42.51361966 2277.0
42.524486100000004 2332.0
42.535352540000005 2316.0
42.546218980000006 2292.0
42.55708541999999 2261.0
42.567951859999994 2312.0
42.578818299999995 2260.0
42.589684739999996 2308.0
42.60055118 2347.0
42.61141762 2229.0
42.62228406 2384.0
42.6331505 2351.0
42.64401694 2325.0
42.65488338 2379.0
42.66574982 2425.0
42.67661626 2385.0
42.687482700000004 2303.0
42.698349140000005 2446.0
42.709215580000006 2352.0
42.72008201999999 2458.0
42.73094845999999 2435.0
42.741814899999994 2439.0
42.752681339999995 2488.0
42.763547779999996 2480.0
42.77441422 2507.0
42.78528066 2467.0
42.7961471 2601.0
42.80701354 2559.0
42.81787998 2677.0
42.82874642 2655.0
42.83961286 2672.0
42.8504793 2697.0
42.861345740000004 2686.0
42.872212180000005 2881.0
42.883078620000006 2863.0
42.89394505999999 3026.0
42.904811499999994 3117.0
42.915677939999995 3196.0
42.926544379999996 3323.0
42.93741082 3471.0
42.94827726 3553.0
42.9591437 3791.0
42.97001014 4081.0
42.98087658 4128.0
42.99174302 4348.0
43.00260946 4696.0
43.0134759 4786.0
43.024342340000004 4959.0
43.035208780000005 5119.0
43.046075220000006 5134.0
43.05694165999999 5222.0
43.06780809999999 5267.0
43.078674539999994 5076.0
43.089540979999995 5069.0
43.100407419999996 4966.0
43.11127386 4755.0
43.1221403 4653.0
43.13300674 4493.0
43.14387318 4325.0
43.15473962 4133.0
43.16560606 4016.0
43.1764725 3887.0
43.187338940000004 3704.0
43.198205380000005 3595.0
43.209071820000005 3488.0
43.219938260000006 3204.0
43.23080469999999 3218.0
43.241671139999994 2951.0
43.252537579999995 3002.0
43.263404019999996 2685.0
43.27427046 2730.0
43.2851369 2643.0
43.29600334 2645.0
43.30686978 2511.0
43.31773622 2626.0
43.32860266 2528.0
43.3394691 2519.0
43.35033554 2443.0
43.361201980000004 2534.0
43.372068420000005 2424.0
43.382934860000006 2466.0
43.39380129999999 2297.0
43.404667739999994 2480.0
43.415534179999995 2403.0
43.426400619999995 2388.0
43.437267059999996 2389.0
43.4481335 2365.0
43.45899994 2391.0
43.46986638 2326.0
43.48073282 2416.0
43.49159926 2326.0
43.5024657 2381.0
43.51333214 2308.0
43.524198580000004 2336.0
43.535065020000005 2350.0
43.545931460000006 2306.0
43.55679790000001 2368.0
43.56766433999999 2310.0
43.578530779999994 2265.0
43.589397219999995 2201.0
43.600263659999996 2318.0
43.6111301 2268.0
43.62199654 2258.0
43.63286298 2312.0
43.64372942 2357.0
43.65459586 2307.0
43.6654623 2245.0
43.67632874 2181.0
43.68719518 2315.0
43.698061620000004 2313.0
43.708928060000005 2267.0
43.719794500000006 2242.0
43.73066093999999 2267.0
43.741527379999994 2325.0
43.752393819999995 2334.0
43.763260259999996 2312.0
43.7741267 2266.0
43.78499314 2356.0
43.79585958 2243.0
43.80672602 2279.0
43.81759246 2266.0
43.8284589 2255.0
43.83932534 2198.0
43.85019178 2285.0
43.861058220000004 2268.0
43.871924660000005 2385.0
43.882791100000006 2307.0
43.89365753999999 2200.0
43.90452397999999 2197.0
43.915390419999994 2191.0
43.926256859999995 2246.0
43.937123299999996 2262.0
43.94798974 2324.0
43.95885618 2259.0
43.96972262 2304.0
43.98058906 2283.0
43.9914555 2313.0
44.00232194 2338.0
44.01318838 2236.0
44.02405482 2225.0
44.034921260000004 2303.0
44.045787700000005 2271.0
44.056654140000006 2310.0
44.06752057999999 2237.0
44.078387019999994 2162.0
44.089253459999995 2362.0
44.100119899999996 2211.0
44.11098634 2326.0
44.12185278 2192.0
44.13271922 2324.0
44.14358566 2277.0
44.1544521 2291.0
44.16531854 2303.0
44.17618498 2212.0
44.18705142 2248.0
44.197917860000004 2308.0
44.208784300000005 2208.0
44.219650740000006 2213.0
44.23051717999999 2266.0
44.24138361999999 2246.0
44.252250059999994 2273.0
44.263116499999995 2255.0
44.273982939999996 2183.0
44.28484938 2236.0
44.29571582 2244.0
44.30658226 2404.0
44.3174487 2238.0
44.32831514 2316.0
44.33918158 2334.0
44.35004802 2250.0
44.360914460000004 2282.0
44.371780900000005 2215.0
44.382647340000005 2293.0
44.393513780000006 2217.0
44.40438021999999 2232.0
44.415246659999994 2211.0
44.426113099999995 2206.0
44.436979539999996 2300.0
44.44784598 2257.0
44.45871242 2287.0
44.46957886 2259.0
44.4804453 2346.0
44.49131174 2275.0
44.50217818 2294.0
44.51304462 2270.0
44.52391106 2215.0
44.534777500000004 2274.0
44.545643940000005 2233.0
44.556510380000006 2242.0
44.56737681999999 2199.0
44.578243259999994 2346.0
44.589109699999995 2264.0
44.599976139999995 2301.0
44.610842579999996 2242.0
44.62170902 2211.0
44.63257546 2131.0
44.6434419 2319.0
44.65430834 2223.0
44.66517478 2272.0
44.67604122 2288.0
44.68690766 2288.0
44.697774100000004 2154.0
44.708640540000005 2272.0
44.719506980000006 2192.0
44.73037342000001 2268.0
44.74123985999999 2275.0
44.752106299999994 2140.0
44.762972739999995 2190.0
44.773839179999996 2210.0
44.78470562 2259.0
44.79557206 2186.0
44.8064385 2326.0
44.81730494 2344.0
44.82817138 2244.0
44.83903782 2169.0
44.84990426 2243.0
44.8607707 2367.0
44.871637140000004 2340.0
44.882503580000005 2236.0
44.893370020000006 2320.0
44.90423645999999 2313.0
44.915102899999994 2208.0
44.925969339999995 2294.0
44.936835779999996 2286.0
44.94770222 2299.0
44.95856866 2324.0
44.9694351 2313.0
44.98030154 2276.0
44.99116798 2291.0
45.00203442 2188.0
45.01290086 2346.0
45.0237673 2255.0
45.034633740000004 2193.0
45.045500180000005 2234.0
45.056366620000006 2349.0
45.06723305999999 2239.0
45.07809949999999 2176.0
45.088965939999994 2208.0
45.099832379999995 2301.0
45.110698819999996 2284.0
45.12156526 2354.0
45.1324317 2216.0
45.14329814 2264.0
45.15416458 2293.0
45.16503102 2221.0
45.17589746 2218.0
45.1867639 2323.0
45.19763034 2217.0
45.208496780000004 2211.0
45.219363220000005 2258.0
45.230229660000006 2179.0
45.24109609999999 2184.0
45.251962539999994 2218.0
45.262828979999995 2215.0
45.273695419999996 2291.0
45.28456186 2232.0
45.2954283 2243.0
45.30629474 2247.0
45.31716118 2243.0
45.32802762 2229.0
45.33889406 2230.0
45.3497605 2231.0
45.36062694 2222.0
45.371493380000004 2195.0
45.382359820000005 2245.0
45.393226260000006 2291.0
45.40409269999999 2208.0
45.41495913999999 2262.0
45.425825579999994 2148.0
45.436692019999995 2355.0
45.447558459999996 2217.0
45.4584249 2099.0
45.46929134 2208.0
45.48015778 2264.0
45.49102422 2265.0
45.50189066 2265.0
45.5127571 2230.0
45.52362354 2157.0
45.534489980000004 2302.0
45.545356420000005 2242.0
45.556222860000005 2242.0
45.567089300000006 2188.0
45.57795573999999 2232.0
45.588822179999994 2206.0
45.599688619999995 2288.0
45.610555059999996 2248.0
45.6214215 2174.0
45.63228794 2262.0
45.64315438 2291.0
45.65402082 2219.0
45.66488726 2202.0
45.6757537 2219.0
45.68662014 2207.0
45.69748658 2224.0
45.708353020000004 2224.0
45.719219460000005 2315.0
45.730085900000006 2198.0
45.74095233999999 2253.0
45.751818779999994 2193.0
45.762685219999995 2217.0
45.773551659999995 2236.0
45.784418099999996 2194.0
45.79528454 2230.0
45.80615098 2255.0
45.81701742 2277.0
45.82788386 2292.0
45.8387503 2257.0
45.84961674 2238.0
45.86048318 2298.0
45.871349620000004 2219.0
45.882216060000005 2324.0
45.893082500000006 2266.0
45.90394894000001 2180.0
45.91481537999999 2213.0
45.925681819999994 2275.0
45.936548259999995 2209.0
45.947414699999996 2217.0
45.95828114 2234.0
45.96914758 2262.0
45.98001402 2237.0
45.99088046 2226.0
46.0017469 2243.0
46.01261334 2260.0
46.02347978 2197.0
46.03434622 2252.0
46.045212660000004 2272.0
46.056079100000005 2317.0
46.066945540000006 2301.0
46.07781197999999 2299.0
46.088678419999994 2234.0
46.099544859999995 2141.0
46.110411299999996 2209.0
46.12127774 2283.0
46.13214418 2211.0
46.14301062 2264.0
46.15387706 2232.0
46.1647435 2223.0
46.17560994 2105.0
46.18647638 2246.0
46.19734282 2176.0
46.208209260000004 2215.0
46.219075700000005 2213.0
46.229942140000006 2221.0
46.24080857999999 2308.0
46.25167501999999 2277.0
46.262541459999994 2301.0
46.273407899999995 2180.0
46.284274339999996 2279.0
46.29514078 2174.0
46.30600722 2259.0
46.31687366 2228.0
46.3277401 2199.0
46.33860654 2203.0
46.34947298 2200.0
46.36033942 2245.0
46.37120586 2206.0
46.382072300000004 2205.0
46.392938740000005 2272.0
46.403805180000006 2299.0
46.41467161999999 2228.0
46.425538059999994 2267.0
46.436404499999995 2303.0
46.447270939999996 2301.0
46.45813738 2318.0
46.46900382 2284.0
46.47987026 2221.0
46.4907367 2234.0
46.50160314 2181.0
46.51246958 2262.0
46.52333602 2267.0
46.53420246 2248.0
46.545068900000004 2158.0
46.555935340000005 2262.0
46.566801780000006 2283.0
46.57766821999999 2325.0
46.58853465999999 2272.0
46.599401099999994 2212.0
46.610267539999995 2231.0
46.621133979999996 2311.0
46.63200042 2254.0
46.64286686 2188.0
46.6537333 2220.0
46.66459974 2219.0
46.67546618 2236.0
46.68633262 2258.0
46.69719906 2295.0
46.708065500000004 2233.0
46.718931940000004 2220.0
46.729798380000005 2269.0
46.740664820000006 2245.0
46.75153125999999 2263.0
46.762397699999994 2266.0
46.773264139999995 2240.0
46.784130579999996 2275.0
46.79499702 2258.0
46.80586346 2254.0
46.8167299 2281.0
46.82759634 2293.0
46.83846278 2243.0
46.84932922 2260.0
46.86019566 2144.0
46.8710621 2247.0
46.881928540000004 2221.0
46.892794980000005 2276.0
46.903661420000006 2285.0
46.91452785999999 2202.0
46.925394299999994 2255.0
46.936260739999994 2270.0
46.947127179999995 2235.0
46.957993619999996 2281.0
46.96886006 2272.0
46.9797265 2192.0
46.99059294 2179.0
47.00145938 2192.0
47.01232582 2252.0
47.02319226 2283.0
47.0340587 2208.0
47.044925140000004 2237.0
47.055791580000005 2229.0
47.066658020000006 2190.0
47.07752446000001 2245.0
47.08839089999999 2186.0
47.099257339999994 2298.0
47.110123779999995 2229.0
47.120990219999996 2228.0
47.13185666 2228.0
47.1427231 2292.0
47.15358954 2185.0
47.16445598 2292.0
47.17532242 2217.0
47.18618886 2215.0
47.1970553 2233.0
47.20792174 2182.0
47.218788180000004 2263.0
47.229654620000005 2232.0
47.240521060000006 2173.0
47.25138749999999 2265.0
47.262253939999994 2225.0
47.273120379999995 2210.0
47.283986819999996 2265.0
47.29485326 2206.0
47.3057197 2211.0
47.31658614 2216.0
47.32745258 2211.0
47.33831902 2316.0
47.34918546 2199.0
47.3600519 2202.0
47.37091834 2160.0
47.381784780000004 2223.0
47.392651220000005 2190.0
47.403517660000006 2233.0
47.41438409999999 2296.0
47.42525053999999 2320.0
47.436116979999994 2244.0
47.446983419999995 2242.0
47.457849859999996 2236.0
47.4687163 2225.0
47.47958274 2200.0
47.49044918 2317.0
47.50131562 2199.0
47.51218206 2272.0
47.5230485 2196.0
47.53391494 2319.0
47.54478138 2214.0
47.555647820000004 2175.0
47.566514260000005 2282.0
47.577380700000006 2250.0
47.58824713999999 2225.0
47.599113579999994 2221.0
47.609980019999995 2179.0
47.620846459999996 2221.0
47.6317129 2141.0
47.64257934 2207.0
47.65344578 2278.0
47.66431222 2241.0
47.67517866 2290.0
47.6860451 2252.0
47.69691154 2177.0
47.70777798 2279.0
47.718644420000004 2212.0
47.729510860000005 2272.0
47.740377300000006 2246.0
47.75124373999999 2223.0
47.76211017999999 2274.0
47.772976619999994 2206.0
47.783843059999995 2234.0
47.794709499999996 2359.0
47.80557594 2252.0
47.81644238 2154.0
47.82730882 2274.0
47.83817526 2318.0
47.8490417 2179.0
47.85990814 2174.0
47.87077458 2215.0
47.88164102 2222.0
47.892507460000004 2119.0
47.903373900000005 2198.0
47.914240340000006 2279.0
47.92510677999999 2252.0
47.935973219999994 2258.0
47.946839659999995 2273.0
47.957706099999996 2202.0
47.96857254 2168.0
47.97943898 2265.0
47.99030542 2234.0
48.00117186 2209.0
48.0120383 2203.0
48.02290474 2167.0
48.03377118 2205.0
48.04463762 2245.0
48.055504060000004 2284.0
48.066370500000005 2281.0
48.077236940000006 2277.0
48.08810337999999 2381.0
48.09896981999999 2355.0
48.109836259999994 2235.0
48.120702699999995 2207.0
48.131569139999996 2189.0
48.14243558 2343.0
48.15330202 2295.0
48.16416846 2225.0
48.1750349 2257.0
48.18590134 2200.0
48.19676778 2310.0
48.20763422 2240.0
48.218500660000004 2329.0
48.229367100000005 2252.0
48.240233540000006 2250.0
48.251099980000006 2260.0
48.26196641999999 2263.0
48.272832859999994 2331.0
48.283699299999995 2207.0
48.294565739999996 2217.0
48.30543218 2211.0
48.31629862 2124.0
48.32716506 2297.0
48.3380315 2217.0
48.34889794 2276.0
48.35976438 2250.0
48.37063082 2234.0
48.38149726 2206.0
48.392363700000004 2251.0
48.403230140000005 2166.0
48.414096580000006 2238.0
48.42496301999999 2208.0
48.435829459999994 2242.0
48.446695899999995 2248.0
48.457562339999996 2360.0
48.468428779999996 2183.0
48.47929522 2249.0
48.49016166 2245.0
48.5010281 2259.0
48.51189454 2273.0
48.52276098 2270.0
48.53362742 2178.0
48.54449386 2242.0
48.555360300000004 2206.0
48.566226740000005 2330.0
48.577093180000006 2205.0
48.58795961999999 2200.0
48.59882605999999 2325.0
48.609692499999994 2240.0
48.620558939999995 2304.0
48.631425379999996 2299.0
48.64229182 2141.0
48.65315826 2140.0
48.6640247 2253.0
48.67489114 2260.0
48.68575758 2255.0
48.69662402 2271.0
48.70749046 2326.0
48.7183569 2291.0
48.729223340000004 2255.0
48.740089780000005 2243.0
48.750956220000006 2253.0
48.76182265999999 2239.0
48.772689099999994 2211.0
48.783555539999995 2239.0
48.794421979999996 2250.0
48.80528842 2255.0
48.81615486 2297.0
48.8270213 2379.0
48.83788774 2268.0
48.84875418 2254.0
48.85962062 2211.0
48.87048706 2218.0
48.8813535 2241.0
48.892219940000004 2199.0
48.903086380000005 2240.0
48.913952820000006 2276.0
48.92481925999999 2190.0
48.93568569999999 2307.0
48.946552139999994 2350.0
48.957418579999995 2277.0
48.968285019999996 2268.0
48.97915146 2253.0
48.9900179 2318.0
49.00088434 2184.0
49.01175078 2198.0
49.02261722 2308.0
49.03348366 2362.0
49.0443501 2292.0
49.05521654 2279.0
49.066082980000004 2242.0
49.076949420000005 2267.0
49.087815860000006 2238.0
49.09868229999999 2253.0
49.109548739999994 2379.0
49.120415179999995 2201.0
49.131281619999996 2328.0
49.14214806 2296.0
49.1530145 2257.0
49.16388094 2283.0
49.17474738 2211.0
49.18561382 2320.0
49.19648026 2227.0
49.2073467 2244.0
49.21821314 2295.0
49.229079580000004 2315.0
49.239946020000005 2246.0
49.250812460000006 2254.0
49.26167889999999 2257.0
49.27254533999999 2352.0
49.283411779999994 2265.0
49.294278219999995 2252.0
49.305144659999996 2183.0
49.3160111 2268.0
49.32687754 2284.0
49.33774398 2375.0
49.34861042 2287.0
49.35947686 2207.0
49.3703433 2233.0
49.38120974 2228.0
49.392076180000004 2229.0
49.402942620000005 2186.0
49.413809060000006 2179.0
49.424675500000006 2252.0
49.43554193999999 2272.0
49.446408379999994 2309.0
49.457274819999995 2271.0
49.468141259999996 2184.0
49.4790077 2293.0
49.48987414 2245.0
49.50074058 2199.0
49.51160702 2237.0
49.52247346 2339.0
49.5333399 2281.0
49.54420634 2255.0
49.55507278 2246.0
49.565939220000004 2240.0
49.576805660000005 2195.0
49.587672100000006 2314.0
49.59853853999999 2194.0
49.609404979999994 2217.0
49.620271419999995 2157.0
49.631137859999995 2249.0
49.642004299999996 2232.0
49.65287074 2301.0
49.66373718 2195.0
49.67460362 2318.0
49.68547006 2220.0
49.6963365 2240.0
49.70720294 2270.0
49.71806938 2244.0
49.728935820000004 2308.0
49.739802260000005 2167.0
49.750668700000006 2222.0
49.76153513999999 2292.0
49.77240157999999 2218.0
49.783268019999994 2230.0
49.794134459999995 2189.0
49.805000899999996 2258.0
49.81586734 2191.0
49.82673378 2297.0
49.83760022 2241.0
49.84846666 2241.0
49.8593331 2236.0
49.87019954 2228.0
49.88106598 2208.0
49.89193242 2265.0
49.902798860000004 2289.0
49.913665300000005 2261.0
49.924531740000006 2232.0
49.93539817999999 2313.0
49.946264619999994 2275.0
49.957131059999995 2333.0
49.967997499999996 2228.0
49.97886394 2231.0
49.98973038 2256.0
50.00059682 2291.0
50.01146326 2264.0
50.0223297 2170.0
50.03319614 2278.0
50.04406258 2186.0
50.05492902 2265.0
50.065795460000004 2221.0
50.076661900000005 2193.0
50.087528340000006 2163.0
50.09839477999999 2218.0
50.10926121999999 2181.0
50.120127659999994 2172.0
50.130994099999995 2276.0
50.141860539999996 2280.0
50.15272698 2171.0
50.16359342 2176.0
50.17445986 2346.0
50.1853263 2200.0
50.19619274 2176.0
50.20705918 2264.0
50.21792562 2232.0
50.22879206 2316.0
50.239658500000004 2256.0
50.250524940000005 2294.0
50.261391380000006 2194.0
50.27225781999999 2328.0
50.283124259999994 2233.0
50.293990699999995 2286.0
50.304857139999996 2294.0
50.31572358 2255.0
50.32659002 2235.0
50.33745646 2223.0
50.3483229 2201.0
50.35918934 2225.0
50.37005578 2288.0
50.38092222 2282.0
50.39178866 2295.0
50.402655100000004 2192.0
50.413521540000005 2274.0
50.424387980000006 2312.0
50.43525441999999 2271.0
50.44612085999999 2275.0
50.456987299999994 2196.0
50.467853739999995 2263.0
50.478720179999996 2249.0
50.48958662 2269.0
50.50045306 2298.0
50.5113195 2298.0
50.52218594 2253.0
50.53305238 2276.0
50.54391882 2194.0
50.55478526 2239.0
50.565651700000004 2207.0
50.576518140000005 2306.0
50.587384580000005 2252.0
50.598251020000006 2311.0
50.60911745999999 2262.0
50.619983899999994 2258.0
50.630850339999995 2310.0
50.641716779999996 2298.0
50.65258322 2268.0
50.66344966 2325.0
50.6743161 2224.0
50.68518254 2244.0
50.69604898 2231.0
50.70691542 2217.0
50.71778186 2224.0
50.7286483 2275.0
50.739514740000004 2266.0
50.750381180000005 2214.0
50.761247620000006 2286.0
50.77211405999999 2264.0
50.782980499999994 2190.0
50.793846939999995 2274.0
50.804713379999995 2331.0
50.815579819999996 2180.0
50.82644626 2211.0
50.8373127 2301.0
50.84817914 2285.0
50.85904558 2231.0
50.86991202 2197.0
50.88077846 2264.0
50.8916449 2272.0
50.902511340000004 2226.0
50.913377780000005 2327.0
50.924244220000006 2241.0
50.93511065999999 2300.0
50.94597709999999 2235.0
50.956843539999994 2193.0
50.967709979999995 2284.0
50.978576419999996 2243.0
50.98944286 2326.0
51.0003093 2227.0
51.01117574 2212.0
51.02204218 2248.0
51.03290862 2206.0
51.04377506 2282.0
51.0546415 2263.0
51.06550794 2254.0
51.076374380000004 2190.0
51.087240820000005 2146.0
51.098107260000006 2235.0
51.10897369999999 2296.0
51.119840139999994 2293.0
51.130706579999995 2254.0
51.141573019999996 2237.0
51.15243946 2279.0
51.1633059 2273.0
51.17417234 2260.0
51.18503878 2291.0
51.19590522 2296.0
51.20677166 2312.0
51.2176381 2300.0
51.22850454 2242.0
51.239370980000004 2189.0
51.250237420000005 2208.0
51.261103860000006 2234.0
51.27197029999999 2209.0
51.28283673999999 2248.0
51.293703179999994 2157.0
51.304569619999995 2195.0
51.315436059999996 2262.0
51.3263025 2266.0
51.33716894 2241.0
51.34803538 2279.0
51.35890182 2193.0
51.36976826 2271.0
51.3806347 2297.0
51.39150114 2317.0
51.40236758 2259.0
51.413234020000004 2170.0
51.424100460000005 2283.0
51.434966900000006 2323.0
51.44583333999999 2270.0
51.456699779999994 2333.0
51.467566219999995 2323.0
51.478432659999996 2333.0
51.4892991 2277.0
51.50016554 2315.0
51.51103198 2351.0
51.52189842 2241.0
51.53276486 2289.0
51.5436313 2238.0
51.55449774 2253.0
51.56536418 2231.0
51.576230620000004 2223.0
51.587097060000005 2253.0
51.597963500000006 2237.0
51.60882993999999 2241.0
51.61969637999999 2218.0
51.630562819999994 2226.0
51.641429259999995 2205.0
51.652295699999996 2295.0
51.66316214 2213.0
51.67402858 2216.0
51.68489502 2322.0
51.69576146 2308.0
51.7066279 2263.0
51.71749434 2318.0
51.72836078 2266.0
51.739227220000004 2252.0
51.750093660000005 2281.0
51.760960100000005 2255.0
51.771826540000006 2326.0
51.78269297999999 2187.0
51.793559419999994 2236.0
51.804425859999995 2244.0
51.815292299999996 2319.0
51.82615874 2148.0
51.83702518 2252.0
51.84789162 2192.0
51.85875806 2249.0
51.8696245 2325.0
51.88049094 2186.0
51.89135738 2294.0
51.90222382 2252.0
51.913090260000004 2241.0
51.923956700000005 2193.0
51.934823140000006 2269.0
51.94568957999999 2266.0
51.956556019999994 2297.0
51.967422459999995 2164.0
51.978288899999995 2252.0
51.989155339999996 2279.0
52.00002178 2265.0
52.01088822 2340.0
52.02175466 2231.0
52.0326211 2188.0
52.04348754 2204.0
52.05435398 2271.0
52.06522042 2369.0
52.076086860000004 2233.0
52.086953300000005 2240.0
52.097819740000006 2174.0
52.10868617999999 2320.0
52.11955261999999 2159.0
52.130419059999994 2265.0
52.141285499999995 2294.0
52.152151939999996 2214.0
52.16301838 2322.0
52.17388482 2202.0
52.18475126 2400.0
52.1956177 2253.0
52.20648414 2261.0
52.21735058 2271.0
52.22821702 2287.0
52.23908346 2271.0
52.249949900000004 2201.0
52.260816340000005 2273.0
52.271682780000006 2204.0
52.28254921999999 2237.0
52.293415659999994 2270.0
52.304282099999995 2242.0
52.315148539999996 2252.0
52.32601498 2210.0
52.33688142 2308.0
52.34774786 2219.0
52.3586143 2274.0
52.36948074 2166.0
52.38034718 2304.0
52.39121362 2273.0
52.40208006 2229.0
52.412946500000004 2269.0
52.423812940000005 2271.0
52.434679380000006 2247.0
52.44554581999999 2217.0
52.45641225999999 2251.0
52.467278699999994 2273.0
52.478145139999995 2229.0
52.489011579999996 2269.0
52.49987802 2298.0
52.51074446 2185.0
52.5216109 2165.0
52.53247734 2298.0
52.54334378 2254.0
52.55421022 2214.0
52.56507666 2195.0
52.5759431 2192.0
52.586809540000004 2239.0
52.597675980000005 2246.0
52.608542420000006 2294.0
52.61940885999999 2339.0
52.630275299999994 2266.0
52.641141739999995 2275.0
52.652008179999996 2290.0
52.66287462 2216.0
52.67374106 2216.0
52.6846075 2242.0
52.69547394 2314.0
52.70634038 2235.0
52.71720682 2227.0
52.72807326 2261.0
52.7389397 2269.0
52.749806140000004 2250.0
52.760672580000005 2252.0
52.771539020000006 2286.0
52.78240545999999 2262.0
52.79327189999999 2258.0
52.804138339999994 2284.0
52.815004779999995 2239.0
52.825871219999996 2316.0
52.83673766 2262.0
52.8476041 2232.0
52.85847054 2346.0
52.86933698 2232.0
52.88020342 2307.0
52.89106986 2271.0
52.9019363 2283.0
52.912802740000004 2254.0
52.923669180000005 2393.0
52.934535620000005 2326.0
52.945402060000006 2302.0
52.95626849999999 2304.0
52.967134939999994 2314.0
52.978001379999995 2352.0
52.988867819999996 2304.0
52.99973426 2330.0
53.0106007 2314.0
53.02146714 2247.0
53.03233358 2325.0
53.04320002 2328.0
53.05406646 2306.0
53.0649329 2401.0
53.07579934 2319.0
53.086665780000004 2378.0
53.097532220000005 2368.0
53.108398660000006 2366.0
53.11926509999999 2384.0
53.130131539999994 2320.0
53.140997979999995 2524.0
53.151864419999995 2483.0
53.162730859999996 2506.0
53.1735973 2664.0
53.18446374 2547.0
53.19533018 2790.0
53.20619662 2746.0
53.21706306 2909.0
53.2279295 2953.0
53.23879594 2957.0
53.249662380000004 3207.0
53.260528820000005 3199.0
53.271395260000006 3237.0
53.28226169999999 3373.0
53.29312813999999 3504.0
53.303994579999994 3598.0
53.314861019999995 3506.0
53.325727459999996 3484.0
53.3365939 3497.0
53.34746034 3455.0
53.35832678 3485.0
53.36919322 3479.0
53.38005966 3221.0
53.3909261 3275.0
53.40179254 3060.0
53.41265898 3125.0
53.423525420000004 3127.0
53.434391860000005 3173.0
53.445258300000006 2947.0
53.45612473999999 2915.0
53.466991179999994 3001.0
53.477857619999995 2868.0
53.488724059999996 2830.0
53.4995905 2785.0
53.51045694 2688.0
53.52132338 2687.0
53.53218982 2640.0
53.54305626 2493.0
53.5539227 2495.0
53.56478914 2478.0
53.57565558 2446.0
53.586522020000004 2279.0
53.597388460000005 2343.0
53.608254900000006 2400.0
53.61912133999999 2373.0
53.62998777999999 2252.0
53.640854219999994 2324.0
53.651720659999995 2396.0
53.662587099999996 2253.0
53.67345354 2355.0
53.68431998 2276.0
53.69518642 2335.0
53.70605286 2265.0
53.7169193 2260.0
53.72778574 2248.0
53.73865218 2330.0
53.74951862 2319.0
53.760385060000004 2277.0
53.771251500000005 2406.0
53.782117940000006 2320.0
53.79298437999999 2281.0
53.803850819999994 2219.0
53.814717259999995 2358.0
53.825583699999996 2267.0
53.83645014 2222.0
53.84731658 2256.0
53.85818302 2238.0
53.86904946 2296.0
53.8799159 2242.0
53.89078234 2301.0
53.90164878 2245.0
53.91251522 2330.0
53.923381660000004 2232.0
53.934248100000005 2205.0
53.945114540000006 2289.0
53.95598097999999 2285.0
53.96684741999999 2263.0
53.977713859999994 2234.0
53.988580299999995 2257.0
53.999446739999996 2245.0
54.01031318 2287.0
54.02117962 2257.0
54.03204606 2232.0
54.0429125 2265.0
54.05377894 2295.0
54.06464538 2275.0
54.07551182 2332.0
54.086378260000004 2245.0
54.097244700000005 2319.0
54.108111140000005 2198.0
54.118977580000006 2342.0
54.12984401999999 2202.0
54.140710459999994 2246.0
54.151576899999995 2270.0
54.162443339999996 2226.0
54.17330978 2282.0
54.18417622 2313.0
54.19504266 2232.0
54.2059091 2344.0
54.21677554 2234.0
54.22764198 2292.0
54.23850842 2229.0
54.24937486 2240.0
54.260241300000004 2337.0
54.271107740000005 2289.0
54.281974180000006 2231.0
54.29284061999999 2267.0
54.303707059999994 2200.0
54.314573499999995 2192.0
54.325439939999995 2274.0
54.336306379999996 2221.0
54.34717282 2253.0
54.35803926 2158.0
54.3689057 2250.0
54.37977214 2319.0
54.39063858 2241.0
54.40150502 2227.0
54.41237146 2214.0
54.423237900000004 2296.0
54.434104340000005 2268.0
54.444970780000006 2119.0
54.45583721999999 2250.0
54.46670365999999 2289.0
54.477570099999994 2322.0
54.488436539999995 2280.0
54.499302979999996 2211.0
54.51016942 2232.0
54.52103586 2338.0
54.5319023 2254.0
54.54276874 2260.0
54.55363518 2346.0
54.56450162 2254.0
54.57536806 2198.0
54.5862345 2272.0
54.597100940000004 2266.0
54.607967380000005 2235.0
54.618833820000006 2266.0
54.62970025999999 2221.0
54.640566699999994 2277.0
54.651433139999995 2298.0
54.662299579999996 2214.0
54.67316602 2231.0
54.68403246 2171.0
54.6948989 2199.0
54.70576534 2272.0
54.71663178 2246.0
54.72749822 2208.0
54.73836466 2223.0
54.7492311 2313.0
54.760097540000004 2196.0
54.770963980000005 2274.0
54.781830420000006 2320.0
54.79269685999999 2211.0
54.80356329999999 2238.0
54.814429739999994 2336.0
54.825296179999995 2295.0
54.836162619999996 2200.0
54.84702906 2313.0
54.8578955 2330.0
54.86876194 2310.0
54.87962838 2284.0
54.89049482 2237.0
54.90136126 2256.0
54.9122277 2297.0
54.92309414 2289.0
54.933960580000004 2318.0
54.944827020000005 2275.0
54.955693460000006 2242.0
54.96655989999999 2193.0
54.977426339999994 2190.0
54.988292779999995 2245.0
54.999159219999996 2243.0
55.01002566 2270.0
55.0208921 2262.0
55.03175854 2259.0
55.04262498 2288.0
55.05349142 2308.0
55.06435786 2276.0
55.0752243 2308.0
55.08609074 2345.0
55.096957180000004 2311.0
55.107823620000005 2191.0
55.118690060000006 2250.0
55.12955649999999 2278.0
55.14042293999999 2294.0
55.151289379999994 2206.0
55.162155819999995 2291.0
55.173022259999996 2241.0
55.1838887 2381.0
55.19475514 2330.0
55.20562158 2334.0
55.21648802 2216.0
55.22735446 2245.0
55.2382209 2258.0
55.24908734 2334.0
55.259953780000004 2281.0
55.270820220000004 2297.0
55.281686660000005 2322.0
55.29255309999999 2310.0
55.30341953999999 2267.0
55.314285979999994 2286.0
55.325152419999995 2230.0
55.336018859999996 2264.0
55.3468853 2335.0
55.35775174 2273.0
55.36861818 2278.0
55.37948462 2357.0
55.39035106 2257.0
55.4012175 2308.0
55.41208394 2215.0
55.42295038 2196.0
55.433816820000004 2154.0
55.444683260000005 2256.0
55.455549700000006 2238.0
55.46641613999999 2287.0
55.477282579999994 2297.0
55.488149019999994 2278.0
55.499015459999995 2243.0
55.509881899999996 2258.0
55.52074834 2243.0
55.53161478 2266.0
55.54248122 2292.0
55.55334766 2320.0
55.5642141 2295.0
55.57508054 2322.0
55.58594698 2269.0
55.596813420000004 2371.0
55.607679860000005 2234.0
55.618546300000006 2244.0
55.62941273999999 2307.0
55.64027917999999 2274.0
55.651145619999994 2253.0
55.662012059999995 2144.0
55.672878499999996 2319.0
55.68374494 2261.0
55.69461138 2260.0
55.70547782 2354.0
55.71634426 2357.0
55.7272107 2277.0
55.73807714 2316.0
55.74894358 2313.0
55.75981002 2281.0
55.770676460000004 2317.0
55.781542900000005 2238.0
55.792409340000006 2329.0
55.80327577999999 2279.0
55.814142219999994 2308.0
55.825008659999995 2290.0
55.835875099999996 2261.0
55.84674154 2295.0
55.85760798 2208.0
55.86847442 2304.0
55.87934086 2355.0
55.8902073 2217.0
55.90107374 2266.0
55.91194018 2234.0
55.92280662 2282.0
55.933673060000004 2336.0
55.944539500000005 2302.0
55.955405940000006 2303.0
55.96627237999999 2280.0
55.97713881999999 2326.0
55.988005259999994 2234.0
55.998871699999995 2234.0
56.009738139999996 2306.0
56.02060458 2236.0
56.03147102 2261.0
56.04233746 2294.0
56.0532039 2241.0
56.06407034 2302.0
56.07493678 2300.0
56.08580322 2269.0
56.09666966 2234.0
56.107536100000004 2288.0
56.118402540000005 2334.0
56.129268980000006 2282.0
56.14013541999999 2359.0
56.151001859999994 2337.0
56.161868299999995 2394.0
56.172734739999996 2313.0
56.18360118 2419.0
56.19446762 2265.0
56.20533406 2345.0
56.2162005 2369.0
56.22706694 2359.0
56.23793338 2329.0
56.24879982 2377.0
56.25966626 2345.0
56.270532700000004 2324.0
56.281399140000005 2377.0
56.292265580000006 2346.0
56.30313201999999 2427.0
56.31399845999999 2290.0
56.324864899999994 2400.0
56.335731339999995 2434.0
56.346597779999996 2399.0
56.35746422 2400.0
56.36833066 2380.0
56.3791971 2439.0
56.39006354 2410.0
56.40092998 2404.0
56.41179642 2465.0
56.42266286 2511.0
56.433529300000004 2482.0
56.444395740000004 2433.0
56.455262180000005 2579.0
56.46612861999999 2506.0
56.47699505999999 2551.0
56.487861499999994 2623.0
56.498727939999995 2656.0
56.509594379999996 2691.0
56.52046082 2710.0
56.53132726 2733.0
56.5421937 2722.0
56.55306014 2795.0
56.56392658 2846.0
56.57479302 2829.0
56.58565946 2914.0
56.5965259 3112.0
56.607392340000004 3147.0
56.618258780000005 3249.0
56.629125220000006 3411.0
56.63999165999999 3522.0
56.650858099999994 3584.0
56.661724539999994 3676.0
56.672590979999995 3879.0
56.683457419999996 4048.0
56.69432386 4294.0
56.7051903 4474.0
56.71605674 4758.0
56.72692318 5025.0
56.73778962 5430.0
56.74865606 5635.0
56.7595225 5879.0
56.770388940000004 6137.0
56.781255380000005 6440.0
56.792121820000006 6706.0
56.80298825999999 6620.0
56.81385469999999 6581.0
56.824721139999994 6639.0
56.835587579999995 6440.0
56.846454019999996 6289.0
56.85732046 6164.0
56.8681869 6005.0
56.87905334 5851.0
56.88991978 5547.0
56.90078622 5418.0
56.91165266 5403.0
56.9225191 5146.0
56.93338554 5064.0
56.944251980000004 5025.0
56.955118420000005 4763.0
56.965984860000006 4731.0
56.97685129999999 4623.0
56.987717739999994 4523.0
56.998584179999995 4229.0
57.009450619999996 4114.0
57.020317059999996 3928.0
57.0311835 3814.0
57.04204994 3539.0
57.05291638 3389.0
57.06378282 3219.0
57.07464926 3048.0
57.0855157 2946.0
57.09638214 2887.0
57.107248580000004 2757.0
57.118115020000005 2782.0
57.128981460000006 2686.0
57.13984789999999 2660.0
57.15071433999999 2648.0
57.161580779999994 2646.0
57.172447219999995 2613.0
57.183313659999996 2572.0
57.1941801 2513.0
57.20504654 2571.0
57.21591298 2528.0
57.22677942 2521.0
57.23764586 2458.0
57.2485123 2479.0
57.25937874 2367.0
57.27024518 2510.0
57.281111620000004 2368.0
57.291978060000005 2356.0
57.302844500000006 2385.0
57.31371093999999 2387.0
57.324577379999994 2409.0
57.335443819999995 2405.0
57.346310259999996 2309.0
57.3571767 2318.0
57.36804314 2377.0
57.37890958 2422.0
57.38977602 2376.0
57.40064246 2454.0
57.4115089 2318.0
57.42237534 2303.0
57.43324178 2357.0
57.444108220000004 2290.0
57.454974660000005 2346.0
57.465841100000006 2265.0
57.47670753999999 2244.0
57.48757397999999 2322.0
57.498440419999994 2269.0
57.509306859999995 2329.0
57.520173299999996 2366.0
57.53103974 2270.0
57.54190618 2309.0
57.55277262 2258.0
57.56363906 2310.0
57.5745055 2346.0
57.58537194 2241.0
57.59623838 2244.0
57.60710482 2354.0
57.617971260000004 2297.0
57.628837700000005 2358.0
57.63970413999999 2251.0
57.65057057999999 2360.0
57.661437019999994 2359.0
57.672303459999995 2266.0
57.683169899999996 2281.0
57.69403634 2246.0
57.70490278 2313.0
57.71576922 2265.0
57.72663566 2296.0
57.7375021 2349.0
57.74836854 2334.0
57.75923498 2255.0
57.77010142 2232.0
57.780967860000004 2358.0
57.791834300000005 2360.0
57.802700740000006 2333.0
57.81356717999999 2236.0
57.82443361999999 2270.0
57.835300059999994 2177.0
57.846166499999995 2267.0
57.857032939999996 2258.0
57.86789938 2241.0
57.87876582 2243.0
57.88963226 2288.0
57.9004987 2264.0
57.91136514 2208.0
57.92223158 2357.0
57.93309802 2215.0
57.943964460000004 2225.0
57.954830900000005 2280.0
57.965697340000006 2309.0
57.97656377999999 2343.0
57.98743021999999 2277.0
57.998296659999994 2346.0
58.009163099999995 2230.0
58.020029539999996 2306.0
58.03089598 2214.0
58.04176242 2227.0
58.05262886 2232.0
58.0634953 2297.0
58.07436174 2346.0
58.08522818 2306.0
58.09609462 2258.0
58.10696106 2303.0
58.117827500000004 2325.0
58.128693940000005 2302.0
58.139560380000006 2207.0
58.15042681999999 2311.0
58.161293259999994 2364.0
58.172159699999995 2220.0
58.183026139999996 2263.0
58.193892579999996 2201.0
58.20475902 2181.0
58.21562546 2228.0
58.2264919 2273.0
58.23735834 2279.0
58.24822478 2182.0
58.25909122 2228.0
58.26995766 2342.0
58.280824100000004 2340.0
58.291690540000005 2262.0
58.302556980000006 2318.0
58.31342341999999 2226.0
58.32428985999999 2328.0
58.335156299999994 2214.0
58.346022739999995 2311.0
58.356889179999996 2178.0
58.36775562 2268.0
58.37862206 2194.0
58.3894885 2268.0
58.40035494 2205.0
58.41122138 2269.0
58.42208782 2221.0
58.43295426 2280.0
58.4438207 2187.0
58.454687140000004 2255.0
58.465553580000005 2184.0
58.476420020000006 2267.0
58.48728645999999 2272.0
58.498152899999994 2313.0
58.509019339999995 2299.0
58.519885779999996 2272.0
58.53075222 2271.0
58.54161866 2161.0
58.5524851 2228.0
58.56335154 2278.0
58.57421798 2262.0
58.58508442 2337.0
58.59595086 2269.0
58.6068173 2287.0
58.617683740000004 2190.0
58.628550180000005 2225.0
58.639416620000006 2280.0
58.65028305999999 2330.0
58.66114949999999 2209.0
58.672015939999994 2352.0
58.682882379999995 2282.0
58.693748819999996 2255.0
58.70461526 2250.0
58.7154817 2348.0
58.72634814 2193.0
58.73721458 2248.0
58.74808102 2222.0
58.75894746 2180.0
58.7698139 2311.0
58.78068034 2209.0
58.791546780000004 2264.0
58.802413220000005 2320.0
58.81327965999999 2229.0
58.82414609999999 2261.0
58.835012539999994 2233.0
58.845878979999995 2271.0
58.856745419999996 2254.0
58.86761186 2202.0
58.8784783 2233.0
58.88934474 2219.0
58.90021118 2240.0
58.91107762 2310.0
58.92194406 2187.0
58.9328105 2313.0
58.94367694 2243.0
58.954543380000004 2300.0
58.965409820000005 2344.0
58.976276260000006 2291.0
58.98714269999999 2243.0
58.99800913999999 2325.0
59.008875579999994 2265.0
59.019742019999995 2250.0
59.030608459999996 2259.0
59.0414749 2197.0
59.05234134 2319.0
59.06320778 2207.0
59.07407422 2258.0
59.08494066 2284.0
59.0958071 2279.0
59.10667354 2262.0
59.117539980000004 2200.0
59.128406420000005 2301.0
59.139272860000005 2205.0
59.15013929999999 2243.0
59.16100573999999 2334.0
59.171872179999994 2286.0
59.182738619999995 2268.0
59.193605059999996 2306.0
59.2044715 2253.0
59.21533794 2282.0
59.22620438 2248.0
59.23707082 2233.0
59.24793726 2238.0
59.2588037 2233.0
59.26967014 2193.0
59.28053658 2247.0
59.291403020000004 2215.0
59.302269460000005 2221.0
59.313135900000006 2241.0
59.32400233999999 2247.0
59.334868779999994 2318.0
59.345735219999995 2297.0
59.356601659999995 2285.0
59.367468099999996 2276.0
59.37833454 2216.0
59.38920098 2298.0
59.40006742 2279.0
59.41093386 2237.0
59.4218003 2259.0
59.43266674 2241.0
59.44353318 2150.0
59.454399620000004 2267.0
59.465266060000005 2263.0
59.476132500000006 2337.0
59.48699893999999 2243.0
59.49786537999999 2353.0
59.508731819999994 2246.0
59.519598259999995 2281.0
59.530464699999996 2260.0
59.54133114 2279.0
59.55219758 2286.0
59.56306402 2264.0
59.57393046 2178.0
59.5847969 2270.0
59.59566334 2283.0
59.60652978 2261.0
59.61739622 2235.0
59.628262660000004 2214.0
59.639129100000005 2317.0
59.649995540000006 2223.0
59.66086197999999 2242.0
59.671728419999994 2337.0
59.682594859999995 2280.0
59.693461299999996 2195.0
59.70432774 2335.0
59.71519418 2162.0
59.72606062 2187.0
59.73692706 2239.0
59.7477935 2307.0
59.75865994 2354.0
59.76952638 2235.0
59.78039282 2159.0
59.791259260000004 2286.0
59.802125700000005 2323.0
59.812992140000006 2306.0
59.82385857999999 2266.0
59.83472501999999 2279.0
59.845591459999994 2249.0
59.856457899999995 2262.0
59.867324339999996 2314.0
59.87819078 2226.0
59.88905722 2258.0
59.89992366 2354.0
59.9107901 2262.0
59.92165654 2311.0
59.93252298 2287.0
59.94338942 2273.0
59.95425586 2315.0
59.965122300000004 2316.0
59.975988740000005 2310.0
59.98685517999999 2248.0
59.99772161999999 2282.0
60.008588059999994 2265.0
60.019454499999995 2257.0
60.030320939999996 2187.0
60.04118738 2308.0
60.05205382 2338.0
60.06292026 2223.0
60.0737867 2178.0
60.08465314 2234.0
60.09551958 2192.0
60.10638602 2306.0
60.11725246 2270.0
60.128118900000004 2273.0
60.138985340000005 2287.0
60.149851780000006 2158.0
60.16071821999999 2234.0
60.17158465999999 2250.0
60.182451099999994 2305.0
60.193317539999995 2320.0
60.204183979999996 2271.0
60.21505042 2239.0
60.22591686 2287.0
60.2367833 2287.0
60.24764974 2285.0
60.25851618 2154.0
60.26938262 2348.0
60.28024906 2290.0
60.291115500000004 2330.0
60.301981940000005 2252.0
60.312848380000005 2314.0
60.32371481999999 2309.0
60.33458125999999 2157.0
60.345447699999994 2326.0
60.356314139999995 2283.0
60.367180579999996 2265.0
60.37804702 2312.0
60.38891346 2297.0
60.3997799 2236.0
60.41064634 2239.0
60.42151278 2211.0
60.43237922 2272.0
60.44324566 2210.0
60.4541121 2340.0
60.464978540000004 2287.0
60.475844980000005 2423.0
60.486711420000006 2174.0
60.49757785999999 2291.0
60.508444299999994 2279.0
60.519310739999995 2301.0
60.530177179999995 2278.0
60.541043619999996 2267.0
60.55191006 2310.0
60.5627765 2268.0
60.57364294 2297.0
60.58450938 2303.0
60.59537582 2336.0
60.60624226 2307.0
60.6171087 2193.0
60.627975140000004 2133.0
60.638841580000005 2328.0
60.649708020000006 2341.0
60.66057445999999 2230.0
60.67144089999999 2327.0
60.682307339999994 2316.0
60.693173779999995 2202.0
60.704040219999996 2302.0
60.71490666 2308.0
60.7257731 2323.0
60.73663954 2331.0
60.74750598 2298.0
60.75837242 2246.0
60.76923886 2310.0
60.7801053 2198.0
60.79097174 2322.0
60.801838180000004 2143.0
60.812704620000005 2386.0
60.823571060000006 2241.0
60.83443749999999 2254.0
60.845303939999994 2150.0
60.856170379999995 2249.0
60.867036819999996 2222.0
60.87790326 2361.0
60.8887697 2228.0
60.89963614 2294.0
60.91050258 2281.0
60.92136902 2306.0
60.93223546 2268.0
60.9431019 2348.0
60.95396834 2228.0
60.964834780000004 2285.0
60.975701220000005 2240.0
60.986567660000006 2305.0
60.99743409999999 2289.0
61.00830053999999 2320.0
61.019166979999994 2264.0
61.030033419999995 2328.0
61.040899859999996 2389.0
61.0517663 2310.0
61.06263274 2290.0
61.07349918 2327.0
61.08436562 2222.0
61.09523206 2252.0
61.1060985 2242.0
61.11696494 2314.0
61.12783138 2290.0
61.138697820000004 2297.0
61.149564260000005 2234.0
61.16043069999999 2291.0
61.17129713999999 2300.0
61.182163579999994 2328.0
61.193030019999995 2239.0
61.203896459999996 2425.0
61.2147629 2254.0
61.22562934 2190.0
61.23649578 2298.0
61.24736222 2312.0
61.25822866 2200.0
61.2690951 2240.0
61.27996154 2365.0
61.29082798 2258.0
61.301694420000004 2295.0
61.312560860000005 2260.0
61.323427300000006 2298.0
61.33429373999999 2260.0
61.34516017999999 2326.0
61.356026619999994 2347.0
61.366893059999995 2209.0
61.377759499999996 2285.0
61.38862594 2306.0
61.39949238 2311.0
61.41035882 2337.0
61.42122526 2285.0
61.4320917 2359.0
61.44295814 2305.0
61.45382458 2352.0
61.464691020000004 2282.0
61.475557460000005 2258.0
61.486423900000005 2304.0
61.49729033999999 2288.0
61.50815677999999 2308.0
61.519023219999994 2317.0
61.529889659999995 2232.0
61.540756099999996 2270.0
61.55162254 2331.0
61.56248898 2315.0
61.57335542 2310.0
61.58422186 2358.0
61.5950883 2343.0
61.60595474 2298.0
61.61682118 2378.0
61.62768762 2316.0
61.638554060000004 2369.0
61.649420500000005 2370.0
61.660286940000006 2385.0
61.67115337999999 2328.0
61.682019819999994 2396.0
61.692886259999995 2391.0
61.703752699999995 2356.0
61.714619139999996 2325.0
61.72548558 2399.0
61.73635202 2287.0
61.74721846 2345.0
61.7580849 2417.0
61.76895134 2438.0
61.77981778 2378.0
61.79068422 2351.0
61.801550660000004 2365.0
61.812417100000005 2404.0
61.823283540000006 2402.0
61.83414997999999 2377.0
61.84501641999999 2415.0
61.855882859999994 2487.0
61.866749299999995 2449.0
61.877615739999996 2473.0
61.88848218 2424.0
61.89934862 2485.0
61.91021506 2448.0
61.9210815 2479.0
61.93194794 2418.0
61.94281438 2592.0
61.95368082 2445.0
61.96454726 2615.0
61.975413700000004 2589.0
61.986280140000005 2643.0
61.997146580000006 2634.0
62.00801301999999 2627.0
62.018879459999994 2692.0
62.029745899999995 2614.0
62.040612339999996 2753.0
62.05147878 2672.0
62.06234522 2757.0
62.07321166 2819.0
62.0840781 2850.0
62.09494454 2982.0
62.10581098 2986.0
62.11667742 3123.0
62.12754386 3241.0
62.138410300000004 3176.0
62.149276740000005 3369.0
62.160143180000006 3427.0
62.17100961999999 3619.0
62.18187605999999 3836.0
62.192742499999994 4017.0
62.203608939999995 4186.0
62.214475379999996 4489.0
62.22534182 4689.0
62.23620826 5088.0
62.2470747 5384.0
62.25794114 5655.0
62.26880758 6180.0
62.27967402 6504.0
62.29054046 6751.0
62.3014069 6970.0
62.312273340000004 7213.0
62.323139780000005 7431.0
62.33400621999999 7470.0
62.34487265999999 7454.0
62.355739099999994 7247.0
62.366605539999995 7301.0
62.377471979999996 6940.0
62.38833842 6838.0
62.39920486 6513.0
62.4100713 6197.0
62.42093774 5915.0
62.43180418 5865.0
62.44267062 5555.0
62.45353706 5453.0
62.4644035 5563.0
62.475269940000004 5426.0
62.486136380000005 5309.0
62.497002820000006 5221.0
62.50786925999999 5185.0
62.51873569999999 4949.0
62.529602139999994 4965.0
62.540468579999995 4732.0
62.551335019999996 4473.0
62.56220146 4229.0
62.5730679 4144.0
62.58393434 3857.0
62.59480078 3689.0
62.60566722 3447.0
62.61653366 3368.0
62.6274001 3159.0
62.638266540000004 2978.0
62.649132980000005 3013.0
62.659999420000005 2909.0
62.67086585999999 2693.0
62.68173229999999 2815.0
62.692598739999994 2589.0
62.703465179999995 2655.0
62.714331619999996 2543.0
62.72519806 2546.0
62.7360645 2616.0
62.74693094 2580.0
62.75779738 2540.0
62.76866382 2531.0
62.77953026 2547.0
62.7903967 2377.0
62.80126314 2464.0
62.812129580000004 2445.0
62.822996020000005 2390.0
62.833862460000006 2476.0
62.84472889999999 2394.0
62.855595339999994 2361.0
62.866461779999995 2508.0
62.877328219999995 2392.0
62.888194659999996 2422.0
62.8990611 2467.0
62.90992754 2380.0
62.92079398 2337.0
62.93166042 2385.0
62.94252686 2372.0
62.9533933 2293.0
62.96425974 2314.0
62.975126180000004 2387.0
62.985992620000005 2335.0
62.996859060000006 2303.0
63.00772549999999 2378.0
63.01859193999999 2417.0
63.029458379999994 2449.0
63.040324819999995 2478.0
63.051191259999996 2409.0
63.0620577 2219.0
63.07292414 2260.0
63.08379058 2308.0
63.09465702 2282.0
63.10552346 2309.0
63.1163899 2318.0
63.12725634 2255.0
63.13812278 2260.0
63.148989220000004 2403.0
63.159855660000005 2220.0
63.170722100000006 2292.0
63.18158853999999 2352.0
63.192454979999994 2216.0
63.203321419999995 2253.0
63.214187859999996 2238.0
63.2250543 2327.0
63.23592074 2275.0
63.24678718 2270.0
63.25765362 2241.0
63.26852006 2333.0
63.2793865 2357.0
63.29025294 2309.0
63.30111938 2237.0
63.311985820000004 2252.0
63.322852260000005 2223.0
63.333718700000006 2267.0
63.34458513999999 2239.0
63.35545157999999 2153.0
63.366318019999994 2302.0
63.377184459999995 2267.0
63.388050899999996 2293.0
63.39891734 2350.0
63.40978378 2315.0
63.42065022 2231.0
63.43151666 2302.0
63.4423831 2271.0
63.45324954 2203.0
63.46411598 2401.0
63.47498242 2363.0
63.485848860000004 2354.0
63.496715300000005 2281.0
63.50758173999999 2296.0
63.51844817999999 2232.0
63.529314619999994 2283.0
63.540181059999995 2383.0
63.551047499999996 2304.0
63.56191394 2321.0
63.57278038 2290.0
63.58364682 2244.0
63.59451326 2289.0
63.6053797 2146.0
63.61624614 2314.0
63.62711258 2308.0
63.63797902 2358.0
63.648845460000004 2341.0
63.659711900000005 2221.0
63.670578340000006 2299.0
63.68144477999999 2228.0
63.69231121999999 2194.0
63.703177659999994 2273.0
63.714044099999995 2221.0
63.724910539999996 2277.0
63.73577698 2310.0
63.74664342 2353.0
63.75750986 2338.0
63.7683763 2361.0
63.77924274 2285.0
63.79010918 2251.0
63.80097562 2234.0
63.811842060000004 2353.0
63.822708500000005 2341.0
63.833574940000005 2265.0
63.84444137999999 2221.0
63.85530781999999 2329.0
63.866174259999994 2271.0
63.877040699999995 2283.0
63.887907139999996 2302.0
63.89877358 2253.0
63.90964002 2267.0
63.92050646 2271.0
63.9313729 2340.0
63.94223934 2319.0
63.95310578 2330.0
63.96397222 2318.0
63.97483866 2220.0
63.985705100000004 2301.0
63.996571540000005 2358.0
64.00743798 2271.0
64.01830441999999 2219.0
64.02917086 2267.0
64.0400373 2358.0
64.05090374 2336.0
64.06177018 2319.0
64.07263662 2295.0
64.08350306 2214.0
64.0943695 2208.0
64.10523594 2176.0
64.11610238 2241.0
64.12696882 2264.0
64.13783526 2127.0
64.1487017 2281.0
64.15956814 2223.0
64.17043458 2292.0
64.18130101999999 2238.0
64.19216746 2267.0
64.2030339 2273.0
64.21390034 2324.0
64.22476678 2236.0
64.23563322 2208.0
64.24649966 2248.0
64.2573661 2307.0
64.26823254 2279.0
64.27909898 2299.0
64.28996542 2259.0
64.30083186 2353.0
64.3116983 2306.0
64.32256474 2263.0
64.33343118 2288.0
64.34429762 2258.0
64.35516405999999 2176.0
64.3660305 2214.0
64.37689694 2227.0
64.38776338 2323.0
64.39862982 2271.0
64.40949626 2342.0
64.4203627 2291.0
64.43122914 2234.0
64.44209558 2325.0
64.45296202 2291.0
64.46382846 2270.0
64.4746949 2217.0
64.48556134 2200.0
64.49642778 2298.0
64.50729422 2294.0
64.51816065999999 2315.0
64.5290271 2235.0
64.53989354 2346.0
64.55075998 2203.0
64.56162642 2314.0
64.57249286 2306.0
64.5833593 2268.0
64.59422574 2212.0
64.60509218 2311.0
64.61595862 2280.0
64.62682506 2243.0
64.6376915 2283.0
64.64855794 2267.0
64.65942438 2272.0
64.67029082 2173.0
64.68115725999999 2267.0
64.6920237 2286.0
64.70289014 2277.0
64.71375658 2276.0
64.72462302 2358.0
64.73548946 2329.0
64.7463559 2232.0
64.75722234 2234.0
64.76808878 2287.0
64.77895522 2196.0
64.78982166 2271.0
64.8006881 2269.0
64.81155454 2269.0
64.82242098 2187.0
64.83328742 2323.0
64.84415386 2272.0
64.85502029999999 2222.0
64.86588674 2171.0
64.87675318 2276.0
64.88761962 2225.0
64.89848606 2237.0
64.9093525 2202.0
64.92021894 2267.0
64.93108538 2279.0
64.94195182 2275.0
64.95281826 2227.0
64.9636847 2242.0
64.97455114 2255.0
64.98541758 2304.0
64.99628402 2201.0
65.00715046 2242.0
65.01801689999999 2238.0
65.02888334 2239.0
65.03974978 2361.0
65.05061622 2263.0
65.06148266 2207.0
65.0723491 2283.0
65.08321554 2277.0
65.09408198 2254.0
65.10494842 2237.0
65.11581486 2240.0
65.1266813 2240.0
65.13754774 2260.0
65.14841418 2302.0
65.15928062 2296.0
65.17014706 2282.0
65.1810135 2295.0
65.19187993999999 2204.0
65.20274638 2304.0
65.21361282 2286.0
65.22447926 2314.0
65.2353457 2238.0
65.24621214 2280.0
65.25707858 2235.0
65.26794502 2356.0
65.27881146 2284.0
65.2896779 2306.0
65.30054434 2351.0
65.31141078 2285.0
65.32227722 2310.0
65.33314366 2244.0
65.3440101 2320.0
65.35487653999999 2297.0
65.36574298 2320.0
65.37660942 2254.0
65.38747586 2328.0
65.3983423 2340.0
65.40920874 2410.0
65.42007518 2319.0
65.43094162 2346.0
65.44180806 2524.0
65.4526745 2390.0
65.46354094 2314.0
65.47440738 2403.0
65.48527382 2484.0
65.49614026 2404.0
65.5070067 2434.0
65.51787314 2405.0
65.52873957999999 2490.0
65.53960602 2433.0
65.55047246 2375.0
65.5613389 2403.0
65.57220534 2370.0
65.58307178 2406.0
65.59393822 2396.0
65.60480466 2455.0
65.6156711 2257.0
65.62653754 2381.0
65.63740398 2346.0
65.64827042 2320.0
65.65913686 2389.0
65.6700033 2407.0
65.68086974 2357.0
65.69173617999999 2321.0
65.70260262 2317.0
65.71346906 2371.0
65.7243355 2360.0
65.73520194 2321.0
65.74606838 2301.0
65.75693482 2354.0
65.76780126 2340.0
65.7786677 2261.0
65.78953414 2259.0
65.80040058 2282.0
65.81126702 2309.0
65.82213346 2301.0
65.8329999 2298.0
65.84386634 2322.0
65.85473277999999 2279.0
65.86559922 2244.0
65.87646566 2269.0
65.8873321 2257.0
65.89819854 2242.0
65.90906498 2270.0
65.91993142 2258.0
65.93079786 2318.0
65.9416643 2297.0
65.95253074 2275.0
65.96339718 2176.0
65.97426362 2296.0
65.98513006 2215.0
65.9959965 2219.0
66.00686294 2202.0
66.01772938 2246.0
66.02859581999999 2298.0
66.03946226 2209.0
66.0503287 2312.0
66.06119514 2301.0
66.07206158 2259.0
66.08292802 2233.0
66.09379446 2251.0
66.1046609 2195.0
66.11552734 2249.0
66.12639378 2269.0
66.13726022 2224.0
66.14812666 2357.0
66.1589931 2187.0
66.16985954 2299.0
66.18072598 2337.0
66.19159241999999 2314.0
66.20245886 2158.0
66.2133253 2212.0
66.22419174 2282.0
66.23505818 2274.0
66.24592462 2239.0
66.25679106 2253.0
66.2676575 2249.0
66.27852394 2155.0
66.28939038 2164.0
66.30025682 2197.0
66.31112326 2231.0
66.3219897 2224.0
66.33285614 2287.0
66.34372258 2222.0
66.35458902 2223.0
66.36545545999999 2234.0
66.3763219 2250.0
66.38718834 2260.0
66.39805478 2204.0
66.40892122 2252.0
66.41978766 2248.0
66.4306541 2365.0
66.44152054 2211.0
66.45238698 2303.0
66.46325342 2174.0
66.47411986 2223.0
66.4849863 2271.0
66.49585274 2314.0
66.50671918 2291.0
66.51758562 2342.0
66.52845205999999 2255.0
66.5393185 2208.0
66.55018494 2244.0
66.56105138 2263.0
66.57191782 2192.0
66.58278426 2250.0
66.5936507 2295.0
66.60451714 2408.0
66.61538358 2208.0
66.62625002 2168.0
66.63711646 2362.0
66.6479829 2232.0
66.65884934 2283.0
66.66971578 2225.0
66.68058222 2306.0
66.69144866 2281.0
66.70231509999999 2185.0
66.71318154 2232.0
66.72404798 2267.0
66.73491442 2283.0
66.74578086 2213.0
66.7566473 2280.0
66.76751374 2210.0
66.77838018 2254.0
66.78924662 2216.0
66.80011306 2241.0
66.8109795 2184.0
66.82184594 2167.0
66.83271238 2298.0
66.84357882 2181.0
66.85444526 2276.0
66.86531169999999 2204.0
66.87617814 2234.0
66.88704458 2266.0
66.89791102 2284.0
66.90877746 2189.0
66.9196439 2230.0
66.93051034 2255.0
66.94137678 2237.0
66.95224322 2254.0
66.96310966 2298.0
66.9739761 2241.0
66.98484254 2290.0
66.99570898 2253.0
67.00657542 2290.0
67.01744186 2273.0
67.02830829999999 2121.0
67.03917473999999 2242.0
67.05004118 2213.0
67.06090762 2265.0
67.07177406 2141.0
67.0826405 2252.0
67.09350694 2271.0
67.10437338 2200.0
67.11523982 2274.0
67.12610626 2373.0
67.1369727 2235.0
67.14783914 2229.0
67.15870558 2258.0
67.16957202 2251.0
67.18043846 2236.0
67.1913049 2216.0
67.20217133999999 2161.0
67.21303778 2244.0
67.22390422 2234.0
67.23477066 2319.0
67.2456371 2265.0
67.25650354 2227.0
67.26736998 2213.0
67.27823642 2237.0
67.28910286 2277.0
67.2999693 2208.0
67.31083574 2251.0
67.32170218 2335.0
67.33256862 2165.0
67.34343506 2183.0
67.3543015 2258.0
67.36516793999999 2237.0
67.37603438 2253.0
67.38690082 2250.0
67.39776726 2192.0
67.4086337 2302.0
67.41950014 2275.0
67.43036658 2252.0
67.44123302 2279.0
67.45209946 2327.0
67.4629659 2300.0
67.47383234 2365.0
67.48469878 2216.0
67.49556522 2250.0
67.50643166 2306.0
67.5172981 2324.0
67.52816454 2266.0
67.53903097999999 2288.0
67.54989742 2273.0
67.56076386 2202.0
67.5716303 2218.0
67.58249674 2188.0
67.59336318 2212.0
67.60422962 2128.0
67.61509606 2252.0
67.6259625 2276.0
67.63682894 2213.0
67.64769538 2205.0
67.65856182 2244.0
67.66942826 2286.0
67.6802947 2287.0
67.69116114 2203.0
67.70202757999999 2224.0
67.71289402 2243.0
67.72376046 2264.0
67.7346269 2199.0
67.74549334 2294.0
67.75635978 2254.0
67.76722622 2149.0
67.77809266 2268.0
67.7889591 2264.0
67.79982554 2289.0
67.81069198 2255.0
67.82155842 2149.0
67.83242486 2262.0
67.8432913 2254.0
67.85415774 2341.0
67.86502418 2231.0
67.87589061999999 2238.0
67.88675706 2294.0
67.8976235 2255.0
67.90848994 2255.0
67.91935638 2194.0
67.93022282 2279.0
67.94108926 2202.0
67.9519557 2208.0
67.96282214 2278.0
67.97368858 2236.0
67.98455502 2247.0
67.99542146 2163.0
68.0062879 2262.0
68.01715434 2276.0
68.02802078 2251.0
68.03888721999999 2272.0
68.04975366 2266.0
68.0606201 2219.0
68.07148654 2249.0
68.08235298 2253.0
68.09321942 2263.0
68.10408586 2298.0
68.1149523 2186.0
68.12581874 2283.0
68.13668518 2338.0
68.14755162 2208.0
68.15841806 2248.0
68.1692845 2302.0
68.18015094 2238.0
68.19101738 2311.0
68.20188381999999 2185.0
68.21275025999999 2235.0
68.2236167 2216.0
68.23448314 2279.0
68.24534958 2196.0
68.25621602 2243.0
68.26708246 2343.0
68.2779489 2247.0
68.28881534 2349.0
68.29968178 2275.0
68.31054822 2289.0
68.32141466 2228.0
68.3322811 2348.0
68.34314754 2255.0
68.35401398 2304.0
68.36488042 2240.0
68.37574685999999 2254.0
68.3866133 2235.0
68.39747974 2228.0
68.40834618 2261.0
68.41921262 2230.0
68.43007906 2236.0
68.4409455 2177.0
68.45181194 2167.0
68.46267838 2227.0
68.47354482 2288.0
68.48441126 2265.0
68.4952777 2267.0
68.50614414 2221.0
68.51701058 2209.0
68.52787702 2254.0
68.53874345999999 2274.0
68.5496099 2282.0
68.56047634 2244.0
68.57134278 2282.0
68.58220922 2334.0
68.59307566 2199.0
68.6039421 2226.0
68.61480854 2347.0
68.62567498 2209.0
68.63654142 2199.0
68.64740786 2296.0
68.6582743 2131.0
68.66914074 2318.0
68.68000718 2232.0
68.69087362 2223.0
68.70174006 2251.0
68.71260649999999 2308.0
68.72347294 2337.0
68.73433938 2225.0
68.74520582 2204.0
68.75607226 2316.0
68.7669387 2289.0
68.77780514 2212.0
68.78867158 2234.0
68.79953802 2172.0
68.81040446 2258.0
68.8212709 2293.0
68.83213734 2193.0
68.84300378 2174.0
68.85387022 2255.0
68.86473666 2244.0
68.87560309999999 2220.0
68.88646954 2290.0
68.89733598 2301.0
68.90820242 2147.0
68.91906886 2243.0
68.9299353 2273.0
68.94080174 2218.0
68.95166818 2265.0
68.96253462 2303.0
68.97340106 2143.0
68.9842675 2252.0
68.99513394 2212.0
69.00600038 2322.0
69.01686682 2328.0
69.02773326 2249.0
69.0385997 2312.0
69.04946613999999 2246.0
69.06033258 2195.0
69.07119902 2305.0
69.08206546 2255.0
69.0929319 2265.0
69.10379834 2278.0
69.11466478 2239.0
69.12553122 2229.0
69.13639766 2343.0
69.1472641 2268.0
69.15813054 2235.0
69.16899698 2284.0
69.17986342 2280.0
69.19072986 2233.0
69.2015963 2228.0
69.21246273999999 2198.0
69.22332918 2191.0
69.23419562 2202.0
69.24506206 2227.0
69.2559285 2313.0
69.26679494 2216.0
69.27766138 2298.0
69.28852782 2260.0
69.29939426 2278.0
69.3102607 2231.0
69.32112714 2238.0
69.33199358 2242.0
69.34286002 2186.0
69.35372646 2296.0
69.3645929 2220.0
69.37545933999999 2258.0
69.38632577999999 2288.0
69.39719222 2220.0
69.40805866 2240.0
69.4189251 2298.0
69.42979154 2313.0
69.44065798 2259.0
69.45152442 2237.0
69.46239086 2231.0
69.4732573 2330.0
69.48412374 2249.0
69.49499018 2348.0
69.50585662 2268.0
69.51672306 2279.0
69.5275895 2267.0
69.53845594 2217.0
69.54932237999999 2324.0
69.56018882 2222.0
69.57105526 2268.0
69.5819217 2161.0
69.59278814 2183.0
69.60365458 2335.0
69.61452102 2263.0
69.62538746 2242.0
69.6362539 2264.0
69.64712034 2202.0
69.65798678 2246.0
69.66885322 2256.0
69.67971966 2326.0
69.6905861 2218.0
69.70145254 2271.0
69.71231897999999 2200.0
69.72318542 2301.0
69.73405186 2221.0
69.7449183 2206.0
69.75578474 2355.0
69.76665118 2240.0
69.77751762 2254.0
69.78838406 2292.0
69.7992505 2275.0
69.81011694 2177.0
69.82098338 2316.0
69.83184982 2232.0
69.84271626 2228.0
69.8535827 2315.0
69.86444914 2190.0
69.87531558 2236.0
69.88618201999999 2327.0
69.89704846 2161.0
69.9079149 2208.0
69.91878134 2276.0
69.92964778 2259.0
69.94051422 2216.0
69.95138066 2245.0
69.9622471 2300.0
69.97311354 2243.0
69.98397998 2190.0
69.99484642 2331.0
70.00571286 2240.0
70.0165793 2145.0
70.02744574 2209.0
70.03831218 2274.0
70.04917861999999 2201.0
70.06004506 2244.0
70.0709115 2235.0
70.08177794 2278.0
70.09264438 2271.0
70.10351082 2248.0
70.11437726 2327.0
70.1252437 2226.0
70.13611014 2217.0
70.14697658 2254.0
70.15784302 2318.0
70.16870946 2303.0
70.1795759 2188.0
70.19044234 2290.0
70.20130878 2277.0
70.21217522 2316.0
70.22304165999999 2186.0
70.2339081 2281.0
70.24477454 2270.0
70.25564098 2255.0
70.26650742 2241.0
70.27737386 2190.0
70.2882403 2273.0
70.29910674 2320.0
70.30997318 2274.0
70.32083962 2291.0
70.33170606 2194.0
70.3425725 2293.0
70.35343894 2275.0
70.36430538 2320.0
70.37517182 2290.0
70.38603825999999 2301.0
70.3969047 2292.0
70.40777114 2276.0
70.41863758 2340.0
70.42950402 2272.0
70.44037046 2368.0
70.4512369 2311.0
70.46210334 2283.0
70.47296978 2379.0
70.48383622 2379.0
70.49470266 2415.0
70.5055691 2401.0
70.51643554 2425.0
70.52730198 2400.0
70.53816842 2377.0
70.54903485999999 2448.0
70.55990129999999 2423.0
70.57076774 2409.0
70.58163418 2522.0
70.59250062 2438.0
70.60336706 2619.0
70.6142335 2563.0
70.62509994 2579.0
70.63596638 2494.0
70.64683282 2549.0
70.65769926 2490.0
70.6685657 2593.0
70.67943214 2545.0
70.69029858 2552.0
70.70116502 2559.0
70.71203146 2482.0
70.72289789999999 2508.0
70.73376434 2498.0
70.74463078 2483.0
70.75549722 2417.0
70.76636366 2478.0
70.7772301 2405.0
70.78809654 2489.0
70.79896298 2428.0
70.80982942 2457.0
70.82069586 2473.0
70.8315623 2377.0
70.84242874 2559.0
70.85329518 2396.0
70.86416162 2403.0
70.87502806 2377.0
70.88589449999999 2331.0
70.89676094 2403.0
70.90762738 2378.0
70.91849382 2320.0
70.92936026 2406.0
70.9402267 2327.0
70.95109314 2419.0
70.96195958 2368.0
70.97282602 2298.0
70.98369246 2352.0
70.9945589 2318.0
71.00542534 2265.0
71.01629178 2273.0
71.02715822 2278.0
71.03802466 2316.0
71.0488911 2267.0
71.05975753999999 2338.0
71.07062398 2296.0
71.08149042 2277.0
71.09235686 2214.0
71.1032233 2202.0
71.11408974 2381.0
71.12495618 2354.0
71.13582262 2338.0
71.14668906 2292.0
71.1575555 2258.0
71.16842194 2327.0
71.17928838 2260.0
71.19015482 2155.0
71.20102126 2152.0
71.2118877 2294.0
71.22275413999999 2248.0
71.23362058 2252.0
71.24448702 2296.0
71.25535346 2230.0
71.2662199 2351.0
71.27708634 2360.0
71.28795278 2299.0
71.29881922 2295.0
71.30968566 2260.0
71.3205521 2257.0
71.33141854 2350.0
71.34228498 2228.0
71.35315142 2194.0
71.36401786 2243.0
71.3748843 2221.0
71.38575074 2280.0
71.39661717999999 2327.0
71.40748362 2213.0
71.41835006 2183.0
71.4292165 2259.0
71.44008294 2295.0
71.45094938 2254.0
71.46181582 2323.0
71.47268226 2261.0
71.4835487 2376.0
71.49441514 2245.0
71.50528158 2204.0
71.51614802 2299.0
71.52701446 2241.0
71.5378809 2270.0
71.54874734 2250.0
71.55961377999999 2317.0
71.57048022 2273.0
71.58134666 2243.0
71.5922131 2350.0
71.60307954 2246.0
71.61394598 2275.0
71.62481242 2271.0
71.63567886 2271.0
71.6465453 2252.0
71.65741174 2173.0
71.66827818 2221.0
71.67914462 2178.0
71.69001106 2234.0
71.7008775 2292.0
71.71174394 2292.0
71.72261037999999 2310.0
71.73347681999999 2231.0
71.74434326 2247.0
71.7552097 2273.0
71.76607614 2355.0
71.77694258 2260.0
71.78780902 2297.0
71.79867546 2187.0
71.8095419 2212.0
71.82040834 2232.0
71.83127478 2259.0
71.84214122 2203.0
71.85300766 2253.0
71.8638741 2218.0
71.87474054 2220.0
71.88560698 2217.0
71.89647341999999 2285.0
71.90733986 2275.0
71.9182063 2308.0
71.92907274 2211.0
71.93993918 2276.0
71.95080562 2171.0
71.96167206 2234.0
71.9725385 2206.0
71.98340494 2265.0
71.99427138 2209.0
72.00513782 2348.0
72.01600426 2233.0
72.0268707 2369.0
72.03773714 2373.0
72.04860358 2208.0
72.05947001999999 2213.0
72.07033646 2342.0
72.0812029 2256.0
72.09206934 2290.0
72.10293578 2272.0
72.11380222 2190.0
72.12466866 2181.0
72.1355351 2307.0
72.14640154 2208.0
72.15726798 2258.0
72.16813442 2231.0
72.17900086 2253.0
72.1898673 2267.0
72.20073374 2268.0
72.21160018 2261.0
72.22246662 2321.0
72.23333305999999 2237.0
72.2441995 2277.0
72.25506594 2246.0
72.26593238 2268.0
72.27679882 2278.0
72.28766526 2240.0
72.2985317 2277.0
72.30939814 2192.0
72.32026458 2197.0
72.33113102 2278.0
72.34199746 2338.0
72.3528639 2271.0
72.36373034 2273.0
72.37459678 2199.0
72.38546322 2280.0
72.39632965999999 2175.0
72.4071961 2216.0
72.41806254 2282.0
72.42892898 2318.0
72.43979542 2256.0
72.45066186 2272.0
72.4615283 2245.0
72.47239474 2299.0
72.48326118 2163.0
72.49412762 2259.0
72.50499406 2208.0
72.5158605 2262.0
72.52672694 2272.0
72.53759338 2266.0
72.54845982 2259.0
72.55932626 2235.0
72.57019269999999 2283.0
72.58105914 2276.0
72.59192558 2233.0
72.60279202 2232.0
72.61365846 2233.0
72.6245249 2227.0
72.63539134 2302.0
72.64625778 2190.0
72.65712422 2267.0
72.66799066 2287.0
72.6788571 2212.0
72.68972354 2230.0
72.70058998 2244.0
72.71145642 2157.0
72.72232286 2264.0
72.73318929999999 2245.0
72.74405574 2212.0
72.75492218 2238.0
72.76578862 2320.0
72.77665506 2222.0
72.7875215 2257.0
72.79838794 2306.0
72.80925438 2242.0
72.82012082 2223.0
72.83098726 2211.0
72.8418537 2244.0
72.85272014 2191.0
72.86358658 2264.0
72.87445302 2280.0
72.88531946 2234.0
72.89618589999999 2168.0
72.90705233999999 2180.0
72.91791878 2261.0
72.92878522 2255.0
72.93965166 2242.0
72.9505181 2307.0
72.96138454 2241.0
72.97225098 2332.0
72.98311742 2217.0
72.99398386 2310.0
73.0048503 2216.0
73.01571674 2291.0
73.02658318 2313.0
73.03744962 2248.0
73.04831606 2350.0
73.0591825 2253.0
73.07004893999999 2202.0
73.08091538 2243.0
73.09178182 2303.0
73.10264826 2185.0
73.1135147 2251.0
73.12438114 2281.0
73.13524758 2326.0
73.14611402 2310.0
73.15698046 2328.0
73.1678469 2244.0
73.17871334 2293.0
73.18957978 2309.0
73.20044622 2327.0
73.21131266 2314.0
73.2221791 2380.0
73.23304553999999 2320.0
73.24391198 2239.0
73.25477842 2357.0
73.26564486 2326.0
73.2765113 2327.0
73.28737774 2254.0
73.29824418 2258.0
73.30911062 2251.0
73.31997706 2380.0
73.3308435 2302.0
73.34170994 2370.0
73.35257638 2353.0
73.36344282 2322.0
73.37430926 2353.0
73.3851757 2438.0
73.39604214 2399.0
73.40690857999999 2352.0
73.41777502 2361.0
73.42864146 2396.0
73.4395079 2487.0
73.45037434 2444.0
73.46124078 2506.0
73.47210722 2465.0
73.48297366 2494.0
73.4938401 2543.0
73.50470654 2584.0
73.51557298 2703.0
73.52643942 2683.0
73.53730586 2823.0
73.5481723 2905.0
73.55903874 2964.0
73.56990517999999 2927.0
73.58077162 2953.0
73.59163806 3063.0
73.6025045 3085.0
73.61337094 3225.0
73.62423738 3171.0
73.63510382 3107.0
73.64597026 3253.0
73.6568367 3249.0
73.66770314 3140.0
73.67856958 3173.0
73.68943602 3112.0
73.70030246 3211.0
73.7111689 3028.0
73.72203534 3046.0
73.73290178 3015.0
73.74376821999999 2969.0
73.75463466 2927.0
73.7655011 2926.0
73.77636754 2762.0
73.78723398 2791.0
73.79810042 2923.0
73.80896686 2813.0
73.8198333 2780.0
73.83069974 2663.0
73.84156618 2804.0
73.85243262 2782.0
73.86329906 2782.0
73.8741655 2850.0
73.88503194 2794.0
73.89589838 2750.0
73.90676481999999 2641.0
73.91763126 2609.0
73.9284977 2622.0
73.93936414 2473.0
73.95023058 2501.0
73.96109702 2516.0
73.97196346 2468.0
73.9828299 2560.0
73.99369634 2381.0
74.00456278 2308.0
74.01542922 2404.0
74.02629566 2291.0
74.03716209999999 2378.0
74.04802853999999 2340.0
74.05889497999999 2275.0
74.06976141999999 2301.0
74.08062785999999 2358.0
74.0914943 2252.0
74.10236074 2337.0
74.11322718 2362.0
74.12409362 2278.0
74.13496006 2364.0
74.1458265 2372.0
74.15669294 2277.0
74.16755938 2272.0
74.17842582 2312.0
74.18929226 2311.0
74.20015869999999 2342.0
74.21102513999999 2306.0
74.22189157999999 2295.0
74.23275801999999 2284.0
74.24362445999999 2318.0
74.2544909 2333.0
74.26535734 2237.0
74.27622378 2351.0
74.28709022 2271.0
74.29795666 2302.0
74.3088231 2270.0
74.31968954 2323.0
74.33055598 2397.0
74.34142242 2275.0
74.35228886 2360.0
74.36315529999999 2310.0
74.37402173999999 2286.0
74.38488817999999 2404.0
74.39575461999999 2341.0
74.40662105999999 2328.0
74.4174875 2305.0
74.42835394 2309.0
74.43922038 2425.0
74.45008682 2391.0
74.46095326 2352.0
74.4718197 2384.0
74.48268614 2448.0
74.49355258 2469.0
74.50441902 2480.0
74.51528546 2460.0
74.5261519 2496.0
74.53701833999999 2558.0
74.54788477999999 2676.0
74.55875121999999 2607.0
74.56961765999999 2635.0
74.58048409999999 2598.0
74.59135054 2586.0
74.60221698 2558.0
74.61308342 2647.0
74.62394986 2602.0
74.6348163 2651.0
74.64568274 2663.0
74.65654918 2618.0
74.66741562 2707.0
74.67828206 2723.0
74.6891485 2668.0
74.70001493999999 2678.0
74.71088137999999 2646.0
74.72174781999999 2742.0
74.73261425999999 2604.0
74.74348069999999 2557.0
74.75434714 2632.0
74.76521358 2567.0
74.77608002 2596.0
74.78694646 2527.0
74.7978129 2552.0
74.80867934 2506.0
74.81954578 2534.0
74.83041222 2477.0
74.84127866 2609.0
74.8521451 2463.0
74.86301154 2465.0
74.87387797999999 2429.0
74.88474441999999 2480.0
74.89561085999999 2464.0
74.90647729999999 2523.0
74.91734373999999 2457.0
74.92821018 2352.0
74.93907662 2320.0
74.94994306 2262.0
74.9608095 2327.0
74.97167594 2365.0
74.98254238 2330.0
74.99340882 2335.0
75.00427526 2342.0
75.0151417 2357.0
75.02600814 2396.0
75.03687457999999 2374.0
75.04774101999999 2329.0
75.05860745999999 2259.0
75.06947389999999 2225.0
75.08034033999999 2339.0
75.09120678 2321.0
75.10207322 2268.0
75.11293966 2318.0
75.1238061 2238.0
75.13467254 2208.0
75.14553898 2240.0
75.15640542 2274.0
75.16727186 2257.0
75.1781383 2278.0
75.18900474 2228.0
75.19987118 2336.0
75.21073761999999 2325.0
75.22160405999999 2257.0
75.23247049999999 2235.0
75.24333693999999 2297.0
75.25420337999999 2282.0
75.26506982 2294.0
75.27593626 2230.0
75.2868027 2246.0
75.29766914 2287.0
75.30853558 2392.0
75.31940202 2263.0
75.33026846 2152.0
75.3411349 2313.0
75.35200134 2234.0
75.36286778 2310.0
75.37373421999999 2279.0
75.38460065999999 2286.0
75.39546709999999 2327.0
75.40633353999999 2349.0
75.41719997999999 2234.0
75.42806642 2229.0
75.43893286 2264.0
75.4497993 2224.0
75.46066574 2222.0
75.47153218 2268.0
75.48239862 2291.0
75.49326506 2259.0
75.5041315 2231.0
75.51499794 2186.0
75.52586438 2277.0
75.53673081999999 2184.0
75.54759725999999 2297.0
75.55846369999999 2254.0
75.56933013999999 2306.0
75.58019657999999 2250.0
75.59106301999999 2302.0
75.60192946 2195.0
75.6127959 2221.0
75.62366234 2263.0
75.63452878 2308.0
75.64539522 2306.0
75.65626166 2257.0
75.6671281 2308.0
75.67799454 2283.0
75.68886098 2342.0
75.69972742 2241.0
75.71059385999999 2234.0
75.72146029999999 2178.0
75.73232673999999 2241.0
75.74319317999999 2194.0
75.75405961999999 2221.0
75.76492606 2224.0
75.7757925 2219.0
75.78665894 2232.0
75.79752538 2300.0
75.80839182 2192.0
75.81925826 2291.0
75.8301247 2284.0
75.84099114 2387.0
75.85185758 2244.0
75.86272402 2199.0
75.87359045999999 2210.0
75.88445689999999 2256.0
75.89532333999999 2183.0
75.90618977999999 2358.0
75.91705621999999 2275.0
75.92792266 2226.0
75.9387891 2203.0
75.94965554 2266.0
75.96052198 2248.0
75.97138842 2308.0
75.98225486 2228.0
75.9931213 2270.0
76.00398774 2292.0
76.01485418 2288.0
76.02572062 2249.0
76.03658706 2233.0
76.04745349999999 2272.0
76.05831993999999 2191.0
76.06918637999999 2305.0
76.08005281999999 2202.0
76.09091925999999 2257.0
76.1017857 2263.0
76.11265214 2302.0
76.12351858 2266.0
76.13438502 2310.0
76.14525146 2242.0
76.1561179 2298.0
76.16698434 2123.0
76.17785078 2214.0
76.18871722 2299.0
76.19958366 2346.0
76.21045009999999 2263.0
76.22131653999999 2243.0
76.23218297999999 2227.0
76.24304941999999 2191.0
76.25391585999999 2298.0
76.2647823 2258.0
76.27564874 2162.0
76.28651518 2288.0
76.29738162 2266.0
76.30824806 2268.0
76.3191145 2213.0
76.32998094 2210.0
76.34084738 2309.0
76.35171382 2231.0
76.36258026 2325.0
76.3734467 2272.0
76.38431313999999 2232.0
76.39517957999999 2271.0
76.40604601999999 2254.0
76.41691245999999 2269.0
76.42777889999999 2317.0
76.43864534 2213.0
76.44951178 2238.0
76.46037822 2139.0
76.47124466 2274.0
76.4821111 2247.0
76.49297754 2226.0
76.50384398 2179.0
76.51471042 2279.0
76.52557686 2233.0
76.5364433 2270.0
76.54730973999999 2178.0
76.55817617999999 2226.0
76.56904261999999 2240.0
76.57990905999999 2290.0
76.59077549999999 2233.0
76.60164194 2240.0
76.61250838 2214.0
76.62337482 2238.0
76.63424126 2211.0
76.6451077 2288.0
76.65597414 2187.0
76.66684058 2192.0
76.67770702 2253.0
76.68857346 2311.0
76.6994399 2243.0
76.71030633999999 2248.0
76.72117277999999 2234.0
76.73203921999999 2242.0
76.74290565999999 2286.0
76.75377209999999 2327.0
76.76463853999999 2257.0
76.77550498 2218.0
76.78637142 2268.0
76.79723786 2290.0
76.8081043 2167.0
76.81897074 2269.0
76.82983718 2281.0
76.84070362 2254.0
76.85157006 2271.0
76.8624365 2197.0
76.87330294 2218.0
76.88416937999999 2299.0
76.89503581999999 2258.0
76.90590225999999 2205.0
76.91676869999999 2227.0
76.92763513999999 2198.0
76.93850158 2198.0
76.94936802 2213.0
76.96023446 2250.0
76.9711009 2224.0
76.98196734 2179.0
76.99283378 2277.0
77.00370022 2207.0
77.01456666 2244.0
77.0254331 2255.0
77.03629954 2183.0
77.04716597999999 2246.0
77.05803241999999 2256.0
77.06889885999999 2230.0
77.07976529999999 2236.0
77.09063173999999 2317.0
77.10149818 2230.0
77.11236462 2198.0
77.12323106 2269.0
77.1340975 2187.0
77.14496394 2210.0
77.15583038 2298.0
77.16669682 2277.0
77.17756326 2271.0
77.1884297 2232.0
77.19929614 2275.0
77.21016258 2365.0
77.22102901999999 2262.0
77.23189545999999 2285.0
77.24276189999999 2276.0
77.25362833999999 2189.0
77.26449477999999 2181.0
77.27536122 2265.0
77.28622766 2262.0
77.2970941 2355.0
77.30796054 2307.0
77.31882698 2227.0
77.32969342 2274.0
77.34055986 2213.0
77.3514263 2308.0
77.36229274 2161.0
77.37315918 2268.0
77.38402561999999 2276.0
77.39489205999999 2189.0
77.40575849999999 2225.0
77.41662493999999 2248.0
77.42749137999999 2193.0
77.43835782 2304.0
77.44922426 2195.0
77.4600907 2291.0
77.47095714 2243.0
77.48182358 2250.0
77.49269002 2289.0
77.50355646 2288.0
77.5144229 2259.0
77.52528934 2311.0
77.53615578 2216.0
77.54702221999999 2348.0
77.55788865999999 2138.0
77.56875509999999 2250.0
77.57962153999999 2361.0
77.59048797999999 2340.0
77.60135441999999 2107.0
77.61222086 2220.0
77.6230873 2225.0
77.63395374 2247.0
77.64482018 2272.0
77.65568662 2303.0
77.66655306 2178.0
77.6774195 2285.0
77.68828594 2227.0
77.69915238 2290.0
77.71001882 2255.0
77.72088525999999 2202.0
77.73175169999999 2220.0
77.74261813999999 2282.0
77.75348457999999 2199.0
77.76435101999999 2277.0
77.77521746 2280.0
77.7860839 2199.0
77.79695034 2270.0
77.80781678 2369.0
77.81868322 2231.0
77.82954966 2284.0
77.8404161 2260.0
77.85128254 2181.0
77.86214898 2261.0
77.87301542 2255.0
77.88388185999999 2201.0
77.89474829999999 2255.0
77.90561473999999 2290.0
77.91648117999999 2207.0
77.92734761999999 2235.0
77.93821405999999 2307.0
77.9490805 2220.0
77.95994694 2231.0
77.97081338 2291.0
77.98167982 2236.0
77.99254626 2239.0
78.0034127 2184.0
78.01427914 2255.0
78.02514558 2273.0
78.03601202 2212.0
78.04687846 2180.0
78.05774489999999 2212.0
78.06861133999999 2252.0
78.07947777999999 2178.0
78.09034421999999 2369.0
78.10121065999999 2193.0
78.1120771 2290.0
78.12294354 2241.0
78.13380998 2252.0
78.14467642 2224.0
78.15554286 2305.0
78.1664093 2262.0
78.17727574 2246.0
78.18814218 2240.0
78.19900862 2261.0
78.20987506 2320.0
78.22074149999999 2211.0
78.23160793999999 2229.0
78.24247437999999 2304.0
78.25334081999999 2238.0
78.26420725999999 2395.0
78.2750737 2292.0
78.28594014 2357.0
78.29680658 2301.0
78.30767302 2292.0
78.31853946 2276.0
78.3294059 2305.0
78.34027234 2292.0
78.35113878 2311.0
78.36200522 2334.0
78.37287166 2285.0
78.3837381 2313.0
78.39460453999999 2316.0
78.40547097999999 2377.0
78.41633741999999 2398.0
78.42720385999999 2399.0
78.43807029999999 2330.0
78.44893674 2385.0
78.45980318 2395.0
78.47066962 2457.0
78.48153606 2396.0
78.4924025 2480.0
78.50326894 2510.0
78.51413538 2564.0
78.52500182 2567.0
78.53586826 2555.0
78.5467347 2441.0
78.55760113999999 2528.0
78.56846757999999 2530.0
78.57933401999999 2551.0
78.59020045999999 2591.0
78.60106689999999 2423.0
78.61193334 2429.0
78.62279978 2449.0
78.63366622 2532.0
78.64453266 2396.0
78.6553991 2475.0
78.66626554 2433.0
78.67713198 2421.0
78.68799842 2374.0
78.69886486 2365.0
78.7097313 2371.0
78.72059773999999 2390.0
78.73146417999999 2467.0
78.74233061999999 2357.0
78.75319705999999 2367.0
78.76406349999999 2370.0
78.77492993999999 2396.0
78.78579638 2438.0
78.79666282 2373.0
78.80752926 2382.0
78.8183957 2405.0
78.82926214 2308.0
78.84012858 2395.0
78.85099502 2349.0
78.86186146 2401.0
78.8727279 2391.0
78.88359434 2317.0
78.89446077999999 2335.0
78.90532721999999 2280.0
78.91619365999999 2296.0
78.92706009999999 2294.0
78.93792653999999 2345.0
78.94879298 2315.0
78.95965942 2335.0
78.97052586 2229.0
78.9813923 2199.0
78.99225874 2261.0
79.00312518 2267.0
79.01399162 2292.0
79.02485806 2307.0
79.0357245 2276.0
79.04659094 2326.0
79.05745737999999 2262.0
79.06832381999999 2368.0
79.07919025999999 2233.0
79.09005669999999 2227.0
79.10092313999999 2223.0
79.11178957999999 2195.0
79.12265602 2307.0
79.13352246 2238.0
79.1443889 2275.0
79.15525534 2295.0
79.16612178 2207.0
79.17698822 2201.0
79.18785466 2297.0
79.1987211 2305.0
79.20958754 2290.0
79.22045398 2215.0
79.23132041999999 2217.0
79.24218685999999 2236.0
79.25305329999999 2338.0
79.26391973999999 2304.0
79.27478617999999 2329.0
79.28565262 2293.0
79.29651906 2337.0
79.3073855 2258.0
79.31825194 2226.0
79.32911838 2293.0
79.33998482 2231.0
79.35085126 2249.0
79.3617177 2154.0
79.37258414 2264.0
79.38345058 2267.0
79.39431701999999 2269.0
79.40518345999999 2271.0
79.41604989999999 2291.0
79.42691633999999 2274.0
79.43778277999999 2314.0
79.44864922 2266.0
79.45951566 2262.0
79.4703821 2208.0
79.48124854 2255.0
79.49211498 2198.0
79.50298142 2268.0
79.51384786 2263.0
79.5247143 2302.0
79.53558074 2295.0
79.54644718 2227.0
79.55731362 2229.0
79.56818005999999 2250.0
79.57904649999999 2244.0
79.58991293999999 2208.0
79.60077937999999 2279.0
79.61164581999999 2191.0
79.62251226 2194.0
79.6333787 2325.0
79.64424514 2131.0
79.65511158 2201.0
79.66597802 2251.0
79.67684446 2266.0
79.6877109 2224.0
79.69857734 2247.0
79.70944378 2276.0
79.72031022 2271.0
79.73117665999999 2207.0
79.74204309999999 2236.0
79.75290953999999 2198.0
79.76377597999999 2273.0
79.77464241999999 2290.0
79.78550886 2278.0
79.7963753 2286.0
79.80724174 2278.0
79.81810818 2252.0
79.82897462 2309.0
79.83984106 2287.0
79.8507075 2284.0
79.86157394 2260.0
79.87244038 2275.0
79.88330682 2305.0
79.89417325999999 2285.0
79.90503969999999 2199.0
79.91590613999999 2266.0
79.92677257999999 2169.0
79.93763901999999 2277.0
79.94850545999999 2175.0
79.9593719 2255.0
79.97023834 2194.0
79.98110478 2177.0
79.99197122 2273.0
80.00283766 2177.0
80.0137041 2329.0
80.02457054 2297.0
80.03543698 2211.0
80.04630342 2246.0
80.05716986 2190.0
80.06803629999999 2281.0
80.07890273999999 2243.0
80.08976917999999 2284.0
80.10063561999999 2220.0
80.11150205999999 2248.0
80.1223685 2187.0
80.13323494 2319.0
80.14410138 2251.0
80.15496782 2264.0
80.16583426 2284.0
80.1767007 2197.0
80.18756714 2310.0
80.19843358 2221.0
80.20930002 2213.0
80.22016646 2255.0
80.23103289999999 2312.0
80.24189933999999 2216.0
80.25276577999999 2247.0
80.26363221999999 2288.0
80.27449865999999 2285.0
80.28536509999999 2192.0
80.29623154 2242.0
80.30709798 2204.0
80.31796442 2279.0
80.32883086 2179.0
80.3396973 2266.0
80.35056374 2267.0
80.36143018 2234.0
80.37229662 2317.0
80.38316306 2282.0
80.3940295 2267.0
80.40489593999999 2287.0
80.41576237999999 2271.0
80.42662881999999 2233.0
80.43749525999999 2268.0
80.44836169999999 2265.0
80.45922814 2292.0
80.47009458 2230.0
80.48096102 2193.0
80.49182746 2306.0
80.5026939 2194.0
80.51356034 2325.0
80.52442678 2283.0
80.53529322 2291.0
80.54615966 2242.0
80.5570261 2213.0
80.56789253999999 2213.0
80.57875897999999 2215.0
80.58962541999999 2193.0
80.60049185999999 2297.0
80.61135829999999 2242.0
80.62222474 2212.0
80.63309118 2288.0
80.64395762 2291.0
80.65482406 2286.0
80.6656905 2350.0
80.67655694 2317.0
80.68742338 2257.0
80.69828982 2178.0
80.70915626 2262.0
80.7200227 2248.0
80.73088914 2193.0
80.74175557999999 2289.0
80.75262201999999 2290.0
80.76348845999999 2216.0
80.77435489999999 2267.0
80.78522133999999 2280.0
80.79608778 2310.0
80.80695422 2318.0
80.81782066 2316.0
80.8286871 2260.0
80.83955354 2224.0
80.85041998 2234.0
80.86128642 2285.0
80.87215286 2179.0
80.8830193 2321.0
80.89388574 2281.0
80.90475217999999 2177.0
80.91561861999999 2264.0
80.92648505999999 2329.0
80.93735149999999 2191.0
80.94821793999999 2283.0
80.95908438 2229.0
80.96995082 2275.0
80.98081726 2259.0
80.9916837 2305.0
81.00255014 2329.0
81.01341658 2222.0
81.02428302 2204.0
81.03514946 2202.0
81.0460159 2253.0
81.05688234 2234.0
81.06774877999999 2240.0
81.07861521999999 2384.0
81.08948165999999 2278.0
81.10034809999999 2273.0
81.11121453999999 2292.0
81.12208097999999 2237.0
81.13294742 2211.0
81.14381386 2237.0
81.1546803 2257.0
81.16554674 2310.0
81.17641318 2213.0
81.18727962 2310.0
81.19814606 2215.0
81.2090125 2199.0
81.21987894 2330.0
81.23074538 2341.0
81.24161181999999 2211.0
81.25247825999999 2248.0
81.26334469999999 2343.0
81.27421113999999 2229.0
81.28507757999999 2356.0
81.29594402 2254.0
81.30681046 2263.0
81.3176769 2246.0
81.32854334 2304.0
81.33940978 2337.0
81.35027622 2256.0
81.36114266 2338.0
81.3720091 2229.0
81.38287554 2252.0
81.39374198 2287.0
81.40460841999999 2380.0
81.41547485999999 2280.0
81.42634129999999 2467.0
81.43720773999999 2293.0
81.44807417999999 2361.0
81.45894061999999 2395.0
81.46980706 2257.0
81.4806735 2366.0
81.49153994 2310.0
81.50240638 2382.0
81.51327282 2296.0
81.52413926 2366.0
81.5350057 2371.0
81.54587214 2283.0
81.55673858 2334.0
81.56760502 2291.0
81.57847145999999 2419.0
81.58933789999999 2214.0
81.60020433999999 2208.0
81.61107077999999 2301.0
81.62193721999999 2243.0
81.63280366 2355.0
81.6436701 2392.0
81.65453654 2256.0
81.66540298 2271.0
81.67626942 2276.0
81.68713586 2231.0
81.6980023 2306.0
81.70886874 2310.0
81.71973518 2287.0
81.73060162 2256.0
81.74146805999999 2346.0
81.75233449999999 2295.0
81.76320093999999 2306.0
81.77406737999999 2259.0
81.78493381999999 2359.0
81.79580026 2341.0
81.8066667 2248.0
81.81753314 2287.0
81.82839958 2245.0
81.83926602 2244.0
81.85013246 2358.0
81.8609989 2217.0
81.87186534 2230.0
81.88273178 2252.0
81.89359822 2270.0
81.90446466 2249.0
81.91533109999999 2320.0
81.92619753999999 2364.0
81.93706397999999 2249.0
81.94793041999999 2261.0
81.95879685999999 2277.0
81.9696633 2269.0
81.98052974 2235.0
81.99139618 2138.0
82.00226262 2199.0
82.01312906 2363.0
82.0239955 2266.0
82.03486194 2310.0
82.04572838 2223.0
82.05659482 2356.0
82.06746126 2170.0
82.07832769999999 2308.0
82.08919413999999 2312.0
82.10006057999999 2310.0
82.11092701999999 2301.0
82.12179345999999 2289.0
82.1326599 2322.0
82.14352634 2252.0
82.15439278 2199.0
82.16525922 2304.0
82.17612566 2291.0
82.1869921 2219.0
82.19785854 2230.0
82.20872498 2246.0
82.21959142 2311.0
82.23045786 2200.0
82.24132429999999 2298.0
82.25219073999999 2249.0
82.26305717999999 2319.0
82.27392361999999 2242.0
82.28479005999999 2216.0
82.29565649999999 2221.0
82.30652294 2209.0
82.31738938 2233.0
82.32825582 2219.0
82.33912226 2249.0
82.3499887 2261.0
82.36085514 2237.0
82.37172158 2261.0
82.38258802 2234.0
82.39345446 2314.0
82.4043209 2220.0
82.41518733999999 2201.0
82.42605377999999 2294.0
82.43692021999999 2219.0
82.44778665999999 2164.0
82.45865309999999 2234.0
82.46951954 2284.0
82.48038598 2257.0
82.49125242 2218.0
82.50211886 2371.0
82.5129853 2267.0
82.52385174 2241.0
82.53471818 2262.0
82.54558462 2137.0
82.55645106 2338.0
82.5673175 2277.0
82.57818393999999 2271.0
82.58905037999999 2252.0
82.59991681999999 2249.0
82.61078325999999 2222.0
82.62164969999999 2177.0
82.63251613999999 2252.0
82.64338258 2292.0
82.65424902 2303.0
82.66511546 2280.0
82.6759819 2278.0
82.68684834 2241.0
82.69771478 2233.0
82.70858122 2206.0
82.71944766 2356.0
82.7303141 2247.0
82.74118054 2224.0
82.75204697999999 2167.0
82.76291341999999 2311.0
82.77377985999999 2308.0
82.78464629999999 2320.0
82.79551273999999 2252.0
82.80637918 2229.0
82.81724562 2301.0
82.82811206 2303.0
82.8389785 2253.0
82.84984494 2151.0
82.86071138 2321.0
82.87157782 2216.0
82.88244426 2316.0
82.8933107 2221.0
82.90417714 2199.0
82.91504357999999 2244.0
82.92591001999999 2256.0
82.93677645999999 2233.0
82.94764289999999 2224.0
82.95850933999999 2161.0
82.96937578 2293.0
82.98024222 2190.0
82.99110866 2225.0
83.0019751 2219.0
83.01284154 2227.0
83.02370798 2293.0
83.03457442 2231.0
83.04544086 2284.0
83.0563073 2205.0
83.06717374 2239.0
83.07804018 2315.0
83.08890661999999 2271.0
83.09977305999999 2209.0
83.11063949999999 2316.0
83.12150593999999 2280.0
83.13237237999999 2305.0
83.14323882 2240.0
83.15410526 2240.0
83.1649717 2230.0
83.17583814 2264.0
83.18670458 2195.0
83.19757102 2298.0
83.20843746 2285.0
83.2193039 2193.0
83.23017034 2239.0
83.24103678 2369.0
83.25190321999999 2319.0
83.26276965999999 2205.0
83.27363609999999 2350.0
83.28450253999999 2274.0
83.29536897999999 2266.0
83.30623542 2267.0
83.31710186 2205.0
83.3279683 2232.0
83.33883474 2210.0
83.34970118 2224.0
83.36056762 2197.0
83.37143406 2148.0
83.3823005 2267.0
83.39316694 2239.0
83.40403338 2311.0
83.41489981999999 2219.0
83.42576625999999 2177.0
83.43663269999999 2198.0
83.44749913999999 2265.0
83.45836557999999 2315.0
83.46923201999999 2278.0
83.48009846 2294.0
83.4909649 2265.0
83.50183134 2229.0
83.51269778 2255.0
83.52356422 2292.0
83.53443066 2233.0
83.5452971 2208.0
83.55616354 2324.0
83.56702998 2290.0
83.57789642 2256.0
83.58876285999999 2222.0
83.59962929999999 2224.0
83.61049573999999 2274.0
83.62136217999999 2262.0
83.63222861999999 2247.0
83.64309506 2253.0
83.6539615 2200.0
83.66482794 2281.0
83.67569438 2292.0
83.68656082 2309.0
83.69742726 2294.0
83.7082937 2278.0
83.71916014 2307.0
83.73002658 2243.0
83.74089302 2200.0
83.75175945999999 2289.0
83.76262589999999 2224.0
83.77349233999999 2319.0
83.78435877999999 2227.0
83.79522521999999 2236.0
83.80609165999999 2217.0
83.8169581 2210.0
83.82782454 2289.0
83.83869098 2289.0
83.84955742 2214.0
83.86042386 2195.0
83.8712903 2270.0
83.88215674 2288.0
83.89302318 2343.0
83.90388962 2290.0
83.91475606 2259.0
83.92562249999999 2245.0
83.93648893999999 2277.0
83.94735537999999 2207.0
83.95822181999999 2262.0
83.96908825999999 2173.0
83.9799547 2240.0
83.99082114 2288.0
84.00168758 2237.0
84.01255402 2251.0
84.02342046 2278.0
84.0342869 2290.0
84.04515334 2235.0
84.05601978 2260.0
84.06688622 2260.0
84.07775266 2277.0
84.08861909999999 2259.0
84.09948553999999 2255.0
84.11035197999999 2149.0
84.12121841999999 2256.0
84.13208485999999 2246.0
84.1429513 2222.0
84.15381774 2259.0
84.16468418 2231.0
84.17555062 2329.0
84.18641706 2175.0
84.1972835 2232.0
84.20814994 2238.0
84.21901638 2204.0
84.22988282 2221.0
84.24074926 2291.0
84.2516157 2280.0
84.26248213999999 2259.0
84.27334857999999 2180.0
84.28421501999999 2181.0
84.29508145999999 2213.0
84.30594789999999 2160.0
84.31681434 2300.0
84.32768078 2263.0
84.33854722 2238.0
84.34941366 2180.0
84.3602801 2251.0
84.37114654 2363.0
84.38201298 2191.0
84.39287942 2304.0
84.40374586 2212.0
84.4146123 2233.0
84.42547873999999 2272.0
84.43634517999999 2244.0
84.44721161999999 2305.0
84.45807805999999 2306.0
84.46894449999999 2301.0
84.47981094 2244.0
84.49067738 2191.0
84.50154382 2297.0
84.51241026 2212.0
84.5232767 2201.0
84.53414314 2286.0
84.54500958 2238.0
84.55587602 2323.0
84.56674246 2236.0
84.5776089 2376.0
84.58847533999999 2257.0
84.59934177999999 2184.0
84.61020821999999 2233.0
84.62107465999999 2269.0
84.63194109999999 2265.0
84.64280753999999 2335.0
84.65367398 2305.0
84.66454042 2235.0
84.67540686 2258.0
84.6862733 2268.0
84.69713974 2211.0
84.70800618 2153.0
84.71887262 2279.0
84.72973906 2263.0
84.7406055 2184.0
84.75147194 2203.0
84.76233837999999 2240.0
84.77320481999999 2259.0
84.78407125999999 2357.0
84.79493769999999 2178.0
84.80580413999999 2235.0
84.81667058 2230.0
84.82753702 2223.0
84.83840346 2273.0
84.8492699 2279.0
84.86013634 2206.0
84.87100278 2256.0
84.88186922 2300.0
84.89273566 2215.0
84.9036021 2170.0
84.91446854 2356.0
84.92533497999999 2335.0
84.93620141999999 2189.0
84.94706785999999 2290.0
84.95793429999999 2282.0
84.96880073999999 2322.0
84.97966717999999 2239.0
84.99053362 2231.0
85.00140006 2235.0
85.0122665 2309.0
85.02313294 2171.0
85.03399938 2255.0
85.04486582 2238.0
85.05573226 2213.0
85.0665987 2251.0
85.07746514 2207.0
85.08833158 2192.0
85.09919801999999 2293.0
85.11006445999999 2179.0
85.12093089999999 2281.0
85.13179733999999 2140.0
85.14266377999999 2294.0
85.15353022 2227.0
85.16439666 2203.0
85.1752631 2255.0
85.18612954 2251.0
85.19699598 2279.0
85.20786242 2200.0
85.21872886 2260.0
85.2295953 2373.0
85.24046174 2300.0
85.25132818 2268.0
85.26219461999999 2338.0
85.27306105999999 2219.0
85.28392749999999 2239.0
85.29479393999999 2296.0
85.30566037999999 2216.0
85.31652681999999 2295.0
85.32739326 2257.0
85.3382597 2260.0
85.34912614 2226.0
85.35999258 2380.0
85.37085902 2248.0
85.38172546 2307.0
85.3925919 2272.0
85.40345834 2316.0
85.41432478 2269.0
85.42519122 2176.0
85.43605765999999 2335.0
85.44692409999999 2220.0
85.45779053999999 2257.0
85.46865697999999 2289.0
85.47952341999999 2309.0
85.49038986 2263.0
85.5012563 2208.0
85.51212274 2238.0
85.52298918 2255.0
85.53385562 2228.0
85.54472206 2278.0
85.5555885 2299.0
85.56645494 2287.0
85.57732138 2232.0
85.58818782 2263.0
85.59905425999999 2385.0
85.60992069999999 2246.0
85.62078713999999 2278.0
85.63165357999999 2252.0
85.64252001999999 2241.0
85.65338646 2246.0
85.6642529 2312.0
85.67511934 2388.0
85.68598578 2267.0
85.69685222 2342.0
85.70771866 2330.0
85.7185851 2305.0
85.72945154 2350.0
85.74031798 2260.0
85.75118442 2256.0
85.76205085999999 2234.0
85.77291729999999 2243.0
85.78378373999999 2297.0
85.79465017999999 2363.0
85.80551661999999 2266.0
85.81638305999999 2233.0
85.8272495 2245.0
85.83811594 2251.0
85.84898238 2288.0
85.85984882 2326.0
85.87071526 2355.0
85.8815817 2196.0
85.89244814 2334.0
85.90331458 2402.0
85.91418102 2354.0
85.92504746 2337.0
85.93591389999999 2299.0
85.94678033999999 2269.0
85.95764677999999 2344.0
85.96851321999999 2373.0
85.97937965999999 2437.0
85.9902461 2351.0
86.00111254 2374.0
86.01197898 2396.0
86.02284542 2270.0
86.03371186 2391.0
86.0445783 2464.0
86.05544474 2479.0
86.06631118 2461.0
86.07717762 2470.0
86.08804406 2415.0
86.09891049999999 2460.0
86.10977693999999 2598.0
86.12064337999999 2510.0
86.13150981999999 2519.0
86.14237625999999 2574.0
86.15324269999999 2460.0
86.16410914 2546.0
86.17497558 2535.0
86.18584202 2625.0
86.19670846 2603.0
86.2075749 2605.0
86.21844134 2604.0
86.22930778 2667.0
86.24017422 2549.0
86.25104066 2608.0
86.2619071 2687.0
86.27277353999999 2522.0
86.28363997999999 2602.0
86.29450641999999 2638.0
86.30537285999999 2496.0
86.31623929999999 2576.0
86.32710574 2515.0
86.33797218 2539.0
86.34883862 2497.0
86.35970506 2491.0
86.3705715 2480.0
86.38143794 2527.0
86.39230438 2525.0
86.40317082 2468.0
86.41403726 2576.0
86.4249037 2463.0
86.43577013999999 2552.0
86.44663657999999 2496.0
86.45750301999999 2498.0
86.46836945999999 2449.0
86.47923589999999 2446.0
86.49010233999999 2372.0
86.50096878 2469.0
86.51183522 2487.0
86.52270166 2537.0
86.5335681 2434.0
86.54443454 2499.0
86.55530098 2409.0
86.56616742 2430.0
86.57703386 2362.0
86.5879003 2342.0
86.59876674 2464.0
86.60963317999999 2358.0
86.62049961999999 2360.0
86.63136605999999 2357.0
86.64223249999999 2354.0
86.65309893999999 2265.0
86.66396538 2299.0
86.67483182 2344.0
86.68569826 2318.0
86.6965647 2244.0
86.70743114 2341.0
86.71829758 2319.0
86.72916402 2322.0
86.74003046 2346.0
86.7508969 2328.0
86.76176334 2260.0
86.77262977999999 2344.0
86.78349621999999 2297.0
86.79436265999999 2291.0
86.80522909999999 2290.0
86.81609553999999 2264.0
86.82696198 2132.0
86.83782842 2256.0
86.84869486 2244.0
86.8595613 2223.0
86.87042774 2254.0
86.88129418 2249.0
86.89216062 2318.0
86.90302706 2362.0
86.9138935 2319.0
86.92475994 2258.0
86.93562637999999 2244.0
86.94649281999999 2275.0
86.95735925999999 2227.0
86.96822569999999 2271.0
86.97909213999999 2291.0
86.98995857999999 2231.0
87.00082502 2281.0
87.01169146 2266.0
87.0225579 2267.0
87.03342434 2289.0
87.04429078 2312.0
87.05515722 2249.0
87.06602366 2313.0
87.0768901 2186.0
87.08775654 2295.0
87.09862298 2263.0
87.10948941999999 2299.0
87.12035585999999 2266.0
87.13122229999999 2235.0
87.14208873999999 2304.0
87.15295517999999 2266.0
87.16382162 2313.0
87.17468806 2365.0
87.1855545 2205.0
87.19642094 2274.0
87.20728738 2241.0
87.21815382 2262.0
87.22902026 2229.0
87.2398867 2238.0
87.25075314 2236.0
87.26161958 2222.0
87.27248601999999 2240.0
87.28335245999999 2263.0
87.29421889999999 2341.0
87.30508533999999 2271.0
87.31595177999999 2272.0
87.32681821999999 2300.0
87.33768466 2234.0
87.3485511 2201.0
87.35941754 2368.0
87.37028398 2249.0
87.38115042 2317.0
87.39201686 2262.0
87.4028833 2194.0
87.41374974 2199.0
87.42461618 2301.0
87.43548262 2222.0
87.44634905999999 2214.0
87.45721549999999 2281.0
87.46808193999999 2267.0
87.47894837999999 2297.0
87.48981481999999 2252.0
87.50068126 2259.0
87.5115477 2342.0
87.52241414 2200.0
87.53328058 2301.0
87.54414702 2243.0
87.55501346 2323.0
87.5658799 2266.0
87.57674634 2291.0
87.58761278 2266.0
87.59847922 2293.0
87.60934565999999 2267.0
87.62021209999999 2195.0
87.63107853999999 2351.0
87.64194497999999 2282.0
87.65281141999999 2297.0
87.66367785999999 2272.0
87.6745443 2280.0
87.68541074 2303.0
87.69627718 2337.0
87.70714362 2287.0
87.71801006 2294.0
87.7288765 2200.0
87.73974294 2320.0
87.75060938 2319.0
87.76147582 2353.0
87.77234226 2303.0
87.78320869999999 2252.0
87.79407513999999 2264.0
87.80494157999999 2336.0
87.81580801999999 2294.0
87.82667445999999 2235.0
87.8375409 2184.0
87.84840734 2418.0
87.85927378 2248.0
87.87014022 2292.0
87.88100666 2296.0
87.8918731 2165.0
87.90273954 2325.0
87.91360598 2270.0
87.92447242 2266.0
87.93533886 2317.0
87.94620529999999 2303.0
87.95707173999999 2258.0
87.96793817999999 2261.0
87.97880461999999 2292.0
87.98967105999999 2251.0
88.0005375 2251.0
88.01140394 2287.0
88.02227038 2293.0
88.03313682 2272.0
88.04400326 2272.0
88.0548697 2280.0
88.06573614 2239.0
88.07660258 2354.0
88.08746902 2294.0
88.09833546 2263.0
88.10920189999999 2279.0
88.12006833999999 2213.0
88.13093477999999 2246.0
88.14180121999999 2380.0
88.15266765999999 2264.0
88.16353409999999 2345.0
88.17440054 2390.0
88.18526698 2262.0
88.19613342 2244.0
88.20699986 2282.0
88.2178663 2298.0
88.22873274 2254.0
88.23959918 2311.0
88.25046562 2306.0
88.26133206 2259.0
88.2721985 2279.0
88.28306493999999 2263.0
88.29393137999999 2223.0
88.30479781999999 2272.0
88.31566425999999 2286.0
88.32653069999999 2262.0
88.33739714 2348.0
88.34826358 2273.0
88.35913002 2300.0
88.36999646 2247.0
88.3808629 2317.0
88.39172934 2312.0
88.40259578 2307.0
88.41346222 2205.0
88.42432866 2232.0
88.4351951 2293.0
88.44606153999999 2283.0
88.45692797999999 2280.0
88.46779441999999 2342.0
88.47866085999999 2355.0
88.48952729999999 2309.0
88.50039373999999 2315.0
88.51126018 2387.0
88.52212662 2313.0
88.53299306 2412.0
88.5438595 2303.0
88.55472594 2387.0
88.56559238 2434.0
88.57645882 2374.0
88.58732526 2372.0
88.5981917 2363.0
88.60905814 2308.0
88.61992457999999 2327.0
88.63079101999999 2342.0
88.64165745999999 2435.0
88.65252389999999 2287.0
88.66339033999999 2376.0
88.67425678 2409.0
88.68512322 2358.0
88.69598966 2447.0
88.7068561 2415.0
88.71772254 2330.0
88.72858898 2457.0
88.73945542 2454.0
88.75032186 2447.0
88.7611883 2422.0
88.77205474 2412.0
88.78292117999999 2490.0
88.79378761999999 2453.0
88.80465405999999 2465.0
88.81552049999999 2597.0
88.82638693999999 2538.0
88.83725337999999 2623.0
88.84811982 2605.0
88.85898626 2496.0
88.8698527 2622.0
88.88071914 2656.0
88.89158558 2686.0
88.90245202 2749.0
88.91331846 2808.0
88.9241849 2813.0
88.93505134 2923.0
88.94591778 2961.0
88.95678421999999 2900.0
88.96765065999999 3085.0
88.97851709999999 3117.0
88.98938353999999 3051.0
89.00024997999999 3148.0
89.01111642 3232.0
89.02198286 3186.0
89.0328493 3282.0
89.04371574 3247.0
89.05458218 3413.0
89.06544862 3390.0
89.07631506 3514.0
89.0871815 3360.0
89.09804794 3385.0
89.10891438 3270.0
89.11978081999999 3257.0
89.13064725999999 3350.0
89.14151369999999 3297.0
89.15238013999999 3362.0
89.16324657999999 3212.0
89.17411302 3186.0
89.18497946 3031.0
89.1958459 3075.0
89.20671234 3026.0
89.21757878 3077.0
89.22844522 3061.0
89.23931166 2992.0
89.2501781 3019.0
89.26104454 2989.0
89.27191098 2922.0
89.28277741999999 2839.0
89.29364385999999 2916.0
89.30451029999999 2949.0
89.31537673999999 2882.0
89.32624317999999 2948.0
89.33710961999999 3007.0
89.34797606 2990.0
89.3588425 2806.0
89.36970894 2874.0
89.38057538 2914.0
89.39144182 2894.0
89.40230826 2757.0
89.4131747 2785.0
89.42404114 2807.0
89.43490758 2671.0
89.44577402 2742.0
89.45664045999999 2700.0
89.46750689999999 2592.0
89.47837333999999 2597.0
89.48923977999999 2633.0
89.50010621999999 2575.0
89.51097266 2613.0
89.5218391 2527.0
89.53270554 2405.0
89.54357198 2507.0
89.55443842 2531.0
89.56530486 2340.0
89.5761713 2364.0
89.58703774 2397.0
89.59790418 2384.0
89.60877062 2399.0
89.61963705999999 2458.0
89.63050349999999 2314.0
89.64136993999999 2428.0
89.65223637999999 2371.0
89.66310281999999 2321.0
89.67396925999999 2292.0
89.6848357 2274.0
89.69570214 2349.0
89.70656858 2331.0
89.71743502 2353.0
89.72830146 2384.0
89.7391679 2293.0
89.75003434 2359.0
89.76090078 2345.0
89.77176722 2347.0
89.78263366 2342.0
89.79350009999999 2409.0
89.80436653999999 2333.0
89.81523297999999 2359.0
89.82609941999999 2252.0
89.83696585999999 2325.0
89.8478323 2253.0
89.85869874 2338.0
89.86956518 2336.0
89.88043162 2285.0
89.89129806 2292.0
89.9021645 2252.0
89.91303094 2318.0
89.92389738 2325.0
89.93476382 2278.0
89.94563026 2313.0
89.95649669999999 2244.0
89.96736313999999 2341.0
89.97822957999999 2193.0
89.98909601999999 2237.0
89.99996245999999 2349.0
90.01082889999999 2317.0
90.02169534 2238.0
90.03256178 2346.0
90.04342822 2290.0
90.05429466 2271.0
90.0651611 2316.0
90.07602754 2286.0
90.08689398 2238.0
90.09776042 2350.0
90.10862686 2209.0
90.1194933 2227.0
90.13035973999999 2238.0
90.14122617999999 2247.0
90.15209261999999 2349.0
90.16295905999999 2276.0
90.17382549999999 2236.0
90.18469194 2297.0
90.19555838 2298.0
90.20642482 2259.0
90.21729126 2271.0
90.2281577 2267.0
90.23902414 2317.0
90.24989058 2320.0
90.26075702 2289.0
90.27162346 2252.0
90.2824899 2301.0
90.29335633999999 2278.0
90.30422277999999 2350.0
90.31508921999999 2270.0
90.32595565999999 2327.0
90.33682209999999 2291.0
90.34768854 2182.0
90.35855498 2268.0
90.36942142 2248.0
90.38028786 2240.0
90.3911543 2274.0
90.40202074 2326.0
90.41288718 2338.0
90.42375362 2183.0
90.43462006 2265.0
90.4454865 2268.0
90.45635293999999 2287.0
90.46721937999999 2299.0
90.47808581999999 2232.0
90.48895225999999 2325.0
90.49981869999999 2298.0
90.51068513999999 2221.0
90.52155158 2294.0
90.53241802 2299.0
90.54328446 2295.0
90.5541509 2305.0
90.56501734 2261.0
90.57588378 2287.0
90.58675022 2311.0
90.59761666 2320.0
90.6084831 2294.0
90.61934954 2233.0
90.63021597999999 2188.0
90.64108241999999 2263.0
90.65194885999999 2321.0
90.66281529999999 2258.0
90.67368173999999 2305.0
90.68454818 2289.0
90.69541462 2343.0
90.70628106 2315.0
90.7171475 2401.0
90.72801394 2208.0
90.73888038 2232.0
90.74974682 2242.0
90.76061326 2359.0
90.7714797 2289.0
90.78234614 2184.0
90.79321257999999 2388.0
90.80407901999999 2341.0
90.81494545999999 2265.0
90.82581189999999 2255.0
90.83667833999999 2268.0
90.84754477999999 2264.0
90.85841122 2210.0
90.86927766 2353.0
90.8801441 2288.0
90.89101054 2277.0
90.90187698 2283.0
90.91274342 2342.0
90.92360986 2236.0
90.9344763 2244.0
90.94534274 2324.0
90.95620918 2242.0
90.96707561999999 2301.0
90.97794205999999 2247.0
90.98880849999999 2254.0
90.99967493999999 2260.0
91.01054137999999 2316.0
91.02140782 2320.0
91.03227426 2348.0
91.0431407 2252.0
91.05400714 2289.0
91.06487358 2344.0
91.07574002 2258.0
91.08660646 2240.0
91.0974729 2271.0
91.10833934 2238.0
91.11920578 2250.0
91.13007221999999 2218.0
91.14093865999999 2314.0
91.15180509999999 2297.0
91.16267153999999 2318.0
91.17353797999999 2236.0
91.18440441999999 2242.0
91.19527086 2280.0
91.2061373 2286.0
91.21700374 2265.0
91.22787018 2240.0
91.23873662 2273.0
91.24960306 2247.0
91.2604695 2330.0
91.27133594 2226.0
91.28220238 2229.0
91.29306882 2368.0
91.30393525999999 2280.0
91.31480169999999 2332.0
91.32566813999999 2300.0
91.33653457999999 2258.0
91.34740101999999 2356.0
91.35826746 2266.0
91.3691339 2376.0
91.38000034 2315.0
91.39086678 2279.0
91.40173322 2319.0
91.41259966 2267.0
91.4234661 2249.0
91.43433254 2189.0
91.44519898 2175.0
91.45606542 2294.0
91.46693185999999 2193.0
91.47779829999999 2193.0
91.48866473999999 2268.0
91.49953117999999 2273.0
91.51039761999999 2204.0
91.52126406 2343.0
91.5321305 2270.0
91.54299694 2253.0
91.55386338 2266.0
91.56472982 2244.0
91.57559626 2258.0
91.5864627 2289.0
91.59732914 2225.0
91.60819558 2298.0
91.61906202 2195.0
91.62992845999999 2288.0
91.64079489999999 2373.0
91.65166133999999 2228.0
91.66252777999999 2157.0
91.67339421999999 2300.0
91.68426065999999 2235.0
91.6951271 2342.0
91.70599354 2264.0
91.71685998 2281.0
91.72772642 2241.0
91.73859286 2330.0
91.7494593 2323.0
91.76032574 2321.0
91.77119218 2286.0
91.78205862 2213.0
91.79292506 2254.0
91.80379149999999 2270.0
91.81465793999999 2293.0
91.82552437999999 2388.0
91.83639081999999 2349.0
91.84725725999999 2381.0
91.8581237 2264.0
91.86899014 2260.0
91.87985658 2287.0
91.89072302 2401.0
91.90158946 2267.0
91.9124559 2217.0
91.92332234 2258.0
91.93418878 2208.0
91.94505522 2307.0
91.95592166 2326.0
91.96678809999999 2339.0
91.97765453999999 2304.0
91.98852097999999 2300.0
91.99938741999999 2236.0
92.01025385999999 2243.0
92.02112029999999 2280.0
92.03198674 2257.0
92.04285318 2239.0
92.05371962 2301.0
92.06458606 2241.0
92.0754525 2301.0
92.08631894 2209.0
92.09718538 2243.0
92.10805182 2273.0
92.11891826 2293.0
92.1297847 2258.0
92.14065113999999 2257.0
92.15151757999999 2176.0
92.16238401999999 2259.0
92.17325045999999 2213.0
92.18411689999999 2377.0
92.19498334 2303.0
92.20584978 2302.0
92.21671622 2303.0
92.22758266 2197.0
92.2384491 2283.0
92.24931554 2274.0
92.26018198 2230.0
92.27104842 2187.0
92.28191486 2248.0
92.2927813 2285.0
92.30364773999999 2241.0
92.31451417999999 2276.0
92.32538061999999 2260.0
92.33624705999999 2251.0
92.34711349999999 2252.0
92.35797993999999 2286.0
92.36884638 2198.0
92.37971282 2152.0
92.39057926 2328.0
92.4014457 2301.0
92.41231214 2344.0
92.42317858 2224.0
92.43404502 2304.0
92.44491146 2264.0
92.4557779 2270.0
92.46664434 2295.0
92.47751077999999 2260.0
92.48837721999999 2328.0
92.49924365999999 2221.0
92.51011009999999 2184.0
92.52097653999999 2295.0
92.53184298 2349.0
92.54270942 2262.0
92.55357586 2246.0
92.5644423 2343.0
92.57530874 2259.0
92.58617518 2272.0
92.59704162 2239.0
92.60790806 2301.0
92.6187745 2374.0
92.62964094 2290.0
92.64050737999999 2250.0
92.65137381999999 2263.0
92.66224025999999 2249.0
92.67310669999999 2274.0
92.68397313999999 2315.0
92.69483958 2240.0
92.70570602 2283.0
92.71657246 2283.0
92.7274389 2274.0
92.73830534 2297.0
92.74917178 2314.0
92.76003822 2264.0
92.77090466 2164.0
92.7817711 2261.0
92.79263754 2334.0
92.80350397999999 2259.0
92.81437041999999 2284.0
92.82523685999999 2252.0
92.83610329999999 2227.0
92.84696973999999 2273.0
92.85783617999999 2263.0
92.86870262 2229.0
92.87956906 2231.0
92.8904355 2287.0
92.90130194 2307.0
92.91216838 2310.0
92.92303482 2168.0
92.93390126 2248.0
92.9447677 2292.0
92.95563414 2250.0
92.96650058 2279.0
92.97736701999999 2273.0
92.98823345999999 2202.0
92.99909989999999 2329.0
93.00996633999999 2257.0
93.02083277999999 2323.0
93.03169922 2264.0
93.04256566 2356.0
93.0534321 2314.0
93.06429854 2231.0
93.07516498 2372.0
93.08603142 2305.0
93.09689786 2322.0
93.1077643 2294.0
93.11863074 2269.0
93.12949718 2341.0
93.14036361999999 2201.0
93.15123005999999 2219.0
93.16209649999999 2304.0
93.17296293999999 2348.0
93.18382937999999 2335.0
93.19469581999999 2188.0
93.20556226 2272.0
93.2164287 2274.0
93.22729514 2343.0
93.23816158 2207.0
93.24902802 2216.0
93.25989446 2347.0
93.2707609 2318.0
93.28162734 2282.0
93.29249378 2394.0
93.30336022 2290.0
93.31422665999999 2312.0
93.32509309999999 2256.0
93.33595953999999 2281.0
93.34682597999999 2286.0
93.35769241999999 2307.0
93.36855886 2345.0
93.3794253 2325.0
93.39029174 2302.0
93.40115818 2339.0
93.41202462 2439.0
93.42289106 2268.0
93.4337575 2309.0
93.44462394 2332.0
93.45549038 2304.0
93.46635682 2310.0
93.47722325999999 2420.0
93.48808969999999 2321.0
93.49895613999999 2339.0
93.50982257999999 2293.0
93.52068901999999 2339.0
93.53155545999999 2220.0
93.5424219 2342.0
93.55328834 2395.0
93.56415478 2431.0
93.57502122 2425.0
93.58588766 2443.0
93.5967541 2388.0
93.60762054 2419.0
93.61848698 2401.0
93.62935342 2497.0
93.64021986 2443.0
93.65108629999999 2432.0
93.66195273999999 2412.0
93.67281917999999 2447.0
93.68368561999999 2511.0
93.69455205999999 2581.0
93.7054185 2508.0
93.71628494 2530.0
93.72715138 2545.0
93.73801782 2542.0
93.74888426 2527.0
93.7597507 2579.0
93.77061714 2610.0
93.78148358 2618.0
93.79235002 2640.0
93.80321646 2536.0
93.81408289999999 2661.0
93.82494933999999 2546.0
93.83581577999999 2606.0
93.84668221999999 2647.0
93.85754865999999 2680.0
93.86841509999999 2702.0
93.87928154 2554.0
93.89014798 2554.0
93.90101442 2575.0
93.91188086 2604.0
93.9227473 2584.0
93.93361374 2605.0
93.94448018 2541.0
93.95534662 2523.0
93.96621306 2562.0
93.97707949999999 2602.0
93.98794593999999 2471.0
93.99881237999999 2578.0
94.00967881999999 2491.0
94.02054525999999 2517.0
94.03141169999999 2489.0
94.04227814 2517.0
94.05314458 2512.0
94.06401102 2488.0
94.07487746 2510.0
94.0857439 2535.0
94.09661034 2424.0
94.10747678 2492.0
94.11834322 2508.0
94.12920966 2473.0
94.1400761 2544.0
94.15094253999999 2434.0
94.16180897999999 2526.0
94.17267541999999 2510.0
94.18354185999999 2459.0
94.19440829999999 2415.0
94.20527474 2469.0
94.21614118 2379.0
94.22700762 2428.0
94.23787406 2340.0
94.2487405 2377.0
94.25960694 2424.0
94.27047338 2266.0
94.28133982 2395.0
94.29220626 2426.0
94.3030727 2400.0
94.31393913999999 2340.0
94.32480557999999 2413.0
94.33567201999999 2255.0
94.34653845999999 2321.0
94.35740489999999 2350.0
94.36827133999999 2334.0
94.37913778 2269.0
94.39000422 2321.0
94.40087066 2348.0
94.4117371 2314.0
94.42260354 2282.0
94.43346998 2313.0
94.44433642 2259.0
94.45520286 2343.0
94.4660693 2278.0
94.47693574 2316.0
94.48780217999999 2241.0
94.49866861999999 2288.0
94.50953505999999 2303.0
94.52040149999999 2233.0
94.53126793999999 2337.0
94.54213438 2219.0
94.55300082 2284.0
94.56386726 2352.0
94.5747337 2269.0
94.58560014 2290.0
94.59646658 2316.0
94.60733302 2326.0
94.61819946 2301.0
94.6290659 2252.0
94.63993234 2330.0
94.65079877999999 2335.0
94.66166521999999 2199.0
94.67253165999999 2355.0
94.68339809999999 2296.0
94.69426453999999 2178.0
94.70513097999999 2238.0
94.71599742 2319.0
94.72686386 2264.0
94.7377303 2218.0
94.74859674 2245.0
94.75946318 2343.0
94.77032962 2290.0
94.78119606 2259.0
94.7920625 2241.0
94.80292894 2269.0
94.81379538 2284.0
94.82466181999999 2157.0
94.83552825999999 2285.0
94.84639469999999 2264.0
94.85726113999999 2296.0
94.86812757999999 2271.0
94.87899402 2276.0
94.88986046 2347.0
94.9007269 2268.0
94.91159334 2279.0
94.92245978 2283.0
94.93332622 2254.0
94.94419266 2280.0
94.9550591 2220.0
94.96592554 2315.0
94.97679198 2277.0
94.98765841999999 2312.0
94.99852485999999 2323.0
95.00939129999999 2308.0
95.02025773999999 2341.0
95.03112417999999 2209.0
95.04199061999999 2286.0
95.05285706 2314.0
95.0637235 2319.0
95.07458994 2202.0
95.08545638 2338.0
95.09632282 2304.0
95.10718926 2216.0
95.1180557 2265.0
95.12892214 2263.0
95.13978858 2234.0
95.15065501999999 2211.0
95.16152145999999 2237.0
95.17238789999999 2358.0
95.18325433999999 2366.0
95.19412077999999 2267.0
95.20498721999999 2240.0
95.21585366 2200.0
95.2267201 2343.0
95.23758654 2303.0
95.24845298 2280.0
95.25931942 2311.0
95.27018586 2227.0
95.2810523 2348.0
95.29191874 2217.0
95.30278518 2351.0
95.31365162 2204.0
95.32451805999999 2303.0
95.33538449999999 2216.0
95.34625093999999 2262.0
95.35711737999999 2220.0
95.36798381999999 2197.0
95.37885026 2302.0
95.3897167 2323.0
95.40058314 2268.0
95.41144958 2232.0
95.42231602 2265.0
95.43318246 2256.0
95.4440489 2250.0
95.45491534 2260.0
95.46578178 2198.0
95.47664822 2344.0
95.48751465999999 2441.0
95.49838109999999 2227.0
95.50924753999999 2327.0
95.52011397999999 2224.0
95.53098041999999 2262.0
95.54184685999999 2305.0
95.5527133 2210.0
95.56357974 2250.0
95.57444618 2285.0
95.58531262 2335.0
95.59617906 2257.0
95.6070455 2301.0
95.61791194 2293.0
95.62877838 2170.0
95.63964482 2366.0
95.65051126 2217.0
95.66137769999999 2287.0
95.67224413999999 2241.0
95.68311057999999 2240.0
95.69397701999999 2258.0
95.70484345999999 2249.0
95.7157099 2287.0
95.72657634 2235.0
95.73744278 2217.0
95.74830922 2292.0
95.75917566 2234.0
95.7700421 2297.0
95.78090854 2252.0
95.79177498 2253.0
95.80264142 2277.0
95.81350786 2254.0
95.82437429999999 2247.0
95.83524073999999 2345.0
95.84610717999999 2331.0
95.85697361999999 2255.0
95.86784005999999 2245.0
95.87870649999999 2286.0
95.88957294 2275.0
95.90043938 2295.0
95.91130582 2323.0
95.92217226 2265.0
95.9330387 2209.0
95.94390514 2199.0
95.95477158 2341.0
95.96563802 2255.0
95.97650446 2260.0
95.9873709 2287.0
95.99823733999999 2260.0
96.00910377999999 2274.0
96.01997021999999 2163.0
96.03083665999999 2269.0
96.04170309999999 2187.0
96.05256954 2325.0
96.06343598 2192.0
96.07430242 2293.0
96.08516886 2306.0
96.0960353 2290.0
96.10690174 2166.0
96.11776818 2235.0
96.12863462 2290.0
96.13950106 2236.0
96.1503675 2346.0
96.16123393999999 2247.0
96.17210037999999 2284.0
96.18296681999999 2229.0
96.19383325999999 2277.0
96.20469969999999 2316.0
96.21556613999999 2247.0
96.22643258 2286.0
96.23729902 2341.0
96.24816546 2190.0
96.2590319 2303.0
96.26989834 2201.0
96.28076478 2221.0
96.29163122 2300.0
96.30249766 2277.0
96.3133641 2273.0
96.32423053999999 2215.0
96.33509697999999 2234.0
96.34596341999999 2302.0
96.35682985999999 2285.0
96.36769629999999 2356.0
96.37856273999999 2213.0
96.38942918 2343.0
96.40029562 2222.0
96.41116206 2283.0
96.4220285 2292.0
96.43289494 2282.0
96.44376138 2266.0
96.45462782 2261.0
96.46549426 2236.0
96.4763607 2400.0
96.48722714 2228.0
96.49809357999999 2233.0
96.50896001999999 2357.0
96.51982645999999 2256.0
96.53069289999999 2200.0
96.54155933999999 2258.0
96.55242578 2225.0
96.56329222 2277.0
96.57415866 2341.0
96.5850251 2248.0
96.59589154 2237.0
96.60675798 2325.0
96.61762442 2361.0
96.62849086 2296.0
96.6393573 2329.0
96.65022374 2308.0
96.66109017999999 2241.0
96.67195661999999 2279.0
96.68282305999999 2261.0
96.69368949999999 2333.0
96.70455593999999 2303.0
96.71542237999999 2227.0
96.72628882 2267.0
96.73715526 2312.0
96.7480217 2183.0
96.75888814 2313.0
96.76975458 2254.0
96.78062102 2214.0
96.79148746 2309.0
96.8023539 2275.0
96.81322034 2318.0
96.82408678 2267.0
96.83495321999999 2237.0
96.84581965999999 2308.0
96.85668609999999 2235.0
96.86755253999999 2315.0
96.87841897999999 2332.0
96.88928542 2275.0
96.90015186 2290.0
96.9110183 2217.0
96.92188474 2253.0
96.93275118 2322.0
96.94361762 2207.0
96.95448406 2254.0
96.9653505 2284.0
96.97621694 2334.0
96.98708338 2247.0
96.99794981999999 2276.0
97.00881625999999 2267.0
97.01968269999999 2295.0
97.03054913999999 2331.0
97.04141557999999 2248.0
97.05228201999999 2194.0
97.06314846 2209.0
97.0740149 2332.0
97.08488134 2211.0
97.09574778 2301.0
97.10661422 2234.0
97.11748066 2207.0
97.1283471 2292.0
97.13921354 2293.0
97.15007998 2288.0
97.16094642 2345.0
97.17181285999999 2266.0
97.18267929999999 2284.0
97.19354573999999 2239.0
97.20441217999999 2211.0
97.21527861999999 2328.0
97.22614506 2280.0
97.2370115 2304.0
97.24787794 2359.0
97.25874438 2174.0
97.26961082 2316.0
97.28047726 2313.0
97.2913437 2291.0
97.30221014 2302.0
97.31307658 2327.0
97.32394302 2254.0
97.33480945999999 2275.0
97.34567589999999 2241.0
97.35654233999999 2214.0
97.36740877999999 2352.0
97.37827521999999 2290.0
97.38914165999999 2149.0
97.4000081 2250.0
97.41087454 2337.0
97.42174098 2281.0
97.43260742 2246.0
97.44347386 2294.0
97.4543403 2227.0
97.46520674 2208.0
97.47607318 2207.0
97.48693962 2327.0
97.49780605999999 2276.0
97.50867249999999 2229.0
97.51953893999999 2294.0
97.53040537999999 2296.0
97.54127181999999 2219.0
97.55213825999999 2246.0
97.5630047 2172.0
97.57387114 2282.0
97.58473758 2283.0
97.59560402 2296.0
97.60647046 2290.0
97.6173369 2284.0
97.62820334 2273.0
97.63906978 2237.0
97.64993622 2213.0
97.66080266 2195.0
97.67166909999999 2263.0
97.68253553999999 2323.0
97.69340197999999 2276.0
97.70426841999999 2267.0
97.71513485999999 2229.0
97.7260013 2255.0
97.73686774 2252.0
97.74773418 2203.0
97.75860062 2298.0
97.76946706 2385.0
97.7803335 2213.0
97.79119994 2244.0
97.80206638 2266.0
97.81293282 2281.0
97.82379926 2244.0
97.83466569999999 2258.0
97.84553213999999 2273.0
97.85639857999999 2271.0
97.86726501999999 2414.0
97.87813145999999 2202.0
97.88899789999999 2247.0
97.89986434 2230.0
97.91073078 2240.0
97.92159722 2391.0
97.93246366 2257.0
97.9433301 2252.0
97.95419654 2218.0
97.96506298 2159.0
97.97592942 2224.0
97.98679586 2225.0
97.9976623 2239.0
98.00852873999999 2189.0
98.01939517999999 2299.0
98.03026161999999 2280.0
98.04112805999999 2316.0
98.05199449999999 2241.0
98.06286094 2223.0
98.07372738 2296.0
98.08459382 2321.0
98.09546026 2270.0
98.1063267 2225.0
98.11719314 2334.0
98.12805958 2211.0
98.13892602 2220.0
98.14979246 2205.0
98.1606589 2213.0
98.17152533999999 2284.0
98.18239177999999 2348.0
98.19325821999999 2299.0
98.20412465999999 2248.0
98.21499109999999 2286.0
98.22585753999999 2345.0
98.23672398 2247.0
98.24759042 2203.0
98.25845686 2302.0
98.2693233 2256.0
98.28018974 2246.0
98.29105618 2264.0
98.30192262 2302.0
98.31278906 2253.0
98.3236555 2331.0
98.33452194 2249.0
98.34538837999999 2302.0
98.35625481999999 2362.0
98.36712125999999 2241.0
98.37798769999999 2260.0
98.38885413999999 2370.0
98.39972058 2275.0
98.41058702 2271.0
98.42145346 2323.0
98.4323199 2275.0
98.44318634 2269.0
98.45405278 2258.0
98.46491922 2304.0
98.47578566 2248.0
98.4866521 2354.0
98.49751854 2261.0
98.50838497999999 2271.0
98.51925141999999 2188.0
98.53011785999999 2347.0
98.54098429999999 2312.0
98.55185073999999 2321.0
98.56271717999999 2263.0
98.57358362 2285.0
98.58445006 2259.0
98.5953165 2221.0
98.60618294 2279.0
98.61704938 2243.0
98.62791582 2234.0
98.63878226 2247.0
98.6496487 2257.0
98.66051514 2197.0
98.67138157999999 2335.0
98.68224801999999 2293.0
98.69311445999999 2286.0
98.70398089999999 2379.0
98.71484733999999 2318.0
98.72571377999999 2239.0
98.73658022 2167.0
98.74744666 2424.0
98.7583131 2309.0
98.76917954 2230.0
98.78004598 2252.0
98.79091242 2253.0
98.80177886 2231.0
98.8126453 2269.0
98.82351174 2387.0
98.83437818 2213.0
98.84524461999999 2281.0
98.85611105999999 2223.0
98.86697749999999 2162.0
98.87784393999999 2318.0
98.88871037999999 2313.0
98.89957682 2310.0
98.91044326 2291.0
98.9213097 2273.0
98.93217614 2338.0
98.94304258 2237.0
98.95390902 2263.0
98.96477546 2234.0
98.9756419 2380.0
98.98650834 2355.0
98.99737478 2233.0
99.00824121999999 2273.0
99.01910765999999 2220.0
99.02997409999999 2193.0
99.04084053999999 2340.0
99.05170697999999 2320.0
99.06257341999999 2310.0
99.07343986 2289.0
99.0843063 2327.0
99.09517274 2237.0
99.10603918 2275.0
99.11690562 2249.0
99.12777206 2300.0
99.1386385 2269.0
99.14950494 2270.0
99.16037138 2273.0
99.17123782 2294.0
99.18210425999999 2227.0
99.19297069999999 2286.0
99.20383713999999 2349.0
99.21470357999999 2262.0
99.22557001999999 2326.0
99.23643646 2246.0
99.2473029 2310.0
99.25816934 2269.0
99.26903578 2234.0
99.27990222 2275.0
99.29076866 2280.0
99.3016351 2328.0
99.31250154 2357.0
99.32336798 2252.0
99.33423442 2245.0
99.34510085999999 2251.0
99.35596729999999 2244.0
99.36683373999999 2186.0
99.37770017999999 2257.0
99.38856661999999 2234.0
99.39943305999999 2262.0
99.4102995 2345.0
99.42116594 2284.0
99.43203238 2170.0
99.44289882 2198.0
99.45376526 2345.0
99.4646317 2252.0
99.47549814 2219.0
99.48636458 2225.0
99.49723102 2329.0
99.50809745999999 2351.0
99.51896389999999 2277.0
99.52983033999999 2264.0
99.54069677999999 2260.0
99.55156321999999 2256.0
99.56242965999999 2266.0
99.5732961 2243.0
99.58416254 2284.0
99.59502898 2370.0
99.60589542 2299.0
99.61676186 2306.0
99.6276283 2233.0
99.63849474 2233.0
99.64936118 2150.0
99.66022762 2285.0
99.67109406 2226.0
99.68196049999999 2241.0
99.69282693999999 2279.0
99.70369337999999 2256.0
99.71455981999999 2243.0
99.72542625999999 2205.0
99.73629269999999 2280.0
99.74715914 2244.0
99.75802558 2242.0
99.76889202 2319.0
99.77975846 2335.0
99.7906249 2355.0
99.80149134 2266.0
99.81235778 2326.0
99.82322422 2227.0
99.83409066 2292.0
99.84495709999999 2299.0
99.85582353999999 2277.0
99.86668997999999 2351.0
99.87755641999999 2259.0
99.88842285999999 2269.0
99.89928929999999 2367.0
99.91015574 2275.0
99.92102218 2294.0
99.93188862 2317.0
99.94275506 2252.0
99.9536215 2317.0
99.96448794 2345.0
99.97535438 2329.0
99.98622082 2284.0
99.99708726 2238.0
100.0079537 2187.0
100.01882013999999 2245.0
100.02968657999999 2315.0
100.04055301999999 2283.0
100.05141945999999 2288.0
100.06228589999999 2306.0
100.07315234 2279.0
100.08401878 2338.0
100.09488522 2299.0
