9.99043322 4413.0
10.001299659999999 4356.0
10.0121661 4349.0
10.023032539999999 4570.0
10.03389898 4318.0
10.04476542 4462.0
10.05563186 4352.0
10.0664983 4277.0
10.07736474 4423.0
10.08823118 4447.0
10.09909762 4419.0
10.10996406 4342.0
10.1208305 4321.0
10.13169694 4331.0
10.14256338 4300.0
10.15342982 4294.0
10.16429626 4419.0
10.1751627 4180.0
10.18602914 4509.0
10.19689558 4373.0
10.20776202 4290.0
10.21862846 4331.0
10.2294949 4405.0
10.24036134 4244.0
10.25122778 4350.0
10.26209422 4420.0
10.27296066 4245.0
10.2838271 4417.0
10.294693539999999 4279.0
10.30555998 4375.0
10.316426419999999 4266.0
10.32729286 4364.0
10.3381593 4331.0
10.34902574 4423.0
10.35989218 4176.0
10.37075862 4326.0
10.38162506 4279.0
10.3924915 4190.0
10.40335794 4278.0
10.41422438 4258.0
10.42509082 4127.0
10.43595726 4314.0
10.4468237 4205.0
10.45769014 4388.0
10.46855658 4139.0
10.47942302 4234.0
10.49028946 4231.0
10.5011559 4214.0
10.51202234 4292.0
10.52288878 4173.0
10.53375522 4249.0
10.54462166 4150.0
10.5554881 4162.0
10.566354539999999 4223.0
10.57722098 4148.0
10.58808742 4254.0
10.59895386 4259.0
10.609820299999999 4089.0
10.62068674 4224.0
10.63155318 4082.0
10.64241962 4082.0
10.65328606 4110.0
10.6641525 4105.0
10.67501894 4199.0
10.68588538 4098.0
10.69675182 4160.0
10.70761826 4254.0
10.7184847 4056.0
10.72935114 3974.0
10.74021758 4190.0
10.75108402 4213.0
10.76195046 4313.0
10.7728169 4125.0
10.78368334 4129.0
10.79454978 4092.0
10.80541622 4069.0
10.81628266 4125.0
10.8271491 3928.0
10.83801554 4079.0
10.84888198 4062.0
10.859748419999999 4175.0
10.87061486 4096.0
10.8814813 4013.0
10.89234774 4088.0
10.903214179999999 4100.0
10.91408062 4220.0
10.92494706 4131.0
10.9358135 4154.0
10.94667994 3970.0
10.95754638 4052.0
10.96841282 4004.0
10.97927926 4006.0
10.9901457 4009.0
11.00101214 4058.0
11.01187858 4051.0
11.02274502 3928.0
11.03361146 4096.0
11.0444779 4059.0
11.05534434 4092.0
11.06621078 4160.0
11.07707722 4082.0
11.08794366 3966.0
11.0988101 3992.0
11.10967654 4054.0
11.12054298 3913.0
11.13140942 3888.0
11.14227586 4041.0
11.153142299999999 4000.0
11.16400874 4058.0
11.17487518 3957.0
11.18574162 3907.0
11.196608059999999 3980.0
11.2074745 4004.0
11.21834094 3961.0
11.22920738 3914.0
11.24007382 3904.0
11.25094026 4010.0
11.2618067 3942.0
11.27267314 4032.0
11.28353958 3863.0
11.29440602 3916.0
11.30527246 4029.0
11.3161389 3973.0
11.32700534 3913.0
11.33787178 3903.0
11.34873822 3881.0
11.35960466 3952.0
11.3704711 3769.0
11.38133754 3926.0
11.39220398 3957.0
11.40307042 4000.0
11.41393686 3911.0
11.4248033 3918.0
11.43566974 3892.0
11.446536179999999 3792.0
11.45740262 3866.0
11.46826906 3883.0
11.4791355 3836.0
11.490001939999999 3855.0
11.50086838 4004.0
11.51173482 3855.0
11.52260126 3958.0
11.5334677 3956.0
11.54433414 3934.0
11.55520058 3934.0
11.56606702 3919.0
11.57693346 3925.0
11.5877999 3780.0
11.59866634 3747.0
11.60953278 3782.0
11.62039922 3744.0
11.63126566 3901.0
11.6421321 3887.0
11.65299854 3936.0
11.66386498 3793.0
11.67473142 3718.0
11.68559786 3809.0
11.6964643 3703.0
11.70733074 3855.0
11.71819718 3750.0
11.72906362 3805.0
11.739930059999999 3847.0
11.7507965 3802.0
11.76166294 3832.0
11.77252938 3835.0
11.783395819999999 3840.0
11.79426226 3746.0
11.8051287 3752.0
11.81599514 3805.0
11.82686158 3700.0
11.83772802 3783.0
11.84859446 3808.0
11.8594609 3778.0
11.87032734 3702.0
11.88119378 3657.0
11.89206022 3782.0
11.90292666 3748.0
11.9137931 3696.0
11.92465954 3780.0
11.93552598 3756.0
11.94639242 3719.0
11.95725886 3701.0
11.9681253 3647.0
11.97899174 3739.0
11.98985818 3711.0
12.00072462 3682.0
12.01159106 3739.0
12.0224575 3747.0
12.033323939999999 3751.0
12.04419038 3736.0
12.05505682 3652.0
12.06592326 3771.0
12.076789699999999 3676.0
12.08765614 3695.0
12.098522580000001 3647.0
12.10938902 3739.0
12.12025546 3692.0
12.1311219 3631.0
12.14198834 3645.0
12.15285478 3776.0
12.16372122 3641.0
12.17458766 3642.0
12.1854541 3554.0
12.19632054 3640.0
12.20718698 3723.0
12.21805342 3641.0
12.22891986 3671.0
12.2397863 3662.0
12.25065274 3601.0
12.26151918 3720.0
12.27238562 3442.0
12.283252059999999 3663.0
12.2941185 3637.0
12.30498494 3683.0
12.31585138 3720.0
12.326717819999999 3665.0
12.33758426 3674.0
12.3484507 3572.0
12.35931714 3669.0
12.370183579999999 3634.0
12.38105002 3690.0
12.391916460000001 3566.0
12.4027829 3741.0
12.41364934 3709.0
12.42451578 3643.0
12.43538222 3626.0
12.44624866 3593.0
12.4571151 3637.0
12.46798154 3577.0
12.47884798 3637.0
12.48971442 3551.0
12.50058086 3602.0
12.5114473 3739.0
12.52231374 3552.0
12.53318018 3622.0
12.54404662 3682.0
12.55491306 3653.0
12.5657795 3611.0
12.576645939999999 3747.0
12.58751238 3717.0
12.59837882 3699.0
12.60924526 3678.0
12.620111699999999 3704.0
12.63097814 3622.0
12.64184458 3697.0
12.65271102 3564.0
12.663577459999999 3702.0
12.6744439 3625.0
12.685310340000001 3619.0
12.69617678 3573.0
12.70704322 3598.0
12.71790966 3623.0
12.7287761 3511.0
12.73964254 3728.0
12.75050898 3620.0
12.76137542 3598.0
12.77224186 3614.0
12.7831083 3580.0
12.79397474 3695.0
12.80484118 3661.0
12.81570762 3610.0
12.82657406 3639.0
12.8374405 3634.0
12.84830694 3529.0
12.85917338 3804.0
12.870039819999999 3542.0
12.88090626 3562.0
12.8917727 3623.0
12.90263914 3600.0
12.913505579999999 3534.0
12.92437202 3544.0
12.93523846 3605.0
12.9461049 3587.0
12.956971339999999 3521.0
12.96783778 3498.0
12.978704220000001 3598.0
12.98957066 3495.0
13.0004371 3639.0
13.01130354 3584.0
13.02216998 3623.0
13.03303642 3591.0
13.04390286 3596.0
13.0547693 3608.0
13.06563574 3554.0
13.07650218 3642.0
13.08736862 3534.0
13.09823506 3570.0
13.1091015 3611.0
13.11996794 3639.0
13.13083438 3577.0
13.14170082 3591.0
13.15256726 3541.0
13.163433699999999 3602.0
13.17430014 3514.0
13.18516658 3476.0
13.19603302 3557.0
13.206899459999999 3441.0
13.2177659 3483.0
13.22863234 3421.0
13.23949878 3430.0
13.250365219999999 3525.0
13.26123166 3471.0
13.272098100000001 3460.0
13.28296454 3479.0
13.29383098 3463.0
13.30469742 3450.0
13.31556386 3461.0
13.3264303 3541.0
13.33729674 3425.0
13.34816318 3544.0
13.35902962 3567.0
13.36989606 3498.0
13.3807625 3535.0
13.39162894 3515.0
13.40249538 3417.0
13.41336182 3499.0
13.42422826 3533.0
13.4350947 3352.0
13.44596114 3406.0
13.456827579999999 3371.0
13.46769402 3524.0
13.47856046 3454.0
13.4894269 3517.0
13.500293339999999 3557.0
13.51115978 3332.0
13.52202622 3398.0
13.53289266 3518.0
13.543759099999999 3426.0
13.55462554 3414.0
13.565491980000001 3586.0
13.57635842 3488.0
13.58722486 3573.0
13.5980913 3446.0
13.60895774 3423.0
13.61982418 3398.0
13.63069062 3453.0
13.64155706 3531.0
13.6524235 3418.0
13.66328994 3368.0
13.67415638 3396.0
13.68502282 3403.0
13.69588926 3423.0
13.7067557 3511.0
13.71762214 3379.0
13.72848858 3401.0
13.73935502 3420.0
13.750221459999999 3507.0
13.7610879 3521.0
13.77195434 3440.0
13.78282078 3449.0
13.793687219999999 3464.0
13.80455366 3491.0
13.8154201 3390.0
13.82628654 3373.0
13.837152979999999 3402.0
13.84801942 3360.0
13.858885860000001 3382.0
13.8697523 3475.0
13.88061874 3308.0
13.89148518 3461.0
13.90235162 3292.0
13.91321806 3442.0
13.9240845 3380.0
13.93495094 3443.0
13.94581738 3316.0
13.95668382 3455.0
13.96755026 3468.0
13.9784167 3363.0
13.98928314 3391.0
14.000149579999999 3578.0
14.01101602 3455.0
14.02188246 3503.0
14.0327489 3485.0
14.043615339999999 3552.0
14.05448178 3513.0
14.06534822 3411.0
14.07621466 3504.0
14.087081099999999 3444.0
14.09794754 3557.0
14.10881398 3399.0
14.11968042 3404.0
14.130546859999999 3578.0
14.1414133 3288.0
14.15227974 3472.0
14.16314618 3445.0
14.17401262 3311.0
14.18487906 3383.0
14.195745500000001 3429.0
14.20661194 3452.0
14.21747838 3414.0
14.22834482 3387.0
14.23921126 3431.0
14.250077699999999 3409.0
14.26094414 3467.0
14.27181058 3391.0
14.28267702 3471.0
14.293543459999999 3463.0
14.3044099 3581.0
14.31527634 3486.0
14.32614278 3385.0
14.337009219999999 3514.0
14.34787566 3401.0
14.3587421 3452.0
14.36960854 3423.0
14.380474979999999 3468.0
14.39134142 3348.0
14.40220786 3342.0
14.4130743 3324.0
14.423940739999999 3442.0
14.43480718 3315.0
14.44567362 3412.0
14.45654006 3422.0
14.4674065 3360.0
14.47827294 3476.0
14.489139380000001 3403.0
14.50000582 3437.0
14.51087226 3427.0
14.5217387 3378.0
14.53260514 3451.0
14.543471579999999 3300.0
14.55433802 3389.0
14.56520446 3446.0
14.5760709 3453.0
14.586937339999999 3340.0
14.59780378 3313.0
14.60867022 3325.0
14.61953666 3413.0
14.630403099999999 3382.0
14.64126954 3395.0
14.65213598 3460.0
14.66300242 3389.0
14.673868859999999 3298.0
14.6847353 3368.0
14.69560174 3438.0
14.70646818 3440.0
14.717334619999999 3437.0
14.72820106 3395.0
14.7390675 3333.0
14.74993394 3372.0
14.76080038 3408.0
14.77166682 3385.0
14.782533260000001 3337.0
14.7933997 3482.0
14.80426614 3331.0
14.81513258 3265.0
14.82599902 3369.0
14.836865459999999 3267.0
14.8477319 3445.0
14.85859834 3379.0
14.86946478 3308.0
14.880331219999999 3264.0
14.89119766 3295.0
14.9020641 3300.0
14.91293054 3383.0
14.923796979999999 3378.0
14.93466342 3348.0
14.94552986 3289.0
14.9563963 3255.0
14.967262739999999 3352.0
14.97812918 3281.0
14.98899562 3297.0
14.99986206 3385.0
15.010728499999999 3457.0
15.02159494 3319.0
15.03246138 3306.0
15.04332782 3328.0
15.05419426 3300.0
15.0650607 3371.0
15.075927140000001 3377.0
15.08679358 3461.0
15.09766002 3378.0
15.10852646 3336.0
15.1193929 3283.0
15.130259339999999 3236.0
15.14112578 3348.0
15.15199222 3375.0
15.16285866 3418.0
15.173725099999999 3314.0
15.18459154 3359.0
15.19545798 3319.0
15.20632442 3312.0
15.217190859999999 3316.0
15.2280573 3357.0
15.23892374 3273.0
15.24979018 3312.0
15.260656619999999 3278.0
15.27152306 3335.0
15.2823895 3413.0
15.29325594 3349.0
15.304122379999999 3368.0
15.31498882 3431.0
15.32585526 3300.0
15.3367217 3244.0
15.34758814 3379.0
15.35845458 3320.0
15.369321020000001 3300.0
15.38018746 3426.0
15.3910539 3333.0
15.40192034 3281.0
15.41278678 3365.0
15.423653219999998 3310.0
15.43451966 3313.0
15.4453861 3334.0
15.45625254 3380.0
15.467118979999999 3321.0
15.47798542 3488.0
15.48885186 3349.0
15.4997183 3290.0
15.510584739999999 3242.0
15.52145118 3254.0
15.53231762 3295.0
15.54318406 3264.0
15.554050499999999 3298.0
15.56491694 3405.0
15.57578338 3333.0
15.58664982 3255.0
15.597516259999999 3352.0
15.6083827 3331.0
15.61924914 3330.0
15.63011558 3298.0
15.64098202 3330.0
15.65184846 3379.0
15.662714900000001 3336.0
15.67358134 3263.0
15.68444778 3255.0
15.69531422 3302.0
15.70618066 3284.0
15.717047099999998 3414.0
15.72791354 3261.0
15.73877998 3418.0
15.74964642 3367.0
15.760512859999999 3362.0
15.7713793 3301.0
15.78224574 3232.0
15.79311218 3425.0
15.803978619999999 3235.0
15.81484506 3252.0
15.8257115 3163.0
15.83657794 3296.0
15.847444379999999 3362.0
15.85831082 3292.0
15.86917726 3315.0
15.8800437 3311.0
15.890910139999999 3176.0
15.90177658 3298.0
15.91264302 3353.0
15.92350946 3440.0
15.9343759 3342.0
15.94524234 3357.0
15.956108780000001 3223.0
15.96697522 3277.0
15.97784166 3278.0
15.9887081 3304.0
15.99957454 3264.0
16.01044098 3267.0
16.02130742 3254.0
16.03217386 3307.0
16.0430403 3329.0
16.05390674 3332.0
16.06477318 3305.0
16.07563962 3239.0
16.086506059999998 3367.0
16.0973725 3316.0
16.10823894 3309.0
16.11910538 3314.0
16.12997182 3170.0
16.14083826 3259.0
16.1517047 3259.0
16.16257114 3326.0
16.173437579999998 3243.0
16.18430402 3169.0
16.19517046 3248.0
16.2060369 3227.0
16.216903340000002 3223.0
16.22776978 3254.0
16.23863622 3349.0
16.24950266 3156.0
16.2603691 3334.0
16.27123554 3420.0
16.28210198 3340.0
16.29296842 3238.0
16.30383486 3188.0
16.3147013 3401.0
16.32556774 3338.0
16.336434179999998 3309.0
16.34730062 3301.0
16.35816706 3270.0
16.3690335 3312.0
16.37989994 3261.0
16.39076638 3288.0
16.40163282 3199.0
16.41249926 3336.0
16.423365699999998 3272.0
16.43423214 3170.0
16.44509858 3203.0
16.45596502 3263.0
16.46683146 3205.0
16.4776979 3304.0
16.48856434 3195.0
16.49943078 3239.0
16.510297219999998 3214.0
16.52116366 3232.0
16.5320301 3346.0
16.54289654 3257.0
16.553762980000002 3166.0
16.56462942 3252.0
16.57549586 3274.0
16.586362299999998 3211.0
16.59722874 3248.0
16.60809518 3213.0
16.61896162 3214.0
16.62982806 3221.0
16.6406945 3160.0
16.65156094 3112.0
16.66242738 3256.0
16.673293819999998 3309.0
16.68416026 3167.0
16.6950267 3275.0
16.70589314 3202.0
16.71675958 3287.0
16.72762602 3406.0
16.73849246 3210.0
16.7493589 3236.0
16.760225339999998 3230.0
16.77109178 3182.0
16.78195822 3294.0
16.79282466 3189.0
16.8036911 3205.0
16.81455754 3202.0
16.82542398 3248.0
16.83629042 3219.0
16.84715686 3225.0
16.8580233 3312.0
16.86888974 3309.0
16.87975618 3299.0
16.89062262 3179.0
16.90148906 3251.0
16.9123555 3279.0
16.923221939999998 3169.0
16.93408838 3213.0
16.94495482 3305.0
16.95582126 3191.0
16.9666877 3449.0
16.97755414 3263.0
16.98842058 3363.0
16.99928702 3303.0
17.010153459999998 3188.0
17.0210199 3424.0
17.03188634 3384.0
17.04275278 3399.0
17.05361922 3268.0
17.06448566 3305.0
17.0753521 3371.0
17.08621854 3351.0
17.097084979999998 3343.0
17.10795142 3397.0
17.11881786 3427.0
17.1296843 3543.0
17.140550740000002 3476.0
17.15141718 3377.0
17.16228362 3449.0
17.173150059999998 3549.0
17.1840165 3579.0
17.19488294 3509.0
17.20574938 3590.0
17.21661582 3517.0
17.22748226 3671.0
17.2383487 3662.0
17.24921514 3699.0
17.260081579999998 3626.0
17.27094802 3821.0
17.28181446 3890.0
17.2926809 3875.0
17.30354734 4011.0
17.31441378 4200.0
17.32528022 4083.0
17.33614666 4160.0
17.347013099999998 4249.0
17.35787954 4167.0
17.36874598 4333.0
17.37961242 4372.0
17.39047886 4497.0
17.4013453 4517.0
17.41221174 4483.0
17.42307818 4663.0
17.43394462 4646.0
17.44481106 4644.0
17.4556775 4677.0
17.46654394 4775.0
17.47741038 4660.0
17.48827682 4674.0
17.49914326 4603.0
17.510009699999998 4534.0
17.52087614 4492.0
17.53174258 4184.0
17.54260902 4184.0
17.55347546 4041.0
17.5643419 3886.0
17.57520834 3941.0
17.58607478 3685.0
17.596941219999998 3780.0
17.60780766 3574.0
17.6186741 3695.0
17.62954054 3526.0
17.64040698 3533.0
17.65127342 3351.0
17.66213986 3474.0
17.6730063 3338.0
17.683872739999998 3363.0
17.69473918 3373.0
17.70560562 3325.0
17.71647206 3468.0
17.727338500000002 3319.0
17.73820494 3381.0
17.74907138 3443.0
17.759937819999998 3331.0
17.77080426 3438.0
17.7816707 3161.0
17.79253714 3330.0
17.80340358 3271.0
17.81427002 3200.0
17.82513646 3276.0
17.8360029 3325.0
17.846869339999998 3135.0
17.85773578 3125.0
17.86860222 3194.0
17.87946866 3164.0
17.8903351 3233.0
17.90120154 3208.0
17.91206798 3204.0
17.92293442 3149.0
17.933800859999998 3222.0
17.9446673 2990.0
17.95553374 3090.0
17.96640018 3136.0
17.97726662 3137.0
17.98813306 3117.0
17.9989995 3247.0
18.009865939999997 3141.0
18.02073238 3202.0
18.03159882 3064.0
18.04246526 3013.0
18.0533317 3169.0
18.064198140000002 3214.0
18.07506458 3080.0
18.08593102 3149.0
18.096797459999998 3076.0
18.1076639 3039.0
18.11853034 3039.0
18.12939678 3145.0
18.14026322 3045.0
18.151129660000002 3125.0
18.1619961 3102.0
18.17286254 3150.0
18.183728979999998 3101.0
18.19459542 3058.0
18.20546186 3072.0
18.2163283 3201.0
18.22719474 3182.0
18.23806118 3182.0
18.24892762 3249.0
18.259794059999997 3061.0
18.270660499999998 3204.0
18.28152694 3115.0
18.29239338 3010.0
18.30325982 3076.0
18.314126260000002 3140.0
18.3249927 3081.0
18.33585914 3078.0
18.346725579999998 3111.0
18.35759202 2952.0
18.36845846 3086.0
18.3793249 3108.0
18.39019134 3077.0
18.401057780000002 3114.0
18.41192422 3107.0
18.42279066 3122.0
18.433657099999998 3159.0
18.44452354 3048.0
18.45538998 3054.0
18.46625642 3132.0
18.47712286 3135.0
18.4879893 3028.0
18.49885574 3030.0
18.509722179999997 2933.0
18.520588619999998 3050.0
18.53145506 2965.0
18.5423215 3091.0
18.55318794 3069.0
18.56405438 3022.0
18.57492082 3050.0
18.58578726 3148.0
18.596653699999997 3048.0
18.60752014 3038.0
18.61838658 2974.0
18.62925302 3208.0
18.64011946 3112.0
18.650985900000002 3032.0
18.66185234 2957.0
18.67271878 3098.0
18.683585219999998 3032.0
18.69445166 2973.0
18.7053181 3009.0
18.71618454 3005.0
18.72705098 3030.0
18.737917420000002 3002.0
18.74878386 2983.0
18.7596503 3059.0
18.770516739999998 2952.0
18.78138318 3037.0
18.79224962 3038.0
18.80311606 2973.0
18.8139825 3029.0
18.82484894 2932.0
18.83571538 2932.0
18.846581819999997 3113.0
18.857448259999998 3019.0
18.8683147 3137.0
18.87918114 3020.0
18.89004758 2992.0
18.900914020000002 3041.0
18.91178046 2985.0
18.9226469 3066.0
18.933513339999998 2958.0
18.94437978 3083.0
18.95524622 2978.0
18.96611266 3045.0
18.9769791 2967.0
18.987845540000002 3050.0
18.99871198 2953.0
19.00957842 2984.0
19.020444859999998 2991.0
19.0313113 3030.0
19.04217774 2979.0
19.05304418 3048.0
19.06391062 3094.0
19.07477706 3014.0
19.0856435 3037.0
19.096509939999997 2957.0
19.107376379999998 3084.0
19.11824282 2906.0
19.12910926 3011.0
19.1399757 2925.0
19.15084214 2900.0
19.16170858 3021.0
19.17257502 2968.0
19.183441459999997 2929.0
19.1943079 2910.0
19.20517434 2943.0
19.21604078 2890.0
19.22690722 2946.0
19.237773660000002 2923.0
19.2486401 2912.0
19.25950654 2898.0
19.270372979999998 2904.0
19.28123942 2893.0
19.29210586 2822.0
19.3029723 2900.0
19.31383874 2950.0
19.324705180000002 2943.0
19.33557162 2887.0
19.34643806 3024.0
19.357304499999998 2977.0
19.36817094 3027.0
19.37903738 2984.0
19.38990382 2943.0
19.40077026 2896.0
19.4116367 2990.0
19.42250314 2953.0
19.433369579999997 3015.0
19.444236019999998 2808.0
19.45510246 2912.0
19.4659689 2980.0
19.47683534 2945.0
19.487701780000002 2916.0
19.49856822 2867.0
19.50943466 2958.0
19.520301099999998 2990.0
19.53116754 2898.0
19.54203398 2908.0
19.55290042 3038.0
19.56376686 3002.0
19.574633300000002 2977.0
19.58549974 2811.0
19.59636618 3010.0
19.607232619999998 2979.0
19.61809906 2970.0
19.6289655 2840.0
19.63983194 2909.0
19.65069838 2890.0
19.66156482 2953.0
19.67243126 2783.0
19.683297699999997 3100.0
19.694164139999998 2969.0
19.70503058 2931.0
19.71589702 2894.0
19.72676346 3018.0
19.7376299 2936.0
19.74849634 2960.0
19.75936278 2973.0
19.770229219999997 2874.0
19.78109566 2874.0
19.7919621 2944.0
19.80282854 2946.0
19.81369498 2981.0
19.824561420000002 2925.0
19.83542786 2921.0
19.8462943 2890.0
19.857160739999998 2963.0
19.86802718 2980.0
19.87889362 2877.0
19.88976006 2778.0
19.9006265 2903.0
19.911492940000002 2918.0
19.92235938 2932.0
19.93322582 3028.0
19.944092259999998 2905.0
19.9549587 2900.0
19.96582514 2918.0
19.97669158 2921.0
19.98755802 2833.0
19.99842446 2860.0
20.0092909 2849.0
20.020157339999997 2920.0
20.031023779999998 2815.0
20.04189022 2875.0
20.05275666 2857.0
20.0636231 2930.0
20.074489540000002 2981.0
20.08535598 2924.0
20.09622242 2872.0
20.107088859999998 2830.0
20.1179553 2827.0
20.12882174 2859.0
20.13968818 2951.0
20.15055462 2930.0
20.161421060000002 2888.0
20.1722875 2989.0
20.18315394 2997.0
20.194020379999998 2941.0
20.20488682 2902.0
20.21575326 2988.0
20.2266197 2928.0
20.23748614 2880.0
20.24835258 3018.0
20.25921902 2912.0
20.270085459999997 2753.0
20.280951899999998 2901.0
20.29181834 2765.0
20.30268478 2841.0
20.31355122 2858.0
20.32441766 2840.0
20.3352841 2899.0
20.34615054 2946.0
20.357016979999997 2998.0
20.36788342 2996.0
20.37874986 2958.0
20.3896163 2837.0
20.40048274 2891.0
20.411349180000002 2888.0
20.42221562 2932.0
20.43308206 2894.0
20.443948499999998 2853.0
20.45481494 2886.0
20.46568138 2856.0
20.47654782 2907.0
20.48741426 2874.0
20.498280700000002 2955.0
20.50914714 2854.0
20.52001358 2877.0
20.530880019999998 2804.0
20.54174646 2904.0
20.5526129 2908.0
20.56347934 2834.0
20.57434578 2847.0
20.58521222 2844.0
20.59607866 2947.0
20.606945099999997 2820.0
20.617811539999998 2973.0
20.62867798 2967.0
20.63954442 2847.0
20.65041086 2835.0
20.661277300000002 2798.0
20.67214374 2823.0
20.68301018 2865.0
20.693876619999998 2782.0
20.70474306 2782.0
20.7156095 2892.0
20.72647594 2740.0
20.73734238 2761.0
20.748208820000002 2811.0
20.75907526 2765.0
20.7699417 2862.0
20.780808139999998 2772.0
20.79167458 2847.0
20.80254102 2766.0
20.81340746 2757.0
20.8242739 2786.0
20.83514034 2745.0
20.84600678 2839.0
20.856873219999997 2804.0
20.867739659999998 2918.0
20.8786061 2882.0
20.88947254 2838.0
20.90033898 2768.0
20.91120542 2889.0
20.92207186 2796.0
20.9329383 2834.0
20.943804739999997 2819.0
20.95467118 2842.0
20.96553762 2803.0
20.97640406 2832.0
20.9872705 2897.0
20.998136940000002 2787.0
21.00900338 2751.0
21.01986982 2761.0
21.030736259999998 2815.0
21.0416027 2801.0
21.05246914 2792.0
21.06333558 2841.0
21.07420202 2737.0
21.085068460000002 2795.0
21.0959349 2764.0
21.10680134 2849.0
21.117667779999998 2925.0
21.12853422 2849.0
21.13940066 2779.0
21.1502671 2904.0
21.16113354 2818.0
21.17199998 2891.0
21.18286642 2822.0
21.193732859999997 2782.0
21.204599299999998 2775.0
21.21546574 2794.0
21.22633218 2745.0
21.23719862 2790.0
21.248065060000002 2784.0
21.2589315 2755.0
21.26979794 2871.0
21.280664379999997 2673.0
21.29153082 2723.0
21.30239726 2669.0
21.3132637 2768.0
21.32413014 2723.0
21.334996580000002 2808.0
21.34586302 2855.0
21.35672946 2765.0
21.367595899999998 2784.0
21.37846234 2817.0
21.38932878 2731.0
21.40019522 2830.0
21.41106166 2822.0
21.4219281 2889.0
21.43279454 2816.0
21.443660979999997 2938.0
21.454527419999998 2886.0
21.46539386 2761.0
21.4762603 2816.0
21.48712674 2798.0
21.49799318 2701.0
21.50885962 2779.0
21.51972606 2779.0
21.530592499999997 2830.0
21.54145894 2779.0
21.55232538 2796.0
21.56319182 2700.0
21.57405826 2779.0
21.584924700000002 2704.0
21.59579114 2892.0
21.60665758 2606.0
21.617524019999998 2868.0
21.62839046 2825.0
21.6392569 2766.0
21.65012334 2817.0
21.66098978 2732.0
21.671856220000002 2818.0
21.68272266 2742.0
21.6935891 2683.0
21.704455539999998 2867.0
21.71532198 2814.0
21.72618842 2807.0
21.73705486 2861.0
21.7479213 2664.0
21.75878774 2754.0
21.76965418 2759.0
21.780520619999997 2851.0
21.791387059999998 2723.0
21.8022535 2792.0
21.81311994 2865.0
21.82398638 2775.0
21.834852820000002 2636.0
21.84571926 2756.0
21.8565857 2778.0
21.867452139999997 2751.0
21.87831858 2894.0
21.88918502 2827.0
21.90005146 2807.0
21.9109179 2764.0
21.921784340000002 2748.0
21.93265078 2773.0
21.94351722 2845.0
21.954383659999998 2808.0
21.9652501 2863.0
21.97611654 2765.0
21.98698298 2753.0
21.99784942 2762.0
22.00871586 2840.0
22.0195823 2823.0
22.030448739999997 2722.0
22.041315179999998 2748.0
22.05218162 2798.0
22.06304806 2859.0
22.0739145 2927.0
22.08478094 2720.0
22.09564738 2782.0
22.10651382 2720.0
22.117380259999997 2775.0
22.1282467 2694.0
22.13911314 2757.0
22.14997958 2796.0
22.16084602 2861.0
22.171712460000002 2780.0
22.1825789 2771.0
22.19344534 2859.0
22.204311779999998 2695.0
22.21517822 2783.0
22.22604466 2726.0
22.2369111 2912.0
22.24777754 2803.0
22.258643980000002 2821.0
22.26951042 2911.0
22.28037686 2748.0
22.291243299999998 2829.0
22.30210974 2802.0
22.31297618 2723.0
22.32384262 2829.0
22.33470906 2781.0
22.3455755 2718.0
22.35644194 2794.0
22.367308379999997 2773.0
22.378174819999998 2846.0
22.38904126 2805.0
22.3999077 2778.0
22.41077414 2799.0
22.421640580000002 2779.0
22.43250702 2846.0
22.44337346 2838.0
22.454239899999997 2761.0
22.46510634 2905.0
22.47597278 2711.0
22.48683922 2728.0
22.49770566 2741.0
22.508572100000002 2786.0
22.51943854 2676.0
22.53030498 2670.0
22.541171419999998 2721.0
22.55203786 2839.0
22.5629043 2748.0
22.57377074 2780.0
22.58463718 2769.0
22.59550362 2685.0
22.60637006 2830.0
22.617236499999997 2688.0
22.628102939999998 2705.0
22.63896938 2763.0
22.64983582 2765.0
22.66070226 2689.0
22.6715687 2826.0
22.68243514 2773.0
22.69330158 2708.0
22.704168019999997 2805.0
22.71503446 2648.0
22.7259009 2758.0
22.73676734 2811.0
22.74763378 2770.0
22.758500220000002 2688.0
22.76936666 2719.0
22.7802331 2713.0
22.791099539999998 2658.0
22.80196598 2705.0
22.81283242 2787.0
22.82369886 2788.0
22.8345653 2748.0
22.845431740000002 2803.0
22.85629818 2720.0
22.86716462 2713.0
22.878031059999998 2762.0
22.8888975 2737.0
22.89976394 2858.0
22.91063038 2840.0
22.92149682 2765.0
22.93236326 2774.0
22.9432297 2768.0
22.954096139999997 2721.0
22.964962579999998 2774.0
22.97582902 2731.0
22.98669546 2780.0
22.9975619 2829.0
23.008428340000002 2702.0
23.01929478 2733.0
23.03016122 2517.0
23.041027659999997 2840.0
23.0518941 2840.0
23.06276054 2683.0
23.07362698 2764.0
23.08449342 2749.0
23.095359860000002 2764.0
23.1062263 2769.0
23.11709274 2668.0
23.127959179999998 2782.0
23.13882562 2729.0
23.14969206 2799.0
23.1605585 2811.0
23.17142494 2762.0
23.18229138 2763.0
23.19315782 2650.0
23.204024259999997 2784.0
23.214890699999998 2808.0
23.22575714 2770.0
23.23662358 2793.0
23.24749002 2724.0
23.25835646 2838.0
23.2692229 2792.0
23.28008934 2886.0
23.290955779999997 2839.0
23.30182222 2752.0
23.31268866 2822.0
23.3235551 2860.0
23.33442154 2846.0
23.345287980000002 2818.0
23.35615442 2794.0
23.36702086 2766.0
23.377887299999998 2884.0
23.38875374 2916.0
23.39962018 2954.0
23.41048662 2951.0
23.42135306 2791.0
23.432219500000002 2829.0
23.44308594 2885.0
23.45395238 2905.0
23.464818819999998 2824.0
23.47568526 2882.0
23.4865517 2903.0
23.49741814 2856.0
23.50828458 2953.0
23.51915102 2849.0
23.53001746 2922.0
23.540883899999997 2910.0
23.551750339999998 2842.0
23.56261678 2943.0
23.57348322 2918.0
23.58434966 2944.0
23.595216100000002 3061.0
23.60608254 3025.0
23.61694898 2903.0
23.627815419999997 3047.0
23.63868186 3024.0
23.6495483 3092.0
23.66041474 3097.0
23.67128118 3123.0
23.682147620000002 3081.0
23.69301406 3146.0
23.7038805 3251.0
23.714746939999998 3202.0
23.72561338 3129.0
23.73647982 3252.0
23.74734626 3132.0
23.7582127 3294.0
23.76907914 3368.0
23.77994558 3465.0
23.790812019999997 3370.0
23.801678459999998 3585.0
23.8125449 3603.0
23.82341134 3625.0
23.83427778 3922.0
23.84514422 3894.0
23.85601066 4021.0
23.8668771 4057.0
23.877743539999997 4348.0
23.88860998 4412.0
23.89947642 4481.0
23.91034286 4718.0
23.9212093 4992.0
23.932075740000002 5214.0
23.94294218 5340.0
23.95380862 5796.0
23.964675059999998 6065.0
23.9755415 6399.0
23.98640794 6369.0
23.99727438 6887.0
24.00814082 7101.0
24.019007260000002 7373.0
24.0298737 7798.0
24.04074014 8122.0
24.051606579999998 8478.0
24.06247302 8548.0
24.07333946 8722.0
24.0842059 8786.0
24.09507234 8678.0
24.10593878 8250.0
24.11680522 8022.0
24.127671659999997 7817.0
24.138538099999998 7342.0
24.14940454 7177.0
24.16027098 6712.0
24.17113742 6359.0
24.182003860000002 6200.0
24.1928703 5893.0
24.20373674 5482.0
24.214603179999997 5556.0
24.22546962 5213.0
24.23633606 5144.0
24.2472025 4944.0
24.25806894 4853.0
24.268935380000002 4871.0
24.27980182 4787.0
24.29066826 4980.0
24.301534699999998 4868.0
24.31240114 5045.0
24.32326758 5045.0
24.33413402 5230.0
24.34500046 5279.0
24.3558669 5489.0
24.36673334 5451.0
24.377599779999997 5748.0
24.388466219999998 5814.0
24.39933266 5898.0
24.4101991 6226.0
24.42106554 6252.0
24.43193198 6470.0
24.44279842 6580.0
24.45366486 6653.0
24.464531299999997 6653.0
24.47539774 6780.0
24.48626418 6816.0
24.49713062 6577.0
24.50799706 6500.0
24.518863500000002 6161.0
24.52972994 6052.0
24.54059638 5725.0
24.551462819999998 5373.0
24.56232926 5284.0
24.5731957 5129.0
24.58406214 4735.0
24.59492858 4582.0
24.605795020000002 4246.0
24.61666146 4281.0
24.6275279 4120.0
24.638394339999998 3953.0
24.64926078 3844.0
24.66012722 3715.0
24.67099366 3579.0
24.6818601 3568.0
24.69272654 3492.0
24.70359298 3416.0
24.714459419999997 3298.0
24.725325859999998 3491.0
24.7361923 3297.0
24.74705874 3317.0
24.75792518 3209.0
24.768791620000002 3160.0
24.77965806 3191.0
24.7905245 3271.0
24.801390939999997 3064.0
24.81225738 3140.0
24.82312382 2995.0
24.83399026 2971.0
24.8448567 2959.0
24.855723140000002 3053.0
24.86658958 3038.0
24.87745602 2965.0
24.888322459999998 2963.0
24.8991889 2913.0
24.91005534 2902.0
24.92092178 2919.0
24.93178822 2865.0
24.94265466 2950.0
24.9535211 2851.0
24.964387539999997 2855.0
24.975253979999998 2878.0
24.98612042 2742.0
24.99698686 2767.0
25.0078533 2902.0
25.01871974 2764.0
25.02958618 2917.0
25.04045262 2767.0
25.051319059999997 2751.0
25.0621855 2835.0
25.07305194 2850.0
25.08391838 2793.0
25.09478482 2870.0
25.105651260000002 2814.0
25.1165177 2745.0
25.12738414 2821.0
25.138250579999998 2820.0
25.14911702 2778.0
25.15998346 2755.0
25.1708499 2777.0
25.18171634 2849.0
25.192582780000002 2717.0
25.20344922 2880.0
25.21431566 2721.0
25.225182099999998 2782.0
25.23604854 2870.0
25.24691498 2844.0
25.25778142 2775.0
25.26864786 2754.0
25.2795143 2746.0
25.29038074 2787.0
25.301247179999997 2768.0
25.312113619999998 2750.0
25.32298006 2719.0
25.3338465 2751.0
25.34471294 2745.0
25.355579380000002 2803.0
25.36644582 2748.0
25.37731226 2838.0
25.388178699999997 2736.0
25.39904514 2725.0
25.40991158 2767.0
25.42077802 2847.0
25.43164446 2793.0
25.442510900000002 2808.0
25.45337734 2815.0
25.46424378 2717.0
25.475110219999998 2703.0
25.48597666 2827.0
25.4968431 2728.0
25.50770954 2774.0
25.51857598 2717.0
25.52944242 2748.0
25.54030886 2718.0
25.551175299999997 2672.0
25.562041739999998 2768.0
25.57290818 2629.0
25.58377462 2793.0
25.59464106 2625.0
25.6055075 2741.0
25.61637394 2652.0
25.62724038 2665.0
25.638106819999997 2661.0
25.648973259999998 2717.0
25.6598397 2621.0
25.67070614 2682.0
25.68157258 2713.0
25.692439020000002 2658.0
25.70330546 2681.0
25.7141719 2680.0
25.725038339999998 2790.0
25.73590478 2731.0
25.74677122 2732.0
25.75763766 2571.0
25.7685041 2679.0
25.779370540000002 2644.0
25.79023698 2742.0
25.80110342 2719.0
25.811969859999998 2772.0
25.8228363 2675.0
25.83370274 2756.0
25.84456918 2688.0
25.85543562 2757.0
25.86630206 2706.0
25.8771685 2685.0
25.888034939999997 2628.0
25.898901379999998 2727.0
25.90976782 2654.0
25.92063426 2669.0
25.9315007 2670.0
25.94236714 2651.0
25.95323358 2750.0
25.96410002 2655.0
25.974966459999997 2723.0
25.9858329 2768.0
25.99669934 2660.0
26.00756578 2712.0
26.01843222 2617.0
26.02929866 2587.0
26.0401651 2583.0
26.05103154 2686.0
26.06189798 2587.0
26.07276442 2685.0
26.08363086 2636.0
26.0944973 2682.0
26.105363739999998 2691.0
26.11623018 2676.0
26.12709662 2641.0
26.13796306 2702.0
26.148829499999998 2601.0
26.15969594 2692.0
26.17056238 2618.0
26.18142882 2724.0
26.192295259999998 2665.0
26.2031617 2618.0
26.21402814 2688.0
26.22489458 2706.0
26.235761019999998 2671.0
26.24662746 2702.0
26.2574939 2703.0
26.26836034 2711.0
26.27922678 2709.0
26.29009322 2673.0
26.30095966 2656.0
26.3118261 2614.0
26.32269254 2690.0
26.33355898 2763.0
26.34442542 2601.0
26.35529186 2704.0
26.3661583 2638.0
26.37702474 2587.0
26.38789118 2672.0
26.398757619999998 2730.0
26.40962406 2650.0
26.4204905 2769.0
26.43135694 2692.0
26.442223379999998 2699.0
26.45308982 2670.0
26.46395626 2672.0
26.4748227 2643.0
26.485689139999998 2628.0
26.49655558 2614.0
26.50742202 2556.0
26.51828846 2611.0
26.529154899999998 2635.0
26.54002134 2570.0
26.55088778 2765.0
26.56175422 2550.0
26.57262066 2718.0
26.5834871 2586.0
26.59435354 2613.0
26.60521998 2591.0
26.61608642 2686.0
26.62695286 2581.0
26.6378193 2657.0
26.64868574 2666.0
26.65955218 2702.0
26.67041862 2642.0
26.68128506 2626.0
26.692151499999998 2707.0
26.70301794 2815.0
26.71388438 2626.0
26.72475082 2784.0
26.735617259999998 2672.0
26.7464837 2663.0
26.75735014 2842.0
26.76821658 2776.0
26.779083019999998 2510.0
26.78994946 2722.0
26.8008159 2653.0
26.81168234 2688.0
26.822548779999998 2698.0
26.83341522 2696.0
26.84428166 2745.0
26.8551481 2677.0
26.86601454 2587.0
26.87688098 2662.0
26.88774742 2719.0
26.89861386 2805.0
26.9094803 2780.0
26.92034674 2823.0
26.93121318 2828.0
26.94207962 2670.0
26.95294606 2721.0
26.9638125 2662.0
26.97467894 2660.0
26.985545379999998 2695.0
26.99641182 2733.0
27.00727826 2746.0
27.0181447 2825.0
27.029011139999998 2673.0
27.03987758 2785.0
27.05074402 2743.0
27.06161046 2730.0
27.072476899999998 2763.0
27.08334334 2697.0
27.09420978 2827.0
27.10507622 2748.0
27.115942659999998 2815.0
27.1268091 2823.0
27.13767554 2833.0
27.14854198 2822.0
27.15940842 2859.0
27.17027486 2850.0
27.1811413 2903.0
27.19200774 2897.0
27.20287418 2932.0
27.21374062 2851.0
27.22460706 2950.0
27.2354735 2948.0
27.24633994 2902.0
27.25720638 2970.0
27.26807282 2974.0
27.278939259999998 2998.0
27.2898057 3003.0
27.30067214 3001.0
27.31153858 2955.0
27.322405019999998 2968.0
27.33327146 2974.0
27.3441379 3028.0
27.35500434 3135.0
27.365870779999998 3101.0
27.37673722 3092.0
27.38760366 3094.0
27.3984701 3125.0
27.409336539999998 2970.0
27.42020298 3063.0
27.43106942 3211.0
27.44193586 3140.0
27.4528023 3216.0
27.46366874 3159.0
27.47453518 3177.0
27.48540162 3197.0
27.49626806 3237.0
27.5071345 3172.0
27.51800094 3295.0
27.52886738 3304.0
27.53973382 3371.0
27.55060026 3234.0
27.5614667 3371.0
27.572333139999998 3350.0
27.58319958 3320.0
27.59406602 3386.0
27.60493246 3464.0
27.615798899999998 3543.0
27.62666534 3485.0
27.63753178 3653.0
27.64839822 3615.0
27.659264659999998 3578.0
27.6701311 3539.0
27.68099754 3656.0
27.69186398 3918.0
27.702730419999998 3893.0
27.71359686 3876.0
27.7244633 3934.0
27.73532974 3892.0
27.74619618 4132.0
27.75706262 4171.0
27.76792906 4339.0
27.7787955 4457.0
27.78966194 4494.0
27.80052838 4445.0
27.81139482 4758.0
27.82226126 4914.0
27.8331277 4946.0
27.84399414 5069.0
27.85486058 5286.0
27.865727019999998 5400.0
27.87659346 5573.0
27.8874599 5829.0
27.89832634 6001.0
27.909192779999998 6437.0
27.92005922 6690.0
27.93092566 7091.0
27.9417921 7293.0
27.952658539999998 7889.0
27.96352498 8395.0
27.97439142 8844.0
27.98525786 9528.0
27.996124299999998 10086.0
28.00699074 10928.0
28.01785718 11838.0
28.02872362 12780.0
28.03959006 13720.0
28.0504565 15244.0
28.06132294 16454.0
28.07218938 18112.0
28.08305582 19350.0
28.09392226 21423.0
28.1047887 23251.0
28.11565514 25354.0
28.12652158 27439.0
28.13738802 29786.0
28.14825446 31590.0
28.159120899999998 33539.0
28.16998734 35479.0
28.18085378 37100.0
28.19172022 38689.0
28.202586659999998 39143.0
28.2134531 39104.0
28.22431954 38282.0
28.23518598 36792.0
28.246052419999998 34687.0
28.25691886 32654.0
28.2677853 30612.0
28.27865174 28232.0
28.289518179999998 26728.0
28.30038462 24092.0
28.31125106 21940.0
28.3221175 19675.0
28.33298394 17568.0
28.34385038 16148.0
28.35471682 14395.0
28.36558326 13092.0
28.3764497 12017.0
28.38731614 11122.0
28.39818258 10245.0
28.40904902 9545.0
28.41991546 8964.0
28.4307819 8317.0
28.44164834 7963.0
28.452514779999998 7706.0
28.46338122 7373.0
28.47424766 6983.0
28.4851141 6620.0
28.495980539999998 6417.0
28.50684698 6221.0
28.51771342 5773.0
28.52857986 5697.0
28.539446299999998 5590.0
28.55031274 5263.0
28.56117918 5341.0
28.57204562 5141.0
28.582912059999998 4936.0
28.5937785 4821.0
28.60464494 4844.0
28.61551138 4626.0
28.62637782 4657.0
28.63724426 4358.0
28.6481107 4349.0
28.65897714 4253.0
28.66984358 4173.0
28.68071002 3986.0
28.69157646 4046.0
28.7024429 4030.0
28.71330934 3913.0
28.72417578 3869.0
28.73504222 3802.0
28.745908659999998 3743.0
28.7567751 3735.0
28.76764154 3711.0
28.77850798 3519.0
28.789374419999998 3715.0
28.80024086 3608.0
28.8111073 3561.0
28.82197374 3647.0
28.832840179999998 3523.0
28.84370662 3510.0
28.85457306 3397.0
28.8654395 3402.0
28.876305939999998 3365.0
28.88717238 3374.0
28.89803882 3365.0
28.90890526 3241.0
28.9197717 3268.0
28.93063814 3181.0
28.94150458 3154.0
28.95237102 3186.0
28.96323746 3247.0
28.9741039 3146.0
28.98497034 3312.0
28.99583678 3140.0
29.00670322 3260.0
29.01756966 3106.0
29.0284361 3170.0
29.039302539999998 3130.0
29.05016898 3115.0
29.06103542 3145.0
29.07190186 3158.0
29.082768299999998 3083.0
29.09363474 3090.0
29.10450118 3062.0
29.11536762 3189.0
29.126234059999998 3145.0
29.1371005 3026.0
29.14796694 3062.0
29.15883338 3070.0
29.169699819999998 2962.0
29.18056626 2893.0
29.1914327 3157.0
29.20229914 2931.0
29.21316558 2937.0
29.22403202 2950.0
29.23489846 3074.0
29.2457649 2872.0
29.25663134 3012.0
29.26749778 2937.0
29.27836422 3036.0
29.28923066 2982.0
29.3000971 2940.0
29.31096354 2838.0
29.32182998 2981.0
29.332696419999998 2951.0
29.34356286 2988.0
29.3544293 3017.0
29.36529574 3024.0
29.376162179999998 2845.0
29.38702862 2951.0
29.39789506 2944.0
29.4087615 2948.0
29.419627939999998 2953.0
29.43049438 2971.0
29.44136082 2948.0
29.45222726 2951.0
29.463093699999998 2853.0
29.47396014 2927.0
29.48482658 2855.0
29.49569302 2899.0
29.50655946 3028.0
29.5174259 2819.0
29.52829234 2834.0
29.53915878 2884.0
29.55002522 2798.0
29.56089166 2958.0
29.5717581 2881.0
29.58262454 2792.0
29.59349098 2909.0
29.60435742 2818.0
29.61522386 2894.0
29.626090299999998 2895.0
29.63695674 2870.0
29.64782318 2834.0
29.65868962 2892.0
29.669556059999998 2928.0
29.6804225 2819.0
29.69128894 2883.0
29.70215538 2806.0
29.713021819999998 2923.0
29.72388826 2933.0
29.7347547 2815.0
29.74562114 2786.0
29.756487579999998 2889.0
29.76735402 2919.0
29.77822046 2874.0
29.7890869 2849.0
29.79995334 2840.0
29.81081978 2851.0
29.82168622 2824.0
29.83255266 2838.0
29.8434191 2826.0
29.85428554 2891.0
29.86515198 2849.0
29.87601842 2856.0
29.88688486 2894.0
29.8977513 2745.0
29.90861774 2933.0
29.919484179999998 2879.0
29.93035062 2957.0
29.94121706 2780.0
29.9520835 2878.0
29.962949939999998 2830.0
29.97381638 2877.0
29.98468282 2782.0
29.99554926 2818.0
30.006415699999998 2850.0
30.01728214 2857.0
30.02814858 2821.0
30.03901502 2935.0
30.049881459999998 2934.0
30.0607479 2883.0
30.07161434 2934.0
30.08248078 2763.0
30.09334722 2823.0
30.10421366 2796.0
30.1150801 2844.0
30.12594654 2818.0
30.13681298 2878.0
30.14767942 2927.0
30.15854586 2925.0
30.1694123 2967.0
30.18027874 2829.0
30.19114518 2916.0
30.20201162 2888.0
30.212878059999998 2868.0
30.2237445 2849.0
30.23461094 2921.0
30.24547738 2867.0
30.256343819999998 2972.0
30.26721026 2922.0
30.2780767 2840.0
30.28894314 2894.0
30.299809579999998 2955.0
30.31067602 2958.0
30.32154246 2858.0
30.3324089 2872.0
30.343275339999998 2906.0
30.35414178 2947.0
30.36500822 2944.0
30.37587466 2986.0
30.3867411 3006.0
30.39760754 3014.0
30.40847398 2975.0
30.41934042 3095.0
30.43020686 2916.0
30.4410733 3066.0
30.45193974 3000.0
30.46280618 3013.0
30.47367262 3015.0
30.48453906 2989.0
30.4954055 3197.0
30.506271939999998 3003.0
30.51713838 3053.0
30.52800482 3054.0
30.53887126 3034.0
30.549737699999998 3138.0
30.56060414 3194.0
30.57147058 3025.0
30.58233702 2981.0
30.593203459999998 3128.0
30.6040699 3136.0
30.61493634 3081.0
30.62580278 3139.0
30.636669219999998 3099.0
30.64753566 3146.0
30.6584021 3156.0
30.66926854 3221.0
30.68013498 3247.0
30.69100142 3191.0
30.70186786 3149.0
30.7127343 3180.0
30.72360074 3141.0
30.73446718 3138.0
30.74533362 3204.0
30.75620006 3231.0
30.7670665 3139.0
30.77793294 3336.0
30.78879938 3273.0
30.799665819999998 3316.0
30.81053226 3342.0
30.8213987 3294.0
30.83226514 3354.0
30.843131579999998 3444.0
30.85399802 3424.0
30.86486446 3460.0
30.8757309 3548.0
30.886597339999998 3459.0
30.89746378 3557.0
30.90833022 3476.0
30.91919666 3607.0
30.930063099999998 3644.0
30.94092954 3629.0
30.95179598 3666.0
30.96266242 3732.0
30.97352886 3756.0
30.9843953 3845.0
30.99526174 3898.0
31.00612818 4000.0
31.01699462 3930.0
31.02786106 4015.0
31.0387275 4049.0
31.04959394 4060.0
31.06046038 4222.0
31.07132682 4230.0
31.08219326 4349.0
31.093059699999998 4431.0
31.10392614 4498.0
31.11479258 4669.0
31.12565902 4595.0
31.136525459999998 4823.0
31.1473919 4822.0
31.15825834 5129.0
31.16912478 5204.0
31.179991219999998 5480.0
31.19085766 5683.0
31.2017241 5907.0
31.21259054 6124.0
31.223456979999998 6410.0
31.23432342 6528.0
31.24518986 7000.0
31.2560563 7208.0
31.26692274 7529.0
31.27778918 8065.0
31.28865562 8627.0
31.29952206 9200.0
31.3103885 9770.0
31.32125494 10657.0
31.33212138 11225.0
31.34298782 12272.0
31.35385426 12977.0
31.3647207 14372.0
31.37558714 15188.0
31.386453579999998 16362.0
31.39732002 17674.0
31.40818646 19303.0
31.4190529 20331.0
31.429919339999998 22065.0
31.44078578 23422.0
31.45165222 24823.0
31.46251866 25627.0
31.473385099999998 26748.0
31.48425154 27271.0
31.49511798 27764.0
31.50598442 27317.0
31.516850859999998 26636.0
31.5277173 25418.0
31.53858374 24418.0
31.54945018 22932.0
31.56031662 21802.0
31.57118306 20358.0
31.5820495 19176.0
31.59291594 17399.0
31.60378238 16031.0
31.61464882 14533.0
31.62551526 13184.0
31.6363817 12145.0
31.64724814 10790.0
31.65811458 10044.0
31.66898102 9140.0
31.679847459999998 8310.0
31.6907139 7763.0
31.70158034 7218.0
31.71244678 6889.0
31.723313219999998 6520.0
31.73417966 6048.0
31.7450461 5955.0
31.75591254 5680.0
31.766778979999998 5315.0
31.77764542 5056.0
31.78851186 5070.0
31.7993783 4529.0
31.810244739999998 4532.0
31.82111118 4376.0
31.83197762 4410.0
31.84284406 4203.0
31.8537105 4175.0
31.86457694 3901.0
31.87544338 4097.0
31.88630982 3877.0
31.89717626 3769.0
31.9080427 3672.0
31.91890914 3766.0
31.92977558 3614.0
31.94064202 3502.0
31.95150846 3463.0
31.9623749 3448.0
31.973241339999998 3233.0
31.98410778 3467.0
31.99497422 3352.0
32.005840660000004 3190.0
32.0167071 3252.0
32.02757354 3142.0
32.03843998 3123.0
32.04930642 3071.0
32.060172859999994 2999.0
32.071039299999995 2994.0
32.081905739999996 3059.0
32.09277218 2837.0
32.10363862 2984.0
32.11450506 2847.0
32.1253715 3018.0
32.13623794 2929.0
32.14710438 2991.0
32.15797082 2864.0
32.168837260000004 2964.0
32.179703700000005 2894.0
32.19057014 2804.0
32.20143658 2821.0
32.21230302 2898.0
32.22316946 2907.0
32.234035899999995 2787.0
32.244902339999996 2734.0
32.25576878 2792.0
32.26663522 2882.0
32.27750166 2711.0
32.2883681 2856.0
32.29923454 2780.0
32.31010098 2801.0
32.32096742 2713.0
32.33183386 2698.0
32.342700300000004 2714.0
32.35356674 2749.0
32.36443318 2746.0
32.37529962 2660.0
32.38616606 2697.0
32.397032499999995 2660.0
32.407898939999995 2735.0
32.418765379999996 2591.0
32.42963182 2691.0
32.44049826 2640.0
32.4513647 2602.0
32.46223114 2634.0
32.47309758 2583.0
32.48396402 2589.0
32.49483046 2633.0
32.505696900000004 2568.0
32.516563340000005 2604.0
32.52742978 2533.0
32.53829622 2580.0
32.54916266 2579.0
32.560029099999994 2497.0
32.570895539999995 2603.0
32.581761979999996 2641.0
32.59262842 2539.0
32.60349486 2636.0
32.6143613 2563.0
32.62522774 2558.0
32.63609418 2571.0
32.64696062 2621.0
32.65782706 2456.0
32.6686935 2617.0
32.679559940000004 2588.0
32.69042638 2493.0
32.70129282 2520.0
32.71215926 2619.0
32.7230257 2408.0
32.733892139999995 2531.0
32.744758579999996 2532.0
32.75562502 2441.0
32.76649146 2537.0
32.7773579 2508.0
32.78822434 2572.0
32.79909078 2546.0
32.80995722 2481.0
32.82082366 2453.0
32.8316901 2344.0
32.842556540000004 2417.0
32.85342298 2414.0
32.86428942 2456.0
32.87515586 2405.0
32.8860223 2571.0
32.896888739999994 2575.0
32.907755179999995 2586.0
32.918621619999996 2524.0
32.92948806 2415.0
32.9403545 2649.0
32.95122094 2547.0
32.96208738 2481.0
32.97295382 2539.0
32.98382026 2511.0
32.9946867 2537.0
33.00555314 2429.0
33.016419580000004 2510.0
33.02728602 2502.0
33.03815246 2619.0
33.0490189 2433.0
33.05988534 2553.0
33.070751779999995 2473.0
33.081618219999996 2535.0
33.09248466 2527.0
33.1033511 2526.0
33.11421754 2562.0
33.12508398 2532.0
33.13595042 2382.0
33.14681686 2462.0
33.1576833 2531.0
33.16854974 2602.0
33.179416180000004 2416.0
33.19028262 2573.0
33.20114906 2571.0
33.2120155 2572.0
33.22288194 2583.0
33.233748379999994 2537.0
33.244614819999995 2454.0
33.255481259999996 2502.0
33.2663477 2600.0
33.27721414 2532.0
33.28808058 2496.0
33.29894702 2485.0
33.30981346 2478.0
33.3206799 2435.0
33.33154634 2521.0
33.342412780000004 2565.0
33.353279220000005 2499.0
33.36414566 2526.0
33.3750121 2567.0
33.38587854 2464.0
33.39674498 2520.0
33.407611419999995 2499.0
33.418477859999996 2512.0
33.4293443 2563.0
33.44021074 2628.0
33.45107718 2617.0
33.46194362 2562.0
33.47281006 2665.0
33.4836765 2485.0
33.49454294 2608.0
33.50540938 2603.0
33.516275820000004 2627.0
33.52714226 2710.0
33.5380087 2751.0
33.54887514 2711.0
33.55974158 2706.0
33.570608019999995 2620.0
33.581474459999995 2667.0
33.592340899999996 2662.0
33.60320734 2633.0
33.61407378 2698.0
33.62494022 2717.0
33.63580666 2686.0
33.6466731 2689.0
33.65753954 2689.0
33.66840598 2699.0
33.679272420000004 2785.0
33.690138860000005 2853.0
33.7010053 2710.0
33.71187174 2769.0
33.72273818 2767.0
33.733604619999994 2819.0
33.744471059999995 2852.0
33.755337499999996 2890.0
33.76620394 2820.0
33.77707038 2942.0
33.78793682 3063.0
33.79880326 3025.0
33.8096697 3258.0
33.82053614 3061.0
33.83140258 3145.0
33.84226902 3089.0
33.853135460000004 3322.0
33.8640019 3332.0
33.87486834 3517.0
33.88573478 3455.0
33.89660122 3472.0
33.907467659999995 3556.0
33.918334099999996 3728.0
33.92920054 3831.0
33.94006698 3897.0
33.95093342 3898.0
33.96179986 4100.0
33.9726663 4374.0
33.98353274 4507.0
33.99439918 4663.0
34.00526562 4839.0
34.016132060000004 5002.0
34.0269985 5398.0
34.03786494 5498.0
34.04873138 5973.0
34.05959782 6068.0
34.070464259999994 6646.0
34.081330699999995 7058.0
34.092197139999996 7333.0
34.10306358 7990.0
34.11393002 8206.0
34.12479646 8873.0
34.1356629 9240.0
34.14652934 9748.0
34.15739578 10076.0
34.16826222 10397.0
34.17912866 10649.0
34.189995100000004 10598.0
34.20086154 10679.0
34.21172798 10260.0
34.22259442 10103.0
34.23346086 9936.0
34.244327299999995 9545.0
34.255193739999996 9453.0
34.26606018 8948.0
34.27692662 8819.0
34.28779306 8712.0
34.2986595 8520.0
34.30952594 7947.0
34.32039238 7993.0
34.33125882 7731.0
34.34212526 7829.0
34.352991700000004 7741.0
34.36385814 7717.0
34.37472458 7753.0
34.38559102 7761.0
34.39645746 7949.0
34.407323899999994 7859.0
34.418190339999995 7925.0
34.429056779999996 7619.0
34.43992322 7463.0
34.45078966 7167.0
34.4616561 7199.0
34.47252254 6890.0
34.48338898 6632.0
34.49425542 6456.0
34.50512186 6239.0
34.515988300000004 6050.0
34.526854740000005 5658.0
34.53772118 5472.0
34.54858762 5200.0
34.55945406 4854.0
34.5703205 4700.0
34.581186939999995 4506.0
34.592053379999996 4438.0
34.60291982 4198.0
34.61378626 4184.0
34.6246527 4171.0
34.63551914 3914.0
34.64638558 3941.0
34.65725202 3737.0
34.66811846 3670.0
34.6789849 3575.0
34.689851340000004 3682.0
34.70071778 3483.0
34.71158422 3436.0
34.72245066 3336.0
34.7333171 3345.0
34.744183539999995 3247.0
34.755049979999995 3356.0
34.765916419999996 3138.0
34.77678286 3229.0
34.7876493 3088.0
34.79851574 3043.0
34.80938218 3238.0
34.82024862 2990.0
34.83111506 3096.0
34.8419815 3082.0
34.852847940000004 3052.0
34.863714380000005 3022.0
34.87458082 3009.0
34.88544726 2919.0
34.8963137 2993.0
34.907180139999994 3071.0
34.918046579999995 3035.0
34.928913019999996 3160.0
34.93977946 3078.0
34.9506459 3176.0
34.96151234 3087.0
34.97237878 3162.0
34.98324522 3130.0
34.99411166 3253.0
35.0049781 3130.0
35.01584454 3194.0
35.026710980000004 3340.0
35.03757742 3329.0
35.04844386 3491.0
35.0593103 3397.0
35.07017674 3469.0
35.081043179999995 3501.0
35.091909619999996 3653.0
35.10277606 3732.0
35.1136425 3746.0
35.12450894 3992.0
35.13537538 4127.0
35.14624182 4224.0
35.15710826 4447.0
35.1679747 4512.0
35.17884114 4615.0
35.189707580000004 5042.0
35.20057402 5001.0
35.21144046 5449.0
35.2223069 5465.0
35.23317334 5839.0
35.244039779999994 6198.0
35.254906219999995 6405.0
35.265772659999996 6676.0
35.2766391 7086.0
35.28750554 7135.0
35.29837198 7429.0
35.30923842 7701.0
35.32010486 7718.0
35.3309713 7835.0
35.34183774 7870.0
35.35270418 7512.0
35.363570620000004 7152.0
35.37443706 6910.0
35.3853035 6646.0
35.39616994 6425.0
35.40703638 6094.0
35.417902819999995 5920.0
35.428769259999996 5621.0
35.4396357 5267.0
35.45050214 5002.0
35.46136858 4624.0
35.47223502 4438.0
35.48310146 4201.0
35.4939679 3967.0
35.50483434 3948.0
35.51570078 3614.0
35.526567220000004 3551.0
35.53743366 3413.0
35.5483001 3389.0
35.55916654 3232.0
35.57003298 3215.0
35.580899419999994 3102.0
35.591765859999995 3094.0
35.602632299999996 3078.0
35.61349874 3017.0
35.62436518 2969.0
35.63523162 2900.0
35.64609806 2998.0
35.6569645 2945.0
35.66783094 2800.0
35.67869738 2891.0
35.689563820000004 2871.0
35.700430260000005 2798.0
35.7112967 2890.0
35.72216314 2884.0
35.73302958 2910.0
35.74389602 2808.0
35.754762459999995 2871.0
35.765628899999996 2827.0
35.77649534 2848.0
35.78736178 3036.0
35.79822822 2942.0
35.80909466 2951.0
35.8199611 3087.0
35.83082754 3085.0
35.84169398 3175.0
35.85256042 3193.0
35.863426860000004 3225.0
35.8742933 3158.0
35.88515974 3286.0
35.89602618 3281.0
35.90689262 3374.0
35.917759059999995 3268.0
35.928625499999995 3402.0
35.939491939999996 3247.0
35.95035838 3301.0
35.96122482 3244.0
35.97209126 3110.0
35.9829577 3096.0
35.99382414 3017.0
36.00469058 3063.0
36.01555702 2906.0
36.026423460000004 2894.0
36.037289900000005 2908.0
36.04815634 2821.0
36.05902278 2755.0
36.06988922 2723.0
36.080755659999994 2657.0
36.091622099999995 2656.0
36.102488539999996 2612.0
36.11335498 2565.0
36.12422142 2551.0
36.13508786 2456.0
36.1459543 2501.0
36.15682074 2542.0
36.16768718 2438.0
36.17855362 2476.0
36.18942006 2461.0
36.200286500000004 2393.0
36.21115294 2464.0
36.22201938 2353.0
36.23288582 2413.0
36.24375226 2332.0
36.254618699999995 2432.0
36.265485139999996 2389.0
36.27635158 2438.0
36.28721802 2305.0
36.29808446 2351.0
36.3089509 2378.0
36.31981734 2323.0
36.33068378 2381.0
36.34155022 2308.0
36.35241666 2327.0
36.363283100000004 2388.0
36.37414954 2310.0
36.38501598 2408.0
36.39588242 2297.0
36.40674886 2348.0
36.417615299999994 2356.0
36.428481739999995 2276.0
36.439348179999996 2290.0
36.45021462 2187.0
36.46108106 2214.0
36.4719475 2294.0
36.48281394 2265.0
36.49368038 2334.0
36.50454682 2309.0
36.51541326 2209.0
36.5262797 2353.0
36.537146140000004 2255.0
36.54801258 2269.0
36.55887902 2333.0
36.56974546 2234.0
36.5806119 2252.0
36.591478339999995 2285.0
36.602344779999996 2295.0
36.61321122 2285.0
36.62407766 2299.0
36.6349441 2333.0
36.64581054 2251.0
36.65667698 2281.0
36.66754342 2206.0
36.67840986 2282.0
36.6892763 2246.0
36.700142740000004 2210.0
36.71100918 2219.0
36.72187562 2204.0
36.73274206 2199.0
36.7436085 2275.0
36.754474939999994 2254.0
36.765341379999995 2111.0
36.776207819999996 2298.0
36.78707426 2158.0
36.7979407 2223.0
36.80880714 2289.0
36.81967358 2299.0
36.83054002 2244.0
36.84140646 2199.0
36.8522729 2303.0
36.863139340000004 2275.0
36.874005780000005 2269.0
36.88487222 2220.0
36.89573866 2236.0
36.9066051 2225.0
36.91747154 2171.0
36.928337979999995 2158.0
36.939204419999996 2216.0
36.95007086 2238.0
36.9609373 2208.0
36.97180374 2234.0
36.98267018 2303.0
36.99353662 2174.0
37.00440306 2205.0
37.0152695 2295.0
37.02613594 2254.0
37.037002380000004 2299.0
37.04786882 2196.0
37.05873526 2239.0
37.0696017 2220.0
37.08046814 2205.0
37.091334579999995 2146.0
37.102201019999995 2136.0
37.113067459999996 2208.0
37.1239339 2222.0
37.13480034 2154.0
37.14566678 2179.0
37.15653322 2249.0
37.16739966 2214.0
37.1782661 2222.0
37.18913254 2177.0
37.199998980000004 2204.0
37.210865420000005 2213.0
37.22173186 2189.0
37.2325983 2245.0
37.24346474 2215.0
37.254331179999994 2273.0
37.265197619999995 2236.0
37.276064059999996 2202.0
37.2869305 2153.0
37.29779694 2281.0
37.30866338 2122.0
37.31952982 2308.0
37.33039626 2223.0
37.3412627 2159.0
37.35212914 2204.0
37.36299558 2209.0
37.373862020000004 2209.0
37.38472846 2244.0
37.3955949 2171.0
37.40646134 2178.0
37.41732778 2250.0
37.428194219999995 2243.0
37.439060659999996 2137.0
37.4499271 2204.0
37.46079354 2201.0
37.47165998 2195.0
37.48252642 2193.0
37.49339286 2210.0
37.5042593 2111.0
37.51512574 2291.0
37.52599218 2203.0
37.536858620000004 2203.0
37.54772506 2095.0
37.5585915 2132.0
37.56945794 2218.0
37.58032438 2220.0
37.591190819999994 2174.0
37.602057259999995 2296.0
37.612923699999996 2284.0
37.62379014 2203.0
37.63465658 2200.0
37.64552302 2205.0
37.65638946 2168.0
37.6672559 2217.0
37.67812234 2206.0
37.68898878 2258.0
37.69985522 2296.0
37.710721660000004 2198.0
37.7215881 2096.0
37.73245454 2147.0
37.74332098 2178.0
37.75418742 2221.0
37.765053859999995 2244.0
37.775920299999996 2191.0
37.78678674 2220.0
37.79765318 2131.0
37.80851962 2273.0
37.81938606 2186.0
37.8302525 2192.0
37.84111894 2142.0
37.85198538 2262.0
37.86285182 2214.0
37.873718260000004 2187.0
37.8845847 2111.0
37.89545114 2226.0
37.90631758 2193.0
37.91718402 2229.0
37.928050459999994 2203.0
37.938916899999995 2235.0
37.949783339999996 2257.0
37.96064978 2253.0
37.97151622 2163.0
37.98238266 2228.0
37.9932491 2163.0
38.00411554 2278.0
38.01498198 2151.0
38.02584842 2191.0
38.036714860000004 2212.0
38.047581300000004 2275.0
38.05844774 2185.0
38.06931418 2294.0
38.08018062 2225.0
38.09104706 2164.0
38.101913499999995 2257.0
38.112779939999996 2238.0
38.12364638 2278.0
38.13451282 2359.0
38.14537926 2326.0
38.1562457 2269.0
38.16711214 2365.0
38.17797858 2302.0
38.18884502 2250.0
38.19971146 2255.0
38.210577900000004 2347.0
38.22144434 2321.0
38.23231078 2314.0
38.24317722 2318.0
38.25404366 2371.0
38.264910099999994 2384.0
38.275776539999995 2446.0
38.286642979999996 2339.0
38.29750942 2458.0
38.30837586 2489.0
38.3192423 2462.0
38.33010874 2466.0
38.34097518 2458.0
38.35184162 2567.0
38.36270806 2554.0
38.373574500000004 2558.0
38.384440940000005 2529.0
38.39530738 2668.0
38.40617382 2626.0
38.41704026 2719.0
38.427906699999994 2725.0
38.438773139999995 2903.0
38.449639579999996 2934.0
38.46050602 3000.0
38.47137246 3115.0
38.4822389 3284.0
38.49310534 3326.0
38.50397178 3560.0
38.51483822 3599.0
38.52570466 3675.0
38.5365711 3844.0
38.547437540000004 3974.0
38.55830398 4027.0
38.56917042 4001.0
38.58003686 4066.0
38.5909033 3981.0
38.601769739999995 4027.0
38.612636179999996 3844.0
38.62350262 3843.0
38.63436906 3811.0
38.6452355 3587.0
38.65610194 3694.0
38.66696838 3686.0
38.67783482 3500.0
38.68870126 3505.0
38.6995677 3461.0
38.710434140000004 3227.0
38.72130058 3172.0
38.73216702 3103.0
38.74303346 2943.0
38.7538999 2937.0
38.764766339999994 2804.0
38.775632779999995 2835.0
38.786499219999996 2707.0
38.79736566 2624.0
38.8082321 2709.0
38.81909854 2655.0
38.82996498 2563.0
38.84083142 2593.0
38.85169786 2551.0
38.8625643 2525.0
38.87343074 2446.0
38.884297180000004 2576.0
38.89516362 2439.0
38.90603006 2412.0
38.9168965 2398.0
38.92776294 2398.0
38.938629379999995 2406.0
38.949495819999996 2371.0
38.96036226 2421.0
38.9712287 2345.0
38.98209514 2438.0
38.99296158 2343.0
39.00382802 2238.0
39.01469446 2303.0
39.0255609 2286.0
39.03642734 2306.0
39.047293780000004 2361.0
39.05816022 2340.0
39.06902666 2231.0
39.0798931 2350.0
39.09075954 2206.0
39.101625979999994 2304.0
39.112492419999995 2223.0
39.123358859999996 2343.0
39.1342253 2239.0
39.14509174 2269.0
39.15595818 2283.0
39.16682462 2249.0
39.17769106 2253.0
39.1885575 2220.0
39.19942394 2263.0
39.21029038 2370.0
39.221156820000004 2137.0
39.23202326 2267.0
39.2428897 2218.0
39.25375614 2324.0
39.26462258 2324.0
39.275489019999995 2319.0
39.286355459999996 2316.0
39.2972219 2384.0
39.30808834 2341.0
39.31895478 2315.0
39.32982122 2318.0
39.34068766 2418.0
39.3515541 2413.0
39.36242054 2573.0
39.37328698 2471.0
39.384153420000004 2487.0
39.39501986 2534.0
39.4058863 2497.0
39.41675274 2585.0
39.42761918 2445.0
39.438485619999994 2483.0
39.449352059999995 2604.0
39.460218499999996 2549.0
39.47108494 2540.0
39.48195138 2502.0
39.49281782 2567.0
39.50368426 2571.0
39.5145507 2486.0
39.52541714 2568.0
39.53628358 2401.0
39.547150020000004 2462.0
39.558016460000005 2390.0
39.5688829 2316.0
39.57974934 2402.0
39.59061578 2330.0
39.601482219999994 2266.0
39.612348659999995 2415.0
39.623215099999996 2254.0
39.63408154 2469.0
39.64494798 2361.0
39.65581442 2316.0
39.66668086 2253.0
39.6775473 2319.0
39.68841374 2335.0
39.69928018 2172.0
39.71014662 2279.0
39.721013060000004 2370.0
39.7318795 2304.0
39.74274594 2290.0
39.75361238 2242.0
39.76447882 2237.0
39.775345259999995 2284.0
39.786211699999996 2204.0
39.797078139999996 2223.0
39.80794458 2330.0
39.81881102 2279.0
39.82967746 2251.0
39.8405439 2206.0
39.85141034 2247.0
39.86227678 2210.0
39.87314322 2342.0
39.884009660000004 2260.0
39.8948761 2312.0
39.90574254 2312.0
39.91660898 2310.0
39.92747542 2329.0
39.938341859999994 2405.0
39.949208299999995 2291.0
39.960074739999996 2369.0
39.97094118 2434.0
39.98180762 2277.0
39.99267406 2399.0
40.0035405 2396.0
40.01440694 2369.0
40.02527338 2343.0
40.03613982 2328.0
40.04700626 2406.0
40.057872700000004 2359.0
40.06873914 2340.0
40.07960558 2394.0
40.09047202 2418.0
40.10133846 2423.0
40.112204899999995 2393.0
40.123071339999996 2298.0
40.13393778 2474.0
40.14480422 2355.0
40.15567066 2436.0
40.1665371 2324.0
40.17740354 2425.0
40.18826998 2356.0
40.19913642 2463.0
40.21000286 2379.0
40.220869300000004 2439.0
40.23173574 2414.0
40.24260218 2391.0
40.25346862 2406.0
40.26433506 2440.0
40.275201499999994 2374.0
40.286067939999995 2491.0
40.296934379999996 2473.0
40.30780082 2421.0
40.31866726 2478.0
40.3295337 2554.0
40.34040014 2532.0
40.35126658 2420.0
40.36213302 2538.0
40.37299946 2558.0
40.3838659 2578.0
40.394732340000004 2685.0
40.40559878 2503.0
40.41646522 2627.0
40.42733166 2767.0
40.4381981 2719.0
40.449064539999995 2796.0
40.459930979999996 2766.0
40.47079742 2780.0
40.48166386 2877.0
40.4925303 2916.0
40.50339674 3074.0
40.51426318 3133.0
40.52512962 3181.0
40.53599606 3290.0
40.5468625 3313.0
40.557728940000004 3422.0
40.56859538 3634.0
40.57946182 3622.0
40.59032826 3810.0
40.6011947 3853.0
40.612061139999994 4272.0
40.622927579999995 4180.0
40.633794019999996 4496.0
40.64466046 4520.0
40.6555269 4792.0
40.66639334 5078.0
40.67725978 5196.0
40.68812622 5545.0
40.69899266 5840.0
40.7098591 5907.0
40.720725540000004 6195.0
40.731591980000005 6389.0
40.74245842 6423.0
40.75332486 6262.0
40.7641913 6308.0
40.775057739999994 6278.0
40.785924179999995 6030.0
40.796790619999996 6119.0
40.80765706 5831.0
40.8185235 5716.0
40.82938994 5673.0
40.84025638 5536.0
40.85112282 5475.0
40.86198926 5147.0
40.8728557 5031.0
40.88372214 4863.0
40.894588580000004 4666.0
40.90545502 4553.0
40.91632146 4314.0
40.9271879 4139.0
40.93805434 4086.0
40.948920779999995 3895.0
40.959787219999996 3807.0
40.970653659999996 3738.0
40.9815201 3728.0
40.99238654 3614.0
41.00325298 3583.0
41.01411942 3746.0
41.02498586 3578.0
41.0358523 3662.0
41.04671874 3674.0
41.057585180000004 3751.0
41.06845162 3815.0
41.07931806 3868.0
41.0901845 3908.0
41.10105094 3965.0
41.111917379999994 4032.0
41.122783819999995 4058.0
41.133650259999996 4126.0
41.1445167 4188.0
41.15538314 4132.0
41.16624958 4457.0
41.17711602 4468.0
41.18798246 4476.0
41.1988489 4400.0
41.20971534 4386.0
41.22058178 4313.0
41.231448220000004 4244.0
41.24231466 4209.0
41.2531811 4121.0
41.26404754 4194.0
41.27491398 4166.0
41.285780419999995 4200.0
41.296646859999996 4226.0
41.3075133 4142.0
41.31837974 4153.0
41.32924618 4234.0
41.34011262 4141.0
41.35097906 4295.0
41.3618455 4182.0
41.37271194 4275.0
41.38357838 4278.0
41.394444820000004 4224.0
41.40531126 4269.0
41.4161777 4174.0
41.42704414 4196.0
41.43791058 4033.0
41.448777019999994 3947.0
41.459643459999995 3767.0
41.470509899999996 3678.0
41.48137634 3672.0
41.49224278 3602.0
41.50310922 3635.0
41.51397566 3536.0
41.5248421 3466.0
41.53570854 3373.0
41.54657498 3234.0
41.55744142 3170.0
41.568307860000004 3037.0
41.5791743 2993.0
41.59004074 2921.0
41.60090718 2926.0
41.61177362 2780.0
41.622640059999995 2673.0
41.633506499999996 2756.0
41.64437294 2564.0
41.65523938 2639.0
41.66610582 2519.0
41.67697226 2613.0
41.6878387 2431.0
41.69870514 2553.0
41.70957158 2399.0
41.72043802 2441.0
41.731304460000004 2356.0
41.7421709 2406.0
41.75303734 2310.0
41.76390378 2398.0
41.77477022 2303.0
41.785636659999994 2326.0
41.796503099999995 2300.0
41.807369539999996 2188.0
41.81823598 2254.0
41.82910242 2308.0
41.83996886 2276.0
41.8508353 2299.0
41.86170174 2163.0
41.87256818 2263.0
41.88343462 2176.0
41.894301060000004 2169.0
41.905167500000005 2293.0
41.91603394 2238.0
41.92690038 2268.0
41.93776682 2257.0
41.948633259999994 2159.0
41.959499699999995 2189.0
41.970366139999996 2171.0
41.98123258 2184.0
41.99209902 2200.0
42.00296546 2233.0
42.0138319 2152.0
42.02469834 2208.0
42.03556478 2184.0
42.04643122 2197.0
42.057297659999996 2096.0
42.0681641 2187.0
42.07903054 2128.0
42.08989698 2178.0
42.10076342 2093.0
42.11162986 2148.0
42.1224963 2056.0
42.13336274 2209.0
42.144229179999996 2056.0
42.15509562 2149.0
42.16596206 2092.0
42.1768285 2037.0
42.18769494 2213.0
42.19856138 2110.0
42.20942782 2050.0
42.220294259999996 2160.0
42.2311607 2109.0
42.24202714 2186.0
42.25289358 2159.0
42.26376002 2081.0
42.27462646 2131.0
42.2854929 2118.0
42.29635934 2082.0
42.307225779999996 2049.0
42.31809222 2070.0
42.32895866 2098.0
42.3398251 2032.0
42.35069154 2069.0
42.36155798 2166.0
42.37242442 2145.0
42.38329086 2105.0
42.394157299999996 2100.0
42.40502374 2104.0
42.41589018 2052.0
42.42675662 2038.0
42.43762306 2130.0
42.4484895 2165.0
42.45935594 2041.0
42.47022238 2043.0
42.48108882 2127.0
42.49195526 2065.0
42.5028217 2097.0
42.51368814 2158.0
42.52455458 2095.0
42.53542102 2117.0
42.54628746 2119.0
42.557153899999996 2192.0
42.56802034 2162.0
42.57888678 2117.0
42.58975322 2142.0
42.60061966 2106.0
42.6114861 2065.0
42.62235254 2029.0
42.63321898 2106.0
42.644085419999996 2034.0
42.65495186 2241.0
42.6658183 2036.0
42.67668474 2232.0
42.68755118 2071.0
42.69841762 2073.0
42.70928406 2024.0
42.7201505 2126.0
42.731016939999996 2131.0
42.74188338 1986.0
42.75274982 2039.0
42.76361626 2066.0
42.7744827 2048.0
42.78534914 1989.0
42.79621558 2034.0
42.807082019999996 2061.0
42.81794846 2206.0
42.8288149 2035.0
42.83968134 2126.0
42.85054778 2152.0
42.86141422 2028.0
42.87228066 2103.0
42.8831471 2078.0
42.894013539999996 2092.0
42.90487998 2110.0
42.91574642 1990.0
42.92661286 2096.0
42.9374793 2015.0
42.94834574 2135.0
42.95921218 2070.0
42.97007862 2057.0
42.980945059999996 2050.0
42.9918115 1990.0
43.00267794 2010.0
43.01354438 2088.0
43.02441082 2170.0
43.03527726 2007.0
43.0461437 2101.0
43.05701014 2005.0
43.06787658 2051.0
43.07874302 2039.0
43.08960946 2050.0
43.1004759 1959.0
43.11134234 2003.0
43.12220878 2061.0
43.13307522 2010.0
43.143941659999996 2080.0
43.1548081 2099.0
43.16567454 2060.0
43.17654098 2195.0
43.18740742 2063.0
43.19827386 2113.0
43.2091403 2005.0
43.22000674 2107.0
43.230873179999996 1966.0
43.24173962 2137.0
43.25260606 2085.0
43.2634725 2023.0
43.27433894 2056.0
43.28520538 2022.0
43.29607182 2071.0
43.30693826 2101.0
43.317804699999996 2091.0
43.32867114 2016.0
43.33953758 2149.0
43.35040402 2029.0
43.36127046 2006.0
43.3721369 2102.0
43.38300334 2015.0
43.393869779999996 2022.0
43.40473622 2157.0
43.41560266 2044.0
43.4264691 2042.0
43.43733554 2088.0
43.44820198 2122.0
43.45906842 2103.0
43.46993486 2104.0
43.480801299999996 2091.0
43.49166774 2120.0
43.50253418 2119.0
43.51340062 2134.0
43.52426706 2067.0
43.5351335 1974.0
43.54599994 2038.0
43.55686638 1990.0
43.567732819999996 2055.0
43.57859926 2105.0
43.5894657 2059.0
43.60033214 2015.0
43.61119858 2034.0
43.62206502 1956.0
43.63293146 2184.0
43.6437979 2050.0
43.65466434 2097.0
43.66553078 2037.0
43.67639722 2158.0
43.68726366 2036.0
43.6981301 2117.0
43.70899654 2053.0
43.71986298 2140.0
43.730729419999996 2078.0
43.74159586 2153.0
43.7524623 2027.0
43.76332874 2131.0
43.77419518 2067.0
43.78506162 2115.0
43.79592806 2090.0
43.8067945 2098.0
43.817660939999996 2094.0
43.82852738 2042.0
43.83939382 2093.0
43.85026026 2042.0
43.8611267 2091.0
43.87199314 2115.0
43.88285958 2096.0
43.89372602 2181.0
43.904592459999996 2086.0
43.9154589 2215.0
43.92632534 2119.0
43.93719178 2077.0
43.94805822 2105.0
43.95892466 2138.0
43.9697911 2112.0
43.980657539999996 2080.0
43.99152398 2121.0
44.00239042 2141.0
44.01325686 2203.0
44.0241233 2070.0
44.03498974 2049.0
44.04585618 2130.0
44.05672262 2168.0
44.067589059999996 2055.0
44.0784555 2119.0
44.08932194 2179.0
44.10018838 2105.0
44.11105482 2124.0
44.12192126 2162.0
44.1327877 2154.0
44.14365414 2094.0
44.154520579999996 2101.0
44.16538702 2141.0
44.17625346 2115.0
44.1871199 2131.0
44.19798634 2117.0
44.20885278 2205.0
44.21971922 2184.0
44.23058566 2116.0
44.2414521 2244.0
44.25231854 2164.0
44.26318498 2207.0
44.27405142 2180.0
44.28491786 2150.0
44.2957843 2176.0
44.30665074 2132.0
44.317517179999996 2194.0
44.32838362 2205.0
44.33925006 2137.0
44.3501165 2211.0
44.36098294 2184.0
44.37184938 2282.0
44.38271582 2356.0
44.39358226 2240.0
44.404448699999996 2175.0
44.41531514 2345.0
44.42618158 2280.0
44.43704802 2257.0
44.44791446 2208.0
44.4587809 2278.0
44.46964734 2269.0
44.48051378 2257.0
44.491380219999996 2397.0
44.50224666 2292.0
44.5131131 2303.0
44.52397954 2340.0
44.53484598 2337.0
44.54571242 2409.0
44.55657886 2459.0
44.567445299999996 2452.0
44.57831174 2538.0
44.58917818 2522.0
44.60004462 2543.0
44.61091106 2548.0
44.6217775 2593.0
44.63264394 2651.0
44.64351038 2582.0
44.654376819999996 2711.0
44.66524326 2783.0
44.6761097 2859.0
44.68697614 2888.0
44.69784258 3081.0
44.70870902 3080.0
44.71957546 3240.0
44.7304419 3281.0
44.741308339999996 3414.0
44.75217478 3509.0
44.76304122 3652.0
44.77390766 3734.0
44.7847741 3813.0
44.79564054 4001.0
44.80650698 4094.0
44.81737342 4286.0
44.82823986 4512.0
44.8391063 4544.0
44.84997274 4547.0
44.86083918 4408.0
44.87170562 4454.0
44.88257206 4316.0
44.8934385 4356.0
44.904304939999996 4123.0
44.91517138 4109.0
44.92603782 4112.0
44.93690426 3903.0
44.9477707 3860.0
44.95863714 3929.0
44.96950358 3685.0
44.98037002 3694.0
44.991236459999996 3680.0
45.0021029 3449.0
45.01296934 3389.0
45.02383578 3409.0
45.03470222 3065.0
45.04556866 3115.0
45.0564351 3069.0
45.06730154 2864.0
45.078167979999996 2786.0
45.08903442 2780.0
45.09990086 2820.0
45.1107673 2746.0
45.12163374 2784.0
45.13250018 2729.0
45.14336662 2733.0
45.154233059999996 2604.0
45.1650995 2663.0
45.17596594 2611.0
45.18683238 2629.0
45.19769882 2702.0
45.20856526 2610.0
45.2194317 2607.0
45.23029814 2452.0
45.241164579999996 2697.0
45.25203102 2709.0
45.26289746 2724.0
45.2737639 2770.0
45.28463034 2753.0
45.29549678 2750.0
45.30636322 2859.0
45.31722966 2785.0
45.328096099999996 2816.0
45.33896254 2798.0
45.34982898 2836.0
45.36069542 2971.0
45.37156186 2925.0
45.3824283 3030.0
45.39329474 3130.0
45.40416118 3138.0
45.41502762 3290.0
45.42589406 3285.0
45.4367605 3467.0
45.44762694 3584.0
45.45849338 3573.0
45.46935982 3720.0
45.48022626 3694.0
45.491092699999996 3852.0
45.50195914 3873.0
45.51282558 4008.0
45.52369202 3991.0
45.53455846 4092.0
45.5454249 3968.0
45.55629134 3991.0
45.56715778 4029.0
45.578024219999996 4089.0
45.58889066 4006.0
45.5997571 3872.0
45.61062354 3795.0
45.62148998 3768.0
45.63235642 3717.0
45.64322286 3740.0
45.6540893 3584.0
45.664955739999996 3587.0
45.67582218 3369.0
45.68668862 3330.0
45.69755506 3234.0
45.7084215 3184.0
45.71928794 3014.0
45.73015438 2944.0
45.741020819999996 2900.0
45.75188726 2825.0
45.7627537 2793.0
45.77362014 2667.0
45.78448658 2734.0
45.79535302 2634.0
45.80621946 2571.0
45.8170859 2522.0
45.827952339999996 2562.0
45.83881878 2437.0
45.84968522 2452.0
45.86055166 2411.0
45.8714181 2373.0
45.88228454 2362.0
45.89315098 2360.0
45.90401742 2393.0
45.914883859999996 2396.0
45.9257503 2334.0
45.93661674 2259.0
45.94748318 2410.0
45.95834962 2262.0
45.96921606 2289.0
45.9800825 2304.0
45.99094894 2301.0
46.00181538 2238.0
46.01268182 2216.0
46.02354826 2161.0
46.0344147 2210.0
46.04528114 2202.0
46.05614758 2225.0
46.06701402 2117.0
46.077880459999996 2242.0
46.0887469 2126.0
46.09961334 2236.0
46.11047978 2157.0
46.12134622 2198.0
46.13221266 2168.0
46.1430791 2217.0
46.15394554 2185.0
46.164811979999996 2119.0
46.17567842 2129.0
46.18654486 2128.0
46.1974113 2081.0
46.20827774 2069.0
46.21914418 2058.0
46.23001062 1974.0
46.24087706 2095.0
46.251743499999996 2099.0
46.26260994 2110.0
46.27347638 2042.0
46.28434282 2177.0
46.29520926 2090.0
46.3060757 2193.0
46.31694214 2067.0
46.327808579999996 2154.0
46.33867502 2173.0
46.34954146 2021.0
46.3604079 2169.0
46.37127434 2003.0
46.38214078 2109.0
46.39300722 2066.0
46.40387366 2153.0
46.414740099999996 2133.0
46.42560654 2054.0
46.43647298 2099.0
46.44733942 2091.0
46.45820586 2024.0
46.4690723 2109.0
46.47993874 2061.0
46.49080518 2111.0
46.501671619999996 1978.0
46.51253806 2007.0
46.5234045 2037.0
46.53427094 2043.0
46.54513738 1998.0
46.55600382 2002.0
46.56687026 2092.0
46.5777367 2075.0
46.58860314 2012.0
46.59946958 2067.0
46.61033602 1966.0
46.62120246 2082.0
46.6320689 2083.0
46.64293534 2016.0
46.65380178 1993.0
46.664668219999996 2025.0
46.67553466 2069.0
46.6864011 2113.0
46.69726754 2082.0
46.70813398 2104.0
46.71900042 1937.0
46.72986686 2075.0
46.7407333 2078.0
46.751599739999996 2004.0
46.76246618 2043.0
46.77333262 2088.0
46.78419906 2049.0
46.7950655 2027.0
46.80593194 2086.0
46.81679838 2060.0
46.82766482 2001.0
46.838531259999996 2053.0
46.8493977 2006.0
46.86026414 2088.0
46.87113058 1902.0
46.88199702 2084.0
46.89286346 2020.0
46.9037299 2006.0
46.914596339999996 2012.0
46.92546278 2018.0
46.93632922 1999.0
46.94719566 2114.0
46.9580621 2083.0
46.96892854 2137.0
46.97979498 1917.0
46.99066142 2068.0
47.001527859999996 2017.0
47.0123943 2103.0
47.02326074 1964.0
47.03412718 1970.0
47.04499362 2034.0
47.05586006 2013.0
47.0667265 2036.0
47.07759294 2062.0
47.088459379999996 2023.0
47.09932582 2032.0
47.11019226 1982.0
47.1210587 1932.0
47.13192514 2003.0
47.14279158 2000.0
47.15365802 2096.0
47.16452446 1980.0
47.1753909 2088.0
47.18625734 2043.0
47.19712378 2058.0
47.20799022 2006.0
47.21885666 1948.0
47.2297231 2004.0
47.24058954 2018.0
47.251455979999996 2075.0
47.26232242 1980.0
47.27318886 2030.0
47.2840553 1944.0
47.29492174 2122.0
47.30578818 1966.0
47.31665462 1974.0
47.32752106 2062.0
47.338387499999996 1988.0
47.34925394 1992.0
47.36012038 2023.0
47.37098682 2030.0
47.38185326 2075.0
47.3927197 2112.0
47.40358614 2019.0
47.41445258 2112.0
47.425319019999996 2092.0
47.43618546 2092.0
47.4470519 2060.0
47.45791834 2144.0
47.46878478 2075.0
47.47965122 2146.0
47.49051766 2089.0
47.501384099999996 2062.0
47.51225054 2029.0
47.52311698 2019.0
47.53398342 2006.0
47.54484986 1985.0
47.5557163 2042.0
47.56658274 2051.0
47.57744918 2157.0
47.588315619999996 2068.0
47.59918206 1957.0
47.6100485 2057.0
47.62091494 2102.0
47.63178138 2101.0
47.64264782 2122.0
47.65351426 2104.0
47.6643807 2106.0
47.675247139999996 2081.0
47.68611358 2053.0
47.69698002 2076.0
47.70784646 2129.0
47.7187129 2118.0
47.72957934 2013.0
47.74044578 2139.0
47.75131222 2122.0
47.76217866 2039.0
47.7730451 2049.0
47.78391154 1990.0
47.79477798 2097.0
47.80564442 2047.0
47.81651086 2080.0
47.8273773 2094.0
47.838243739999996 2156.0
47.84911018 2099.0
47.85997662 2104.0
47.87084306 2046.0
47.8817095 2164.0
47.89257594 2093.0
47.90344238 2147.0
47.91430882 2056.0
47.925175259999996 2114.0
47.9360417 2073.0
47.94690814 1992.0
47.95777458 2153.0
47.96864102 2034.0
47.97950746 2060.0
47.9903739 2028.0
48.00124034 2009.0
48.012106779999996 2111.0
48.02297322 2025.0
48.03383966 2041.0
48.0447061 2118.0
48.05557254 2092.0
48.06643898 2139.0
48.07730542 2102.0
48.088171859999996 2116.0
48.0990383 2100.0
48.10990474 2082.0
48.12077118 2117.0
48.13163762 1992.0
48.14250406 1989.0
48.1533705 2120.0
48.16423694 2085.0
48.175103379999996 2108.0
48.18596982 2043.0
48.19683626 2137.0
48.2077027 2152.0
48.21856914 2004.0
48.22943558 2264.0
48.24030202 2160.0
48.25116846 2011.0
48.262034899999996 2048.0
48.27290134 2126.0
48.28376778 2076.0
48.29463422 2106.0
48.30550066 2081.0
48.3163671 2197.0
48.32723354 2167.0
48.33809998 2144.0
48.348966419999996 2220.0
48.35983286 2210.0
48.3706993 2220.0
48.38156574 2209.0
48.39243218 2216.0
48.40329862 2107.0
48.41416506 2168.0
48.425031499999996 2116.0
48.43589794 2269.0
48.44676438 2173.0
48.45763082 2329.0
48.46849726 2338.0
48.4793637 2231.0
48.49023014 2249.0
48.50109658 2201.0
48.511963019999996 2260.0
48.52282946 2220.0
48.5336959 2256.0
48.54456234 2281.0
48.55542878 2332.0
48.56629522 2244.0
48.57716166 2339.0
48.5880281 2268.0
48.598894539999996 2304.0
48.60976098 2256.0
48.62062742 2352.0
48.63149386 2282.0
48.6423603 2276.0
48.65322674 2428.0
48.66409318 2369.0
48.674959619999996 2394.0
48.68582606 2386.0
48.6966925 2453.0
48.70755894 2419.0
48.71842538 2450.0
48.72929182 2447.0
48.74015826 2535.0
48.7510247 2487.0
48.761891139999996 2573.0
48.77275758 2559.0
48.78362402 2707.0
48.79449046 2682.0
48.8053569 2686.0
48.81622334 2682.0
48.82708978 2849.0
48.83795622 2813.0
48.848822659999996 2876.0
48.8596891 2841.0
48.87055554 2972.0
48.88142198 3014.0
48.89228842 3104.0
48.90315486 3106.0
48.9140213 3171.0
48.92488774 3172.0
48.935754179999996 3223.0
48.94662062 3360.0
48.95748706 3333.0
48.9683535 3257.0
48.97921994 3363.0
48.99008638 3408.0
49.00095282 3443.0
49.011819259999996 3479.0
49.0226857 3531.0
49.03355214 3670.0
49.04441858 3693.0
49.05528502 3692.0
49.06615146 3661.0
49.0770179 3899.0
49.08788434 4003.0
49.098750779999996 4083.0
49.10961722 4326.0
49.12048366 4324.0
49.1313501 4575.0
49.14221654 4635.0
49.15308298 5032.0
49.16394942 5145.0
49.17481586 5434.0
49.185682299999996 5701.0
49.19654874 6331.0
49.20741518 6566.0
49.21828162 6804.0
49.22914806 7220.0
49.2400145 7645.0
49.25088094 8071.0
49.261747379999996 8239.0
49.27261382 8424.0
49.28348026 8555.0
49.2943467 8565.0
49.30521314 8184.0
49.31607958 8130.0
49.32694602 7897.0
49.33781246 7548.0
49.348678899999996 7381.0
49.35954534 7323.0
49.37041178 7091.0
49.38127822 6910.0
49.39214466 7023.0
49.4030111 6791.0
49.41387754 6500.0
49.42474398 6228.0
49.435610419999996 6159.0
49.44647686 5778.0
49.4573433 5493.0
49.46820974 5223.0
49.47907618 4846.0
49.48994262 4675.0
49.50080906 4473.0
49.5116755 4237.0
49.522541939999996 4120.0
49.53340838 3884.0
49.54427482 3851.0
49.55514126 3843.0
49.5660077 3644.0
49.57687414 3666.0
49.58774058 3554.0
49.598607019999996 3508.0
49.60947346 3465.0
49.6203399 3405.0
49.63120634 3428.0
49.64207278 3310.0
49.65293922 3188.0
49.66380566 3240.0
49.6746721 3220.0
49.685538539999996 3134.0
49.69640498 3140.0
49.70727142 3150.0
49.71813786 3141.0
49.7290043 3091.0
49.73987074 3172.0
49.75073718 3227.0
49.76160362 3245.0
49.772470059999996 3266.0
49.7833365 3270.0
49.79420294 3243.0
49.80506938 3371.0
49.81593582 3382.0
49.82680226 3413.0
49.8376687 3464.0
49.848535139999996 3467.0
49.85940158 3512.0
49.87026802 3709.0
49.88113446 3704.0
49.8920009 3735.0
49.90286734 3822.0
49.91373378 4123.0
49.92460022 4061.0
49.935466659999996 4316.0
49.9463331 4460.0
49.95719954 4620.0
49.96806598 4908.0
49.97893242 4967.0
49.98979886 5316.0
50.0006653 5659.0
50.01153174 5757.0
50.022398179999996 6165.0
50.03326462 6618.0
50.04413106 7143.0
50.0549975 7504.0
50.06586394 8027.0
50.07673038 8573.0
50.08759682 8879.0
50.09846326 9331.0
50.109329699999996 9762.0
50.12019614 10208.0
50.13106258 10366.0
50.14192902 10287.0
50.15279546 10187.0
50.1636619 9812.0
50.17452834 9794.0
50.185394779999996 9322.0
50.19626122 8970.0
50.20712766 8879.0
50.2179941 8543.0
50.22886054 8370.0
50.23972698 8488.0
50.25059342 8375.0
50.26145986 8137.0
50.272326299999996 7712.0
50.28319274 7538.0
50.29405918 7025.0
50.30492562 6855.0
50.31579206 6452.0
50.3266585 6193.0
50.33752494 6064.0
50.34839138 5587.0
50.359257819999996 5437.0
50.37012426 5149.0
50.3809907 5157.0
50.39185714 5011.0
50.40272358 4866.0
50.41359002 4940.0
50.42445646 4884.0
50.435322899999996 4969.0
50.44618934 5031.0
50.45705578 4944.0
50.46792222 5180.0
50.47878866 5277.0
50.4896551 5480.0
50.50052154 5372.0
50.51138798 5811.0
50.522254419999996 5834.0
50.53312086 6197.0
50.5439873 6426.0
50.55485374 6521.0
50.56572018 6554.0
50.57658662 6762.0
50.58745306 6755.0
50.5983195 6788.0
50.609185939999996 6472.0
50.62005238 6323.0
50.63091882 6189.0
50.64178526 6149.0
50.6526517 5843.0
50.66351814 5900.0
50.67438458 5543.0
50.68525102 5462.0
50.696117459999996 5635.0
50.7069839 5309.0
50.71785034 5382.0
50.72871678 5145.0
50.73958322 5154.0
50.75044966 4931.0
50.7613161 4628.0
50.772182539999996 4414.0
50.78304898 4231.0
50.79391542 4047.0
50.80478186 3876.0
50.8156483 3813.0
50.82651474 3583.0
50.83738118 3539.0
50.84824762 3494.0
50.859114059999996 3311.0
50.8699805 3413.0
50.88084694 3208.0
50.89171338 3274.0
50.90257982 3277.0
50.91344626 3210.0
50.9243127 3061.0
50.93517914 3089.0
50.946045579999996 2990.0
50.95691202 2975.0
50.96777846 2998.0
50.9786449 3009.0
50.98951134 2903.0
51.00037778 2885.0
51.01124422 3002.0
51.022110659999996 2951.0
51.0329771 2964.0
51.04384354 3021.0
51.05470998 3035.0
51.06557642 3146.0
51.07644286 3057.0
51.0873093 3228.0
51.09817574 3192.0
51.109042179999996 3264.0
51.11990862 3390.0
51.13077506 3467.0
51.1416415 3570.0
51.15250794 3702.0
51.16337438 3756.0
51.17424082 3841.0
51.18510726 4021.0
51.195973699999996 4075.0
51.20684014 4031.0
51.21770658 4039.0
51.22857302 3955.0
51.23943946 4053.0
51.2503059 3793.0
51.26117234 3685.0
51.27203878 3715.0
51.282905219999996 3613.0
51.29377166 3548.0
51.3046381 3486.0
51.31550454 3551.0
51.32637098 3414.0
51.33723742 3426.0
51.34810386 3387.0
51.358970299999996 3402.0
51.36983674 3230.0
51.38070318 3143.0
51.39156962 3176.0
51.40243606 3057.0
51.4133025 2977.0
51.42416894 3035.0
51.43503538 2742.0
51.445901819999996 2810.0
51.45676826 2706.0
51.4676347 2724.0
51.47850114 2591.0
51.48936758 2542.0
51.50023402 2531.0
51.51110046 2519.0
51.5219669 2433.0
51.532833339999996 2476.0
51.54369978 2505.0
51.55456622 2380.0
51.56543266 2256.0
51.5762991 2419.0
51.58716554 2325.0
51.59803198 2409.0
51.608898419999996 2417.0
51.61976486 2197.0
51.6306313 2265.0
51.64149774 2143.0
51.65236418 2242.0
51.66323062 2248.0
51.67409706 2306.0
51.6849635 2217.0
51.695829939999996 2275.0
51.70669638 2113.0
51.71756282 2250.0
51.72842926 2212.0
51.7392957 2202.0
51.75016214 2183.0
51.76102858 2185.0
51.77189502 2222.0
51.782761459999996 2057.0
51.7936279 2241.0
51.80449434 2184.0
51.81536078 2201.0
51.82622722 2164.0
51.83709366 2166.0
51.8479601 2080.0
51.85882654 2053.0
51.869692979999996 2024.0
51.88055942 2150.0
51.89142586 2179.0
51.9022923 2084.0
51.91315874 2107.0
51.92402518 2174.0
51.93489162 2099.0
51.945758059999996 2065.0
51.9566245 2140.0
51.96749094 2093.0
51.97835738 2199.0
51.98922382 2076.0
52.00009026 2121.0
52.0109567 2054.0
52.02182314 2110.0
52.032689579999996 2178.0
52.04355602 2165.0
52.05442246 2146.0
52.0652889 2121.0
52.07615534 2103.0
52.08702178 2102.0
52.09788822 2146.0
52.10875466 2121.0
52.119621099999996 2080.0
52.13048754 2156.0
52.14135398 2051.0
52.15222042 2152.0
52.16308686 2067.0
52.1739533 2138.0
52.18481974 2007.0
52.195686179999996 2139.0
52.20655262 2165.0
52.21741906 2202.0
52.2282855 2188.0
52.23915194 2142.0
52.25001838 2150.0
52.26088482 2189.0
52.27175126 2091.0
52.282617699999996 2016.0
52.29348414 2071.0
52.30435058 2109.0
52.31521702 1983.0
52.32608346 2145.0
52.3369499 2086.0
52.34781634 2114.0
52.35868278 2053.0
52.369549219999996 2120.0
52.38041566 2088.0
52.3912821 2010.0
52.40214854 2005.0
52.41301498 2056.0
52.42388142 2069.0
52.43474786 2050.0
52.4456143 2094.0
52.456480739999996 2068.0
52.46734718 2079.0
52.47821362 2059.0
52.48908006 2116.0
52.4999465 2143.0
52.51081294 2032.0
52.52167938 2118.0
52.532545819999996 2053.0
52.54341226 2104.0
52.5542787 2027.0
52.56514514 2025.0
52.57601158 2071.0
52.58687802 2086.0
52.59774446 2058.0
52.6086109 2046.0
52.619477339999996 2043.0
52.63034378 2158.0
52.64121022 2050.0
52.65207666 2045.0
52.6629431 2023.0
52.67380954 2017.0
52.68467598 2057.0
52.69554242 2040.0
52.706408859999996 1966.0
52.7172753 2032.0
52.72814174 2106.0
52.73900818 2048.0
52.74987462 2003.0
52.76074106 2113.0
52.7716075 2060.0
52.782473939999996 2151.0
52.79334038 2082.0
52.80420682 2118.0
52.81507326 2024.0
52.8259397 2106.0
52.83680614 2079.0
52.84767258 2078.0
52.85853902 2093.0
52.869405459999996 2063.0
52.8802719 2103.0
52.89113834 2101.0
52.90200478 2041.0
52.91287122 2052.0
52.92373766 2123.0
52.9346041 2032.0
52.94547054 1971.0
52.956336979999996 2088.0
52.96720342 2108.0
52.97806986 2048.0
52.9889363 2140.0
52.99980274 2100.0
53.01066918 1999.0
53.02153562 2025.0
53.03240206 2079.0
53.043268499999996 1958.0
53.05413494 2166.0
53.06500138 2120.0
53.07586782 2151.0
53.08673426 2183.0
53.0976007 2129.0
53.10846714 2110.0
53.119333579999996 2152.0
53.13020002 2042.0
53.14106646 2113.0
53.1519329 2134.0
53.16279934 2151.0
53.17366578 2089.0
53.18453222 2129.0
53.19539866 2090.0
53.206265099999996 2088.0
53.21713154 2036.0
53.22799798 2088.0
53.23886442 2222.0
53.24973086 2133.0
53.2605973 2238.0
53.27146374 2123.0
53.28233018 2179.0
53.293196619999996 2156.0
53.30406306 2175.0
53.3149295 2165.0
53.32579594 2127.0
53.33666238 2170.0
53.34752882 2140.0
53.35839526 2156.0
53.369261699999996 2106.0
53.38012814 2153.0
53.39099458 2035.0
53.40186102 2261.0
53.41272746 2117.0
53.4235939 2191.0
53.43446034 2128.0
53.44532678 2140.0
53.456193219999996 2195.0
53.46705966 2215.0
53.4779261 2255.0
53.48879254 2183.0
53.49965898 2286.0
53.51052542 2288.0
53.52139186 2370.0
53.5322583 2371.0
53.543124739999996 2255.0
53.55399118 2293.0
53.56485762 2285.0
53.57572406 2316.0
53.5865905 2328.0
53.59745694 2336.0
53.60832338 2410.0
53.61918982 2396.0
53.630056259999996 2366.0
53.6409227 2325.0
53.65178914 2426.0
53.66265558 2431.0
53.67352202 2486.0
53.68438846 2424.0
53.6952549 2415.0
53.706121339999996 2414.0
53.71698778 2448.0
53.72785422 2531.0
53.73872066 2499.0
53.7495871 2526.0
53.76045354 2608.0
53.77131998 2550.0
53.78218642 2646.0
53.793052859999996 2602.0
53.8039193 2747.0
53.81478574 2708.0
53.82565218 2818.0
53.83651862 2935.0
53.84738506 2913.0
53.8582515 2854.0
53.86911794 3065.0
53.879984379999996 3012.0
53.89085082 3044.0
53.90171726 3230.0
53.9125837 3275.0
53.92345014 3355.0
53.93431658 3588.0
53.94518302 3550.0
53.956049459999996 3803.0
53.9669159 3709.0
53.97778234 3917.0
53.98864878 4105.0
53.99951522 4129.0
54.01038166 4315.0
54.0212481 4598.0
54.03211454 4740.0
54.042980979999996 4897.0
54.05384742 5104.0
54.06471386 5265.0
54.0755803 5415.0
54.08644674 5564.0
54.09731318 5625.0
54.10817962 5811.0
54.11904606 6083.0
54.129912499999996 6017.0
54.14077894 5922.0
54.15164538 5686.0
54.16251182 5641.0
54.17337826 5483.0
54.1842447 5308.0
54.19511114 5161.0
54.20597758 5135.0
54.216844019999996 4984.0
54.22771046 4888.0
54.2385769 4777.0
54.24944334 4708.0
54.26030978 4586.0
54.27117622 4581.0
54.28204266 4400.0
54.292909099999996 4217.0
54.30377554 4040.0
54.31464198 3971.0
54.32550842 3770.0
54.33637486 3719.0
54.3472413 3376.0
54.35810774 3324.0
54.36897418 3232.0
54.379840619999996 3160.0
54.39070706 3182.0
54.4015735 3123.0
54.41243994 2887.0
54.42330638 2911.0
54.43417282 2830.0
54.44503926 2918.0
54.4559057 2743.0
54.466772139999996 2752.0
54.47763858 2770.0
54.48850502 2639.0
54.49937146 2577.0
54.5102379 2564.0
54.52110434 2609.0
54.53197078 2548.0
54.542837219999996 2518.0
54.55370366 2571.0
54.5645701 2511.0
54.57543654 2535.0
54.58630298 2529.0
54.59716942 2594.0
54.60803586 2401.0
54.6189023 2553.0
54.629768739999996 2478.0
54.64063518 2480.0
54.65150162 2650.0
54.66236806 2453.0
54.6732345 2505.0
54.68410094 2557.0
54.69496738 2475.0
54.70583382 2530.0
54.716700259999996 2614.0
54.7275667 2538.0
54.73843314 2574.0
54.74929958 2540.0
54.76016602 2506.0
54.77103246 2598.0
54.7818989 2522.0
54.792765339999995 2522.0
54.803631779999996 2540.0
54.81449822 2504.0
54.82536466 2479.0
54.8362311 2518.0
54.84709754 2502.0
54.85796398 2589.0
54.86883042 2561.0
54.879696859999996 2603.0
54.8905633 2601.0
54.90142974 2647.0
54.91229618 2671.0
54.92316262 2583.0
54.93402906 2552.0
54.9448955 2619.0
54.95576194 2566.0
54.966628379999996 2623.0
54.97749482 2592.0
54.98836126 2657.0
54.9992277 2693.0
55.01009414 2653.0
55.02096058 2727.0
55.03182702 2772.0
55.04269346 2896.0
55.053559899999996 2815.0
55.06442634 2837.0
55.07529278 2842.0
55.08615922 3010.0
55.09702566 3125.0
55.1078921 3146.0
55.11875854 3235.0
55.129624979999996 3112.0
55.14049142 3329.0
55.15135786 3294.0
55.1622243 3487.0
55.17309074 3543.0
55.18395718 3559.0
55.19482362 3699.0
55.20569006 3920.0
55.216556499999996 3957.0
55.22742294 4193.0
55.23828938 4356.0
55.24915582 4454.0
55.26002226 4685.0
55.2708887 4820.0
55.28175514 4894.0
55.29262158 5098.0
55.303488019999996 5344.0
55.31435446 5380.0
55.3252209 5601.0
55.33608734 5661.0
55.34695378 5942.0
55.35782022 5879.0
55.36868666 6256.0
55.379553099999995 6142.0
55.390419539999996 6266.0
55.40128598 6424.0
55.41215242 6342.0
55.42301886 6400.0
55.4338853 6420.0
55.44475174 6266.0
55.45561818 6231.0
55.466484619999996 6089.0
55.47735106 6162.0
55.4882175 5920.0
55.49908394 5918.0
55.50995038 5924.0
55.52081682 6016.0
55.53168326 5966.0
55.5425497 6049.0
55.553416139999996 6036.0
55.56428258 5828.0
55.57514902 5998.0
55.58601546 5898.0
55.5968819 5980.0
55.60774834 5799.0
55.61861478 5851.0
55.62948122 5623.0
55.640347659999996 5460.0
55.6512141 5513.0
55.66208054 5394.0
55.67294698 5101.0
55.68381342 4917.0
55.69467986 4804.0
55.7055463 5078.0
55.716412739999996 4887.0
55.72727918 4926.0
55.73814562 4820.0
55.74901206 4718.0
55.7598785 4867.0
55.77074494 4800.0
55.78161138 4868.0
55.79247782 4662.0
55.803344259999996 4779.0
55.8142107 4731.0
55.82507714 4904.0
55.83594358 4789.0
55.84681002 4858.0
55.85767646 4925.0
55.8685429 4836.0
55.87940934 5068.0
55.890275779999996 5038.0
55.90114222 5034.0
55.91200866 5157.0
55.9228751 4973.0
55.93374154 4829.0
55.94460798 4737.0
55.95547442 4600.0
55.966340859999995 4561.0
55.977207299999996 4481.0
55.98807374 4323.0
55.99894018 4444.0
56.00980662 4264.0
56.02067306 4284.0
56.0315395 4136.0
56.04240594 4121.0
56.053272379999996 4123.0
56.06413882 4101.0
56.07500526 4022.0
56.0858717 3930.0
56.09673814 3794.0
56.10760458 3687.0
56.11847102 3649.0
56.12933746 3498.0
56.140203899999996 3398.0
56.15107034 3323.0
56.16193678 3256.0
56.17280322 3173.0
56.18366966 3128.0
56.1945361 3052.0
56.20540254 2943.0
56.21626898 2963.0
56.227135419999996 2953.0
56.23800186 2808.0
56.2488683 2854.0
56.25973474 2748.0
56.27060118 2721.0
56.28146762 2663.0
56.29233406 2569.0
56.303200499999996 2736.0
56.31406694 2489.0
56.32493338 2657.0
56.33579982 2606.0
56.34666626 2678.0
56.3575327 2606.0
56.36839914 2589.0
56.37926558 2506.0
56.390132019999996 2414.0
56.40099846 2428.0
56.4118649 2437.0
56.42273134 2401.0
56.43359778 2353.0
56.44446422 2407.0
56.45533066 2326.0
56.4661971 2471.0
56.477063539999996 2402.0
56.48792998 2362.0
56.49879642 2325.0
56.50966286 2352.0
56.5205293 2504.0
56.53139574 2335.0
56.54226218 2418.0
56.553128619999995 2336.0
56.563995059999996 2448.0
56.5748615 2308.0
56.58572794 2274.0
56.59659438 2490.0
56.60746082 2322.0
56.61832726 2353.0
56.6291937 2340.0
56.640060139999996 2142.0
56.65092658 2372.0
56.66179302 2326.0
56.67265946 2434.0
56.6835259 2342.0
56.69439234 2502.0
56.70525878 2366.0
56.71612522 2350.0
56.726991659999996 2320.0
56.7378581 2366.0
56.74872454 2420.0
56.75959098 2407.0
56.77045742 2454.0
56.78132386 2517.0
56.7921903 2431.0
56.80305674 2571.0
56.813923179999996 2449.0
56.82478962 2549.0
56.83565606 2463.0
56.8465225 2555.0
56.85738894 2558.0
56.86825538 2470.0
56.87912182 2503.0
56.889988259999996 2673.0
56.9008547 2586.0
56.91172114 2666.0
56.92258758 2713.0
56.93345402 2731.0
56.94432046 2660.0
56.9551869 2772.0
56.96605334 2891.0
56.976919779999996 2867.0
56.98778622 2958.0
56.99865266 3055.0
57.0095191 3020.0
57.02038554 3177.0
57.03125198 3183.0
57.04211842 3237.0
57.05298486 3274.0
57.063851299999996 3255.0
57.07471774 3427.0
57.08558418 3595.0
57.09645062 3592.0
57.10731706 3701.0
57.1181835 3928.0
57.12904994 4000.0
57.139916379999995 4098.0
57.150782819999996 4235.0
57.16164926 4120.0
57.1725157 4413.0
57.18338214 4377.0
57.19424858 4463.0
57.20511502 4355.0
57.21598146 4217.0
57.226847899999996 4349.0
57.23771434 4173.0
57.24858078 3949.0
57.25944722 4030.0
57.27031366 3966.0
57.2811801 3872.0
57.29204654 3929.0
57.30291298 3919.0
57.313779419999996 3853.0
57.32464586 3667.0
57.3355123 3661.0
57.34637874 3668.0
57.35724518 3642.0
57.36811162 3636.0
57.37897806 3489.0
57.3898445 3457.0
57.400710939999996 3355.0
57.41157738 3133.0
57.42244382 3089.0
57.43331026 2959.0
57.4441767 3114.0
57.45504314 3011.0
57.46590958 2910.0
57.476776019999996 2934.0
57.487642459999996 2867.0
57.4985089 2862.0
57.50937534 2763.0
57.52024178 2821.0
57.53110822 2761.0
57.54197466 2725.0
57.5528411 2573.0
57.563707539999996 2704.0
57.57457398 2599.0
57.58544042 2607.0
57.59630686 2591.0
57.6071733 2607.0
57.61803974 2579.0
57.62890618 2642.0
57.63977262 2591.0
57.650639059999996 2688.0
57.6615055 2746.0
57.67237194 2550.0
57.68323838 2555.0
57.69410482 2543.0
57.70497126 2718.0
57.7158377 2663.0
57.726704139999995 2747.0
57.737570579999996 2819.0
57.74843702 2802.0
57.75930346 2973.0
57.7701699 2996.0
57.78103634 3107.0
57.79190278 3123.0
57.80276922 3178.0
57.813635659999996 3299.0
57.8245021 3440.0
57.83536854 3513.0
57.84623498 3518.0
57.85710142 3600.0
57.86796786 3604.0
57.8788343 3656.0
57.88970074 3708.0
57.900567179999996 3655.0
57.91143362 3597.0
57.92230006 3653.0
57.9331665 3504.0
57.94403294 3524.0
57.95489938 3480.0
57.96576582 3577.0
57.97663226 3429.0
57.987498699999996 3467.0
57.99836514 3307.0
58.00923158 3436.0
58.02009802 3378.0
58.03096446 3391.0
58.0418309 3317.0
58.05269734 3414.0
58.063563779999996 3324.0
58.074430219999996 3359.0
58.08529666 3255.0
58.0961631 3222.0
58.10702954 3218.0
58.11789598 3154.0
58.12876242 3193.0
58.13962886 3094.0
58.150495299999996 3157.0
58.16136174 3113.0
58.17222818 2991.0
58.18309462 3171.0
58.19396106 3137.0
58.2048275 3242.0
58.21569394 3263.0
58.22656038 3295.0
58.237426819999996 3262.0
58.24829326 3325.0
58.2591597 3408.0
58.27002614 3296.0
58.28089258 3328.0
58.29175902 3430.0
58.30262546 3381.0
58.313491899999995 3459.0
58.324358339999996 3218.0
58.33522478 3232.0
58.34609122 3217.0
58.35695766 3155.0
58.3678241 3041.0
58.37869054 3077.0
58.38955698 3030.0
58.400423419999996 3097.0
58.41128986 2998.0
58.4221563 2965.0
58.43302274 2947.0
58.44388918 2996.0
58.45475562 2881.0
58.46562206 2977.0
58.4764885 2791.0
58.487354939999996 2803.0
58.49822138 2790.0
58.50908782 2683.0
58.51995426 2684.0
58.5308207 2537.0
58.54168714 2519.0
58.55255358 2488.0
58.56342002 2505.0
58.574286459999996 2502.0
58.5851529 2434.0
58.59601934 2374.0
58.60688578 2474.0
58.61775222 2428.0
58.62861866 2497.0
58.6394851 2350.0
58.650351539999996 2332.0
58.661217979999996 2328.0
58.67208442 2392.0
58.68295086 2245.0
58.6938173 2228.0
58.70468374 2218.0
58.71555018 2199.0
58.72641662 2305.0
58.737283059999996 2269.0
58.7481495 2218.0
58.75901594 2289.0
58.76988238 2227.0
58.78074882 2279.0
58.79161526 2161.0
58.8024817 2304.0
58.81334814 2233.0
58.824214579999996 2218.0
58.83508102 2247.0
58.84594746 2218.0
58.8568139 2248.0
58.86768034 2182.0
58.87854678 2191.0
58.88941322 2226.0
58.900279659999995 2172.0
58.911146099999996 2168.0
58.92201254 2133.0
58.93287898 2174.0
58.94374542 2153.0
58.95461186 2196.0
58.9654783 2136.0
58.97634474 2174.0
58.987211179999996 2168.0
58.99807762 2206.0
59.00894406 2162.0
59.0198105 2307.0
59.03067694 2208.0
59.04154338 2305.0
59.05240982 2249.0
59.06327626 2130.0
59.074142699999996 2189.0
59.08500914 2228.0
59.09587558 2176.0
59.10674202 2151.0
59.11760846 2201.0
59.1284749 2214.0
59.13934134 2214.0
59.15020778 2318.0
59.161074219999996 2265.0
59.17194066 2169.0
59.1828071 2263.0
59.19367354 2164.0
59.20453998 2251.0
59.21540642 2306.0
59.22627286 2275.0
59.237139299999996 2214.0
59.248005739999996 2287.0
59.25887218 2293.0
59.26973862 2320.0
59.28060506 2288.0
59.2914715 2297.0
59.30233794 2334.0
59.31320438 2335.0
59.324070819999996 2280.0
59.33493726 2362.0
59.3458037 2405.0
59.35667014 2410.0
59.36753658 2316.0
59.37840302 2450.0
59.38926946 2366.0
59.4001359 2347.0
59.411002339999996 2493.0
59.42186878 2455.0
59.43273522 2450.0
59.44360166 2505.0
59.4544681 2578.0
59.46533454 2541.0
59.47620098 2624.0
59.487067419999995 2610.0
59.497933859999996 2629.0
59.5088003 2647.0
59.51966674 2755.0
59.53053318 2762.0
59.54139962 2672.0
59.55226606 2779.0
59.5631325 2721.0
59.573998939999996 2887.0
59.58486538 2890.0
59.59573182 2735.0
59.60659826 2987.0
59.6174647 3006.0
59.62833114 3159.0
59.63919758 3261.0
59.65006402 3338.0
59.660930459999996 3431.0
59.6717969 3462.0
59.68266334 3582.0
59.69352978 3707.0
59.70439622 3846.0
59.71526266 4138.0
59.7261291 4114.0
59.73699554 4430.0
59.747861979999996 4463.0
59.75872842 4691.0
59.76959486 4815.0
59.7804613 4860.0
59.79132774 5030.0
59.80219418 5211.0
59.81306062 5019.0
59.823927059999995 4973.0
59.834793499999996 4943.0
59.84565994 4873.0
59.85652638 4960.0
59.86739282 4926.0
59.87825926 4962.0
59.8891257 4994.0
59.89999214 5040.0
59.910858579999996 4962.0
59.92172502 5031.0
59.93259146 5041.0
59.9434579 5061.0
59.95432434 4911.0
59.96519078 5122.0
59.97605722 4828.0
59.98692366 4793.0
59.997790099999996 4867.0
60.00865654 4989.0
60.01952298 4830.0
60.03038942 4917.0
60.04125586 4882.0
60.0521223 4800.0
60.06298874 4814.0
60.073855179999995 4793.0
60.084721619999996 4667.0
60.09558806 4522.0
60.1064545 4551.0
60.11732094 4457.0
60.12818738 4285.0
60.13905382 4221.0
60.14992026 4071.0
60.160786699999996 4082.0
60.17165314 3911.0
60.18251958 4019.0
60.19338602 3689.0
60.20425246 3860.0
60.2151189 3672.0
60.22598534 3724.0
60.23685178 3510.0
60.247718219999996 3497.0
60.25858466 3504.0
60.2694511 3373.0
60.28031754 3272.0
60.29118398 3194.0
60.30205042 3133.0
60.31291686 3131.0
60.3237833 2939.0
60.334649739999996 2995.0
60.34551618 2871.0
60.35638262 2906.0
60.36724906 2882.0
60.3781155 2842.0
60.38898194 2770.0
60.39984838 2765.0
60.410714819999995 2677.0
60.421581259999996 2575.0
60.4324477 2538.0
60.44331414 2555.0
60.45418058 2505.0
60.46504702 2529.0
60.47591346 2397.0
60.4867799 2473.0
60.497646339999996 2480.0
60.50851278 2499.0
60.51937922 2440.0
60.53024566 2392.0
60.5411121 2524.0
60.55197854 2460.0
60.56284498 2425.0
60.57371142 2368.0
60.584577859999996 2301.0
60.5954443 2259.0
60.60631074 2355.0
60.61717718 2382.0
60.62804362 2270.0
60.63891006 2251.0
60.6497765 2349.0
60.660642939999995 2320.0
60.671509379999996 2233.0
60.68237582 2245.0
60.69324226 2267.0
60.7041087 2216.0
60.71497514 2300.0
60.72584158 2356.0
60.73670802 2274.0
60.747574459999996 2340.0
60.7584409 2175.0
60.76930734 2237.0
60.78017378 2324.0
60.79104022 2270.0
60.80190666 2250.0
60.8127731 2274.0
60.82363954 2351.0
60.834505979999996 2285.0
60.84537242 2352.0
60.85623886 2212.0
60.8671053 2359.0
60.87797174 2360.0
60.88883818 2295.0
60.89970462 2430.0
60.91057106 2321.0
60.921437499999996 2301.0
60.93230394 2337.0
60.94317038 2338.0
60.95403682 2397.0
60.96490326 2350.0
60.9757697 2354.0
60.98663614 2358.0
60.997502579999995 2348.0
61.008369019999996 2316.0
61.01923546 2389.0
61.0301019 2470.0
61.04096834 2439.0
61.05183478 2381.0
61.06270122 2415.0
61.07356766 2457.0
61.084434099999996 2401.0
61.09530054 2381.0
61.10616698 2481.0
61.11703342 2422.0
61.12789986 2545.0
61.1387663 2592.0
61.14963274 2611.0
61.16049918 2698.0
61.171365619999996 2615.0
61.18223206 2682.0
61.1930985 2658.0
61.20396494 2816.0
61.21483138 2827.0
61.22569782 2821.0
61.23656426 3006.0
61.247430699999995 3101.0
61.258297139999996 3004.0
61.26916358 3024.0
61.28003002 3309.0
61.29089646 3261.0
61.3017629 3363.0
61.31262934 3438.0
61.32349578 3562.0
61.334362219999996 3682.0
61.34522866 3804.0
61.3560951 3755.0
61.36696154 3807.0
61.37782798 3963.0
61.38869442 3838.0
61.39956086 3816.0
61.4104273 3857.0
61.421293739999996 3744.0
61.43216018 3780.0
61.44302662 3658.0
61.45389306 3636.0
61.4647595 3685.0
61.47562594 3454.0
61.48649238 3490.0
61.49735882 3447.0
61.508225259999996 3412.0
61.5190917 3411.0
61.52995814 3515.0
61.54082458 3435.0
61.55169102 3376.0
61.56255746 3405.0
61.5734239 3283.0
61.584290339999995 3283.0
61.595156779999996 3249.0
61.60602322 3152.0
61.61688966 3070.0
61.6277561 3044.0
61.63862254 2970.0
61.64948898 2988.0
61.66035542 2987.0
61.671221859999996 2929.0
61.6820883 2842.0
61.69295474 2842.0
61.70382118 2860.0
61.71468762 2813.0
61.72555406 2978.0
61.7364205 2865.0
61.74728694 2824.0
61.758153379999996 2846.0
61.76901982 2995.0
61.77988626 2840.0
61.7907527 2937.0
61.80161914 2994.0
61.81248558 3000.0
61.82335202 3034.0
61.834218459999995 3019.0
61.845084899999996 2986.0
61.85595134 3147.0
61.86681778 3210.0
61.87768422 3329.0
61.88855066 3324.0
61.8994171 3451.0
61.91028354 3453.0
61.921149979999996 3506.0
61.93201642 3619.0
61.94288286 3610.0
61.9537493 3807.0
61.96461574 3807.0
61.97548218 3890.0
61.98634862 3862.0
61.99721506 3847.0
62.008081499999996 3863.0
62.01894794 3922.0
62.02981438 3828.0
62.04068082 3720.0
62.05154726 3670.0
62.0624137 3536.0
62.07328014 3745.0
62.08414658 3418.0
62.095013019999996 3497.0
62.10587946 3501.0
62.1167459 3470.0
62.12761234 3483.0
62.13847878 3384.0
62.14934522 3456.0
62.16021166 3461.0
62.171078099999995 3351.0
62.181944539999996 3421.0
62.19281098 3179.0
62.20367742 3103.0
62.21454386 3062.0
62.2254103 2986.0
62.23627674 2916.0
62.24714318 2916.0
62.258009619999996 2863.0
62.26887606 2755.0
62.2797425 2845.0
62.29060894 2825.0
62.30147538 2665.0
62.31234182 2815.0
62.32320826 2609.0
62.3340747 2747.0
62.344941139999996 2677.0
62.35580758 2665.0
62.36667402 2669.0
62.37754046 2633.0
62.3884069 2639.0
62.39927334 2627.0
62.41013978 2715.0
62.421006219999995 2637.0
62.431872659999996 2696.0
62.4427391 2645.0
62.45360554 2574.0
62.46447198 2529.0
62.47533842 2539.0
62.48620486 2690.0
62.4970713 2617.0
62.507937739999996 2649.0
62.51880418 2674.0
62.52967062 2759.0
62.54053706 2711.0
62.5514035 2722.0
62.56226994 2799.0
62.57313638 2860.0
62.58400282 2796.0
62.594869259999996 2939.0
62.6057357 2923.0
62.61660214 2964.0
62.62746858 3149.0
62.63833502 3010.0
62.64920146 3131.0
62.6600679 3159.0
62.67093434 3227.0
62.681800779999996 3283.0
62.69266722 3321.0
62.70353366 3401.0
62.7144001 3474.0
62.72526654 3574.0
62.73613298 3643.0
62.74699942 3776.0
62.757865859999995 3950.0
62.768732299999996 4028.0
62.77959874 4149.0
62.79046518 4234.0
62.80133162 4420.0
62.81219806 4423.0
62.8230645 4721.0
62.83393094 4862.0
62.844797379999996 4946.0
62.85566382 4898.0
62.86653026 5005.0
62.8773967 4924.0
62.88826314 4883.0
62.89912958 4680.0
62.90999602 4566.0
62.92086246 4442.0
62.931728899999996 4366.0
62.94259534 4234.0
62.95346178 4110.0
62.96432822 4146.0
62.97519466 3987.0
62.9860611 4008.0
62.99692754 3995.0
63.007793979999995 3926.0
63.018660419999996 4000.0
63.02952686 3836.0
63.0403933 3772.0
63.05125974 3727.0
63.06212618 3602.0
63.07299262 3504.0
63.08385906 3317.0
63.094725499999996 3319.0
63.10559194 3184.0
63.11645838 3133.0
63.12732482 2987.0
63.13819126 2925.0
63.1490577 2810.0
63.15992414 2766.0
63.17079058 2780.0
63.181657019999996 2698.0
63.19252346 2653.0
63.2033899 2593.0
63.21425634 2568.0
63.22512278 2634.0
63.23598922 2485.0
63.24685566 2427.0
63.2577221 2466.0
63.268588539999996 2383.0
63.27945498 2333.0
63.29032142 2298.0
63.30118786 2233.0
63.3120543 2267.0
63.32292074 2305.0
63.33378718 2264.0
63.344653619999995 2395.0
63.355520059999996 2186.0
63.3663865 2243.0
63.37725294 2145.0
63.38811938 2202.0
63.39898582 2215.0
63.40985226 2213.0
63.4207187 2153.0
63.431585139999996 2126.0
63.44245158 2130.0
63.45331802 2184.0
63.46418446 2079.0
63.4750509 2105.0
63.48591734 2123.0
63.49678378 2149.0
63.50765022 2037.0
63.518516659999996 2102.0
63.5293831 2080.0
63.54024954 2068.0
63.55111598 2029.0
63.56198242 2049.0
63.57284886 2143.0
63.5837153 2111.0
63.594581739999995 2046.0
63.605448179999996 2085.0
63.61631462 2076.0
63.62718106 2095.0
63.6380475 2017.0
63.64891394 2000.0
63.65978038 2089.0
63.67064682 1997.0
63.681513259999996 1989.0
63.6923797 2090.0
63.70324614 2102.0
63.71411258 2113.0
63.72497902 2052.0
63.73584546 2131.0
63.7467119 2024.0
63.75757834 2096.0
63.768444779999996 2162.0
63.77931122 2100.0
63.79017766 2050.0
63.8010441 2095.0
63.81191054 2072.0
63.82277698 2095.0
63.83364342 2136.0
63.84450986 2070.0
63.855376299999996 2169.0
63.86624274 2061.0
63.87710918 2144.0
63.88797562 2118.0
63.89884206 2185.0
63.9097085 2153.0
63.92057494 2216.0
63.931441379999995 2196.0
63.942307819999996 2194.0
63.95317426 2260.0
63.9640407 2263.0
63.97490714 2384.0
63.98577358 2269.0
63.99664002 2419.0
64.00750646 2256.0
64.0183729 2369.0
64.02923934 2313.0
64.04010578 2397.0
64.05097222 2432.0
64.06183866 2455.0
64.07270510000001 2337.0
64.08357154000001 2542.0
64.09443798000001 2519.0
64.10530442 2495.0
64.11617086 2524.0
64.1270373 2555.0
64.13790374 2622.0
64.14877018 2528.0
64.15963662 2629.0
64.17050306 2670.0
64.18136949999999 2604.0
64.19223593999999 2603.0
64.20310237999999 2549.0
64.21396881999999 2730.0
64.22483525999999 2674.0
64.23570169999999 2674.0
64.24656814 2914.0
64.25743458 2886.0
64.26830102 2849.0
64.27916746 2906.0
64.2900339 2892.0
64.30090034 2990.0
64.31176678 2791.0
64.32263322 2846.0
64.33349966 2948.0
64.3443661 2791.0
64.35523254 2799.0
64.36609898 2658.0
64.37696542 2762.0
64.38783186 2630.0
64.3986983 2643.0
64.40956474000001 2678.0
64.42043118000001 2612.0
64.43129762000001 2619.0
64.44216406 2624.0
64.4530305 2538.0
64.46389694 2490.0
64.47476338 2508.0
64.48562982 2391.0
64.49649626 2484.0
64.5073627 2551.0
64.51822913999999 2371.0
64.52909557999999 2372.0
64.53996201999999 2336.0
64.55082845999999 2317.0
64.56169489999999 2360.0
64.57256134 2229.0
64.58342778 2320.0
64.59429422 2221.0
64.60516066 2204.0
64.6160271 2104.0
64.62689354 2280.0
64.63775998 2205.0
64.64862642 2280.0
64.65949286 2214.0
64.6703593 2262.0
64.68122574 2230.0
64.69209218 2250.0
64.70295862 2227.0
64.71382506 2178.0
64.7246915 2126.0
64.73555794 2140.0
64.74642438000001 2037.0
64.75729082000001 2115.0
64.76815726 2070.0
64.7790237 2091.0
64.78989014 2130.0
64.80075658 2118.0
64.81162302 2253.0
64.82248946 2224.0
64.8333559 2123.0
64.84422234 2193.0
64.85508877999999 2230.0
64.86595521999999 2107.0
64.87682165999999 2117.0
64.88768809999999 2182.0
64.89855453999999 2232.0
64.90942098 2134.0
64.92028742 2185.0
64.93115386 2215.0
64.9420203 2219.0
64.95288674 2262.0
64.96375318 2219.0
64.97461962 2334.0
64.98548606 2298.0
64.9963525 2304.0
65.00721894 2341.0
65.01808538 2364.0
65.02895182 2380.0
65.03981826 2384.0
65.0506847 2330.0
65.06155114 2349.0
65.07241758 2305.0
65.08328402000001 2340.0
65.09415046000001 2369.0
65.1050169 2250.0
65.11588334 2337.0
65.12674978 2307.0
65.13761622 2406.0
65.14848266 2315.0
65.1593491 2317.0
65.17021554 2289.0
65.18108198 2270.0
65.19194841999999 2408.0
65.20281485999999 2466.0
65.21368129999999 2562.0
65.22454773999999 2490.0
65.23541417999999 2519.0
65.24628062 2470.0
65.25714706 2530.0
65.2680135 2688.0
65.27887994 2465.0
65.28974638 2665.0
65.30061282 2711.0
65.31147926 2675.0
65.3223457 2732.0
65.33321214 2827.0
65.34407858 2889.0
65.35494502 2919.0
65.36581146 2978.0
65.3766779 3014.0
65.38754434 2944.0
65.39841078 3084.0
65.40927722 2923.0
65.42014366000001 3027.0
65.43101010000001 3045.0
65.44187654 2939.0
65.45274298 3060.0
65.46360942 3020.0
65.47447586 3007.0
65.4853423 3102.0
65.49620874 3113.0
65.50707518 3097.0
65.51794162 3207.0
65.52880805999999 3226.0
65.53967449999999 3205.0
65.55054093999999 3418.0
65.56140737999999 3365.0
65.57227381999999 3364.0
65.58314026 3355.0
65.5940067 3288.0
65.60487314 3672.0
65.61573958 3633.0
65.62660602 3735.0
65.63747246 3741.0
65.6483389 3932.0
65.65920534 3908.0
65.67007178 3740.0
65.68093822 4156.0
65.69180466 4008.0
65.7026711 4279.0
65.71353754 4244.0
65.72440398 4182.0
65.73527042 4164.0
65.74613686000001 4163.0
65.75700330000001 3898.0
65.76786974000001 3959.0
65.77873618 3759.0
65.78960262 3797.0
65.80046906 3786.0
65.8113355 3645.0
65.82220194 3673.0
65.83306838 3624.0
65.84393482 3487.0
65.85480126 3699.0
65.86566769999999 3612.0
65.87653413999999 3655.0
65.88740057999999 3648.0
65.89826701999999 3651.0
65.90913345999999 3575.0
65.9199999 3487.0
65.93086634 3407.0
65.94173278 3303.0
65.95259922 3241.0
65.96346566 3224.0
65.9743321 3059.0
65.98519854 3067.0
65.99606498 2946.0
66.00693142 2858.0
66.01779786 2900.0
66.0286643 2751.0
66.03953074 2763.0
66.05039718 2665.0
66.06126362 2681.0
66.07213006 2643.0
66.08299650000001 2573.0
66.09386294000001 2647.0
66.10472938000001 2533.0
66.11559582 2557.0
66.12646226 2507.0
66.1373287 2471.0
66.14819514 2505.0
66.15906158 2304.0
66.16992802 2296.0
66.18079446 2289.0
66.1916609 2198.0
66.20252733999999 2209.0
66.21339377999999 2208.0
66.22426021999999 2168.0
66.23512665999999 2234.0
66.24599309999999 2168.0
66.25685954 2230.0
66.26772598 2192.0
66.27859242 2184.0
66.28945886 2135.0
66.3003253 2082.0
66.31119174 2173.0
66.32205818 2060.0
66.33292462 2081.0
66.34379106 1993.0
66.3546575 2039.0
66.36552394 2116.0
66.37639038 2157.0
66.38725682 2112.0
66.39812326 2084.0
66.4089897 2019.0
66.41985614000001 2053.0
66.43072258000001 2075.0
66.44158902000001 1963.0
66.45245546 1922.0
66.4633219 2011.0
66.47418834 1995.0
66.48505478 1980.0
66.49592122 1900.0
66.50678766 2009.0
66.5176541 1985.0
66.52852053999999 2012.0
66.53938697999999 1853.0
66.55025341999999 1904.0
66.56111985999999 1970.0
66.57198629999999 1948.0
66.58285273999999 1924.0
66.59371918 2004.0
66.60458562 1986.0
66.61545206 1849.0
66.6263185 1909.0
66.63718494 1940.0
66.64805138 1956.0
66.65891782 1921.0
66.66978426 1889.0
66.6806507 1931.0
66.69151714 1933.0
66.70238358 1920.0
66.71325002 1964.0
66.72411646 1894.0
66.7349829 1990.0
66.74584934 1923.0
66.75671578000001 1973.0
66.76758222000001 1953.0
66.77844866000001 1885.0
66.7893151 1948.0
66.80018154 1879.0
66.81104798 1850.0
66.82191442 1859.0
66.83278086 1955.0
66.8436473 1875.0
66.85451374 1859.0
66.86538017999999 1883.0
66.87624661999999 1936.0
66.88711305999999 1982.0
66.89797949999999 1914.0
66.90884593999999 1961.0
66.91971237999999 1911.0
66.93057882 1831.0
66.94144526 1876.0
66.9523117 1933.0
66.96317814 1903.0
66.97404458 1879.0
66.98491102 1954.0
66.99577746 1863.0
67.0066439 1954.0
67.01751034 1805.0
67.02837678 1857.0
67.03924322 1859.0
67.05010966 1903.0
67.0609761 1900.0
67.07184254 1908.0
67.08270898 1924.0
67.09357542000001 1833.0
67.10444186000001 1873.0
67.1153083 1957.0
67.12617474 1883.0
67.13704118 1802.0
67.14790762 1869.0
67.15877406 1839.0
67.1696405 1864.0
67.18050694 1964.0
67.19137338 1866.0
67.20223981999999 1886.0
67.21310625999999 1932.0
67.22397269999999 1876.0
67.23483913999999 1827.0
67.24570557999999 1873.0
67.25657202 1939.0
67.26743846 1782.0
67.2783049 1831.0
67.28917134 1904.0
67.30003778 1986.0
67.31090422 1831.0
67.32177066 1873.0
67.3326371 1838.0
67.34350354 1944.0
67.35436998 1748.0
67.36523642 1835.0
67.37610286 1893.0
67.3869693 1910.0
67.39783574 1965.0
67.40870218 1915.0
67.41956862 1812.0
67.43043506000001 1832.0
67.44130150000001 1882.0
67.45216794 1960.0
67.46303438 1797.0
67.47390082 1857.0
67.48476726 1937.0
67.4956337 1899.0
67.50650014 1902.0
67.51736658 1811.0
67.52823302 1841.0
67.53909945999999 1902.0
67.54996589999999 1953.0
67.56083233999999 1874.0
67.57169877999999 1845.0
67.58256521999999 1845.0
67.59343166 1980.0
67.6042981 1842.0
67.61516454 1821.0
67.62603098 1885.0
67.63689742 1897.0
67.64776386 1836.0
67.6586303 1854.0
67.66949674 1875.0
67.68036318 1888.0
67.69122962 1903.0
67.70209606 1921.0
67.7129625 1875.0
67.72382894 1889.0
67.73469538 1915.0
67.74556182 1866.0
67.75642826 1843.0
67.76729470000001 1882.0
67.77816114000001 1832.0
67.78902758 1773.0
67.79989402 1828.0
67.81076046 1812.0
67.8216269 1916.0
67.83249334 1780.0
67.84335978 1839.0
67.85422622 1861.0
67.86509266 1806.0
67.87595909999999 1848.0
67.88682553999999 1925.0
67.89769197999999 1859.0
67.90855841999999 1902.0
67.91942485999999 1953.0
67.9302913 1780.0
67.94115774 1946.0
67.95202418 1901.0
67.96289062 1828.0
67.97375706 1887.0
67.9846235 1906.0
67.99548994 1909.0
68.00635638 1871.0
68.01722282 1885.0
68.02808926 1862.0
68.0389557 1780.0
68.04982214 1838.0
68.06068858 1890.0
68.07155502 1895.0
68.08242146 1871.0
68.0932879 1829.0
68.10415434000001 1808.0
68.11502078000001 1945.0
68.12588722 1823.0
68.13675366 1802.0
68.1476201 1942.0
68.15848654 1806.0
68.16935298 1983.0
68.18021942 1867.0
68.19108586 1914.0
68.2019523 1834.0
68.21281873999999 1901.0
68.22368517999999 1870.0
68.23455161999999 1906.0
68.24541805999999 1856.0
68.25628449999999 1937.0
68.26715094 1872.0
68.27801738 1866.0
68.28888382 1879.0
68.29975026 1888.0
68.3106167 1909.0
68.32148314 1926.0
68.33234958 1812.0
68.34321602 1886.0
68.35408246 1786.0
68.3649489 1845.0
68.37581534 1838.0
68.38668178 1867.0
68.39754822 1844.0
68.40841466 1891.0
68.4192811 1885.0
68.43014754000001 1891.0
68.44101398000001 1871.0
68.45188042000001 1860.0
68.46274686 1792.0
68.4736133 1852.0
68.48447974 1937.0
68.49534618 1798.0
68.50621262 1940.0
68.51707906 1876.0
68.5279455 1876.0
68.53881194 1948.0
68.54967837999999 1984.0
68.56054481999999 1998.0
68.57141125999999 2048.0
68.58227769999999 1972.0
68.59314413999999 1908.0
68.60401058 1957.0
68.61487702 1882.0
68.62574346 1931.0
68.6366099 2027.0
68.64747634 2035.0
68.65834278 1984.0
68.66920922 2018.0
68.68007566 1969.0
68.6909421 1998.0
68.70180854 1965.0
68.71267498 2116.0
68.72354142 2064.0
68.73440786 2057.0
68.7452743 2070.0
68.75614074 2134.0
68.76700718000001 2097.0
68.77787362000001 2113.0
68.78874006000001 2051.0
68.7996065 2138.0
68.81047294 2093.0
68.82133938 2229.0
68.83220582 2212.0
68.84307226 2259.0
68.8539387 2295.0
68.86480514 2311.0
68.87567157999999 2358.0
68.88653801999999 2374.0
68.89740445999999 2428.0
68.90827089999999 2466.0
68.91913733999999 2507.0
68.93000377999999 2509.0
68.94087022 2492.0
68.95173666 2443.0
68.9626031 2495.0
68.97346954 2423.0
68.98433598 2362.0
68.99520242 2348.0
69.00606886 2377.0
69.0169353 2420.0
69.02780174 2379.0
69.03866818 2322.0
69.04953462 2364.0
69.06040106 2358.0
69.0712675 2350.0
69.08213394 2317.0
69.09300038 2378.0
69.10386682000001 2227.0
69.11473326000001 2357.0
69.12559970000001 2295.0
69.13646614 2348.0
69.14733258 2277.0
69.15819902 2181.0
69.16906546 2327.0
69.1799319 2320.0
69.19079834 2327.0
69.20166478 2122.0
69.21253121999999 2175.0
69.22339765999999 2154.0
69.23426409999999 2165.0
69.24513053999999 2111.0
69.25599697999999 2147.0
69.26686341999999 2092.0
69.27772986 2112.0
69.2885963 2063.0
69.29946274 2001.0
69.31032918 1980.0
69.32119562 2043.0
69.33206206 2024.0
69.3429285 2003.0
69.35379494 2054.0
69.36466138 2011.0
69.37552782 1988.0
69.38639426 2041.0
69.3972607 1922.0
69.40812714 1931.0
69.41899358 1902.0
69.42986002 2110.0
69.44072646000001 2007.0
69.45159290000001 1967.0
69.46245934 2074.0
69.47332578 2000.0
69.48419222 2128.0
69.49505866 2087.0
69.5059251 2061.0
69.51679154 2038.0
69.52765798 2103.0
69.53852442 2177.0
69.54939085999999 2055.0
69.56025729999999 2106.0
69.57112373999999 2090.0
69.58199017999999 2046.0
69.59285661999999 2000.0
69.60372306 2202.0
69.6145895 2112.0
69.62545594 2116.0
69.63632238 2138.0
69.64718882 2077.0
69.65805526 2179.0
69.6689217 2233.0
69.67978814 2120.0
69.69065458 2122.0
69.70152102 2094.0
69.71238746 2049.0
69.7232539 2053.0
69.73412034 2099.0
69.74498678 2148.0
69.75585322 2002.0
69.76671966 2071.0
69.77758610000001 1950.0
69.78845254000001 2152.0
69.79931898 2054.0
69.81018542 2031.0
69.82105186 2102.0
69.8319183 2010.0
69.84278474 2000.0
69.85365118 2065.0
69.86451762 2059.0
69.87538406 2112.0
69.88625049999999 2026.0
69.89711693999999 2000.0
69.90798337999999 2036.0
69.91884981999999 2032.0
69.92971625999999 1975.0
69.9405827 2022.0
69.95144914 1933.0
69.96231558 2007.0
69.97318202 2007.0
69.98404846 1984.0
69.9949149 1949.0
70.00578134 2007.0
70.01664778 1927.0
70.02751422 1907.0
70.03838066 2089.0
70.0492471 1981.0
70.06011354 2001.0
70.07097998 1979.0
70.08184642 1983.0
70.09271286 2074.0
70.1035793 2034.0
70.11444574000001 1995.0
70.12531218000001 2010.0
70.13617862 2023.0
70.14704506 2076.0
70.1579115 2084.0
70.16877794 2002.0
70.17964438 1876.0
70.19051082 1997.0
70.20137726 2099.0
70.2122437 2027.0
70.22311013999999 2063.0
70.23397657999999 1973.0
70.24484301999999 2042.0
70.25570945999999 2020.0
70.26657589999999 2075.0
70.27744234 1994.0
70.28830878 2023.0
70.29917522 1986.0
70.31004166 2145.0
70.3209081 2168.0
70.33177454 2053.0
70.34264098 2070.0
70.35350742 1979.0
70.36437386 2102.0
70.3752403 2096.0
70.38610674 2057.0
70.39697318 2024.0
70.40783962 2076.0
70.41870606 1945.0
70.4295725 2067.0
70.44043894 1911.0
70.45130538000001 1946.0
70.46217182000001 1973.0
70.47303826 1991.0
70.4839047 2017.0
70.49477114 1996.0
70.50563758 1935.0
70.51650402 1860.0
70.52737046 1939.0
70.5382369 2019.0
70.54910334 1918.0
70.55996977999999 1985.0
70.57083621999999 1989.0
70.58170265999999 1957.0
70.59256909999999 2019.0
70.60343553999999 2026.0
70.61430198 2041.0
70.62516842 1873.0
70.63603486 2007.0
70.6469013 2087.0
70.65776774 2060.0
70.66863418 2020.0
70.67950062 2029.0
70.69036706 2051.0
70.7012335 2080.0
70.71209994 2091.0
70.72296638 2139.0
70.73383282 2064.0
70.74469926 2105.0
70.7555657 2115.0
70.76643214 2088.0
70.77729858000001 2025.0
70.78816502000001 2122.0
70.79903146000001 2047.0
70.8098979 2203.0
70.82076434 2110.0
70.83163078 2162.0
70.84249722 2276.0
70.85336366 2258.0
70.8642301 2222.0
70.87509654 2215.0
70.88596298 2229.0
70.89682941999999 2229.0
70.90769585999999 2334.0
70.91856229999999 2407.0
70.92942873999999 2321.0
70.94029517999999 2301.0
70.95116162 2366.0
70.96202806 2434.0
70.9728945 2466.0
70.98376094 2420.0
70.99462738 2482.0
71.00549382 2626.0
71.01636026 2668.0
71.0272267 2627.0
71.03809314 2612.0
71.04895958 2667.0
71.05982602 2789.0
71.07069246 2910.0
71.0815589 2882.0
71.09242534 2826.0
71.10329178 2929.0
71.11415822000001 2905.0
71.12502466000001 2981.0
71.13589110000001 2861.0
71.14675754 2946.0
71.15762398 2896.0
71.16849042 2942.0
71.17935686 2976.0
71.1902233 2879.0
71.20108974 2923.0
71.21195618 3049.0
71.22282261999999 3011.0
71.23368905999999 3120.0
71.24455549999999 3073.0
71.25542193999999 3088.0
71.26628837999999 3211.0
71.27715481999999 3221.0
71.28802126 3314.0
71.2988877 3325.0
71.30975414 3105.0
71.32062058 3265.0
71.33148702 3205.0
71.34235346 3103.0
71.3532199 3135.0
71.36408634 2947.0
71.37495278 2946.0
71.38581922 2811.0
71.39668566 2768.0
71.4075521 2836.0
71.41841854 2767.0
71.42928498 2775.0
71.44015142 2678.0
71.45101786000001 2685.0
71.46188430000001 2678.0
71.47275074000001 2742.0
71.48361718 2771.0
71.49448362 2697.0
71.50535006 2623.0
71.5162165 2606.0
71.52708294 2656.0
71.53794938 2592.0
71.54881582 2585.0
71.55968225999999 2521.0
71.57054869999999 2438.0
71.58141513999999 2538.0
71.59228157999999 2440.0
71.60314801999999 2398.0
71.61401445999999 2326.0
71.6248809 2305.0
71.63574734 2265.0
71.64661378 2290.0
71.65748022 2343.0
71.66834666 2379.0
71.6792131 2258.0
71.69007954 2163.0
71.70094598 2212.0
71.71181242 2196.0
71.72267886 2178.0
71.7335453 2162.0
71.74441174 2122.0
71.75527818 2201.0
71.76614462 2131.0
71.77701106 2203.0
71.78787750000001 2153.0
71.79874394000001 2201.0
71.80961038 2109.0
71.82047682 2243.0
71.83134326 2168.0
71.8422097 2205.0
71.85307614 2232.0
71.86394258 2255.0
71.87480902 2194.0
71.88567546 2319.0
71.89654189999999 2267.0
71.90740833999999 2190.0
71.91827477999999 2307.0
71.92914121999999 2352.0
71.94000765999999 2281.0
71.9508741 2353.0
71.96174054 2337.0
71.97260698 2418.0
71.98347342 2346.0
71.99433986 2403.0
72.0052063 2275.0
72.01607274 2279.0
72.02693918 2315.0
72.03780562 2411.0
72.04867206 2353.0
72.0595385 2428.0
72.07040494 2384.0
72.08127138 2429.0
72.09213782 2478.0
72.10300426 2515.0
72.1138707 2437.0
72.12473714000001 2439.0
72.13560358000001 2336.0
72.14647002 2436.0
72.15733646 2333.0
72.1682029 2492.0
72.17906934 2363.0
72.18993578 2446.0
72.20080222 2385.0
72.21166866 2398.0
72.2225351 2395.0
72.23340153999999 2398.0
72.24426797999999 2348.0
72.25513441999999 2401.0
72.26600085999999 2316.0
72.27686729999999 2354.0
72.28773374 2438.0
72.29860018 2384.0
72.30946662 2374.0
72.32033306 2358.0
72.3311995 2338.0
72.34206594 2253.0
72.35293238 2216.0
72.36379882 2226.0
72.37466526 2341.0
72.3855317 2291.0
72.39639814 2386.0
72.40726458 2340.0
72.41813102 2268.0
72.42899746 2338.0
72.4398639 2354.0
72.45073034 2278.0
72.46159678000001 2305.0
72.47246322000001 2325.0
72.48332966 2362.0
72.4941961 2294.0
72.50506254 2309.0
72.51592898 2339.0
72.52679542 2275.0
72.53766186 2333.0
72.5485283 2316.0
72.55939474 2377.0
72.57026117999999 2300.0
72.58112761999999 2289.0
72.59199405999999 2364.0
72.60286049999999 2309.0
72.61372693999999 2407.0
72.62459338 2373.0
72.63545982 2363.0
72.64632626 2373.0
72.6571927 2450.0
72.66805914 2367.0
72.67892558 2364.0
72.68979202 2414.0
72.70065846 2317.0
72.7115249 2418.0
72.72239134 2308.0
72.73325778 2340.0
72.74412422 2299.0
72.75499066 2288.0
72.7658571 2263.0
72.77672354 2255.0
72.78758998 2212.0
72.79845642000001 2200.0
72.80932286000001 2169.0
72.8201893 2173.0
72.83105574 2099.0
72.84192218 2139.0
72.85278862 2202.0
72.86365506 2041.0
72.8745215 2172.0
72.88538794 2167.0
72.89625438 2188.0
72.90712081999999 2067.0
72.91798725999999 2101.0
72.92885369999999 2098.0
72.93972013999999 1897.0
72.95058657999999 1999.0
72.96145302 2075.0
72.97231946 2028.0
72.9831859 2139.0
72.99405234 1950.0
73.00491878 2055.0
73.01578522 2004.0
73.02665166 2050.0
73.0375181 1892.0
73.04838454 1958.0
73.05925098 2045.0
73.07011742 1910.0
73.08098386 1979.0
73.0918503 1983.0
73.10271674 1951.0
73.11358318 1981.0
73.12444962000001 1983.0
73.13531606000001 1941.0
73.14618250000001 1922.0
73.15704894 1830.0
73.16791538 1977.0
73.17878182 1889.0
73.18964826 1885.0
73.2005147 1930.0
73.21138114 2021.0
73.22224758 1867.0
73.23311402 1977.0
73.24398045999999 1990.0
73.25484689999999 1875.0
73.26571333999999 1876.0
73.27657977999999 2027.0
73.28744621999999 1937.0
73.29831266 1859.0
73.3091791 1917.0
73.32004554 1983.0
73.33091198 1719.0
73.34177842 1860.0
73.35264486 1853.0
73.3635113 1928.0
73.37437774 1855.0
73.38524418 1983.0
73.39611062 1899.0
73.40697706 2010.0
73.4178435 1991.0
73.42870994 1960.0
73.43957638 1994.0
73.45044282 1921.0
73.46130926000001 1949.0
73.47217570000001 1950.0
73.48304214000001 1962.0
73.49390858 1900.0
73.50477502 2003.0
73.51564146 2019.0
73.5265079 2023.0
73.53737434 1924.0
73.54824078 1930.0
73.55910722 1976.0
73.56997365999999 2040.0
73.58084009999999 1956.0
73.59170653999999 2008.0
73.60257297999999 1997.0
73.61343941999999 1959.0
73.62430585999999 1961.0
73.6351723 1943.0
73.64603874 2058.0
73.65690518 1974.0
73.66777162 1985.0
73.67863806 1955.0
73.6895045 1887.0
73.70037094 1854.0
73.71123738 1981.0
73.72210382 1893.0
73.73297026 1996.0
73.7438367 1931.0
73.75470314 1939.0
73.76556958 1908.0
73.77643602 1942.0
73.78730246 1923.0
73.79816890000001 2063.0
73.80903534000001 1904.0
73.81990178000001 2001.0
73.83076822 1951.0
73.84163466 1947.0
73.8525011 1900.0
73.86336754 1912.0
73.87423398 1908.0
73.88510042 1915.0
73.89596686 1897.0
73.90683329999999 1887.0
73.91769973999999 1899.0
73.92856617999999 1981.0
73.93943261999999 1955.0
73.95029905999999 1809.0
73.96116549999999 1931.0
73.97203194 1859.0
73.98289838 1931.0
73.99376482 1866.0
74.00463126 1935.0
74.0154977 1945.0
74.02636414 1991.0
74.03723058 1915.0
74.04809702 1886.0
74.05896346 1864.0
74.0698299 1854.0
74.08069634 2031.0
74.09156278 1877.0
74.10242922 1991.0
74.11329566 1922.0
74.12416209999999 1912.0
74.13502854 1911.0
74.14589498 1859.0
74.15676142 1977.0
74.16762786 1989.0
74.1784943 2038.0
74.18936074 1929.0
74.20022718 1949.0
74.21109362 2015.0
74.22196006 1972.0
74.2328265 2029.0
74.24369294 1973.0
74.25455938 2011.0
74.26542582 1866.0
74.27629226 1962.0
74.28715869999999 1994.0
74.29802514 2084.0
74.30889158 2104.0
74.31975802 1975.0
74.33062446 1991.0
74.3414909 2038.0
74.35235734 2009.0
74.36322378 2041.0
74.37409022 2114.0
74.38495666 1968.0
74.3958231 2040.0
74.40668954 2102.0
74.41755598 2055.0
74.42842242 1947.0
74.43928886 2045.0
74.45015529999999 2052.0
74.46102173999999 2059.0
74.47188818 2083.0
74.48275462 2027.0
74.49362106 2037.0
74.5044875 2118.0
74.51535394 2162.0
74.52622038 2227.0
74.53708682 2201.0
74.54795326 2148.0
74.5588197 2258.0
74.56968614 2201.0
74.58055258 2212.0
74.59141902 2224.0
74.60228546 2271.0
74.6131519 2366.0
74.62401833999999 2280.0
74.63488478 2316.0
74.64575122 2369.0
74.65661766 2393.0
74.6674841 2539.0
74.67835054 2443.0
74.68921698 2495.0
74.70008342 2468.0
74.71094986 2480.0
74.7218163 2482.0
74.73268274 2422.0
74.74354918 2427.0
74.75441562 2467.0
74.76528206 2432.0
74.7761485 2461.0
74.78701493999999 2488.0
74.79788137999999 2413.0
74.80874782 2379.0
74.81961426 2400.0
74.8304807 2338.0
74.84134714 2372.0
74.85221358 2473.0
74.86308002 2447.0
74.87394646 2518.0
74.8848129 2521.0
74.89567934 2621.0
74.90654578 2569.0
74.91741222 2630.0
74.92827866 2580.0
74.9391451 2597.0
74.95001154 2565.0
74.96087797999999 2754.0
74.97174442 2600.0
74.98261086 2675.0
74.9934773 2724.0
75.00434374 2817.0
75.01521018 2704.0
75.02607662 2908.0
75.03694306 2870.0
75.0478095 2954.0
75.05867594 2947.0
75.06954238 3035.0
75.08040882 3060.0
75.09127526 2949.0
75.1021417 3024.0
75.11300814 2915.0
75.12387457999999 2891.0
75.13474101999999 2914.0
75.14560746 2863.0
75.1564739 2891.0
75.16734034 2827.0
75.17820678 2761.0
75.18907322 2721.0
75.19993966 2705.0
75.2108061 2756.0
75.22167254 2844.0
75.23253898 2808.0
75.24340542 2795.0
75.25427186 2815.0
75.2651383 2683.0
75.27600474 2770.0
75.28687118 2754.0
75.29773761999999 2677.0
75.30860406 2732.0
75.3194705 2675.0
75.33033694 2628.0
75.34120338 2592.0
75.35206982 2466.0
75.36293626 2561.0
75.3738027 2485.0
75.38466914 2462.0
75.39553558 2531.0
75.40640202 2368.0
75.41726846 2407.0
75.4281349 2438.0
75.43900134 2299.0
75.44986778 2360.0
75.46073421999999 2286.0
75.47160066 2345.0
75.4824671 2312.0
75.49333354 2323.0
75.50419998 2242.0
75.51506642 2210.0
75.52593286 2231.0
75.5367993 2188.0
75.54766574 2247.0
75.55853218 2152.0
75.56939862 2154.0
75.58026506 2092.0
75.5911315 2075.0
75.60199794 2149.0
75.61286438 2052.0
75.62373081999999 2047.0
75.63459725999999 2124.0
75.6454637 2093.0
75.65633014 2065.0
75.66719658 2017.0
75.67806302 2095.0
75.68892946 2001.0
75.6997959 2045.0
75.71066234 2018.0
75.72152878 2050.0
75.73239522 1951.0
75.74326166 2089.0
75.7541281 1926.0
75.76499454 2088.0
75.77586098 1873.0
75.78672742 2057.0
75.79759385999999 2011.0
75.8084603 2032.0
75.81932674 1910.0
75.83019318 2009.0
75.84105962 2019.0
75.85192606 1952.0
75.8627925 1949.0
75.87365894 1972.0
75.88452538 1925.0
75.89539182 2003.0
75.90625826 2010.0
75.9171247 2094.0
75.92799114 2011.0
75.93885758 2021.0
75.94972402 2043.0
75.96059045999999 1981.0
75.97145689999999 1883.0
75.98232334 1990.0
75.99318978 1967.0
76.00405622 1974.0
76.01492266 1988.0
76.0257891 2073.0
76.03665554 1981.0
76.04752198 1993.0
76.05838842 2083.0
76.06925486 1892.0
76.0801213 2007.0
76.09098774 1968.0
76.10185418 1978.0
76.11272062 2030.0
76.12358706 1940.0
76.13445349999999 2078.0
76.14531994 2055.0
76.15618638 2059.0
76.16705282 2036.0
76.17791926 2055.0
76.1887857 2025.0
76.19965214 2035.0
76.21051858 2025.0
76.22138502 2050.0
76.23225146 2072.0
76.2431179 2052.0
76.25398434 2163.0
76.26485078 2124.0
76.27571722 2149.0
76.28658366 2059.0
76.29745009999999 2213.0
76.30831653999999 2160.0
76.31918298 2272.0
76.33004942 2298.0
76.34091586 2357.0
76.3517823 2300.0
76.36264874 2278.0
76.37351518 2397.0
76.38438162 2367.0
76.39524806 2372.0
76.4061145 2371.0
76.41698094 2383.0
76.42784738 2455.0
76.43871382 2399.0
76.44958026 2392.0
76.4604467 2419.0
76.47131313999999 2517.0
76.48217958 2406.0
76.49304602 2437.0
76.50391246 2345.0
76.5147789 2471.0
76.52564534 2346.0
76.53651178 2388.0
76.54737822 2398.0
76.55824466 2341.0
76.5691111 2331.0
76.57997754 2140.0
76.59084398 2159.0
76.60171042 2191.0
76.61257686 2247.0
76.6234433 2240.0
76.63430973999999 2314.0
76.64517617999999 2273.0
76.65604262 2232.0
76.66690906 2208.0
76.6777755 2302.0
76.68864194 2199.0
76.69950838 2275.0
76.71037482 2186.0
76.72124126 2214.0
76.7321077 2181.0
76.74297414 2122.0
76.75384058 2082.0
76.76470702 2164.0
76.77557346 2054.0
76.7864399 2162.0
76.79730633999999 2049.0
76.80817277999999 2146.0
76.81903922 2099.0
76.82990566 2096.0
76.8407721 2029.0
76.85163854 2030.0
76.86250498 2046.0
76.87337142 2013.0
76.88423786 2057.0
76.8951043 2066.0
76.90597074 2092.0
76.91683718 2021.0
76.92770362 2092.0
76.93857006 2116.0
76.9494365 2029.0
76.96030294 2080.0
76.97116937999999 2083.0
76.98203582 2052.0
76.99290226 2206.0
77.0037687 1996.0
77.01463514 1950.0
77.02550158 2015.0
77.03636802 2039.0
77.04723446 2036.0
77.0581009 2090.0
77.06896734 2001.0
77.07983378 1956.0
77.09070022 2117.0
77.10156666 2173.0
77.1124331 2043.0
77.12329954 2039.0
77.13416597999999 2016.0
77.14503241999999 2140.0
77.15589886 2110.0
77.1667653 2076.0
77.17763174 2221.0
77.18849818 2178.0
77.19936462 2132.0
77.21023106 2154.0
77.2210975 2154.0
77.23196394 2156.0
77.24283038 2103.0
77.25369682 2225.0
77.26456326 2203.0
77.2754297 2222.0
77.28629614 2201.0
77.29716258 2180.0
77.30802901999999 2268.0
77.31889546 2200.0
77.3297619 2119.0
77.34062834 2137.0
77.35149478 2122.0
77.36236122 2165.0
77.37322766 2253.0
77.3840941 2200.0
77.39496054 2325.0
77.40582698 2362.0
77.41669342 2231.0
77.42755986 2313.0
77.4384263 2107.0
77.44929274 2155.0
77.46015918 2145.0
77.47102561999999 2120.0
77.48189205999999 2191.0
77.4927585 2246.0
77.50362494 2277.0
77.51449138 2273.0
77.52535782 2224.0
77.53622426 2194.0
77.5470907 2156.0
77.55795714 2154.0
77.56882358 2223.0
77.57969002 2200.0
77.59055646 2130.0
77.6014229 2161.0
77.61228934 2274.0
77.62315578 2147.0
77.63402221999999 2209.0
77.64488865999999 2201.0
77.6557551 2137.0
77.66662154 2143.0
77.67748798 2202.0
77.68835442 2094.0
77.69922086 2080.0
77.7100873 2209.0
77.72095374 2182.0
77.73182018 2137.0
77.74268662 2159.0
77.75355306 2111.0
77.7644195 2078.0
77.77528594 2111.0
77.78615238 2010.0
77.79701882 2101.0
77.80788525999999 2128.0
77.81875169999999 2079.0
77.82961814 2037.0
77.84048458 2146.0
77.85135102 2013.0
77.86221746 2107.0
77.8730839 2029.0
77.88395034 2086.0
77.89481678 2067.0
77.90568322 2129.0
77.91654966 1988.0
77.9274161 2129.0
77.93828254 2053.0
77.94914898 2150.0
77.96001542 2096.0
77.97088185999999 2075.0
77.98174829999999 2123.0
77.99261474 2145.0
78.00348118 2158.0
78.01434762 2201.0
78.02521406 2063.0
78.0360805 2170.0
78.04694694 2098.0
78.05781338 2138.0
78.06867982 2151.0
78.07954626 2130.0
78.0904127 2262.0
78.10127914 2163.0
78.11214558 2193.0
78.12301202 2193.0
78.13387846 2216.0
78.14474489999999 2113.0
78.15561134 2156.0
78.16647778 2102.0
78.17734422 2220.0
78.18821066 2098.0
78.1990771 2055.0
78.20994354 2076.0
78.22080998 2080.0
78.23167642 2049.0
78.24254286 1965.0
78.2534093 2149.0
78.26427574 2110.0
78.27514218 2108.0
78.28600862 2100.0
78.29687506 2084.0
78.30774149999999 2202.0
78.31860793999999 1995.0
78.32947438 2189.0
78.34034082 2078.0
78.35120726 2074.0
78.3620737 2126.0
78.37294014 2187.0
78.38380658 2144.0
78.39467302 2135.0
78.40553946 2035.0
78.4164059 1994.0
78.42727234 2095.0
78.43813878 2102.0
78.44900522 2076.0
78.45987166 2008.0
78.4707381 2052.0
78.48160453999999 1925.0
78.49247098 2093.0
78.50333742 1981.0
78.51420386 2161.0
78.5250703 2058.0
78.53593674 2058.0
78.54680318 2021.0
78.55766962 2112.0
78.56853606 2018.0
78.5794025 2082.0
78.59026894 2058.0
78.60113538 2069.0
78.61200182 1976.0
78.62286826 2140.0
78.6337347 2055.0
78.64460113999999 2129.0
78.65546757999999 2180.0
78.66633402 2111.0
78.67720046 2213.0
78.6880669 2196.0
78.69893334 2162.0
78.70979978 2212.0
78.72066622 2184.0
78.73153266 2220.0
78.7423991 2134.0
78.75326554 2296.0
78.76413198 2309.0
78.77499842 2311.0
78.78586486 2241.0
78.7967313 2300.0
78.80759773999999 2332.0
78.81846417999999 2404.0
78.82933062 2365.0
78.84019706 2412.0
78.8510635 2376.0
78.86192994 2469.0
78.87279638 2529.0
78.88366282 2482.0
78.89452926 2690.0
78.9053957 2526.0
78.91626214 2470.0
78.92712858 2552.0
78.93799502 2548.0
78.94886146 2523.0
78.9597279 2568.0
78.97059434 2542.0
78.98146077999999 2364.0
78.99232721999999 2376.0
79.00319366 2426.0
79.0140601 2365.0
79.02492654 2348.0
79.03579298 2380.0
79.04665942 2337.0
79.05752586 2253.0
79.0683923 2305.0
79.07925874 2363.0
79.09012518 2325.0
79.10099162 2340.0
79.11185806 2380.0
79.1227245 2262.0
79.13359094 2319.0
79.14445737999999 2238.0
79.15532381999999 2267.0
79.16619026 2206.0
79.1770567 2217.0
79.18792314 2221.0
79.19878958 2216.0
79.20965602 2139.0
79.22052246 2123.0
79.2313889 2151.0
79.24225534 2077.0
79.25312178 2045.0
79.26398822 2078.0
79.27485466 2011.0
79.2857211 2075.0
79.29658754 1963.0
79.30745398 2076.0
79.31832041999999 2072.0
79.32918686 2063.0
79.3400533 2013.0
79.35091974 2036.0
79.36178618 1991.0
79.37265262 1972.0
79.38351906 1937.0
79.3943855 1946.0
79.40525194 1908.0
79.41611838 1912.0
79.42698482 2012.0
79.43785126 1958.0
79.4487177 1951.0
79.45958414 1892.0
79.47045058 1819.0
79.48131701999999 1906.0
79.49218345999999 1857.0
79.5030499 1900.0
79.51391634 1871.0
79.52478278 1895.0
79.53564922 1925.0
79.54651566 1876.0
79.5573821 1883.0
79.56824854 1876.0
79.57911498 1839.0
79.58998142 1881.0
79.60084786 1829.0
79.6117143 1797.0
79.62258074 1931.0
79.63344718 1893.0
79.64431362 1867.0
79.65518005999999 1947.0
79.6660465 1947.0
79.67691294 1819.0
79.68777938 1872.0
79.69864582 1873.0
79.70951226 1900.0
79.7203787 1897.0
79.73124514 1754.0
79.74211158 1883.0
79.75297802 1810.0
79.76384446 1853.0
79.7747109 1852.0
79.78557734 1857.0
79.79644378 1761.0
79.80731022 1923.0
79.81817665999999 1753.0
79.82904309999999 1871.0
79.83990954 1813.0
79.85077598 1845.0
79.86164242 1804.0
79.87250886 1822.0
79.8833753 1802.0
79.89424174 1824.0
79.90510818 1845.0
79.91597462 1969.0
79.92684106 1880.0
79.9377075 1787.0
79.94857394 1779.0
79.95944038 1880.0
79.97030682 1821.0
79.98117325999999 1791.0
79.99203969999999 1811.0
80.00290614 1825.0
80.01377258 1765.0
80.02463902 1875.0
80.03550546 1869.0
80.0463719 1836.0
80.05723834 1887.0
80.06810478 1915.0
80.07897122 1775.0
80.08983766 1783.0
80.1007041 1855.0
80.11157054 1865.0
80.12243698 1867.0
80.13330342 1864.0
80.14416986 1861.0
80.15503629999999 1787.0
80.16590273999999 1857.0
80.17676918 1877.0
80.18763562 1766.0
80.19850206 1939.0
80.2093685 1882.0
80.22023494 1864.0
80.23110138 1857.0
80.24196782 1874.0
80.25283426 1952.0
80.2637007 1887.0
80.27456714 1958.0
80.28543358 1888.0
80.29630002 1956.0
80.30716646 1930.0
80.31803289999999 1871.0
80.32889933999999 1854.0
80.33976578 2007.0
80.35063222 2003.0
80.36149866 1929.0
80.3723651 1976.0
80.38323154 1939.0
80.39409798 1971.0
80.40496442 1930.0
80.41583086 1993.0
80.4266973 1994.0
80.43756374 1924.0
80.44843018 1922.0
80.45929662 1988.0
80.47016306 1919.0
80.4810295 1979.0
80.49189593999999 1961.0
80.50276238 1948.0
80.51362882 1881.0
80.52449526 1820.0
80.5353617 1908.0
80.54622814 1855.0
80.55709458 1959.0
80.56796102 1958.0
80.57882746 1937.0
80.5896939 1995.0
80.60056034 2090.0
80.61142678 1928.0
80.62229322 1958.0
80.63315966 1961.0
80.6440261 1809.0
80.65489253999999 1944.0
80.66575897999999 1922.0
80.67662542 1934.0
80.68749186 1869.0
80.6983583 1968.0
80.70922474 1917.0
80.72009118 1971.0
80.73095762 1901.0
80.74182406 1913.0
80.7526905 1887.0
80.76355694 1975.0
80.77442338 1913.0
80.78528982 1924.0
80.79615626 1932.0
80.8070227 1935.0
80.81788914 1874.0
80.82875557999999 1899.0
80.83962202 1975.0
80.85048846 1928.0
80.8613549 1917.0
80.87222134 1918.0
80.88308778 1926.0
80.89395422 1853.0
80.90482066 1974.0
80.9156871 1859.0
80.92655354 1981.0
80.93741998 1883.0
80.94828642 1902.0
80.95915286 1870.0
80.9700193 1972.0
80.98088574 1890.0
80.99175217999999 2000.0
81.00261861999999 1839.0
81.01348506 1994.0
81.0243515 1863.0
81.03521794 1845.0
81.04608438 1892.0
81.05695082 1914.0
81.06781726 1915.0
81.0786837 1936.0
81.08955014 2018.0
81.10041658 1916.0
81.11128302 1991.0
81.12214946 1956.0
81.1330159 2002.0
81.14388234 2064.0
81.15474877999999 1914.0
81.16561521999999 1985.0
81.17648166 1997.0
81.1873481 2001.0
81.19821454 2028.0
81.20908098 1967.0
81.21994742 2063.0
81.23081386 2000.0
81.2416803 2004.0
81.25254674 2061.0
81.26341318 2079.0
81.27427962 2133.0
81.28514606 2146.0
81.2960125 2075.0
81.30687894 2001.0
81.31774538 2181.0
81.32861181999999 2138.0
81.33947825999999 2072.0
81.3503447 2124.0
81.36121114 2185.0
81.37207758 2098.0
81.38294402 2039.0
81.39381046 2081.0
81.4046769 2086.0
81.41554334 2202.0
81.42640978 2104.0
81.43727622 2219.0
81.44814266 2244.0
81.4590091 2223.0
81.46987554 2177.0
81.48074198 2210.0
81.49160841999999 2163.0
81.50247485999999 2222.0
81.5133413 2279.0
81.52420774 2278.0
81.53507418 2304.0
81.54594062 2431.0
81.55680706 2289.0
81.5676735 2476.0
81.57853994 2377.0
81.58940638 2410.0
81.60027282 2425.0
81.61113926 2347.0
81.6220057 2401.0
81.63287214 2482.0
81.64373858 2267.0
81.65460502 2312.0
81.66547145999999 2358.0
81.6763379 2278.0
81.68720434 2292.0
81.69807078 2302.0
81.70893722 2254.0
81.71980366 2283.0
81.7306701 2221.0
81.74153654 2268.0
81.75240298 2192.0
81.76326942 2268.0
81.77413586 2266.0
81.7850023 2206.0
81.79586874 2188.0
81.80673518 2207.0
81.81760162 2291.0
81.82846805999999 2216.0
81.83933449999999 2219.0
81.85020094 2202.0
81.86106738 2144.0
81.87193382 2200.0
81.88280026 2225.0
81.8936667 2197.0
81.90453314 2219.0
81.91539958 2028.0
81.92626602 2162.0
81.93713246 2120.0
81.9479989 2122.0
81.95886534 2139.0
81.96973178 2137.0
81.98059822 2075.0
81.99146466 2099.0
82.00233109999999 2117.0
82.01319754 1983.0
82.02406398 2059.0
82.03493042 2094.0
82.04579686 2125.0
82.0566633 2143.0
82.06752974 2169.0
82.07839618 2119.0
82.08926262 2185.0
82.10012906 2002.0
82.1109955 2103.0
82.12186194 2133.0
82.13272838 2066.0
82.14359482 2146.0
82.15446126 2110.0
82.16532769999999 2056.0
82.17619413999999 2146.0
82.18706058 2056.0
82.19792702 2165.0
82.20879346 2151.0
82.2196599 2230.0
82.23052634 2081.0
82.24139278 2124.0
82.25225922 2248.0
82.26312566 2115.0
82.2739921 2173.0
82.28485854 2178.0
82.29572498 2104.0
82.30659142 2218.0
82.31745786 2260.0
82.32832429999999 2118.0
82.33919073999999 2270.0
82.35005718 2113.0
82.36092362 2337.0
82.37179006 2154.0
82.3826565 2236.0
82.39352294 2178.0
82.40438938 2244.0
82.41525582 2240.0
82.42612226 2291.0
82.4369887 2302.0
82.44785514 2302.0
82.45872158 2301.0
82.46958802 2338.0
82.48045446 2375.0
82.4913209 2399.0
82.50218733999999 2516.0
82.51305377999999 2428.0
82.52392022 2424.0
82.53478666 2471.0
82.5456531 2437.0
82.55651954 2518.0
82.56738598 2516.0
82.57825242 2541.0
82.58911886 2456.0
82.5999853 2481.0
82.61085174 2466.0
82.62171818 2505.0
82.63258462 2456.0
82.64345106 2636.0
82.6543175 2390.0
82.66518393999999 2419.0
82.67605037999999 2408.0
82.68691682 2439.0
82.69778326 2394.0
82.7086497 2472.0
82.71951614 2286.0
82.73038258 2392.0
82.74124902 2364.0
82.75211546 2415.0
82.7629819 2405.0
82.77384834 2463.0
82.78471478 2421.0
82.79558122 2359.0
82.80644766 2431.0
82.8173141 2399.0
82.82818054 2451.0
82.83904697999999 2412.0
82.84991342 2395.0
82.86077986 2296.0
82.8716463 2462.0
82.88251274 2437.0
82.89337918 2450.0
82.90424562 2370.0
82.91511206 2476.0
82.9259785 2581.0
82.93684494 2439.0
82.94771138 2481.0
82.95857782 2440.0
82.96944426 2395.0
82.9803107 2413.0
82.99117714 2425.0
83.00204357999999 2465.0
83.01291001999999 2422.0
83.02377646 2549.0
83.0346429 2610.0
83.04550934 2545.0
83.05637578 2646.0
83.06724222 2644.0
83.07810866 2723.0
83.0889751 2767.0
83.09984154 2677.0
83.11070798 2697.0
83.12157442 2759.0
83.13244086 2781.0
83.1433073 2770.0
83.15417374 2736.0
83.16504018 2672.0
83.17590661999999 2554.0
83.18677306 2539.0
83.1976395 2566.0
83.20850594 2618.0
83.21937238 2612.0
83.23023882 2573.0
83.24110526 2608.0
83.2519717 2546.0
83.26283814 2595.0
83.27370458 2707.0
83.28457102 2690.0
83.29543746 2611.0
83.3063039 2573.0
83.31717034 2647.0
83.32803678 2573.0
83.33890321999999 2542.0
83.34976965999999 2651.0
83.3606361 2559.0
83.37150254 2605.0
83.38236898 2509.0
83.39323542 2516.0
83.40410186 2449.0
83.4149683 2491.0
83.42583474 2482.0
83.43670118 2461.0
83.44756762 2316.0
83.45843406 2285.0
83.4693005 2392.0
83.48016694 2351.0
83.49103338 2392.0
83.50189981999999 2389.0
83.51276625999999 2329.0
83.5236327 2421.0
83.53449914 2410.0
83.54536558 2322.0
83.55623202 2326.0
83.56709846 2299.0
83.5779649 2316.0
83.58883134 2396.0
83.59969778 2291.0
83.61056422 2275.0
83.62143066 2362.0
83.6322971 2126.0
83.64316354 2258.0
83.65402998 2338.0
83.66489642 2225.0
83.67576285999999 2373.0
83.68662929999999 2419.0
83.69749574 2409.0
83.70836218 2299.0
83.71922862 2334.0
83.73009506 2333.0
83.7409615 2338.0
83.75182794 2350.0
83.76269438 2335.0
83.77356082 2444.0
83.78442726 2358.0
83.7952937 2449.0
83.80616014 2517.0
83.81702658 2520.0
83.82789302 2583.0
83.83875945999999 2500.0
83.84962589999999 2577.0
83.86049234 2396.0
83.87135878 2698.0
83.88222522 2468.0
83.89309166 2565.0
83.9039581 2652.0
83.91482454 2566.0
83.92569098 2686.0
83.93655742 2529.0
83.94742386 2515.0
83.9582903 2488.0
83.96915674 2610.0
83.98002318 2618.0
83.99088962 2408.0
84.00175606 2524.0
84.01262249999999 2567.0
84.02348894 2553.0
84.03435538 2530.0
84.04522182 2540.0
84.05608826 2623.0
84.0669547 2638.0
84.07782114 2645.0
84.08868758 2671.0
84.09955402 2727.0
84.11042046 2708.0
84.1212869 2618.0
84.13215334 2688.0
84.14301978 2706.0
84.15388622 2689.0
84.16475266 2642.0
84.17561909999999 2675.0
84.18648553999999 2595.0
84.19735198 2572.0
84.20821842 2570.0
84.21908486 2624.0
84.2299513 2477.0
84.24081774 2539.0
84.25168418 2465.0
84.26255062 2410.0
84.27341706 2439.0
84.2842835 2313.0
84.29514994 2407.0
84.30601638 2393.0
84.31688282 2370.0
84.32774926 2255.0
84.3386157 2278.0
84.34948213999999 2368.0
84.36034858 2260.0
84.37121502 2378.0
84.38208146 2268.0
84.3929479 2306.0
84.40381434 2187.0
84.41468078 2297.0
84.42554722 2229.0
84.43641366 2146.0
84.4472801 2219.0
84.45814654 2194.0
84.46901298 2168.0
84.47987942 2150.0
84.49074586 2199.0
84.5016123 2196.0
84.51247873999999 2186.0
84.52334517999999 2042.0
84.53421162 2132.0
84.54507806 2063.0
84.5559445 2166.0
84.56681094 2081.0
84.57767738 2018.0
84.58854382 2115.0
84.59941026 2138.0
84.6102767 2115.0
84.62114314 2141.0
84.63200958 2195.0
84.64287602 2135.0
84.65374246 2089.0
84.6646089 2095.0
84.67547533999999 2225.0
84.68634177999999 2237.0
84.69720822 2103.0
84.70807466 2176.0
84.7189411 2161.0
84.72980754 2117.0
84.74067398 2116.0
84.75154042 2195.0
84.76240686 2272.0
84.7732733 2156.0
84.78413974 2156.0
84.79500618 2272.0
84.80587262 2243.0
84.81673906 2270.0
84.8276055 2160.0
84.83847194 2296.0
84.84933837999999 2232.0
84.86020481999999 2283.0
84.87107126 2345.0
84.8819377 2289.0
84.89280414 2376.0
84.90367058 2292.0
84.91453702 2286.0
84.92540346 2207.0
84.9362699 2310.0
84.94713634 2135.0
84.95800278 2273.0
84.96886922 2177.0
84.97973566 2228.0
84.9906021 2097.0
85.00146854 2177.0
85.01233497999999 2201.0
85.02320141999999 2173.0
85.03406786 2126.0
85.0449343 2128.0
85.05580074 2179.0
85.06666718 2047.0
85.07753362 2141.0
85.08840006 2025.0
85.0992665 2174.0
85.11013294 2152.0
85.12099938 2217.0
85.13186582 2228.0
85.14273226 2050.0
85.1535987 1996.0
85.16446514 2077.0
85.17533158 2111.0
85.18619801999999 1980.0
85.19706445999999 2090.0
85.2079309 2041.0
85.21879734 2019.0
85.22966378 2072.0
85.24053022 2035.0
85.25139666 2061.0
85.2622631 1960.0
85.27312954 1997.0
85.28399598 2028.0
85.29486242 1880.0
85.30572886 1979.0
85.3165953 1919.0
85.32746174 1861.0
85.33832818 1901.0
85.34919461999999 1948.0
85.36006105999999 1945.0
85.3709275 2012.0
85.38179394 1840.0
85.39266038 1892.0
85.40352682 1934.0
85.41439326 1857.0
85.4252597 1910.0
85.43612614 1838.0
85.44699258 1979.0
85.45785902 1851.0
85.46872546 1916.0
85.4795919 1856.0
85.49045834 1881.0
85.50132478 2028.0
85.51219122 1956.0
85.52305765999999 1928.0
85.5339241 1911.0
85.54479054 1939.0
85.55565698 1876.0
85.56652342 1930.0
85.57738986 1980.0
85.5882563 1788.0
85.59912274 1976.0
85.60998918 1912.0
85.62085562 1926.0
85.63172206 1964.0
85.6425885 1863.0
85.65345494 1832.0
85.66432138 1826.0
85.67518782 1839.0
85.68605425999999 1830.0
85.69692069999999 1851.0
85.70778714 2003.0
85.71865358 1868.0
85.72952002 1852.0
85.74038646 1953.0
85.7512529 1855.0
85.76211934 1852.0
85.77298578 1904.0
85.78385222 1942.0
85.79471866 1910.0
85.8055851 1896.0
85.81645154 1982.0
85.82731798 1955.0
85.83818442 1921.0
85.84905085999999 1927.0
85.85991729999999 1987.0
85.87078374 1911.0
85.88165018 2002.0
85.89251662 2006.0
85.90338306 1976.0
85.9142495 1943.0
85.92511594 1979.0
85.93598238 1988.0
85.94684882 2027.0
85.95771526 2061.0
85.9685817 1998.0
85.97944814 2080.0
85.99031458 1970.0
86.00118102 2032.0
86.01204746 2029.0
86.02291389999999 2141.0
86.03378033999999 2127.0
86.04464678 2046.0
86.05551322 2067.0
86.06637966 2021.0
86.0772461 2146.0
86.08811254 2135.0
86.09897898 2137.0
86.10984542 2183.0
86.12071186 2008.0
86.1315783 2233.0
86.14244474 2092.0
86.15331118 2159.0
86.16417762 2192.0
86.17504406 2194.0
86.18591049999999 2177.0
86.19677693999999 2291.0
86.20764338 2179.0
86.21850982 2241.0
86.22937626 2146.0
86.2402427 2190.0
86.25110914 2168.0
86.26197558 2014.0
86.27284202 2167.0
86.28370846 2088.0
86.2945749 2115.0
86.30544134 2127.0
86.31630778 2095.0
86.32717422 2036.0
86.33804066 2064.0
86.3489071 2063.0
86.35977353999999 2031.0
86.37063997999999 2095.0
86.38150642 2091.0
86.39237286 2061.0
86.4032393 2146.0
86.41410574 2102.0
86.42497218 2143.0
86.43583862 2136.0
86.44670506 2072.0
86.4575715 2067.0
86.46843794 2050.0
86.47930438 2087.0
86.49017082 2057.0
86.50103726 2030.0
86.5119037 2066.0
86.52277013999999 2150.0
86.53363657999999 2010.0
86.54450302 2113.0
86.55536946 2007.0
86.5662359 2014.0
86.57710234 1987.0
86.58796878 2094.0
86.59883522 1964.0
86.60970166 1998.0
86.6205681 2065.0
86.63143454 1961.0
86.64230098 1960.0
86.65316742 2029.0
86.66403386 1985.0
86.6749003 1963.0
86.68576674 1927.0
86.69663317999999 1996.0
86.70749962 1946.0
86.71836606 1938.0
86.7292325 1988.0
86.74009894 1893.0
86.75096538 1948.0
86.76183182 1976.0
86.77269826 1958.0
86.7835647 1918.0
86.79443114 1910.0
86.80529758 1915.0
86.81616402 1892.0
86.82703046 1983.0
86.8378969 1988.0
86.84876334 1877.0
86.85962977999999 1975.0
86.87049621999999 1888.0
86.88136266 2038.0
86.8922291 1896.0
86.90309554 1977.0
86.91396198 2030.0
86.92482842 1979.0
86.93569486 2007.0
86.9465613 1992.0
86.95742774 2030.0
86.96829418 2041.0
86.97916062 2017.0
86.99002706 2060.0
87.0008935 1996.0
87.01175994 1990.0
87.02262637999999 2028.0
87.03349281999999 1919.0
87.04435926 2109.0
87.0552257 1976.0
87.06609214 1954.0
87.07695858 1996.0
87.08782502 2024.0
87.09869146 1990.0
87.1095579 2041.0
87.12042434 2077.0
87.13129078 1984.0
87.14215722 1974.0
87.15302366 2084.0
87.1638901 2039.0
87.17475654 2018.0
87.18562298 2085.0
87.19648941999999 2144.0
87.20735585999999 2031.0
87.2182223 2151.0
87.22908874 2062.0
87.23995518 2149.0
87.25082162 2032.0
87.26168806 2094.0
87.2725545 2118.0
87.28342094 2178.0
87.29428738 2219.0
87.30515382 2198.0
87.31602026 2180.0
87.3268867 2186.0
87.33775314 2204.0
87.34861958 2238.0
87.35948601999999 2321.0
87.37035245999999 2349.0
87.3812189 2347.0
87.39208534 2377.0
87.40295178 2490.0
87.41381822 2398.0
87.42468466 2392.0
87.4355511 2332.0
87.44641754 2396.0
87.45728398 2391.0
87.46815042 2371.0
87.47901686 2391.0
87.4898833 2439.0
87.50074974 2278.0
87.51161618 2301.0
87.52248262 2236.0
87.53334905999999 2265.0
87.54421549999999 2263.0
87.55508194 2291.0
87.56594838 2307.0
87.57681482 2222.0
87.58768126 2274.0
87.5985477 2185.0
87.60941414 2346.0
87.62028058 2298.0
87.63114702 2355.0
87.64201346 2342.0
87.6528799 2323.0
87.66374634 2277.0
87.67461278 2334.0
87.68547922 2283.0
87.69634565999999 2428.0
87.70721209999999 2232.0
87.71807854 2297.0
87.72894498 2247.0
87.73981142 2302.0
87.75067786 2317.0
87.7615443 2284.0
87.77241074 2234.0
87.78327718 2223.0
87.79414362 2332.0
87.80501006 2229.0
87.8158765 2259.0
87.82674294 2165.0
87.83760938 2274.0
87.84847582 2226.0
87.85934226 2220.0
87.87020869999999 2216.0
87.88107514 2161.0
87.89194158 2240.0
87.90280802 2257.0
87.91367446 2283.0
87.9245409 2253.0
87.93540734 2205.0
87.94627378 2270.0
87.95714022 2181.0
87.96800666 2199.0
87.9788731 2301.0
87.98973954 2291.0
88.00060598 2298.0
88.01147242 2299.0
88.02233886 2345.0
88.03320529999999 2363.0
88.04407173999999 2331.0
88.05493818 2379.0
88.06580462 2396.0
88.07667106 2448.0
88.0875375 2473.0
88.09840394 2423.0
88.10927038 2478.0
88.12013682 2608.0
88.13100326 2492.0
88.1418697 2661.0
88.15273614 2575.0
88.16360258 2681.0
88.17446902 2590.0
88.18533546 2682.0
88.19620189999999 2656.0
88.20706833999999 2683.0
88.21793478 2724.0
88.22880122 2687.0
88.23966766 2604.0
88.2505341 2730.0
88.26140054 2658.0
88.27226698 2551.0
88.28313342 2483.0
88.29399986 2706.0
88.3048663 2622.0
88.31573274 2579.0
88.32659918 2701.0
88.33746562 2597.0
88.34833206 2640.0
88.3591985 2693.0
88.37006493999999 2577.0
88.38093137999999 2602.0
88.39179782 2593.0
88.40266426 2625.0
88.4135307 2689.0
88.42439714 2697.0
88.43526358 2840.0
88.44613002 2848.0
88.45699646 2870.0
88.4678629 2775.0
88.47872934 2842.0
88.48959578 2776.0
88.50046222 2851.0
88.51132866 2914.0
88.5221951 2927.0
88.53306153999999 2827.0
88.54392797999999 2909.0
88.55479442 2845.0
88.56566086 2809.0
88.5765273 2883.0
88.58739374 2794.0
88.59826018 2762.0
88.60912662 2775.0
88.61999306 2673.0
88.6308595 2589.0
88.64172594 2523.0
88.65259238 2604.0
88.66345882 2465.0
88.67432526 2610.0
88.6851917 2465.0
88.69605814 2589.0
88.70692457999999 2467.0
88.71779101999999 2483.0
88.72865746 2353.0
88.7395239 2437.0
88.75039034 2303.0
88.76125678 2452.0
88.77212322 2365.0
88.78298966 2552.0
88.7938561 2536.0
88.80472254 2452.0
88.81558898 2441.0
88.82645542 2376.0
88.83732186 2434.0
88.8481883 2359.0
88.85905474 2433.0
88.86992117999999 2235.0
88.88078761999999 2405.0
88.89165406 2262.0
88.9025205 2336.0
88.91338694 2242.0
88.92425338 2282.0
88.93511982 2200.0
88.94598626 2172.0
88.9568527 2141.0
88.96771914 2170.0
88.97858558 2207.0
88.98945202 2173.0
89.00031846 2202.0
89.0111849 2125.0
89.02205134 2188.0
89.03291778 2094.0
89.04378421999999 2089.0
89.05465066 2207.0
89.0655171 2149.0
89.07638354 2159.0
89.08724998 2151.0
89.09811642 2057.0
89.10898286 2180.0
89.1198493 2133.0
89.13071574 2234.0
89.14158218 2086.0
89.15244862 2167.0
89.16331506 2166.0
89.1741815 2150.0
89.18504794 2172.0
89.19591438 2133.0
89.20678081999999 2166.0
89.21764725999999 2228.0
89.2285137 2199.0
89.23938014 2229.0
89.25024658 2251.0
89.26111302 2222.0
89.27197946 2140.0
89.2828459 2244.0
89.29371234 2257.0
89.30457878 2256.0
89.31544522 2233.0
89.32631166 2350.0
89.3371781 2212.0
89.34804454 2250.0
89.35891098 2244.0
89.36977741999999 2229.0
89.38064385999999 2168.0
89.3915103 2264.0
89.40237674 2270.0
89.41324318 2252.0
89.42410962 2278.0
89.43497606 2223.0
89.4458425 2173.0
89.45670894 2385.0
89.46757538 2250.0
89.47844182 2376.0
89.48930826 2324.0
89.5001747 2187.0
89.51104114 2316.0
89.52190758 2195.0
89.53277402 2344.0
89.54364045999999 2289.0
89.55450689999999 2258.0
89.56537334 2201.0
89.57623978 2293.0
89.58710622 2346.0
89.59797266 2437.0
89.6088391 2307.0
89.61970554 2353.0
89.63057198 2359.0
89.64143842 2379.0
89.65230486 2394.0
89.6631713 2388.0
89.67403774 2411.0
89.68490418 2441.0
89.69577062 2328.0
89.70663705999999 2421.0
89.71750349999999 2376.0
89.72836994 2423.0
89.73923638 2467.0
89.75010282 2408.0
89.76096926 2544.0
89.7718357 2518.0
89.78270214 2565.0
89.79356858 2589.0
89.80443502 2578.0
89.81530146 2564.0
89.8261679 2556.0
89.83703434 2512.0
89.84790078 2592.0
89.85876722 2593.0
89.86963366 2586.0
89.88050009999999 2580.0
89.89136653999999 2521.0
89.90223298 2467.0
89.91309942 2458.0
89.92396586 2575.0
89.9348323 2464.0
89.94569874 2556.0
89.95656518 2421.0
89.96743162 2448.0
89.97829806 2489.0
89.9891645 2402.0
90.00003094 2389.0
90.01089738 2450.0
90.02176382 2340.0
90.03263026 2424.0
90.04349669999999 2236.0
90.05436313999999 2383.0
90.06522958 2325.0
90.07609602 2424.0
90.08696246 2469.0
90.0978289 2376.0
90.10869534 2331.0
90.11956178 2323.0
90.13042822 2377.0
90.14129466 2355.0
90.1521611 2334.0
90.16302754 2372.0
90.17389398 2332.0
90.18476042 2229.0
90.19562686 2299.0
90.2064933 2299.0
90.21735973999999 2228.0
90.22822618 2289.0
90.23909262 2229.0
90.24995906 2166.0
90.2608255 2114.0
90.27169194 2174.0
90.28255838 2173.0
90.29342482 2105.0
90.30429126 2038.0
90.3151577 2156.0
90.32602414 2129.0
90.33689058 2084.0
90.34775702 2081.0
90.35862346 2099.0
90.3694899 2111.0
90.38035633999999 2020.0
90.39122277999999 2021.0
90.40208922 2110.0
90.41295566 2028.0
90.4238221 2092.0
90.43468854 2108.0
90.44555498 2066.0
90.45642142 1964.0
90.46728786 2031.0
90.4781543 2092.0
90.48902074 2155.0
90.49988718 2107.0
90.51075362 1948.0
90.52162006 2052.0
90.5324865 2158.0
90.54335293999999 2049.0
90.55421937999999 2101.0
90.56508582 2119.0
90.57595226 2016.0
90.5868187 2096.0
90.59768514 2132.0
90.60855158 2152.0
90.61941802 2101.0
90.63028446 2095.0
90.6411509 2117.0
90.65201734 2165.0
90.66288378 2083.0
90.67375022 2176.0
90.68461666 2128.0
90.6954831 1957.0
90.70634954 2132.0
90.71721597999999 2072.0
90.72808241999999 2002.0
90.73894886 2022.0
90.7498153 1976.0
90.76068174 1992.0
90.77154818 2042.0
90.78241462 2087.0
90.79328106 2044.0
90.8041475 2085.0
90.81501394 1961.0
90.82588038 2081.0
90.83674682 1973.0
90.84761326 1949.0
90.8584797 2088.0
90.86934614 2044.0
90.88021257999999 2060.0
90.89107901999999 1928.0
90.90194546 2015.0
90.9128119 2073.0
90.92367834 2003.0
90.93454478 2054.0
90.94541122 2002.0
90.95627766 2009.0
90.9671441 1978.0
90.97801054 2153.0
90.98887698 2029.0
90.99974342 2061.0
91.01060986 1944.0
91.0214763 2008.0
91.03234274 1987.0
91.04320918 2011.0
91.05407561999999 2011.0
91.06494205999999 2071.0
91.0758085 2003.0
91.08667494 2041.0
91.09754138 1988.0
91.10840782 1915.0
91.11927426 1948.0
91.1301407 2075.0
91.14100714 2005.0
91.15187358 1978.0
91.16274002 2112.0
91.17360646 2030.0
91.1844729 2135.0
91.19533934 2078.0
91.20620578 2225.0
91.21707221999999 2072.0
91.22793865999999 2128.0
91.2388051 2091.0
91.24967154 1975.0
91.26053798 2096.0
91.27140442 2105.0
91.28227086 2115.0
91.2931373 2069.0
91.30400374 2146.0
91.31487018 2152.0
91.32573662 2163.0
91.33660306 2072.0
91.3474695 2051.0
91.35833594 2077.0
91.36920238 2129.0
91.38006882 2057.0
91.39093525999999 2036.0
91.4018017 2098.0
91.41266814 1979.0
91.42353458 2009.0
91.43440102 2011.0
91.44526746 2039.0
91.4561339 1901.0
91.46700034 1990.0
91.47786678 1993.0
91.48873322 1923.0
91.49959966 2025.0
91.5104661 1988.0
91.52133254 2029.0
91.53219898 2078.0
91.54306542 1988.0
91.55393185999999 1819.0
91.56479829999999 2008.0
91.57566474 2051.0
91.58653118 2090.0
91.59739762 2039.0
91.60826406 2040.0
91.6191305 1930.0
91.62999694 1952.0
91.64086338 1970.0
91.65172982 2134.0
91.66259626 1965.0
91.6734627 1933.0
91.68432914 1917.0
91.69519558 1958.0
91.70606202 1937.0
91.71692845999999 1895.0
91.72779489999999 1864.0
91.73866134 1887.0
91.74952778 1895.0
91.76039422 1946.0
91.77126066 1841.0
91.7821271 1999.0
91.79299354 1876.0
91.80385998 1870.0
91.81472642 1907.0
91.82559286 1914.0
91.8364593 1886.0
91.84732574 1879.0
91.85819218 1813.0
91.86905862 1858.0
91.87992506 1815.0
91.89079149999999 1812.0
91.90165793999999 1884.0
91.91252438 1767.0
91.92339082 1927.0
91.93425726 1911.0
91.9451237 1907.0
91.95599014 1848.0
91.96685658 1792.0
91.97772302 1745.0
91.98858946 1834.0
91.9994559 1753.0
92.01032234 1723.0
92.02118878 1889.0
92.03205522 1831.0
92.04292166 1909.0
92.05378809999999 1756.0
92.06465453999999 1923.0
92.07552098 1826.0
92.08638742 1844.0
92.09725386 1857.0
92.1081203 1857.0
92.11898674 1841.0
92.12985318 1867.0
92.14071962 1826.0
92.15158606 1847.0
92.1624525 1848.0
92.17331894 1888.0
92.18418538 1917.0
92.19505182 1796.0
92.20591826 1879.0
92.2167847 1841.0
92.22765113999999 1867.0
92.23851757999999 1837.0
92.24938402 1885.0
92.26025046 1748.0
92.2711169 1809.0
92.28198334 1854.0
92.29284978 1799.0
92.30371622 1862.0
92.31458266 1822.0
92.3254491 1828.0
92.33631554 1734.0
92.34718198 1752.0
92.35804842 1781.0
92.36891486 1767.0
92.3797813 1806.0
92.39064773999999 1861.0
92.40151417999999 1812.0
92.41238062 1754.0
92.42324706 1835.0
92.4341135 1839.0
92.44497994 1751.0
92.45584638 1756.0
92.46671282 1772.0
92.47757926 1875.0
92.4884457 1820.0
92.49931214 1807.0
92.51017858 1795.0
92.52104502 1777.0
92.53191146 1833.0
92.5427779 1816.0
92.55364434 1859.0
92.56451077999999 1902.0
92.57537722 1854.0
92.58624366 1844.0
92.5971101 1807.0
92.60797654 1693.0
92.61884298 1826.0
92.62970942 1765.0
92.64057586 1819.0
92.6514423 1787.0
92.66230874 1846.0
92.67317518 1804.0
92.68404162 1808.0
92.69490806 1832.0
92.7057745 1851.0
92.71664094 1913.0
92.72750737999999 1864.0
92.73837381999999 1816.0
92.74924026 1837.0
92.7601067 1910.0
92.77097314 1817.0
92.78183958 1874.0
92.79270602 1936.0
92.80357246 1927.0
92.8144389 1824.0
92.82530534 1865.0
92.83617178 1841.0
92.84703822 1885.0
92.85790466 1855.0
92.8687711 1811.0
92.87963754 1957.0
92.89050397999999 1905.0
92.90137041999999 1907.0
92.91223686 1961.0
92.9231033 1868.0
92.93396974 1877.0
92.94483618 1946.0
92.95570262 1831.0
92.96656906 1896.0
92.9774355 1925.0
92.98830194 1932.0
92.99916838 1817.0
93.01003482 1987.0
93.02090126 1981.0
93.0317677 1995.0
93.04263414 1945.0
93.05350058 1927.0
93.06436701999999 1908.0
93.07523345999999 1999.0
93.0860999 1885.0
93.09696634 1943.0
93.10783278 1886.0
93.11869922 1901.0
93.12956566 1870.0
93.1404321 1930.0
93.15129854 1902.0
93.16216498 1888.0
93.17303142 1952.0
93.18389786 1914.0
93.1947643 1903.0
93.20563074 1910.0
93.21649718 1895.0
93.22736361999999 1909.0
93.23823005999999 1811.0
93.2490965 1976.0
93.25996294 1872.0
93.27082938 1896.0
93.28169582 1871.0
93.29256226 1966.0
93.3034287 1928.0
93.31429514 2001.0
93.32516158 1938.0
93.33602802 1943.0
93.34689446 1835.0
93.3577609 1943.0
93.36862734 1899.0
93.37949378 1988.0
93.39036022 1960.0
93.40122665999999 1864.0
93.41209309999999 1935.0
93.42295954 1924.0
93.43382598 1928.0
93.44469242 1965.0
93.45555886 1974.0
93.4664253 2013.0
93.47729174 1934.0
93.48815818 1965.0
93.49902462 2034.0
93.50989106 1949.0
93.5207575 1987.0
93.53162394 1987.0
93.54249038 1903.0
93.55335682 2134.0
93.56422325999999 1976.0
93.57508969999999 2033.0
93.58595614 2089.0
93.59682258 2077.0
93.60768902 2052.0
93.61855546 2059.0
93.6294219 2025.0
93.64028834 2071.0
93.65115478 2073.0
93.66202122 2150.0
93.67288766 2082.0
93.6837541 2110.0
93.69462054 2188.0
93.70548698 2191.0
93.71635342 2173.0
93.72721986 2218.0
93.73808629999999 2329.0
93.74895274 2282.0
93.75981918 2137.0
93.77068562 2267.0
93.78155206 2301.0
93.7924185 2287.0
93.80328494 2191.0
93.81415138 2273.0
93.82501782 2294.0
93.83588426 2200.0
93.8467507 2190.0
93.85761714 2301.0
93.86848358 2231.0
93.87935002 2232.0
93.89021646 2249.0
93.90108289999999 2196.0
93.91194933999999 2174.0
93.92281578 2162.0
93.93368222 2144.0
93.94454866 2105.0
93.9554151 2098.0
93.96628154 2185.0
93.97714798 2124.0
93.98801442 2140.0
93.99888086 2173.0
94.0097473 2188.0
94.02061374 2208.0
94.03148018 2105.0
94.04234662 2142.0
94.05321306 2120.0
94.06407949999999 2114.0
94.07494593999999 2122.0
94.08581238 2178.0
94.09667882 2165.0
94.10754526 2143.0
94.1184117 2186.0
94.12927814 2117.0
94.14014458 2176.0
94.15101102 2077.0
94.16187746 2042.0
94.1727439 2025.0
94.18361034 2111.0
94.19447678 2029.0
94.20534322 2067.0
94.21620966 2033.0
94.2270761 2093.0
94.23794253999999 2026.0
94.24880897999999 2003.0
94.25967542 2025.0
94.27054186 2023.0
94.2814083 2012.0
94.29227474 2088.0
94.30314118 1893.0
94.31400762 1982.0
94.32487406 1927.0
94.3357405 1870.0
94.34660694 1952.0
94.35747338 1974.0
94.36833982 2012.0
94.37920626 1991.0
94.3900727 2042.0
94.40093913999999 1939.0
94.41180557999999 2100.0
94.42267202 2035.0
94.43353846 2020.0
94.4444049 2014.0
94.45527134 1987.0
94.46613778 2023.0
94.47700422 2060.0
94.48787066 2011.0
94.4987371 1994.0
94.50960354 2129.0
94.52046998 1969.0
94.53133642 1995.0
94.54220286 1976.0
94.5530693 2041.0
94.56393574 1986.0
94.57480217999999 2008.0
94.58566861999999 2086.0
94.59653506 1994.0
94.6074015 2042.0
94.61826794 2023.0
94.62913438 2085.0
94.64000082 2045.0
94.65086726 2048.0
94.6617337 2103.0
94.67260014 1960.0
94.68346658 2059.0
94.69433302 2126.0
94.70519946 2118.0
94.7160659 2152.0
94.72693234 2188.0
94.73779877999999 2193.0
94.74866521999999 2178.0
94.75953166 2207.0
94.7703981 2241.0
94.78126454 2235.0
94.79213098 2379.0
94.80299742 2268.0
94.81386386 2205.0
94.8247303 2236.0
94.83559674 2285.0
94.84646318 2267.0
94.85732962 2174.0
94.86819606 2210.0
94.8790625 2233.0
94.88992894 2276.0
94.90079538 2205.0
94.91166181999999 2196.0
94.92252825999999 2181.0
94.9333947 2241.0
94.94426114 2329.0
94.95512758 2272.0
94.96599402 2312.0
94.97686046 2257.0
94.9877269 2280.0
94.99859334 2334.0
95.00945978 2313.0
95.02032622 2348.0
95.03119266 2374.0
95.0420591 2394.0
95.05292554 2353.0
95.06379198 2359.0
95.07465841999999 2395.0
95.08552485999999 2397.0
95.0963913 2413.0
95.10725774 2341.0
95.11812418 2445.0
95.12899062 2459.0
95.13985706 2451.0
95.1507235 2412.0
95.16158994 2455.0
95.17245638 2420.0
95.18332282 2346.0
95.19418926 2399.0
95.2050557 2409.0
95.21592214 2361.0
95.22678858 2503.0
95.23765501999999 2361.0
95.24852145999999 2390.0
95.2593879 2322.0
95.27025434 2513.0
95.28112078 2291.0
95.29198722 2411.0
95.30285366 2345.0
95.3137201 2307.0
95.32458654 2326.0
95.33545298 2177.0
95.34631942 2191.0
95.35718586 2296.0
95.3680523 2316.0
95.37891874 2203.0
95.38978518 2262.0
95.40065162 2257.0
95.41151805999999 2254.0
95.42238449999999 2233.0
95.43325094 2321.0
95.44411738 2239.0
95.45498382 2228.0
95.46585026 2237.0
95.4767167 2320.0
95.48758314 2147.0
95.49844958 2173.0
95.50931602 2230.0
95.52018246 2287.0
95.5310489 2278.0
95.54191534 2271.0
95.55278178 2207.0
95.56364822 2175.0
95.57451465999999 2218.0
95.58538109999999 2250.0
95.59624754 2175.0
95.60711398 2191.0
95.61798042 2211.0
95.62884686 2172.0
95.6397133 2058.0
95.65057974 2187.0
95.66144618 2080.0
95.67231262 2227.0
95.68317906 2093.0
95.6940455 2177.0
95.70491194 2098.0
95.71577838 2104.0
95.72664482 2134.0
95.73751126 2103.0
95.74837769999999 2146.0
95.75924413999999 2183.0
95.77011058 2111.0
95.78097702 2045.0
95.79184346 2151.0
95.8027099 2048.0
95.81357634 2226.0
95.82444278 2093.0
95.83530922 2150.0
95.84617566 2115.0
95.8570421 2157.0
95.86790854 2127.0
95.87877498 2182.0
95.88964142 2136.0
95.90050786 2174.0
95.91137429999999 2187.0
95.92224073999999 2250.0
95.93310718 2168.0
95.94397362 2262.0
95.95484006 2295.0
95.9657065 2200.0
95.97657294 2249.0
95.98743938 2203.0
95.99830582 2365.0
96.00917226 2273.0
96.0200387 2291.0
96.03090514 2260.0
96.04177158 2370.0
96.05263802 2286.0
96.06350446 2411.0
96.0743709 2425.0
96.08523733999999 2401.0
96.09610377999999 2454.0
96.10697022 2411.0
96.11783666 2416.0
96.1287031 2420.0
96.13956954 2446.0
96.15043598 2499.0
96.16130242 2646.0
96.17216886 2517.0
96.1830353 2604.0
96.19390174 2490.0
96.20476818 2651.0
96.21563462 2623.0
96.22650106 2524.0
96.2373675 2547.0
96.24823393999999 2542.0
96.25910037999999 2554.0
96.26996682 2659.0
96.28083326 2513.0
96.2916997 2487.0
96.30256614 2535.0
96.31343258 2551.0
96.32429902 2600.0
96.33516546 2655.0
96.3460319 2585.0
96.35689834 2725.0
96.36776478 2654.0
96.37863122 2712.0
96.38949766 2625.0
96.4003641 2723.0
96.41123053999999 2771.0
96.42209697999999 2802.0
96.43296342 2737.0
96.44382986 2806.0
96.4546963 2850.0
96.46556274 2859.0
96.47642918 2894.0
96.48729562 2849.0
96.49816206 2944.0
96.5090285 2885.0
96.51989494 2861.0
96.53076138 2926.0
96.54162782 2973.0
96.55249426 2886.0
96.5633607 2899.0
96.57422714 2898.0
96.58509357999999 2901.0
96.59596001999999 2840.0
96.60682646 2896.0
96.6176929 2788.0
96.62855934 2849.0
96.63942578 2803.0
96.65029222 2761.0
96.66115866 2793.0
96.6720251 2692.0
96.68289154 2744.0
96.69375798 2672.0
96.70462442 2836.0
96.71549086 2695.0
96.7263573 2563.0
96.73722374 2734.0
96.74809017999999 2589.0
96.75895661999999 2792.0
96.76982306 2702.0
96.7806895 2651.0
96.79155594 2584.0
96.80242238 2693.0
96.81328882 2780.0
96.82415526 2750.0
96.8350217 2706.0
96.84588814 2717.0
96.85675458 2724.0
96.86762102 2703.0
96.87848746 2683.0
96.8893539 2691.0
96.90022034 2695.0
96.91108678 2635.0
96.92195321999999 2730.0
96.93281965999999 2658.0
96.9436861 2591.0
96.95455254 2723.0
96.96541898 2730.0
96.97628542 2549.0
96.98715186 2812.0
96.9980183 2664.0
97.00888474 2750.0
97.01975118 2700.0
97.03061762 2813.0
97.04148406 2658.0
97.0523505 2728.0
97.06321694 2720.0
97.07408338 2669.0
97.08494981999999 2607.0
97.09581625999999 2571.0
97.1066827 2597.0
97.11754914 2596.0
97.12841558 2527.0
97.13928202 2537.0
97.15014846 2535.0
97.1610149 2546.0
97.17188134 2478.0
97.18274778 2384.0
97.19361422 2506.0
97.20448066 2446.0
97.2153471 2422.0
97.22621354 2479.0
97.23707998 2405.0
97.24794642 2293.0
97.25881285999999 2401.0
97.26967929999999 2370.0
97.28054574 2375.0
97.29141218 2322.0
97.30227862 2290.0
97.31314506 2404.0
97.3240115 2349.0
97.33487794 2381.0
97.34574438 2345.0
97.35661082 2429.0
97.36747726 2365.0
97.3783437 2319.0
97.38921014 2377.0
97.40007658 2325.0
97.41094302 2371.0
97.42180945999999 2385.0
97.43267589999999 2367.0
97.44354234 2232.0
97.45440878 2313.0
97.46527522 2326.0
97.47614166 2326.0
97.4870081 2168.0
97.49787454 2196.0
97.50874098 2112.0
97.51960742 2103.0
97.53047386 2103.0
97.5413403 2063.0
97.55220674 2175.0
97.56307318 2129.0
97.57393962 2130.0
97.58480605999999 2177.0
97.59567249999999 2113.0
97.60653894 2114.0
97.61740538 2058.0
97.62827182 2042.0
97.63913826 2143.0
97.6500047 2141.0
97.66087114 2200.0
97.67173758 2093.0
97.68260402 2073.0
97.69347046 2206.0
97.7043369 2147.0
97.71520334 2160.0
97.72606978 2229.0
97.73693622 2216.0
97.74780266 2105.0
97.75866909999999 2254.0
97.76953553999999 2125.0
97.78040198 2207.0
97.79126842 2118.0
97.80213486 2168.0
97.8130013 2180.0
97.82386774 2130.0
97.83473418 2230.0
97.84560062 2135.0
97.85646706 2278.0
97.8673335 2208.0
97.87819994 2235.0
97.88906638 2228.0
97.89993282 2272.0
97.91079926 2299.0
97.92166569999999 2255.0
97.93253213999999 2277.0
97.94339858 2274.0
97.95426502 2384.0
97.96513146 2311.0
97.9759979 2275.0
97.98686434 2300.0
97.99773078 2261.0
98.00859722 2303.0
98.01946366 2262.0
98.0303301 2360.0
98.04119654 2193.0
98.05206298 2353.0
98.06292942 2393.0
98.07379586 2180.0
98.0846623 2257.0
98.09552873999999 2207.0
98.10639517999999 2382.0
98.11726162 2216.0
98.12812806 2213.0
98.1389945 2264.0
98.14986094 2286.0
98.16072738 2288.0
98.17159382 2259.0
98.18246026 2263.0
98.1933267 2305.0
98.20419314 2192.0
98.21505958 2238.0
98.22592602 2243.0
98.23679246 2268.0
98.2476589 2261.0
98.25852533999999 2232.0
98.26939177999999 2266.0
98.28025822 2203.0
98.29112466 2189.0
98.3019911 2197.0
98.31285754 2297.0
98.32372398 2228.0
98.33459042 2262.0
98.34545686 2201.0
98.3563233 2207.0
98.36718974 2247.0
98.37805618 2287.0
98.38892262 2211.0
98.39978906 2225.0
98.4106555 2225.0
98.42152194 2175.0
98.43238837999999 2256.0
98.44325481999999 2197.0
98.45412126 2232.0
98.4649877 2235.0
98.47585414 2189.0
98.48672058 2273.0
98.49758702 2187.0
98.50845346 2367.0
98.5193199 2087.0
98.53018634 2268.0
98.54105278 2328.0
98.55191922 2186.0
98.56278566 2301.0
98.5736521 2201.0
98.58451854 2227.0
98.59538497999999 2244.0
98.60625141999999 2187.0
98.61711786 2285.0
98.6279843 2361.0
98.63885074 2288.0
98.64971718 2348.0
98.66058362 2260.0
98.67145006 2180.0
98.6823165 2340.0
98.69318294 2248.0
98.70404938 2319.0
98.71491582 2303.0
98.72578226 2333.0
98.7366487 2311.0
98.74751514 2289.0
98.75838157999999 2335.0
98.76924801999999 2444.0
98.78011446 2357.0
98.7909809 2374.0
98.80184734 2454.0
98.81271378 2365.0
98.82358022 2383.0
98.83444666 2557.0
98.8453131 2411.0
98.85617954 2436.0
98.86704598 2360.0
98.87791242 2362.0
98.88877886 2239.0
98.8996453 2336.0
98.91051174 2359.0
98.92137818 2322.0
98.93224461999999 2262.0
98.94311105999999 2254.0
98.9539775 2500.0
98.96484394 2321.0
98.97571038 2406.0
98.98657682 2287.0
98.99744326 2370.0
99.0083097 2367.0
99.01917614 2389.0
99.03004258 2309.0
99.04090902 2400.0
99.05177546 2342.0
99.0626419 2389.0
99.07350834 2359.0
99.08437478 2314.0
99.09524121999999 2310.0
99.10610765999999 2350.0
99.1169741 2354.0
99.12784054 2362.0
99.13870698 2409.0
99.14957342 2464.0
99.16043986 2494.0
99.1713063 2514.0
99.18217274 2442.0
99.19303918 2494.0
99.20390562 2496.0
99.21477206 2416.0
99.2256385 2471.0
99.23650494 2562.0
99.24737138 2490.0
99.25823782 2409.0
99.26910425999999 2531.0
99.27997069999999 2464.0
99.29083714 2514.0
99.30170358 2531.0
99.31257002 2546.0
99.32343646 2590.0
99.3343029 2573.0
99.34516934 2594.0
99.35603578 2674.0
99.36690222 2701.0
99.37776866 2705.0
99.3886351 2771.0
99.39950154 2749.0
99.41036798 2798.0
99.42123442 2758.0
99.43210085999999 2656.0
99.44296729999999 2761.0
99.45383374 2725.0
99.46470018 2704.0
99.47556662 2708.0
99.48643306 2719.0
99.4972995 2722.0
99.50816594 2561.0
99.51903238 2547.0
99.52989882 2571.0
99.54076526 2607.0
99.5516317 2532.0
99.56249814 2578.0
99.57336458 2539.0
99.58423102 2587.0
99.59509745999999 2514.0
99.60596389999999 2439.0
99.61683033999999 2521.0
99.62769678 2488.0
99.63856322 2575.0
99.64942966 2472.0
99.6602961 2482.0
99.67116254 2433.0
99.68202898 2475.0
99.69289542 2498.0
99.70376186 2451.0
99.7146283 2513.0
99.72549474 2475.0
99.73636118 2472.0
99.74722762 2419.0
99.75809406 2556.0
99.76896049999999 2396.0
99.77982693999999 2509.0
99.79069338 2397.0
99.80155982 2389.0
99.81242626 2347.0
99.8232927 2444.0
99.83415914 2264.0
99.84502558 2323.0
99.85589202 2270.0
99.86675846 2306.0
99.8776249 2279.0
99.88849134 2349.0
99.89935778 2309.0
99.91022422 2214.0
99.92109066 2273.0
99.93195709999999 2327.0
99.94282353999999 2211.0
99.95368998 2302.0
99.96455642 2257.0
99.97542286 2228.0
99.9862893 2273.0
99.99715574 2287.0
100.00802218 2277.0
100.01888862 2251.0
100.02975506 2319.0
100.0406215 2213.0
100.05148794 2242.0
100.06235438 2234.0
100.07322082 2194.0
100.08408726 2294.0
100.0949537 2266.0
