9.99043322 4240.0
10.001299659999999 4218.0
10.0121661 4225.0
10.023032539999999 4095.0
10.03389898 4194.0
10.04476542 4057.0
10.05563186 4035.0
10.0664983 4111.0
10.07736474 4159.0
10.08823118 4072.0
10.09909762 4058.0
10.10996406 4093.0
10.1208305 4245.0
10.13169694 3986.0
10.14256338 4179.0
10.15342982 4074.0
10.16429626 4184.0
10.1751627 4042.0
10.18602914 4085.0
10.19689558 4055.0
10.20776202 4070.0
10.21862846 4111.0
10.2294949 4070.0
10.24036134 4031.0
10.25122778 4094.0
10.26209422 4042.0
10.27296066 3975.0
10.2838271 3967.0
10.294693539999999 3982.0
10.30555998 4034.0
10.316426419999999 3938.0
10.32729286 4049.0
10.3381593 4025.0
10.34902574 3981.0
10.35989218 3972.0
10.37075862 3973.0
10.38162506 3977.0
10.3924915 3982.0
10.40335794 3939.0
10.41422438 4061.0
10.42509082 4038.0
10.43595726 4038.0
10.4468237 4059.0
10.45769014 4042.0
10.46855658 4029.0
10.47942302 3961.0
10.49028946 3956.0
10.5011559 3981.0
10.51202234 4051.0
10.52288878 3994.0
10.53375522 3839.0
10.54462166 3977.0
10.5554881 3817.0
10.566354539999999 3926.0
10.57722098 3787.0
10.58808742 3863.0
10.59895386 3866.0
10.609820299999999 3953.0
10.62068674 3890.0
10.63155318 3844.0
10.64241962 4011.0
10.65328606 3875.0
10.6641525 3811.0
10.67501894 3779.0
10.68588538 3749.0
10.69675182 3670.0
10.70761826 3872.0
10.7184847 3813.0
10.72935114 3940.0
10.74021758 3882.0
10.75108402 3753.0
10.76195046 3800.0
10.7728169 3862.0
10.78368334 3773.0
10.79454978 3850.0
10.80541622 3848.0
10.81628266 3787.0
10.8271491 3768.0
10.83801554 3841.0
10.84888198 3843.0
10.859748419999999 3797.0
10.87061486 3901.0
10.8814813 3762.0
10.89234774 3809.0
10.903214179999999 3768.0
10.91408062 3805.0
10.92494706 3855.0
10.9358135 3804.0
10.94667994 3728.0
10.95754638 3792.0
10.96841282 3672.0
10.97927926 3860.0
10.9901457 3728.0
11.00101214 3780.0
11.01187858 3766.0
11.02274502 3679.0
11.03361146 3617.0
11.0444779 3646.0
11.05534434 3581.0
11.06621078 3664.0
11.07707722 3693.0
11.08794366 3665.0
11.0988101 3679.0
11.10967654 3706.0
11.12054298 3745.0
11.13140942 3662.0
11.14227586 3593.0
11.153142299999999 3690.0
11.16400874 3642.0
11.17487518 3686.0
11.18574162 3552.0
11.196608059999999 3617.0
11.2074745 3563.0
11.21834094 3668.0
11.22920738 3550.0
11.24007382 3643.0
11.25094026 3770.0
11.2618067 3558.0
11.27267314 3763.0
11.28353958 3495.0
11.29440602 3685.0
11.30527246 3595.0
11.3161389 3688.0
11.32700534 3533.0
11.33787178 3575.0
11.34873822 3601.0
11.35960466 3633.0
11.3704711 3586.0
11.38133754 3678.0
11.39220398 3505.0
11.40307042 3459.0
11.41393686 3603.0
11.4248033 3454.0
11.43566974 3590.0
11.446536179999999 3542.0
11.45740262 3612.0
11.46826906 3518.0
11.4791355 3557.0
11.490001939999999 3522.0
11.50086838 3551.0
11.51173482 3603.0
11.52260126 3464.0
11.5334677 3573.0
11.54433414 3532.0
11.55520058 3434.0
11.56606702 3499.0
11.57693346 3499.0
11.5877999 3541.0
11.59866634 3473.0
11.60953278 3601.0
11.62039922 3382.0
11.63126566 3519.0
11.6421321 3427.0
11.65299854 3485.0
11.66386498 3436.0
11.67473142 3354.0
11.68559786 3444.0
11.6964643 3536.0
11.70733074 3449.0
11.71819718 3529.0
11.72906362 3406.0
11.739930059999999 3556.0
11.7507965 3309.0
11.76166294 3375.0
11.77252938 3429.0
11.783395819999999 3388.0
11.79426226 3462.0
11.8051287 3440.0
11.81599514 3392.0
11.82686158 3436.0
11.83772802 3352.0
11.84859446 3352.0
11.8594609 3383.0
11.87032734 3323.0
11.88119378 3337.0
11.89206022 3437.0
11.90292666 3461.0
11.9137931 3336.0
11.92465954 3438.0
11.93552598 3397.0
11.94639242 3415.0
11.95725886 3308.0
11.9681253 3300.0
11.97899174 3237.0
11.98985818 3407.0
12.00072462 3315.0
12.01159106 3344.0
12.0224575 3442.0
12.033323939999999 3324.0
12.04419038 3273.0
12.05505682 3321.0
12.06592326 3294.0
12.076789699999999 3285.0
12.08765614 3288.0
12.098522580000001 3258.0
12.10938902 3341.0
12.12025546 3297.0
12.1311219 3284.0
12.14198834 3366.0
12.15285478 3474.0
12.16372122 3264.0
12.17458766 3299.0
12.1854541 3192.0
12.19632054 3259.0
12.20718698 3250.0
12.21805342 3360.0
12.22891986 3311.0
12.2397863 3254.0
12.25065274 3356.0
12.26151918 3350.0
12.27238562 3201.0
12.283252059999999 3278.0
12.2941185 3332.0
12.30498494 3374.0
12.31585138 3149.0
12.326717819999999 3227.0
12.33758426 3318.0
12.3484507 3226.0
12.35931714 3125.0
12.370183579999999 3252.0
12.38105002 3158.0
12.391916460000001 3245.0
12.4027829 3246.0
12.41364934 3128.0
12.42451578 3277.0
12.43538222 3228.0
12.44624866 3137.0
12.4571151 3253.0
12.46798154 3065.0
12.47884798 3254.0
12.48971442 3233.0
12.50058086 3167.0
12.5114473 3163.0
12.52231374 3112.0
12.53318018 3065.0
12.54404662 3225.0
12.55491306 3057.0
12.5657795 3181.0
12.576645939999999 3273.0
12.58751238 3122.0
12.59837882 3029.0
12.60924526 3119.0
12.620111699999999 3182.0
12.63097814 3224.0
12.64184458 3025.0
12.65271102 3202.0
12.663577459999999 3142.0
12.6744439 3009.0
12.685310340000001 3126.0
12.69617678 2967.0
12.70704322 3060.0
12.71790966 3024.0
12.7287761 3109.0
12.73964254 2999.0
12.75050898 3012.0
12.76137542 3026.0
12.77224186 3054.0
12.7831083 3034.0
12.79397474 3041.0
12.80484118 3000.0
12.81570762 3078.0
12.82657406 3085.0
12.8374405 3023.0
12.84830694 2987.0
12.85917338 3114.0
12.870039819999999 3063.0
12.88090626 2913.0
12.8917727 3043.0
12.90263914 3012.0
12.913505579999999 3026.0
12.92437202 3105.0
12.93523846 3071.0
12.9461049 3040.0
12.956971339999999 2960.0
12.96783778 3043.0
12.978704220000001 3046.0
12.98957066 2868.0
13.0004371 3064.0
13.01130354 3120.0
13.02216998 2998.0
13.03303642 3011.0
13.04390286 2983.0
13.0547693 3002.0
13.06563574 2948.0
13.07650218 2999.0
13.08736862 3038.0
13.09823506 3143.0
13.1091015 3042.0
13.11996794 2961.0
13.13083438 2915.0
13.14170082 2988.0
13.15256726 3008.0
13.163433699999999 2923.0
13.17430014 2896.0
13.18516658 2906.0
13.19603302 2920.0
13.206899459999999 3046.0
13.2177659 2944.0
13.22863234 2995.0
13.23949878 2989.0
13.250365219999999 2991.0
13.26123166 2867.0
13.272098100000001 2851.0
13.28296454 3014.0
13.29383098 2918.0
13.30469742 2901.0
13.31556386 3032.0
13.3264303 2947.0
13.33729674 2869.0
13.34816318 2843.0
13.35902962 2896.0
13.36989606 2901.0
13.3807625 2935.0
13.39162894 2835.0
13.40249538 2960.0
13.41336182 2906.0
13.42422826 2934.0
13.4350947 2805.0
13.44596114 2896.0
13.456827579999999 2844.0
13.46769402 2857.0
13.47856046 2918.0
13.4894269 2901.0
13.500293339999999 2839.0
13.51115978 2797.0
13.52202622 2872.0
13.53289266 2841.0
13.543759099999999 2813.0
13.55462554 2903.0
13.565491980000001 2888.0
13.57635842 2840.0
13.58722486 2840.0
13.5980913 2890.0
13.60895774 2843.0
13.61982418 2866.0
13.63069062 2797.0
13.64155706 2810.0
13.6524235 2821.0
13.66328994 2799.0
13.67415638 2765.0
13.68502282 2877.0
13.69588926 2906.0
13.7067557 2791.0
13.71762214 2902.0
13.72848858 2710.0
13.73935502 2835.0
13.750221459999999 2710.0
13.7610879 2866.0
13.77195434 2710.0
13.78282078 2889.0
13.793687219999999 2748.0
13.80455366 2707.0
13.8154201 2681.0
13.82628654 2830.0
13.837152979999999 2830.0
13.84801942 2748.0
13.858885860000001 2868.0
13.8697523 2836.0
13.88061874 2735.0
13.89148518 2803.0
13.90235162 2716.0
13.91321806 2756.0
13.9240845 2807.0
13.93495094 2747.0
13.94581738 2724.0
13.95668382 2787.0
13.96755026 2635.0
13.9784167 2770.0
13.98928314 2721.0
14.000149579999999 2756.0
14.01101602 2766.0
14.02188246 2763.0
14.0327489 2742.0
14.043615339999999 2656.0
14.05448178 2743.0
14.06534822 2774.0
14.07621466 2744.0
14.087081099999999 2750.0
14.09794754 2738.0
14.10881398 2758.0
14.11968042 2746.0
14.130546859999999 2695.0
14.1414133 2725.0
14.15227974 2742.0
14.16314618 2740.0
14.17401262 2816.0
14.18487906 2769.0
14.195745500000001 2592.0
14.20661194 2709.0
14.21747838 2721.0
14.22834482 2733.0
14.23921126 2658.0
14.250077699999999 2737.0
14.26094414 2638.0
14.27181058 2690.0
14.28267702 2765.0
14.293543459999999 2675.0
14.3044099 2720.0
14.31527634 2574.0
14.32614278 2663.0
14.337009219999999 2644.0
14.34787566 2619.0
14.3587421 2519.0
14.36960854 2651.0
14.380474979999999 2663.0
14.39134142 2671.0
14.40220786 2660.0
14.4130743 2698.0
14.423940739999999 2708.0
14.43480718 2656.0
14.44567362 2609.0
14.45654006 2626.0
14.4674065 2628.0
14.47827294 2504.0
14.489139380000001 2626.0
14.50000582 2582.0
14.51087226 2676.0
14.5217387 2613.0
14.53260514 2654.0
14.543471579999999 2627.0
14.55433802 2613.0
14.56520446 2660.0
14.5760709 2582.0
14.586937339999999 2688.0
14.59780378 2578.0
14.60867022 2592.0
14.61953666 2609.0
14.630403099999999 2567.0
14.64126954 2511.0
14.65213598 2639.0
14.66300242 2620.0
14.673868859999999 2583.0
14.6847353 2488.0
14.69560174 2686.0
14.70646818 2584.0
14.717334619999999 2524.0
14.72820106 2595.0
14.7390675 2568.0
14.74993394 2584.0
14.76080038 2620.0
14.77166682 2511.0
14.782533260000001 2618.0
14.7933997 2547.0
14.80426614 2581.0
14.81513258 2507.0
14.82599902 2668.0
14.836865459999999 2569.0
14.8477319 2507.0
14.85859834 2582.0
14.86946478 2487.0
14.880331219999999 2637.0
14.89119766 2586.0
14.9020641 2539.0
14.91293054 2591.0
14.923796979999999 2525.0
14.93466342 2602.0
14.94552986 2546.0
14.9563963 2547.0
14.967262739999999 2592.0
14.97812918 2570.0
14.98899562 2486.0
14.99986206 2559.0
15.010728499999999 2702.0
15.02159494 2571.0
15.03246138 2549.0
15.04332782 2612.0
15.05419426 2485.0
15.0650607 2548.0
15.075927140000001 2465.0
15.08679358 2513.0
15.09766002 2598.0
15.10852646 2521.0
15.1193929 2486.0
15.130259339999999 2519.0
15.14112578 2500.0
15.15199222 2540.0
15.16285866 2511.0
15.173725099999999 2646.0
15.18459154 2514.0
15.19545798 2591.0
15.20632442 2498.0
15.217190859999999 2404.0
15.2280573 2609.0
15.23892374 2466.0
15.24979018 2513.0
15.260656619999999 2620.0
15.27152306 2420.0
15.2823895 2504.0
15.29325594 2628.0
15.304122379999999 2535.0
15.31498882 2463.0
15.32585526 2595.0
15.3367217 2431.0
15.34758814 2430.0
15.35845458 2503.0
15.369321020000001 2470.0
15.38018746 2434.0
15.3910539 2523.0
15.40192034 2426.0
15.41278678 2481.0
15.423653219999998 2410.0
15.43451966 2574.0
15.4453861 2468.0
15.45625254 2570.0
15.467118979999999 2412.0
15.47798542 2523.0
15.48885186 2459.0
15.4997183 2559.0
15.510584739999999 2549.0
15.52145118 2503.0
15.53231762 2412.0
15.54318406 2515.0
15.554050499999999 2435.0
15.56491694 2523.0
15.57578338 2426.0
15.58664982 2447.0
15.597516259999999 2467.0
15.6083827 2431.0
15.61924914 2453.0
15.63011558 2431.0
15.64098202 2413.0
15.65184846 2476.0
15.662714900000001 2445.0
15.67358134 2458.0
15.68444778 2437.0
15.69531422 2472.0
15.70618066 2411.0
15.717047099999998 2443.0
15.72791354 2416.0
15.73877998 2457.0
15.74964642 2464.0
15.760512859999999 2510.0
15.7713793 2520.0
15.78224574 2417.0
15.79311218 2468.0
15.803978619999999 2411.0
15.81484506 2374.0
15.8257115 2416.0
15.83657794 2398.0
15.847444379999999 2381.0
15.85831082 2478.0
15.86917726 2448.0
15.8800437 2398.0
15.890910139999999 2460.0
15.90177658 2456.0
15.91264302 2544.0
15.92350946 2427.0
15.9343759 2520.0
15.94524234 2379.0
15.956108780000001 2370.0
15.96697522 2466.0
15.97784166 2413.0
15.9887081 2397.0
15.99957454 2383.0
16.01044098 2433.0
16.02130742 2392.0
16.03217386 2410.0
16.0430403 2403.0
16.05390674 2403.0
16.06477318 2367.0
16.07563962 2382.0
16.086506059999998 2423.0
16.0973725 2361.0
16.10823894 2464.0
16.11910538 2291.0
16.12997182 2379.0
16.14083826 2362.0
16.1517047 2404.0
16.16257114 2321.0
16.173437579999998 2291.0
16.18430402 2419.0
16.19517046 2464.0
16.2060369 2385.0
16.216903340000002 2421.0
16.22776978 2376.0
16.23863622 2404.0
16.24950266 2322.0
16.2603691 2385.0
16.27123554 2305.0
16.28210198 2405.0
16.29296842 2420.0
16.30383486 2381.0
16.3147013 2422.0
16.32556774 2387.0
16.336434179999998 2358.0
16.34730062 2437.0
16.35816706 2342.0
16.3690335 2352.0
16.37989994 2377.0
16.39076638 2353.0
16.40163282 2409.0
16.41249926 2387.0
16.423365699999998 2426.0
16.43423214 2350.0
16.44509858 2446.0
16.45596502 2404.0
16.46683146 2313.0
16.4776979 2359.0
16.48856434 2286.0
16.49943078 2409.0
16.510297219999998 2336.0
16.52116366 2398.0
16.5320301 2265.0
16.54289654 2322.0
16.553762980000002 2305.0
16.56462942 2282.0
16.57549586 2268.0
16.586362299999998 2312.0
16.59722874 2381.0
16.60809518 2329.0
16.61896162 2355.0
16.62982806 2281.0
16.6406945 2427.0
16.65156094 2308.0
16.66242738 2310.0
16.673293819999998 2414.0
16.68416026 2365.0
16.6950267 2348.0
16.70589314 2365.0
16.71675958 2376.0
16.72762602 2361.0
16.73849246 2291.0
16.7493589 2260.0
16.760225339999998 2282.0
16.77109178 2327.0
16.78195822 2290.0
16.79282466 2289.0
16.8036911 2285.0
16.81455754 2278.0
16.82542398 2341.0
16.83629042 2361.0
16.84715686 2395.0
16.8580233 2280.0
16.86888974 2390.0
16.87975618 2225.0
16.89062262 2248.0
16.90148906 2375.0
16.9123555 2344.0
16.923221939999998 2292.0
16.93408838 2183.0
16.94495482 2278.0
16.95582126 2283.0
16.9666877 2224.0
16.97755414 2375.0
16.98842058 2309.0
16.99928702 2223.0
17.010153459999998 2223.0
17.0210199 2399.0
17.03188634 2324.0
17.04275278 2373.0
17.05361922 2317.0
17.06448566 2297.0
17.0753521 2379.0
17.08621854 2283.0
17.097084979999998 2271.0
17.10795142 2206.0
17.11881786 2261.0
17.1296843 2224.0
17.140550740000002 2319.0
17.15141718 2306.0
17.16228362 2274.0
17.173150059999998 2322.0
17.1840165 2264.0
17.19488294 2316.0
17.20574938 2235.0
17.21661582 2307.0
17.22748226 2329.0
17.2383487 2277.0
17.24921514 2295.0
17.260081579999998 2232.0
17.27094802 2204.0
17.28181446 2235.0
17.2926809 2233.0
17.30354734 2232.0
17.31441378 2275.0
17.32528022 2235.0
17.33614666 2262.0
17.347013099999998 2327.0
17.35787954 2272.0
17.36874598 2219.0
17.37961242 2265.0
17.39047886 2291.0
17.4013453 2255.0
17.41221174 2270.0
17.42307818 2304.0
17.43394462 2212.0
17.44481106 2351.0
17.4556775 2217.0
17.46654394 2226.0
17.47741038 2224.0
17.48827682 2242.0
17.49914326 2221.0
17.510009699999998 2292.0
17.52087614 2224.0
17.53174258 2257.0
17.54260902 2238.0
17.55347546 2236.0
17.5643419 2181.0
17.57520834 2263.0
17.58607478 2268.0
17.596941219999998 2288.0
17.60780766 2284.0
17.6186741 2244.0
17.62954054 2270.0
17.64040698 2163.0
17.65127342 2202.0
17.66213986 2215.0
17.6730063 2221.0
17.683872739999998 2176.0
17.69473918 2178.0
17.70560562 2294.0
17.71647206 2207.0
17.727338500000002 2187.0
17.73820494 2148.0
17.74907138 2145.0
17.759937819999998 2222.0
17.77080426 2189.0
17.7816707 2260.0
17.79253714 2183.0
17.80340358 2232.0
17.81427002 2204.0
17.82513646 2246.0
17.8360029 2222.0
17.846869339999998 2217.0
17.85773578 2173.0
17.86860222 2157.0
17.87946866 2190.0
17.8903351 2178.0
17.90120154 2165.0
17.91206798 2269.0
17.92293442 2166.0
17.933800859999998 2150.0
17.9446673 2115.0
17.95553374 2147.0
17.96640018 2181.0
17.97726662 2110.0
17.98813306 2133.0
17.9989995 2191.0
18.009865939999997 2138.0
18.02073238 2148.0
18.03159882 2169.0
18.04246526 2127.0
18.0533317 2153.0
18.064198140000002 2134.0
18.07506458 2217.0
18.08593102 2085.0
18.096797459999998 2147.0
18.1076639 2177.0
18.11853034 2146.0
18.12939678 2096.0
18.14026322 2140.0
18.151129660000002 2137.0
18.1619961 2305.0
18.17286254 2141.0
18.183728979999998 2125.0
18.19459542 2135.0
18.20546186 2210.0
18.2163283 2114.0
18.22719474 2085.0
18.23806118 2196.0
18.24892762 2106.0
18.259794059999997 2145.0
18.270660499999998 2252.0
18.28152694 2114.0
18.29239338 2112.0
18.30325982 2162.0
18.314126260000002 2108.0
18.3249927 2226.0
18.33585914 2164.0
18.346725579999998 2144.0
18.35759202 2149.0
18.36845846 2136.0
18.3793249 2170.0
18.39019134 2215.0
18.401057780000002 2148.0
18.41192422 2160.0
18.42279066 2087.0
18.433657099999998 2179.0
18.44452354 2075.0
18.45538998 2143.0
18.46625642 2136.0
18.47712286 2127.0
18.4879893 1977.0
18.49885574 2129.0
18.509722179999997 2082.0
18.520588619999998 2074.0
18.53145506 2101.0
18.5423215 2075.0
18.55318794 2088.0
18.56405438 2137.0
18.57492082 2055.0
18.58578726 2110.0
18.596653699999997 2100.0
18.60752014 2130.0
18.61838658 2078.0
18.62925302 2055.0
18.64011946 2153.0
18.650985900000002 2120.0
18.66185234 2157.0
18.67271878 2104.0
18.683585219999998 2110.0
18.69445166 2088.0
18.7053181 2026.0
18.71618454 2142.0
18.72705098 2140.0
18.737917420000002 2001.0
18.74878386 2071.0
18.7596503 2019.0
18.770516739999998 2094.0
18.78138318 2121.0
18.79224962 2115.0
18.80311606 2041.0
18.8139825 2057.0
18.82484894 2073.0
18.83571538 2112.0
18.846581819999997 2046.0
18.857448259999998 2128.0
18.8683147 2045.0
18.87918114 2053.0
18.89004758 2154.0
18.900914020000002 2060.0
18.91178046 2137.0
18.9226469 2081.0
18.933513339999998 2078.0
18.94437978 2085.0
18.95524622 2084.0
18.96611266 2130.0
18.9769791 2088.0
18.987845540000002 2065.0
18.99871198 2031.0
19.00957842 2172.0
19.020444859999998 2043.0
19.0313113 2081.0
19.04217774 2113.0
19.05304418 2125.0
19.06391062 2179.0
19.07477706 2115.0
19.0856435 2138.0
19.096509939999997 2109.0
19.107376379999998 2186.0
19.11824282 2161.0
19.12910926 2138.0
19.1399757 2178.0
19.15084214 2105.0
19.16170858 2138.0
19.17257502 2144.0
19.183441459999997 2199.0
19.1943079 2130.0
19.20517434 2234.0
19.21604078 2153.0
19.22690722 2124.0
19.237773660000002 2150.0
19.2486401 2175.0
19.25950654 2152.0
19.270372979999998 2161.0
19.28123942 2142.0
19.29210586 2240.0
19.3029723 2125.0
19.31383874 2059.0
19.324705180000002 1998.0
19.33557162 2123.0
19.34643806 2056.0
19.357304499999998 2081.0
19.36817094 2168.0
19.37903738 2107.0
19.38990382 2015.0
19.40077026 2060.0
19.4116367 2108.0
19.42250314 2020.0
19.433369579999997 2041.0
19.444236019999998 2051.0
19.45510246 2100.0
19.4659689 2114.0
19.47683534 2065.0
19.487701780000002 2010.0
19.49856822 2054.0
19.50943466 1901.0
19.520301099999998 2012.0
19.53116754 2078.0
19.54203398 1996.0
19.55290042 1942.0
19.56376686 2040.0
19.574633300000002 2038.0
19.58549974 1991.0
19.59636618 1972.0
19.607232619999998 1993.0
19.61809906 2010.0
19.6289655 2036.0
19.63983194 1999.0
19.65069838 1997.0
19.66156482 2074.0
19.67243126 2000.0
19.683297699999997 2044.0
19.694164139999998 1965.0
19.70503058 2022.0
19.71589702 2022.0
19.72676346 1951.0
19.7376299 1947.0
19.74849634 1992.0
19.75936278 2071.0
19.770229219999997 2002.0
19.78109566 1943.0
19.7919621 2042.0
19.80282854 1996.0
19.81369498 2060.0
19.824561420000002 1994.0
19.83542786 1880.0
19.8462943 2021.0
19.857160739999998 1932.0
19.86802718 2053.0
19.87889362 2030.0
19.88976006 1973.0
19.9006265 2001.0
19.911492940000002 2027.0
19.92235938 2030.0
19.93322582 2051.0
19.944092259999998 2033.0
19.9549587 1978.0
19.96582514 1950.0
19.97669158 1936.0
19.98755802 2052.0
19.99842446 1941.0
20.0092909 1910.0
20.020157339999997 1932.0
20.031023779999998 1947.0
20.04189022 2031.0
20.05275666 1999.0
20.0636231 1932.0
20.074489540000002 1961.0
20.08535598 1972.0
20.09622242 2005.0
20.107088859999998 1967.0
20.1179553 1964.0
20.12882174 1978.0
20.13968818 2008.0
20.15055462 1894.0
20.161421060000002 1945.0
20.1722875 2011.0
20.18315394 1982.0
20.194020379999998 2064.0
20.20488682 2010.0
20.21575326 2003.0
20.2266197 2084.0
20.23748614 1993.0
20.24835258 2004.0
20.25921902 2054.0
20.270085459999997 1882.0
20.280951899999998 2043.0
20.29181834 1948.0
20.30268478 1949.0
20.31355122 2114.0
20.32441766 2056.0
20.3352841 1987.0
20.34615054 1865.0
20.357016979999997 2047.0
20.36788342 2016.0
20.37874986 1916.0
20.3896163 2051.0
20.40048274 1979.0
20.411349180000002 2024.0
20.42221562 2045.0
20.43308206 2087.0
20.443948499999998 2105.0
20.45481494 2037.0
20.46568138 2181.0
20.47654782 2079.0
20.48741426 2102.0
20.498280700000002 2180.0
20.50914714 2188.0
20.52001358 2112.0
20.530880019999998 2146.0
20.54174646 2207.0
20.5526129 2186.0
20.56347934 2304.0
20.57434578 2237.0
20.58521222 2308.0
20.59607866 2385.0
20.606945099999997 2295.0
20.617811539999998 2321.0
20.62867798 2351.0
20.63954442 2395.0
20.65041086 2444.0
20.661277300000002 2391.0
20.67214374 2342.0
20.68301018 2526.0
20.693876619999998 2480.0
20.70474306 2556.0
20.7156095 2573.0
20.72647594 2532.0
20.73734238 2497.0
20.748208820000002 2531.0
20.75907526 2669.0
20.7699417 2766.0
20.780808139999998 2567.0
20.79167458 2696.0
20.80254102 2918.0
20.81340746 2794.0
20.8242739 2938.0
20.83514034 2885.0
20.84600678 2962.0
20.856873219999997 3119.0
20.867739659999998 3171.0
20.8786061 3316.0
20.88947254 3414.0
20.90033898 3473.0
20.91120542 3480.0
20.92207186 3617.0
20.9329383 3974.0
20.943804739999997 4010.0
20.95467118 4156.0
20.96553762 4521.0
20.97640406 4787.0
20.9872705 4974.0
20.998136940000002 5378.0
21.00900338 5799.0
21.01986982 6384.0
21.030736259999998 6869.0
21.0416027 7535.0
21.05246914 8282.0
21.06333558 9258.0
21.07420202 10353.0
21.085068460000002 11436.0
21.0959349 13209.0
21.10680134 14750.0
21.117667779999998 16717.0
21.12853422 18715.0
21.13940066 21307.0
21.1502671 24370.0
21.16113354 27481.0
21.17199998 31051.0
21.18286642 34677.0
21.193732859999997 38668.0
21.204599299999998 42627.0
21.21546574 47082.0
21.22633218 51110.0
21.23719862 55435.0
21.248065060000002 59114.0
21.2589315 61848.0
21.26979794 65003.0
21.280664379999997 66810.0
21.29153082 67702.0
21.30239726 67553.0
21.3132637 66490.0
21.32413014 64192.0
21.334996580000002 60462.0
21.34586302 55317.0
21.35672946 48871.0
21.367595899999998 42050.0
21.37846234 35548.0
21.38932878 29352.0
21.40019522 23641.0
21.41106166 18952.0
21.4219281 14239.0
21.43279454 10834.0
21.443660979999997 8508.0
21.454527419999998 6798.0
21.46539386 5336.0
21.4762603 4545.0
21.48712674 4068.0
21.49799318 3771.0
21.50885962 3608.0
21.51972606 3418.0
21.530592499999997 3449.0
21.54145894 3301.0
21.55232538 3235.0
21.56319182 3059.0
21.57405826 3080.0
21.584924700000002 3058.0
21.59579114 3037.0
21.60665758 2921.0
21.617524019999998 3012.0
21.62839046 2820.0
21.6392569 2759.0
21.65012334 2728.0
21.66098978 2707.0
21.671856220000002 2806.0
21.68272266 2623.0
21.6935891 2500.0
21.704455539999998 2551.0
21.71532198 2525.0
21.72618842 2435.0
21.73705486 2502.0
21.7479213 2433.0
21.75878774 2279.0
21.76965418 2260.0
21.780520619999997 2184.0
21.791387059999998 2218.0
21.8022535 2229.0
21.81311994 2114.0
21.82398638 2210.0
21.834852820000002 2154.0
21.84571926 2144.0
21.8565857 2163.0
21.867452139999997 2097.0
21.87831858 2105.0
21.88918502 2090.0
21.90005146 2120.0
21.9109179 2152.0
21.921784340000002 2172.0
21.93265078 2043.0
21.94351722 2106.0
21.954383659999998 2113.0
21.9652501 2059.0
21.97611654 2095.0
21.98698298 2071.0
21.99784942 2048.0
22.00871586 2076.0
22.0195823 2073.0
22.030448739999997 1931.0
22.041315179999998 2041.0
22.05218162 2122.0
22.06304806 2059.0
22.0739145 2058.0
22.08478094 1948.0
22.09564738 1958.0
22.10651382 1998.0
22.117380259999997 2075.0
22.1282467 2087.0
22.13911314 1983.0
22.14997958 2122.0
22.16084602 1996.0
22.171712460000002 1996.0
22.1825789 2038.0
22.19344534 2012.0
22.204311779999998 2012.0
22.21517822 2036.0
22.22604466 1991.0
22.2369111 2034.0
22.24777754 2016.0
22.258643980000002 1969.0
22.26951042 1988.0
22.28037686 2003.0
22.291243299999998 1994.0
22.30210974 1942.0
22.31297618 1982.0
22.32384262 2016.0
22.33470906 1876.0
22.3455755 2010.0
22.35644194 2008.0
22.367308379999997 1982.0
22.378174819999998 1987.0
22.38904126 2025.0
22.3999077 2011.0
22.41077414 2034.0
22.421640580000002 1930.0
22.43250702 2048.0
22.44337346 1942.0
22.454239899999997 2004.0
22.46510634 1944.0
22.47597278 1987.0
22.48683922 1980.0
22.49770566 1947.0
22.508572100000002 1972.0
22.51943854 1996.0
22.53030498 1994.0
22.541171419999998 2000.0
22.55203786 1933.0
22.5629043 1979.0
22.57377074 1945.0
22.58463718 2044.0
22.59550362 2006.0
22.60637006 2044.0
22.617236499999997 2049.0
22.628102939999998 1946.0
22.63896938 2006.0
22.64983582 1964.0
22.66070226 2001.0
22.6715687 1990.0
22.68243514 1975.0
22.69330158 2042.0
22.704168019999997 1963.0
22.71503446 1991.0
22.7259009 1982.0
22.73676734 2010.0
22.74763378 1965.0
22.758500220000002 2014.0
22.76936666 1958.0
22.7802331 1988.0
22.791099539999998 2049.0
22.80196598 2002.0
22.81283242 2024.0
22.82369886 1988.0
22.8345653 2036.0
22.845431740000002 2029.0
22.85629818 2022.0
22.86716462 2041.0
22.878031059999998 2022.0
22.8888975 2036.0
22.89976394 2037.0
22.91063038 2046.0
22.92149682 1996.0
22.93236326 2078.0
22.9432297 2109.0
22.954096139999997 2078.0
22.964962579999998 2130.0
22.97582902 2161.0
22.98669546 2189.0
22.9975619 2114.0
23.008428340000002 2192.0
23.01929478 2331.0
23.03016122 2281.0
23.041027659999997 2354.0
23.0518941 2420.0
23.06276054 2394.0
23.07362698 2367.0
23.08449342 2409.0
23.095359860000002 2477.0
23.1062263 2504.0
23.11709274 2641.0
23.127959179999998 2796.0
23.13882562 3052.0
23.14969206 3153.0
23.1605585 3392.0
23.17142494 3581.0
23.18229138 3893.0
23.19315782 4250.0
23.204024259999997 4608.0
23.214890699999998 4827.0
23.22575714 5507.0
23.23662358 6052.0
23.24749002 6638.0
23.25835646 7073.0
23.2692229 7794.0
23.28008934 8803.0
23.290955779999997 9470.0
23.30182222 10271.0
23.31268866 11019.0
23.3235551 11728.0
23.33442154 12334.0
23.345287980000002 13063.0
23.35615442 13655.0
23.36702086 14144.0
23.377887299999998 14516.0
23.38875374 14420.0
23.39962018 14651.0
23.41048662 13862.0
23.42135306 13507.0
23.432219500000002 12647.0
23.44308594 11794.0
23.45395238 10769.0
23.464818819999998 10009.0
23.47568526 8724.0
23.4865517 7779.0
23.49741814 6906.0
23.50828458 5967.0
23.51915102 5136.0
23.53001746 4725.0
23.540883899999997 3994.0
23.551750339999998 3521.0
23.56261678 3418.0
23.57348322 2930.0
23.58434966 2774.0
23.595216100000002 2519.0
23.60608254 2406.0
23.61694898 2259.0
23.627815419999997 2247.0
23.63868186 2230.0
23.6495483 2186.0
23.66041474 2185.0
23.67128118 2035.0
23.682147620000002 2060.0
23.69301406 2045.0
23.7038805 1923.0
23.714746939999998 1937.0
23.72561338 2070.0
23.73647982 1958.0
23.74734626 1896.0
23.7582127 1942.0
23.76907914 1961.0
23.77994558 1944.0
23.790812019999997 1924.0
23.801678459999998 1911.0
23.8125449 1930.0
23.82341134 1876.0
23.83427778 1890.0
23.84514422 1862.0
23.85601066 1828.0
23.8668771 1866.0
23.877743539999997 1798.0
23.88860998 1848.0
23.89947642 1901.0
23.91034286 1817.0
23.9212093 1883.0
23.932075740000002 1806.0
23.94294218 1799.0
23.95380862 1852.0
23.964675059999998 1798.0
23.9755415 1783.0
23.98640794 1790.0
23.99727438 1770.0
24.00814082 1774.0
24.019007260000002 1798.0
24.0298737 1746.0
24.04074014 1813.0
24.051606579999998 1713.0
24.06247302 1760.0
24.07333946 1773.0
24.0842059 1792.0
24.09507234 1762.0
24.10593878 1791.0
24.11680522 1744.0
24.127671659999997 1756.0
24.138538099999998 1776.0
24.14940454 1731.0
24.16027098 1739.0
24.17113742 1792.0
24.182003860000002 1836.0
24.1928703 1723.0
24.20373674 1773.0
24.214603179999997 1752.0
24.22546962 1705.0
24.23633606 1720.0
24.2472025 1715.0
24.25806894 1755.0
24.268935380000002 1803.0
24.27980182 1663.0
24.29066826 1702.0
24.301534699999998 1712.0
24.31240114 1655.0
24.32326758 1835.0
24.33413402 1725.0
24.34500046 1677.0
24.3558669 1729.0
24.36673334 1722.0
24.377599779999997 1780.0
24.388466219999998 1702.0
24.39933266 1682.0
24.4101991 1746.0
24.42106554 1657.0
24.43193198 1779.0
24.44279842 1662.0
24.45366486 1685.0
24.464531299999997 1696.0
24.47539774 1682.0
24.48626418 1657.0
24.49713062 1636.0
24.50799706 1739.0
24.518863500000002 1617.0
24.52972994 1806.0
24.54059638 1777.0
24.551462819999998 1672.0
24.56232926 1771.0
24.5731957 1796.0
24.58406214 1711.0
24.59492858 1586.0
24.605795020000002 1634.0
24.61666146 1717.0
24.6275279 1597.0
24.638394339999998 1692.0
24.64926078 1654.0
24.66012722 1688.0
24.67099366 1689.0
24.6818601 1737.0
24.69272654 1727.0
24.70359298 1708.0
24.714459419999997 1727.0
24.725325859999998 1592.0
24.7361923 1700.0
24.74705874 1596.0
24.75792518 1619.0
24.768791620000002 1643.0
24.77965806 1645.0
24.7905245 1726.0
24.801390939999997 1675.0
24.81225738 1702.0
24.82312382 1786.0
24.83399026 1703.0
24.8448567 1667.0
24.855723140000002 1741.0
24.86658958 1717.0
24.87745602 1774.0
24.888322459999998 1660.0
24.8991889 1638.0
24.91005534 1629.0
24.92092178 1571.0
24.93178822 1651.0
24.94265466 1611.0
24.9535211 1626.0
24.964387539999997 1624.0
24.975253979999998 1660.0
24.98612042 1675.0
24.99698686 1656.0
25.0078533 1615.0
25.01871974 1770.0
25.02958618 1695.0
25.04045262 1629.0
25.051319059999997 1595.0
25.0621855 1621.0
25.07305194 1667.0
25.08391838 1680.0
25.09478482 1570.0
25.105651260000002 1619.0
25.1165177 1649.0
25.12738414 1669.0
25.138250579999998 1688.0
25.14911702 1623.0
25.15998346 1587.0
25.1708499 1569.0
25.18171634 1614.0
25.192582780000002 1669.0
25.20344922 1689.0
25.21431566 1669.0
25.225182099999998 1674.0
25.23604854 1652.0
25.24691498 1649.0
25.25778142 1647.0
25.26864786 1704.0
25.2795143 1683.0
25.29038074 1594.0
25.301247179999997 1620.0
25.312113619999998 1656.0
25.32298006 1645.0
25.3338465 1665.0
25.34471294 1589.0
25.355579380000002 1608.0
25.36644582 1649.0
25.37731226 1617.0
25.388178699999997 1680.0
25.39904514 1668.0
25.40991158 1629.0
25.42077802 1601.0
25.43164446 1616.0
25.442510900000002 1668.0
25.45337734 1584.0
25.46424378 1596.0
25.475110219999998 1636.0
25.48597666 1641.0
25.4968431 1529.0
25.50770954 1628.0
25.51857598 1571.0
25.52944242 1644.0
25.54030886 1636.0
25.551175299999997 1607.0
25.562041739999998 1632.0
25.57290818 1662.0
25.58377462 1557.0
25.59464106 1677.0
25.6055075 1636.0
25.61637394 1635.0
25.62724038 1641.0
25.638106819999997 1560.0
25.648973259999998 1701.0
25.6598397 1642.0
25.67070614 1692.0
25.68157258 1695.0
25.692439020000002 1710.0
25.70330546 1680.0
25.7141719 1660.0
25.725038339999998 1611.0
25.73590478 1736.0
25.74677122 1633.0
25.75763766 1656.0
25.7685041 1620.0
25.779370540000002 1703.0
25.79023698 1570.0
25.80110342 1712.0
25.811969859999998 1707.0
25.8228363 1746.0
25.83370274 1575.0
25.84456918 1649.0
25.85543562 1666.0
25.86630206 1633.0
25.8771685 1642.0
25.888034939999997 1605.0
25.898901379999998 1551.0
25.90976782 1540.0
25.92063426 1599.0
25.9315007 1589.0
25.94236714 1648.0
25.95323358 1650.0
25.96410002 1497.0
25.974966459999997 1568.0
25.9858329 1586.0
25.99669934 1586.0
26.00756578 1637.0
26.01843222 1535.0
26.02929866 1632.0
26.0401651 1598.0
26.05103154 1644.0
26.06189798 1557.0
26.07276442 1598.0
26.08363086 1562.0
26.0944973 1578.0
26.105363739999998 1604.0
26.11623018 1621.0
26.12709662 1523.0
26.13796306 1541.0
26.148829499999998 1477.0
26.15969594 1541.0
26.17056238 1558.0
26.18142882 1527.0
26.192295259999998 1589.0
26.2031617 1569.0
26.21402814 1567.0
26.22489458 1534.0
26.235761019999998 1660.0
26.24662746 1580.0
26.2574939 1606.0
26.26836034 1630.0
26.27922678 1544.0
26.29009322 1633.0
26.30095966 1522.0
26.3118261 1568.0
26.32269254 1602.0
26.33355898 1606.0
26.34442542 1547.0
26.35529186 1675.0
26.3661583 1557.0
26.37702474 1602.0
26.38789118 1568.0
26.398757619999998 1628.0
26.40962406 1598.0
26.4204905 1619.0
26.43135694 1648.0
26.442223379999998 1606.0
26.45308982 1642.0
26.46395626 1660.0
26.4748227 1673.0
26.485689139999998 1627.0
26.49655558 1626.0
26.50742202 1681.0
26.51828846 1602.0
26.529154899999998 1635.0
26.54002134 1641.0
26.55088778 1544.0
26.56175422 1596.0
26.57262066 1563.0
26.5834871 1639.0
26.59435354 1620.0
26.60521998 1581.0
26.61608642 1601.0
26.62695286 1634.0
26.6378193 1565.0
26.64868574 1633.0
26.65955218 1531.0
26.67041862 1553.0
26.68128506 1608.0
26.692151499999998 1499.0
26.70301794 1615.0
26.71388438 1598.0
26.72475082 1646.0
26.735617259999998 1527.0
26.7464837 1520.0
26.75735014 1473.0
26.76821658 1635.0
26.779083019999998 1521.0
26.78994946 1584.0
26.8008159 1536.0
26.81168234 1504.0
26.822548779999998 1540.0
26.83341522 1571.0
26.84428166 1504.0
26.8551481 1574.0
26.86601454 1461.0
26.87688098 1546.0
26.88774742 1540.0
26.89861386 1505.0
26.9094803 1574.0
26.92034674 1565.0
26.93121318 1550.0
26.94207962 1588.0
26.95294606 1540.0
26.9638125 1583.0
26.97467894 1527.0
26.985545379999998 1558.0
26.99641182 1526.0
27.00727826 1580.0
27.0181447 1580.0
27.029011139999998 1504.0
27.03987758 1547.0
27.05074402 1561.0
27.06161046 1608.0
27.072476899999998 1561.0
27.08334334 1561.0
27.09420978 1523.0
27.10507622 1556.0
27.115942659999998 1500.0
27.1268091 1563.0
27.13767554 1451.0
27.14854198 1561.0
27.15940842 1583.0
27.17027486 1507.0
27.1811413 1530.0
27.19200774 1601.0
27.20287418 1540.0
27.21374062 1662.0
27.22460706 1518.0
27.2354735 1608.0
27.24633994 1548.0
27.25720638 1590.0
27.26807282 1618.0
27.278939259999998 1538.0
27.2898057 1635.0
27.30067214 1577.0
27.31153858 1631.0
27.322405019999998 1584.0
27.33327146 1566.0
27.3441379 1569.0
27.35500434 1610.0
27.365870779999998 1557.0
27.37673722 1691.0
27.38760366 1618.0
27.3984701 1575.0
27.409336539999998 1620.0
27.42020298 1655.0
27.43106942 1595.0
27.44193586 1637.0
27.4528023 1746.0
27.46366874 1656.0
27.47453518 1684.0
27.48540162 1696.0
27.49626806 1646.0
27.5071345 1656.0
27.51800094 1660.0
27.52886738 1642.0
27.53973382 1786.0
27.55060026 1667.0
27.5614667 1742.0
27.572333139999998 1687.0
27.58319958 1651.0
27.59406602 1702.0
27.60493246 1657.0
27.615798899999998 1695.0
27.62666534 1621.0
27.63753178 1513.0
27.64839822 1623.0
27.659264659999998 1624.0
27.6701311 1520.0
27.68099754 1489.0
27.69186398 1668.0
27.702730419999998 1557.0
27.71359686 1514.0
27.7244633 1554.0
27.73532974 1564.0
27.74619618 1507.0
27.75706262 1571.0
27.76792906 1597.0
27.7787955 1458.0
27.78966194 1545.0
27.80052838 1473.0
27.81139482 1570.0
27.82226126 1532.0
27.8331277 1543.0
27.84399414 1555.0
27.85486058 1500.0
27.865727019999998 1637.0
27.87659346 1597.0
27.8874599 1516.0
27.89832634 1553.0
27.909192779999998 1562.0
27.92005922 1494.0
27.93092566 1545.0
27.9417921 1546.0
27.952658539999998 1624.0
27.96352498 1482.0
27.97439142 1658.0
27.98525786 1612.0
27.996124299999998 1624.0
28.00699074 1502.0
28.01785718 1543.0
28.02872362 1421.0
28.03959006 1539.0
28.0504565 1580.0
28.06132294 1582.0
28.07218938 1586.0
28.08305582 1490.0
28.09392226 1539.0
28.1047887 1542.0
28.11565514 1502.0
28.12652158 1589.0
28.13738802 1599.0
28.14825446 1544.0
28.159120899999998 1581.0
28.16998734 1602.0
28.18085378 1523.0
28.19172022 1556.0
28.202586659999998 1636.0
28.2134531 1562.0
28.22431954 1531.0
28.23518598 1630.0
28.246052419999998 1611.0
28.25691886 1638.0
28.2677853 1614.0
28.27865174 1608.0
28.289518179999998 1657.0
28.30038462 1641.0
28.31125106 1601.0
28.3221175 1628.0
28.33298394 1626.0
28.34385038 1656.0
28.35471682 1620.0
28.36558326 1654.0
28.3764497 1633.0
28.38731614 1641.0
28.39818258 1651.0
28.40904902 1632.0
28.41991546 1724.0
28.4307819 1661.0
28.44164834 1737.0
28.452514779999998 1715.0
28.46338122 1704.0
28.47424766 1692.0
28.4851141 1789.0
28.495980539999998 1786.0
28.50684698 1811.0
28.51771342 1753.0
28.52857986 1756.0
28.539446299999998 1762.0
28.55031274 1862.0
28.56117918 1748.0
28.57204562 1741.0
28.582912059999998 1782.0
28.5937785 1826.0
28.60464494 1747.0
28.61551138 1844.0
28.62637782 1755.0
28.63724426 1854.0
28.6481107 1798.0
28.65897714 1762.0
28.66984358 1696.0
28.68071002 1713.0
28.69157646 1716.0
28.7024429 1738.0
28.71330934 1749.0
28.72417578 1699.0
28.73504222 1731.0
28.745908659999998 1770.0
28.7567751 1712.0
28.76764154 1756.0
28.77850798 1648.0
28.789374419999998 1664.0
28.80024086 1668.0
28.8111073 1712.0
28.82197374 1640.0
28.832840179999998 1801.0
28.84370662 1687.0
28.85457306 1756.0
28.8654395 1738.0
28.876305939999998 1874.0
28.88717238 1784.0
28.89803882 1709.0
28.90890526 1755.0
28.9197717 1769.0
28.93063814 1796.0
28.94150458 1817.0
28.95237102 1937.0
28.96323746 1914.0
28.9741039 1875.0
28.98497034 1867.0
28.99583678 2014.0
29.00670322 1980.0
29.01756966 1967.0
29.0284361 1991.0
29.039302539999998 1997.0
29.05016898 2001.0
29.06103542 2094.0
29.07190186 2137.0
29.082768299999998 2216.0
29.09363474 2251.0
29.10450118 2257.0
29.11536762 2424.0
29.126234059999998 2572.0
29.1371005 2730.0
29.14796694 2772.0
29.15883338 3023.0
29.169699819999998 3232.0
29.18056626 3332.0
29.1914327 3888.0
29.20229914 4190.0
29.21316558 4646.0
29.22403202 4956.0
29.23489846 5594.0
29.2457649 6303.0
29.25663134 6846.0
29.26749778 7629.0
29.27836422 8679.0
29.28923066 9387.0
29.3000971 10577.0
29.31096354 11418.0
29.32182998 12600.0
29.332696419999998 13942.0
29.34356286 14700.0
29.3544293 16031.0
29.36529574 16670.0
29.376162179999998 17580.0
29.38702862 18235.0
29.39789506 18442.0
29.4087615 18839.0
29.419627939999998 18780.0
29.43049438 18412.0
29.44136082 17889.0
29.45222726 17222.0
29.463093699999998 16155.0
29.47396014 15160.0
29.48482658 13782.0
29.49569302 12476.0
29.50655946 11534.0
29.5174259 10498.0
29.52829234 9122.0
29.53915878 8176.0
29.55002522 7323.0
29.56089166 6442.0
29.5717581 5703.0
29.58262454 5061.0
29.59349098 4454.0
29.60435742 4059.0
29.61522386 3636.0
29.626090299999998 3437.0
29.63695674 3223.0
29.64782318 3017.0
29.65868962 2855.0
29.669556059999998 2712.0
29.6804225 2680.0
29.69128894 2549.0
29.70215538 2683.0
29.713021819999998 2561.0
29.72388826 2454.0
29.7347547 2422.0
29.74562114 2460.0
29.756487579999998 2307.0
29.76735402 2328.0
29.77822046 2181.0
29.7890869 2205.0
29.79995334 2242.0
29.81081978 2267.0
29.82168622 2314.0
29.83255266 2223.0
29.8434191 2210.0
29.85428554 2135.0
29.86515198 2133.0
29.87601842 2158.0
29.88688486 2145.0
29.8977513 2115.0
29.90861774 2175.0
29.919484179999998 2186.0
29.93035062 2265.0
29.94121706 2245.0
29.9520835 2242.0
29.962949939999998 2189.0
29.97381638 2186.0
29.98468282 2241.0
29.99554926 2303.0
30.006415699999998 2382.0
30.01728214 2421.0
30.02814858 2416.0
30.03901502 2411.0
30.049881459999998 2484.0
30.0607479 2453.0
30.07161434 2619.0
30.08248078 2562.0
30.09334722 2633.0
30.10421366 2699.0
30.1150801 2766.0
30.12594654 2876.0
30.13681298 2829.0
30.14767942 2943.0
30.15854586 3035.0
30.1694123 3227.0
30.18027874 3251.0
30.19114518 3293.0
30.20201162 3477.0
30.212878059999998 3568.0
30.2237445 3827.0
30.23461094 4026.0
30.24547738 4439.0
30.256343819999998 4704.0
30.26721026 5039.0
30.2780767 5549.0
30.28894314 6154.0
30.299809579999998 6817.0
30.31067602 7743.0
30.32154246 8512.0
30.3324089 9704.0
30.343275339999998 10832.0
30.35414178 12438.0
30.36500822 14029.0
30.37587466 15884.0
30.3867411 18119.0
30.39760754 20672.0
30.40847398 23043.0
30.41934042 26366.0
30.43020686 28728.0
30.4410733 32490.0
30.45193974 35878.0
30.46280618 39171.0
30.47367262 43200.0
30.48453906 45730.0
30.4954055 49245.0
30.506271939999998 52055.0
30.51713838 54431.0
30.52800482 56092.0
30.53887126 57836.0
30.549737699999998 58558.0
30.56060414 58931.0
30.57147058 58407.0
30.58233702 56332.0
30.593203459999998 54337.0
30.6040699 50846.0
30.61493634 48211.0
30.62580278 44291.0
30.636669219999998 40559.0
30.64753566 36367.0
30.6584021 31866.0
30.66926854 28545.0
30.68013498 24624.0
30.69100142 21482.0
30.70186786 18520.0
30.7127343 16114.0
30.72360074 13567.0
30.73446718 11547.0
30.74533362 9926.0
30.75620006 8470.0
30.7670665 7324.0
30.77793294 6612.0
30.78879938 5820.0
30.799665819999998 5344.0
30.81053226 4945.0
30.8213987 4540.0
30.83226514 4414.0
30.843131579999998 4109.0
30.85399802 3936.0
30.86486446 3833.0
30.8757309 3602.0
30.886597339999998 3632.0
30.89746378 3579.0
30.90833022 3443.0
30.91919666 3213.0
30.930063099999998 3214.0
30.94092954 3139.0
30.95179598 3112.0
30.96266242 3045.0
30.97352886 2950.0
30.9843953 2890.0
30.99526174 2941.0
31.00612818 2755.0
31.01699462 2851.0
31.02786106 2801.0
31.0387275 2733.0
31.04959394 2727.0
31.06046038 2637.0
31.07132682 2702.0
31.08219326 2777.0
31.093059699999998 2758.0
31.10392614 2722.0
31.11479258 2765.0
31.12565902 2622.0
31.136525459999998 2705.0
31.1473919 2792.0
31.15825834 2664.0
31.16912478 2771.0
31.179991219999998 2890.0
31.19085766 2921.0
31.2017241 2960.0
31.21259054 2938.0
31.223456979999998 3105.0
31.23432342 3099.0
31.24518986 3156.0
31.2560563 3246.0
31.26692274 3306.0
31.27778918 3439.0
31.28865562 3449.0
31.29952206 3549.0
31.3103885 3620.0
31.32125494 3711.0
31.33212138 3828.0
31.34298782 3944.0
31.35385426 4192.0
31.3647207 4283.0
31.37558714 4601.0
31.386453579999998 4747.0
31.39732002 5028.0
31.40818646 5368.0
31.4190529 5778.0
31.429919339999998 6146.0
31.44078578 6738.0
31.45165222 7257.0
31.46251866 7945.0
31.473385099999998 8935.0
31.48425154 9785.0
31.49511798 11060.0
31.50598442 12376.0
31.516850859999998 14020.0
31.5277173 15748.0
31.53858374 17672.0
31.54945018 20037.0
31.56031662 22862.0
31.57118306 25414.0
31.5820495 28735.0
31.59291594 32349.0
31.60378238 35539.0
31.61464882 39560.0
31.62551526 43488.0
31.6363817 47558.0
31.64724814 51312.0
31.65811458 55566.0
31.66898102 58948.0
31.679847459999998 62445.0
31.6907139 65283.0
31.70158034 68176.0
31.71244678 69872.0
31.723313219999998 71065.0
31.73417966 71668.0
31.7450461 71209.0
31.75591254 70208.0
31.766778979999998 67860.0
31.77764542 65413.0
31.78851186 62193.0
31.7993783 58598.0
31.810244739999998 54537.0
31.82111118 50472.0
31.83197762 46134.0
31.84284406 41241.0
31.8537105 37827.0
31.86457694 33519.0
31.87544338 29948.0
31.88630982 26193.0
31.89717626 23260.0
31.9080427 20325.0
31.91890914 17814.0
31.92977558 15566.0
31.94064202 13379.0
31.95150846 11977.0
31.9623749 10556.0
31.973241339999998 9242.0
31.98410778 8437.0
31.99497422 7324.0
32.005840660000004 6738.0
32.0167071 6094.0
32.02757354 5525.0
32.03843998 5272.0
32.04930642 4950.0
32.060172859999994 4675.0
32.071039299999995 4335.0
32.081905739999996 4142.0
32.09277218 4019.0
32.10363862 3672.0
32.11450506 3697.0
32.1253715 3398.0
32.13623794 3329.0
32.14710438 3248.0
32.15797082 3046.0
32.168837260000004 3010.0
32.179703700000005 3038.0
32.19057014 2933.0
32.20143658 2858.0
32.21230302 2728.0
32.22316946 2729.0
32.234035899999995 2638.0
32.244902339999996 2548.0
32.25576878 2557.0
32.26663522 2488.0
32.27750166 2484.0
32.2883681 2354.0
32.29923454 2424.0
32.31010098 2292.0
32.32096742 2295.0
32.33183386 2274.0
32.342700300000004 2342.0
32.35356674 2290.0
32.36443318 2279.0
32.37529962 2265.0
32.38616606 2361.0
32.397032499999995 2353.0
32.407898939999995 2280.0
32.418765379999996 2263.0
32.42963182 2377.0
32.44049826 2238.0
32.4513647 2324.0
32.46223114 2222.0
32.47309758 2234.0
32.48396402 2289.0
32.49483046 2203.0
32.505696900000004 2150.0
32.516563340000005 2193.0
32.52742978 2211.0
32.53829622 2170.0
32.54916266 2101.0
32.560029099999994 2146.0
32.570895539999995 2118.0
32.581761979999996 2176.0
32.59262842 2075.0
32.60349486 2097.0
32.6143613 2107.0
32.62522774 2088.0
32.63609418 2093.0
32.64696062 1942.0
32.65782706 2075.0
32.6686935 1953.0
32.679559940000004 2012.0
32.69042638 1977.0
32.70129282 1994.0
32.71215926 1997.0
32.7230257 1930.0
32.733892139999995 1983.0
32.744758579999996 1961.0
32.75562502 1958.0
32.76649146 1929.0
32.7773579 1955.0
32.78822434 1962.0
32.79909078 1955.0
32.80995722 1911.0
32.82082366 1932.0
32.8316901 1961.0
32.842556540000004 1979.0
32.85342298 1941.0
32.86428942 1943.0
32.87515586 1886.0
32.8860223 1932.0
32.896888739999994 1867.0
32.907755179999995 1928.0
32.918621619999996 1896.0
32.92948806 1937.0
32.9403545 1919.0
32.95122094 1945.0
32.96208738 1874.0
32.97295382 1855.0
32.98382026 1860.0
32.9946867 1943.0
33.00555314 1761.0
33.016419580000004 1991.0
33.02728602 1912.0
33.03815246 1811.0
33.0490189 1909.0
33.05988534 1881.0
33.070751779999995 1934.0
33.081618219999996 1859.0
33.09248466 1829.0
33.1033511 1904.0
33.11421754 1876.0
33.12508398 1913.0
33.13595042 1819.0
33.14681686 1859.0
33.1576833 1924.0
33.16854974 1858.0
33.179416180000004 1864.0
33.19028262 1930.0
33.20114906 1842.0
33.2120155 2018.0
33.22288194 1896.0
33.233748379999994 1927.0
33.244614819999995 1900.0
33.255481259999996 1870.0
33.2663477 1866.0
33.27721414 1874.0
33.28808058 1820.0
33.29894702 1899.0
33.30981346 1824.0
33.3206799 1858.0
33.33154634 1907.0
33.342412780000004 1798.0
33.353279220000005 1805.0
33.36414566 1814.0
33.3750121 1816.0
33.38587854 1874.0
33.39674498 1889.0
33.407611419999995 1844.0
33.418477859999996 1766.0
33.4293443 1831.0
33.44021074 1933.0
33.45107718 1850.0
33.46194362 1985.0
33.47281006 1841.0
33.4836765 1954.0
33.49454294 1891.0
33.50540938 1942.0
33.516275820000004 1886.0
33.52714226 1948.0
33.5380087 1933.0
33.54887514 1976.0
33.55974158 1928.0
33.570608019999995 1990.0
33.581474459999995 2017.0
33.592340899999996 2058.0
33.60320734 1999.0
33.61407378 2133.0
33.62494022 2145.0
33.63580666 2147.0
33.6466731 2089.0
33.65753954 2172.0
33.66840598 2227.0
33.679272420000004 2192.0
33.690138860000005 2174.0
33.7010053 2260.0
33.71187174 2325.0
33.72273818 2285.0
33.733604619999994 2364.0
33.744471059999995 2500.0
33.755337499999996 2564.0
33.76620394 2715.0
33.77707038 2806.0
33.78793682 3038.0
33.79880326 3182.0
33.8096697 3322.0
33.82053614 3709.0
33.83140258 3997.0
33.84226902 4531.0
33.853135460000004 5044.0
33.8640019 5594.0
33.87486834 6140.0
33.88573478 6918.0
33.89660122 7636.0
33.907467659999995 8860.0
33.918334099999996 9831.0
33.92920054 10996.0
33.94006698 12076.0
33.95093342 13660.0
33.96179986 14716.0
33.9726663 16293.0
33.98353274 17339.0
33.99439918 18757.0
34.00526562 19714.0
34.016132060000004 20876.0
34.0269985 21884.0
34.03786494 22179.0
34.04873138 22555.0
34.05959782 22848.0
34.070464259999994 22655.0
34.081330699999995 22228.0
34.092197139999996 21368.0
34.10306358 20470.0
34.11393002 19268.0
34.12479646 18001.0
34.1356629 16326.0
34.14652934 15000.0
34.15739578 13583.0
34.16826222 12031.0
34.17912866 10991.0
34.189995100000004 9879.0
34.20086154 8623.0
34.21172798 7679.0
34.22259442 6611.0
34.23346086 5760.0
34.244327299999995 5051.0
34.255193739999996 4401.0
34.26606018 3977.0
34.27692662 3583.0
34.28779306 3205.0
34.2986595 2986.0
34.30952594 2863.0
34.32039238 2657.0
34.33125882 2553.0
34.34212526 2502.0
34.352991700000004 2430.0
34.36385814 2276.0
34.37472458 2105.0
34.38559102 2128.0
34.39645746 2171.0
34.407323899999994 2114.0
34.418190339999995 2129.0
34.429056779999996 2031.0
34.43992322 1934.0
34.45078966 1917.0
34.4616561 1914.0
34.47252254 1892.0
34.48338898 1756.0
34.49425542 1824.0
34.50512186 1822.0
34.515988300000004 1752.0
34.526854740000005 1913.0
34.53772118 1771.0
34.54858762 1806.0
34.55945406 1694.0
34.5703205 1792.0
34.581186939999995 1693.0
34.592053379999996 1687.0
34.60291982 1691.0
34.61378626 1663.0
34.6246527 1625.0
34.63551914 1727.0
34.64638558 1729.0
34.65725202 1594.0
34.66811846 1613.0
34.6789849 1678.0
34.689851340000004 1649.0
34.70071778 1631.0
34.71158422 1648.0
34.72245066 1694.0
34.7333171 1650.0
34.744183539999995 1679.0
34.755049979999995 1605.0
34.765916419999996 1609.0
34.77678286 1602.0
34.7876493 1648.0
34.79851574 1625.0
34.80938218 1697.0
34.82024862 1656.0
34.83111506 1646.0
34.8419815 1662.0
34.852847940000004 1672.0
34.863714380000005 1617.0
34.87458082 1637.0
34.88544726 1669.0
34.8963137 1640.0
34.907180139999994 1642.0
34.918046579999995 1643.0
34.928913019999996 1632.0
34.93977946 1659.0
34.9506459 1640.0
34.96151234 1604.0
34.97237878 1660.0
34.98324522 1618.0
34.99411166 1645.0
35.0049781 1645.0
35.01584454 1645.0
35.026710980000004 1600.0
35.03757742 1589.0
35.04844386 1627.0
35.0593103 1635.0
35.07017674 1569.0
35.081043179999995 1611.0
35.091909619999996 1543.0
35.10277606 1658.0
35.1136425 1624.0
35.12450894 1615.0
35.13537538 1569.0
35.14624182 1660.0
35.15710826 1555.0
35.1679747 1555.0
35.17884114 1507.0
35.189707580000004 1555.0
35.20057402 1557.0
35.21144046 1604.0
35.2223069 1548.0
35.23317334 1604.0
35.244039779999994 1609.0
35.254906219999995 1595.0
35.265772659999996 1520.0
35.2766391 1597.0
35.28750554 1495.0
35.29837198 1551.0
35.30923842 1604.0
35.32010486 1619.0
35.3309713 1542.0
35.34183774 1602.0
35.35270418 1582.0
35.363570620000004 1624.0
35.37443706 1667.0
35.3853035 1583.0
35.39616994 1563.0
35.40703638 1526.0
35.417902819999995 1615.0
35.428769259999996 1603.0
35.4396357 1622.0
35.45050214 1627.0
35.46136858 1634.0
35.47223502 1672.0
35.48310146 1641.0
35.4939679 1615.0
35.50483434 1646.0
35.51570078 1672.0
35.526567220000004 1754.0
35.53743366 1669.0
35.5483001 1722.0
35.55916654 1684.0
35.57003298 1663.0
35.580899419999994 1787.0
35.591765859999995 1761.0
35.602632299999996 1772.0
35.61349874 1762.0
35.62436518 1786.0
35.63523162 1843.0
35.64609806 1860.0
35.6569645 1861.0
35.66783094 1773.0
35.67869738 1848.0
35.689563820000004 1784.0
35.700430260000005 1936.0
35.7112967 1926.0
35.72216314 1982.0
35.73302958 1933.0
35.74389602 1952.0
35.754762459999995 2070.0
35.765628899999996 2092.0
35.77649534 2070.0
35.78736178 2142.0
35.79822822 2290.0
35.80909466 2405.0
35.8199611 2555.0
35.83082754 2666.0
35.84169398 2848.0
35.85256042 3172.0
35.863426860000004 3429.0
35.8742933 3767.0
35.88515974 4182.0
35.89602618 4775.0
35.90689262 5494.0
35.917759059999995 6233.0
35.928625499999995 7164.0
35.939491939999996 8051.0
35.95035838 9131.0
35.96122482 9947.0
35.97209126 10992.0
35.9829577 12043.0
35.99382414 12576.0
36.00469058 13389.0
36.01555702 14196.0
36.026423460000004 14392.0
36.037289900000005 14865.0
36.04815634 15145.0
36.05902278 14860.0
36.06988922 14511.0
36.080755659999994 13597.0
36.091622099999995 12308.0
36.102488539999996 11076.0
36.11335498 10015.0
36.12422142 8947.0
36.13508786 8192.0
36.1459543 7408.0
36.15682074 6795.0
36.16768718 6163.0
36.17855362 5302.0
36.18942006 4714.0
36.200286500000004 4024.0
36.21115294 3248.0
36.22201938 2723.0
36.23288582 2499.0
36.24375226 2172.0
36.254618699999995 2103.0
36.265485139999996 1979.0
36.27635158 2003.0
36.28721802 1930.0
36.29808446 1858.0
36.3089509 1972.0
36.31981734 1829.0
36.33068378 1909.0
36.34155022 1883.0
36.35241666 1947.0
36.363283100000004 1917.0
36.37414954 1943.0
36.38501598 1910.0
36.39588242 1799.0
36.40674886 1909.0
36.417615299999994 1891.0
36.428481739999995 1924.0
36.439348179999996 2006.0
36.45021462 1950.0
36.46108106 2036.0
36.4719475 1950.0
36.48281394 2023.0
36.49368038 2049.0
36.50454682 2157.0
36.51541326 1990.0
36.5262797 2058.0
36.537146140000004 2015.0
36.54801258 2100.0
36.55887902 2101.0
36.56974546 2115.0
36.5806119 2164.0
36.591478339999995 2243.0
36.602344779999996 2374.0
36.61321122 2461.0
36.62407766 2564.0
36.6349441 2636.0
36.64581054 2748.0
36.65667698 2966.0
36.66754342 3166.0
36.67840986 3472.0
36.6892763 3906.0
36.700142740000004 4300.0
36.71100918 4747.0
36.72187562 5541.0
36.73274206 6175.0
36.7436085 7047.0
36.754474939999994 8183.0
36.765341379999995 9082.0
36.776207819999996 10747.0
36.78707426 12086.0
36.7979407 13801.0
36.80880714 15674.0
36.81967358 17467.0
36.83054002 19176.0
36.84140646 21073.0
36.8522729 23195.0
36.863139340000004 24693.0
36.874005780000005 26249.0
36.88487222 27189.0
36.89573866 28529.0
36.9066051 29063.0
36.91747154 29157.0
36.928337979999995 29385.0
36.939204419999996 28685.0
36.95007086 27399.0
36.9609373 26399.0
36.97180374 24576.0
36.98267018 22416.0
36.99353662 20274.0
37.00440306 18556.0
37.0152695 16917.0
37.02613594 14883.0
37.037002380000004 13421.0
37.04786882 11867.0
37.05873526 10478.0
37.0696017 9158.0
37.08046814 7550.0
37.091334579999995 6588.0
37.102201019999995 5416.0
37.113067459999996 4500.0
37.1239339 3948.0
37.13480034 3479.0
37.14566678 3042.0
37.15653322 2892.0
37.16739966 2657.0
37.1782661 2511.0
37.18913254 2498.0
37.199998980000004 2222.0
37.210865420000005 2089.0
37.22173186 2181.0
37.2325983 2067.0
37.24346474 1998.0
37.254331179999994 2053.0
37.265197619999995 1927.0
37.276064059999996 1894.0
37.2869305 1951.0
37.29779694 1827.0
37.30866338 1800.0
37.31952982 1749.0
37.33039626 1777.0
37.3412627 1772.0
37.35212914 1732.0
37.36299558 1746.0
37.373862020000004 1541.0
37.38472846 1637.0
37.3955949 1625.0
37.40646134 1531.0
37.41732778 1619.0
37.428194219999995 1604.0
37.439060659999996 1549.0
37.4499271 1512.0
37.46079354 1484.0
37.47165998 1468.0
37.48252642 1556.0
37.49339286 1438.0
37.5042593 1508.0
37.51512574 1503.0
37.52599218 1490.0
37.536858620000004 1517.0
37.54772506 1464.0
37.5585915 1450.0
37.56945794 1475.0
37.58032438 1428.0
37.591190819999994 1520.0
37.602057259999995 1406.0
37.612923699999996 1412.0
37.62379014 1371.0
37.63465658 1408.0
37.64552302 1455.0
37.65638946 1380.0
37.6672559 1412.0
37.67812234 1455.0
37.68898878 1398.0
37.69985522 1422.0
37.710721660000004 1391.0
37.7215881 1389.0
37.73245454 1380.0
37.74332098 1308.0
37.75418742 1430.0
37.765053859999995 1395.0
37.775920299999996 1396.0
37.78678674 1369.0
37.79765318 1392.0
37.80851962 1265.0
37.81938606 1350.0
37.8302525 1439.0
37.84111894 1345.0
37.85198538 1454.0
37.86285182 1386.0
37.873718260000004 1311.0
37.8845847 1376.0
37.89545114 1397.0
37.90631758 1368.0
37.91718402 1325.0
37.928050459999994 1374.0
37.938916899999995 1339.0
37.949783339999996 1362.0
37.96064978 1453.0
37.97151622 1333.0
37.98238266 1391.0
37.9932491 1357.0
38.00411554 1348.0
38.01498198 1330.0
38.02584842 1295.0
38.036714860000004 1344.0
38.047581300000004 1306.0
38.05844774 1378.0
38.06931418 1332.0
38.08018062 1365.0
38.09104706 1331.0
38.101913499999995 1399.0
38.112779939999996 1353.0
38.12364638 1312.0
38.13451282 1326.0
38.14537926 1313.0
38.1562457 1375.0
38.16711214 1376.0
38.17797858 1417.0
38.18884502 1389.0
38.19971146 1320.0
38.210577900000004 1373.0
38.22144434 1346.0
38.23231078 1315.0
38.24317722 1297.0
38.25404366 1381.0
38.264910099999994 1357.0
38.275776539999995 1328.0
38.286642979999996 1354.0
38.29750942 1365.0
38.30837586 1330.0
38.3192423 1367.0
38.33010874 1333.0
38.34097518 1358.0
38.35184162 1280.0
38.36270806 1359.0
38.373574500000004 1365.0
38.384440940000005 1336.0
38.39530738 1372.0
38.40617382 1404.0
38.41704026 1364.0
38.427906699999994 1291.0
38.438773139999995 1347.0
38.449639579999996 1394.0
38.46050602 1369.0
38.47137246 1391.0
38.4822389 1339.0
38.49310534 1359.0
38.50397178 1367.0
38.51483822 1356.0
38.52570466 1383.0
38.5365711 1294.0
38.547437540000004 1351.0
38.55830398 1389.0
38.56917042 1328.0
38.58003686 1322.0
38.5909033 1346.0
38.601769739999995 1377.0
38.612636179999996 1399.0
38.62350262 1364.0
38.63436906 1346.0
38.6452355 1342.0
38.65610194 1398.0
38.66696838 1346.0
38.67783482 1312.0
38.68870126 1355.0
38.6995677 1410.0
38.710434140000004 1369.0
38.72130058 1341.0
38.73216702 1367.0
38.74303346 1255.0
38.7538999 1364.0
38.764766339999994 1398.0
38.775632779999995 1402.0
38.786499219999996 1287.0
38.79736566 1335.0
38.8082321 1316.0
38.81909854 1329.0
38.82996498 1364.0
38.84083142 1372.0
38.85169786 1374.0
38.8625643 1346.0
38.87343074 1268.0
38.884297180000004 1377.0
38.89516362 1403.0
38.90603006 1332.0
38.9168965 1375.0
38.92776294 1333.0
38.938629379999995 1375.0
38.949495819999996 1337.0
38.96036226 1396.0
38.9712287 1390.0
38.98209514 1344.0
38.99296158 1404.0
39.00382802 1331.0
39.01469446 1389.0
39.0255609 1471.0
39.03642734 1372.0
39.047293780000004 1376.0
39.05816022 1401.0
39.06902666 1471.0
39.0798931 1444.0
39.09075954 1492.0
39.101625979999994 1455.0
39.112492419999995 1388.0
39.123358859999996 1463.0
39.1342253 1516.0
39.14509174 1601.0
39.15595818 1475.0
39.16682462 1476.0
39.17769106 1522.0
39.1885575 1499.0
39.19942394 1575.0
39.21029038 1612.0
39.221156820000004 1567.0
39.23202326 1541.0
39.2428897 1655.0
39.25375614 1636.0
39.26462258 1738.0
39.275489019999995 1837.0
39.286355459999996 1887.0
39.2972219 1961.0
39.30808834 2087.0
39.31895478 2254.0
39.32982122 2397.0
39.34068766 2509.0
39.3515541 2890.0
39.36242054 3009.0
39.37328698 3400.0
39.384153420000004 3865.0
39.39501986 4310.0
39.4058863 5031.0
39.41675274 5509.0
39.42761918 6412.0
39.438485619999994 7082.0
39.449352059999995 7795.0
39.460218499999996 8497.0
39.47108494 9554.0
39.48195138 10232.0
39.49281782 10656.0
39.50368426 11449.0
39.5145507 11607.0
39.52541714 12075.0
39.53628358 12286.0
39.547150020000004 12268.0
39.558016460000005 11946.0
39.5688829 11813.0
39.57974934 11250.0
39.59061578 10554.0
39.601482219999994 9682.0
39.612348659999995 8992.0
39.623215099999996 8426.0
39.63408154 7898.0
39.64494798 7365.0
39.65581442 6784.0
39.66668086 6328.0
39.6775473 5885.0
39.68841374 5349.0
39.69928018 4847.0
39.71014662 4414.0
39.721013060000004 4225.0
39.7318795 4095.0
39.74274594 4094.0
39.75361238 4284.0
39.76447882 4640.0
39.775345259999995 4962.0
39.786211699999996 5334.0
39.797078139999996 5968.0
39.80794458 6515.0
39.81881102 7033.0
39.82967746 7681.0
39.8405439 7998.0
39.85141034 8494.0
39.86227678 8783.0
39.87314322 8980.0
39.884009660000004 9252.0
39.8948761 9364.0
39.90574254 9290.0
39.91660898 8895.0
39.92747542 8585.0
39.938341859999994 8208.0
39.949208299999995 7374.0
39.960074739999996 6799.0
39.97094118 6209.0
39.98180762 5637.0
39.99267406 5417.0
40.0035405 4925.0
40.01440694 4721.0
40.02527338 4253.0
40.03613982 3723.0
40.04700626 3362.0
40.057872700000004 2975.0
40.06873914 2500.0
40.07960558 2219.0
40.09047202 1995.0
40.10133846 1792.0
40.112204899999995 1630.0
40.123071339999996 1566.0
40.13393778 1587.0
40.14480422 1430.0
40.15567066 1481.0
40.1665371 1390.0
40.17740354 1465.0
40.18826998 1421.0
40.19913642 1384.0
40.21000286 1395.0
40.220869300000004 1316.0
40.23173574 1361.0
40.24260218 1281.0
40.25346862 1324.0
40.26433506 1308.0
40.275201499999994 1346.0
40.286067939999995 1306.0
40.296934379999996 1274.0
40.30780082 1330.0
40.31866726 1326.0
40.3295337 1300.0
40.34040014 1274.0
40.35126658 1266.0
40.36213302 1281.0
40.37299946 1257.0
40.3838659 1341.0
40.394732340000004 1254.0
40.40559878 1288.0
40.41646522 1237.0
40.42733166 1246.0
40.4381981 1250.0
40.449064539999995 1175.0
40.459930979999996 1162.0
40.47079742 1185.0
40.48166386 1195.0
40.4925303 1234.0
40.50339674 1217.0
40.51426318 1208.0
40.52512962 1230.0
40.53599606 1189.0
40.5468625 1131.0
40.557728940000004 1239.0
40.56859538 1222.0
40.57946182 1250.0
40.59032826 1165.0
40.6011947 1180.0
40.612061139999994 1178.0
40.622927579999995 1105.0
40.633794019999996 1183.0
40.64466046 1177.0
40.6555269 1151.0
40.66639334 1168.0
40.67725978 1226.0
40.68812622 1230.0
40.69899266 1208.0
40.7098591 1218.0
40.720725540000004 1168.0
40.731591980000005 1193.0
40.74245842 1168.0
40.75332486 1184.0
40.7641913 1220.0
40.775057739999994 1233.0
40.785924179999995 1191.0
40.796790619999996 1238.0
40.80765706 1182.0
40.8185235 1199.0
40.82938994 1230.0
40.84025638 1182.0
40.85112282 1149.0
40.86198926 1155.0
40.8728557 1195.0
40.88372214 1117.0
40.894588580000004 1146.0
40.90545502 1167.0
40.91632146 1212.0
40.9271879 1090.0
40.93805434 1141.0
40.948920779999995 1177.0
40.959787219999996 1144.0
40.970653659999996 1152.0
40.9815201 1189.0
40.99238654 1108.0
41.00325298 1148.0
41.01411942 1181.0
41.02498586 1149.0
41.0358523 1119.0
41.04671874 1133.0
41.057585180000004 1227.0
41.06845162 1055.0
41.07931806 1119.0
41.0901845 1169.0
41.10105094 1179.0
41.111917379999994 1121.0
41.122783819999995 1132.0
41.133650259999996 1161.0
41.1445167 1209.0
41.15538314 1158.0
41.16624958 1110.0
41.17711602 1152.0
41.18798246 1148.0
41.1988489 1130.0
41.20971534 1101.0
41.22058178 1078.0
41.231448220000004 1086.0
41.24231466 1078.0
41.2531811 1059.0
41.26404754 1083.0
41.27491398 1166.0
41.285780419999995 1140.0
41.296646859999996 1067.0
41.3075133 1049.0
41.31837974 1123.0
41.32924618 1107.0
41.34011262 1128.0
41.35097906 1141.0
41.3618455 1119.0
41.37271194 1143.0
41.38357838 1156.0
41.394444820000004 1083.0
41.40531126 1149.0
41.4161777 1131.0
41.42704414 1007.0
41.43791058 1072.0
41.448777019999994 1104.0
41.459643459999995 1125.0
41.470509899999996 1068.0
41.48137634 1109.0
41.49224278 1109.0
41.50310922 1099.0
41.51397566 1063.0
41.5248421 1099.0
41.53570854 1064.0
41.54657498 1132.0
41.55744142 1105.0
41.568307860000004 1127.0
41.5791743 1096.0
41.59004074 1086.0
41.60090718 1102.0
41.61177362 1087.0
41.622640059999995 1099.0
41.633506499999996 1028.0
41.64437294 1120.0
41.65523938 1070.0
41.66610582 1066.0
41.67697226 1163.0
41.6878387 1102.0
41.69870514 1104.0
41.70957158 1049.0
41.72043802 1120.0
41.731304460000004 1082.0
41.7421709 1092.0
41.75303734 1075.0
41.76390378 1168.0
41.77477022 1037.0
41.785636659999994 1087.0
41.796503099999995 1152.0
41.807369539999996 1094.0
41.81823598 1121.0
41.82910242 1097.0
41.83996886 1090.0
41.8508353 1119.0
41.86170174 1097.0
41.87256818 1111.0
41.88343462 1090.0
41.894301060000004 1171.0
41.905167500000005 1033.0
41.91603394 1102.0
41.92690038 1140.0
41.93776682 1131.0
41.948633259999994 1163.0
41.959499699999995 1125.0
41.970366139999996 1135.0
41.98123258 1071.0
41.99209902 1082.0
42.00296546 1127.0
42.0138319 1050.0
42.02469834 1074.0
42.03556478 1144.0
42.04643122 1122.0
42.057297659999996 1110.0
42.0681641 1094.0
42.07903054 1111.0
42.08989698 1072.0
42.10076342 1113.0
42.11162986 1137.0
42.1224963 1199.0
42.13336274 1170.0
42.144229179999996 1045.0
42.15509562 1096.0
42.16596206 1137.0
42.1768285 1097.0
42.18769494 1091.0
42.19856138 1148.0
42.20942782 1134.0
42.220294259999996 1122.0
42.2311607 1151.0
42.24202714 1136.0
42.25289358 1127.0
42.26376002 1147.0
42.27462646 1110.0
42.2854929 1186.0
42.29635934 1062.0
42.307225779999996 1125.0
42.31809222 1102.0
42.32895866 1137.0
42.3398251 1153.0
42.35069154 1219.0
42.36155798 1153.0
42.37242442 1189.0
42.38329086 1215.0
42.394157299999996 1151.0
42.40502374 1225.0
42.41589018 1200.0
42.42675662 1265.0
42.43762306 1272.0
42.4484895 1246.0
42.45935594 1346.0
42.47022238 1410.0
42.48108882 1486.0
42.49195526 1489.0
42.5028217 1606.0
42.51368814 1659.0
42.52455458 1849.0
42.53542102 1948.0
42.54628746 2168.0
42.557153899999996 2221.0
42.56802034 2403.0
42.57888678 2626.0
42.58975322 2779.0
42.60061966 2858.0
42.6114861 3122.0
42.62235254 3079.0
42.63321898 3176.0
42.644085419999996 3148.0
42.65495186 3337.0
42.6658183 3311.0
42.67668474 3247.0
42.68755118 3257.0
42.69841762 3050.0
42.70928406 2989.0
42.7201505 2947.0
42.731016939999996 2718.0
42.74188338 2517.0
42.75274982 2385.0
42.76361626 2278.0
42.7744827 2196.0
42.78534914 2177.0
42.79621558 1938.0
42.807082019999996 1931.0
42.81794846 1822.0
42.8288149 1665.0
42.83968134 1577.0
42.85054778 1511.0
42.86141422 1404.0
42.87228066 1360.0
42.8831471 1322.0
42.894013539999996 1227.0
42.90487998 1233.0
42.91574642 1140.0
42.92661286 1160.0
42.9374793 1173.0
42.94834574 1181.0
42.95921218 1211.0
42.97007862 1126.0
42.980945059999996 1205.0
42.9918115 1142.0
43.00267794 1106.0
43.01354438 1207.0
43.02441082 1134.0
43.03527726 1133.0
43.0461437 1177.0
43.05701014 1188.0
43.06787658 1158.0
43.07874302 1172.0
43.08960946 1175.0
43.1004759 1211.0
43.11134234 1155.0
43.12220878 1131.0
43.13307522 1254.0
43.143941659999996 1197.0
43.1548081 1070.0
43.16567454 1249.0
43.17654098 1198.0
43.18740742 1219.0
43.19827386 1326.0
43.2091403 1319.0
43.22000674 1413.0
43.230873179999996 1447.0
43.24173962 1584.0
43.25260606 1668.0
43.2634725 1781.0
43.27433894 2066.0
43.28520538 2132.0
43.29607182 2459.0
43.30693826 2781.0
43.317804699999996 3126.0
43.32867114 3567.0
43.33953758 3903.0
43.35040402 4240.0
43.36127046 4416.0
43.3721369 4814.0
43.38300334 5011.0
43.393869779999996 5148.0
43.40473622 5311.0
43.41560266 5453.0
43.4264691 5500.0
43.43733554 5374.0
43.44820198 5396.0
43.45906842 5011.0
43.46993486 4493.0
43.480801299999996 4269.0
43.49166774 3916.0
43.50253418 3660.0
43.51340062 3323.0
43.52426706 3361.0
43.5351335 3111.0
43.54599994 2929.0
43.55686638 2797.0
43.567732819999996 2585.0
43.57859926 2306.0
43.5894657 1998.0
43.60033214 1804.0
43.61119858 1593.0
43.62206502 1431.0
43.63293146 1346.0
43.6437979 1292.0
43.65466434 1276.0
43.66553078 1198.0
43.67639722 1160.0
43.68726366 1180.0
43.6981301 1167.0
43.70899654 1156.0
43.71986298 1136.0
43.730729419999996 1210.0
43.74159586 1115.0
43.7524623 1133.0
43.76332874 1134.0
43.77419518 1126.0
43.78506162 1125.0
43.79592806 1131.0
43.8067945 1091.0
43.817660939999996 1072.0
43.82852738 1062.0
43.83939382 1118.0
43.85026026 1118.0
43.8611267 1104.0
43.87199314 1060.0
43.88285958 1031.0
43.89372602 1116.0
43.904592459999996 1091.0
43.9154589 1093.0
43.92632534 1027.0
43.93719178 1006.0
43.94805822 1060.0
43.95892466 1098.0
43.9697911 1007.0
43.980657539999996 998.0
43.99152398 1017.0
44.00239042 984.0
44.01325686 1016.0
44.0241233 1028.0
44.03498974 1024.0
44.04585618 984.0
44.05672262 962.0
44.067589059999996 1073.0
44.0784555 1019.0
44.08932194 1037.0
44.10018838 976.0
44.11105482 1004.0
44.12192126 1064.0
44.1327877 1037.0
44.14365414 1061.0
44.154520579999996 977.0
44.16538702 991.0
44.17625346 1008.0
44.1871199 959.0
44.19798634 1004.0
44.20885278 977.0
44.21971922 1007.0
44.23058566 1000.0
44.2414521 1046.0
44.25231854 1000.0
44.26318498 1002.0
44.27405142 1030.0
44.28491786 1041.0
44.2957843 1027.0
44.30665074 1014.0
44.317517179999996 956.0
44.32838362 966.0
44.33925006 992.0
44.3501165 972.0
44.36098294 981.0
44.37184938 949.0
44.38271582 1026.0
44.39358226 922.0
44.404448699999996 1000.0
44.41531514 991.0
44.42618158 968.0
44.43704802 927.0
44.44791446 921.0
44.4587809 953.0
44.46964734 996.0
44.48051378 951.0
44.491380219999996 960.0
44.50224666 991.0
44.5131131 980.0
44.52397954 970.0
44.53484598 969.0
44.54571242 1035.0
44.55657886 1051.0
44.567445299999996 1055.0
44.57831174 970.0
44.58917818 1031.0
44.60004462 976.0
44.61091106 1076.0
44.6217775 1065.0
44.63264394 1061.0
44.64351038 972.0
44.654376819999996 1010.0
44.66524326 1019.0
44.6761097 1064.0
44.68697614 1027.0
44.69784258 1034.0
44.70870902 1050.0
44.71957546 1023.0
44.7304419 1108.0
44.741308339999996 1028.0
44.75217478 1082.0
44.76304122 1069.0
44.77390766 1210.0
44.7847741 1083.0
44.79564054 1182.0
44.80650698 1210.0
44.81737342 1287.0
44.82823986 1317.0
44.8391063 1347.0
44.84997274 1388.0
44.86083918 1481.0
44.87170562 1534.0
44.88257206 1568.0
44.8934385 1635.0
44.904304939999996 1710.0
44.91517138 1696.0
44.92603782 1792.0
44.93690426 1849.0
44.9477707 1813.0
44.95863714 1904.0
44.96950358 1839.0
44.98037002 1953.0
44.991236459999996 1924.0
45.0021029 2012.0
45.01296934 1883.0
45.02383578 1925.0
45.03470222 1870.0
45.04556866 1780.0
45.0564351 1745.0
45.06730154 1749.0
45.078167979999996 1616.0
45.08903442 1567.0
45.09990086 1649.0
45.1107673 1479.0
45.12163374 1473.0
45.13250018 1454.0
45.14336662 1471.0
45.154233059999996 1296.0
45.1650995 1289.0
45.17596594 1276.0
45.18683238 1245.0
45.19769882 1190.0
45.20856526 1126.0
45.2194317 1117.0
45.23029814 1083.0
45.241164579999996 1049.0
45.25203102 1113.0
45.26289746 1059.0
45.2737639 1028.0
45.28463034 1030.0
45.29549678 1006.0
45.30636322 1030.0
45.31722966 1019.0
45.328096099999996 998.0
45.33896254 991.0
45.34982898 975.0
45.36069542 993.0
45.37156186 949.0
45.3824283 987.0
45.39329474 981.0
45.40416118 1000.0
45.41502762 1034.0
45.42589406 999.0
45.4367605 942.0
45.44762694 922.0
45.45849338 972.0
45.46935982 930.0
45.48022626 904.0
45.491092699999996 1039.0
45.50195914 900.0
45.51282558 922.0
45.52369202 954.0
45.53455846 979.0
45.5454249 929.0
45.55629134 971.0
45.56715778 924.0
45.578024219999996 922.0
45.58889066 939.0
45.5997571 989.0
45.61062354 955.0
45.62148998 985.0
45.63235642 943.0
45.64322286 956.0
45.6540893 968.0
45.664955739999996 937.0
45.67582218 955.0
45.68668862 930.0
45.69755506 902.0
45.7084215 970.0
45.71928794 956.0
45.73015438 914.0
45.741020819999996 959.0
45.75188726 988.0
45.7627537 976.0
45.77362014 967.0
45.78448658 916.0
45.79535302 862.0
45.80621946 967.0
45.8170859 957.0
45.827952339999996 923.0
45.83881878 959.0
45.84968522 977.0
45.86055166 914.0
45.8714181 887.0
45.88228454 959.0
45.89315098 874.0
45.90401742 904.0
45.914883859999996 954.0
45.9257503 920.0
45.93661674 905.0
45.94748318 926.0
45.95834962 926.0
45.96921606 933.0
45.9800825 934.0
45.99094894 872.0
46.00181538 886.0
46.01268182 920.0
46.02354826 933.0
46.0344147 893.0
46.04528114 956.0
46.05614758 923.0
46.06701402 996.0
46.077880459999996 963.0
46.0887469 979.0
46.09961334 962.0
46.11047978 846.0
46.12134622 948.0
46.13221266 933.0
46.1430791 913.0
46.15394554 922.0
46.164811979999996 914.0
46.17567842 933.0
46.18654486 865.0
46.1974113 963.0
46.20827774 1003.0
46.21914418 946.0
46.23001062 908.0
46.24087706 945.0
46.251743499999996 899.0
46.26260994 900.0
46.27347638 937.0
46.28434282 908.0
46.29520926 910.0
46.3060757 889.0
46.31694214 889.0
46.327808579999996 947.0
46.33867502 975.0
46.34954146 958.0
46.3604079 862.0
46.37127434 943.0
46.38214078 900.0
46.39300722 909.0
46.40387366 914.0
46.414740099999996 886.0
46.42560654 941.0
46.43647298 946.0
46.44733942 905.0
46.45820586 922.0
46.4690723 933.0
46.47993874 874.0
46.49080518 973.0
46.501671619999996 930.0
46.51253806 917.0
46.5234045 877.0
46.53427094 920.0
46.54513738 990.0
46.55600382 937.0
46.56687026 883.0
46.5777367 863.0
46.58860314 908.0
46.59946958 900.0
46.61033602 937.0
46.62120246 971.0
46.6320689 911.0
46.64293534 878.0
46.65380178 936.0
46.664668219999996 965.0
46.67553466 928.0
46.6864011 921.0
46.69726754 960.0
46.70813398 913.0
46.71900042 967.0
46.72986686 908.0
46.7407333 923.0
46.751599739999996 956.0
46.76246618 902.0
46.77333262 943.0
46.78419906 936.0
46.7950655 946.0
46.80593194 914.0
46.81679838 920.0
46.82766482 926.0
46.838531259999996 894.0
46.8493977 917.0
46.86026414 935.0
46.87113058 920.0
46.88199702 956.0
46.89286346 939.0
46.9037299 1001.0
46.914596339999996 970.0
46.92546278 960.0
46.93632922 894.0
46.94719566 883.0
46.9580621 961.0
46.96892854 892.0
46.97979498 949.0
46.99066142 951.0
47.001527859999996 941.0
47.0123943 928.0
47.02326074 957.0
47.03412718 1027.0
47.04499362 1010.0
47.05586006 950.0
47.0667265 982.0
47.07759294 959.0
47.088459379999996 975.0
47.09932582 949.0
47.11019226 957.0
47.1210587 958.0
47.13192514 978.0
47.14279158 1019.0
47.15365802 932.0
47.16452446 1036.0
47.1753909 954.0
47.18625734 996.0
47.19712378 960.0
47.20799022 997.0
47.21885666 984.0
47.2297231 1002.0
47.24058954 1013.0
47.251455979999996 975.0
47.26232242 1053.0
47.27318886 1055.0
47.2840553 1063.0
47.29492174 1106.0
47.30578818 1038.0
47.31665462 1106.0
47.32752106 1083.0
47.338387499999996 1156.0
47.34925394 1176.0
47.36012038 1141.0
47.37098682 1184.0
47.38185326 1223.0
47.3927197 1188.0
47.40358614 1261.0
47.41445258 1289.0
47.425319019999996 1341.0
47.43618546 1364.0
47.4470519 1385.0
47.45791834 1404.0
47.46878478 1416.0
47.47965122 1480.0
47.49051766 1454.0
47.501384099999996 1457.0
47.51225054 1548.0
47.52311698 1599.0
47.53398342 1508.0
47.54484986 1530.0
47.5557163 1481.0
47.56658274 1493.0
47.57744918 1369.0
47.588315619999996 1372.0
47.59918206 1400.0
47.6100485 1371.0
47.62091494 1368.0
47.63178138 1398.0
47.64264782 1372.0
47.65351426 1346.0
47.6643807 1316.0
47.675247139999996 1324.0
47.68611358 1284.0
47.69698002 1237.0
47.70784646 1211.0
47.7187129 1205.0
47.72957934 1183.0
47.74044578 1245.0
47.75131222 1140.0
47.76217866 1154.0
47.7730451 1198.0
47.78391154 1205.0
47.79477798 1209.0
47.80564442 1193.0
47.81651086 1193.0
47.8273773 1116.0
47.838243739999996 1331.0
47.84911018 1290.0
47.85997662 1354.0
47.87084306 1351.0
47.8817095 1408.0
47.89257594 1455.0
47.90344238 1519.0
47.91430882 1534.0
47.925175259999996 1594.0
47.9360417 1555.0
47.94690814 1640.0
47.95777458 1591.0
47.96864102 1645.0
47.97950746 1602.0
47.9903739 1591.0
48.00124034 1682.0
48.012106779999996 1580.0
48.02297322 1531.0
48.03383966 1589.0
48.0447061 1425.0
48.05557254 1417.0
48.06643898 1490.0
48.07730542 1392.0
48.088171859999996 1410.0
48.0990383 1402.0
48.10990474 1330.0
48.12077118 1367.0
48.13163762 1354.0
48.14250406 1240.0
48.1533705 1290.0
48.16423694 1239.0
48.175103379999996 1176.0
48.18596982 1212.0
48.19683626 1190.0
48.2077027 1138.0
48.21856914 1132.0
48.22943558 1165.0
48.24030202 1194.0
48.25116846 1151.0
48.262034899999996 1204.0
48.27290134 1196.0
48.28376778 1243.0
48.29463422 1226.0
48.30550066 1159.0
48.3163671 1223.0
48.32723354 1274.0
48.33809998 1232.0
48.348966419999996 1285.0
48.35983286 1321.0
48.3706993 1372.0
48.38156574 1393.0
48.39243218 1449.0
48.40329862 1474.0
48.41416506 1545.0
48.425031499999996 1597.0
48.43589794 1655.0
48.44676438 1807.0
48.45763082 1874.0
48.46849726 1969.0
48.4793637 2040.0
48.49023014 2290.0
48.50109658 2512.0
48.511963019999996 2786.0
48.52282946 3048.0
48.5336959 3414.0
48.54456234 3773.0
48.55542878 4043.0
48.56629522 4632.0
48.57716166 5103.0
48.5880281 5774.0
48.598894539999996 6135.0
48.60976098 6798.0
48.62062742 7184.0
48.63149386 7642.0
48.6423603 8120.0
48.65322674 8584.0
48.66409318 8925.0
48.674959619999996 9171.0
48.68582606 9439.0
48.6966925 9574.0
48.70755894 9474.0
48.71842538 9570.0
48.72929182 9418.0
48.74015826 9223.0
48.7510247 8840.0
48.761891139999996 8702.0
48.77275758 8430.0
48.78362402 8324.0
48.79449046 7974.0
48.8053569 7725.0
48.81622334 7395.0
48.82708978 6928.0
48.83795622 6602.0
48.848822659999996 6124.0
48.8596891 5520.0
48.87055554 5319.0
48.88142198 4789.0
48.89228842 4399.0
48.90315486 4018.0
48.9140213 3765.0
48.92488774 3517.0
48.935754179999996 3188.0
48.94662062 2935.0
48.95748706 2675.0
48.9683535 2479.0
48.97921994 2303.0
48.99008638 2120.0
49.00095282 2005.0
49.011819259999996 1858.0
49.0226857 1684.0
49.03355214 1628.0
49.04441858 1556.0
49.05528502 1458.0
49.06615146 1448.0
49.0770179 1403.0
49.08788434 1369.0
49.098750779999996 1266.0
49.10961722 1297.0
49.12048366 1229.0
49.1313501 1140.0
49.14221654 1157.0
49.15308298 1184.0
49.16394942 1068.0
49.17481586 1163.0
49.185682299999996 1051.0
49.19654874 1089.0
49.20741518 1027.0
49.21828162 1052.0
49.22914806 1025.0
49.2400145 958.0
49.25088094 1015.0
49.261747379999996 1083.0
49.27261382 1007.0
49.28348026 1002.0
49.2943467 1021.0
49.30521314 998.0
49.31607958 1006.0
49.32694602 1008.0
49.33781246 972.0
49.348678899999996 930.0
49.35954534 946.0
49.37041178 981.0
49.38127822 890.0
49.39214466 931.0
49.4030111 946.0
49.41387754 906.0
49.42474398 934.0
49.435610419999996 936.0
49.44647686 925.0
49.4573433 948.0
49.46820974 983.0
49.47907618 891.0
49.48994262 906.0
49.50080906 918.0
49.5116755 917.0
49.522541939999996 942.0
49.53340838 925.0
49.54427482 970.0
49.55514126 950.0
49.5660077 929.0
49.57687414 920.0
49.58774058 891.0
49.598607019999996 934.0
49.60947346 958.0
49.6203399 904.0
49.63120634 957.0
49.64207278 967.0
49.65293922 959.0
49.66380566 945.0
49.6746721 923.0
49.685538539999996 921.0
49.69640498 910.0
49.70727142 929.0
49.71813786 904.0
49.7290043 1014.0
49.73987074 973.0
49.75073718 892.0
49.76160362 996.0
49.772470059999996 920.0
49.7833365 865.0
49.79420294 967.0
49.80506938 940.0
49.81593582 997.0
49.82680226 978.0
49.8376687 967.0
49.848535139999996 1004.0
49.85940158 965.0
49.87026802 1042.0
49.88113446 1016.0
49.8920009 1005.0
49.90286734 1054.0
49.91373378 969.0
49.92460022 1077.0
49.935466659999996 1085.0
49.9463331 1079.0
49.95719954 1073.0
49.96806598 1138.0
49.97893242 1224.0
49.98979886 1150.0
50.0006653 1177.0
50.01153174 1251.0
50.022398179999996 1292.0
50.03326462 1304.0
50.04413106 1334.0
50.0549975 1386.0
50.06586394 1533.0
50.07673038 1546.0
50.08759682 1590.0
50.09846326 1703.0
50.109329699999996 1825.0
50.12019614 1978.0
50.13106258 2042.0
50.14192902 2129.0
50.15279546 2220.0
50.1636619 2375.0
50.17452834 2441.0
50.185394779999996 2614.0
50.19626122 2645.0
50.20712766 2631.0
50.2179941 2708.0
50.22886054 2801.0
50.23972698 2862.0
50.25059342 2817.0
50.26145986 2792.0
50.272326299999996 2875.0
50.28319274 2803.0
50.29405918 2781.0
50.30492562 2682.0
50.31579206 2672.0
50.3266585 2593.0
50.33752494 2468.0
50.34839138 2410.0
50.359257819999996 2347.0
50.37012426 2166.0
50.3809907 2169.0
50.39185714 2056.0
50.40272358 1910.0
50.41359002 1872.0
50.42445646 1798.0
50.435322899999996 1656.0
50.44618934 1602.0
50.45705578 1589.0
50.46792222 1478.0
50.47878866 1434.0
50.4896551 1316.0
50.50052154 1290.0
50.51138798 1155.0
50.522254419999996 1237.0
50.53312086 1134.0
50.5439873 1086.0
50.55485374 1060.0
50.56572018 1082.0
50.57658662 1037.0
50.58745306 1031.0
50.5983195 1017.0
50.609185939999996 987.0
50.62005238 980.0
50.63091882 1007.0
50.64178526 963.0
50.6526517 933.0
50.66351814 960.0
50.67438458 956.0
50.68525102 957.0
50.696117459999996 947.0
50.7069839 868.0
50.71785034 935.0
50.72871678 927.0
50.73958322 862.0
50.75044966 882.0
50.7613161 906.0
50.772182539999996 865.0
50.78304898 875.0
50.79391542 945.0
50.80478186 858.0
50.8156483 875.0
50.82651474 912.0
50.83738118 903.0
50.84824762 891.0
50.859114059999996 951.0
50.8699805 923.0
50.88084694 870.0
50.89171338 889.0
50.90257982 864.0
50.91344626 842.0
50.9243127 857.0
50.93517914 858.0
50.946045579999996 846.0
50.95691202 863.0
50.96777846 884.0
50.9786449 898.0
50.98951134 840.0
51.00037778 848.0
51.01124422 782.0
51.022110659999996 865.0
51.0329771 850.0
51.04384354 860.0
51.05470998 861.0
51.06557642 871.0
51.07644286 805.0
51.0873093 842.0
51.09817574 862.0
51.109042179999996 881.0
51.11990862 887.0
51.13077506 880.0
51.1416415 903.0
51.15250794 850.0
51.16337438 870.0
51.17424082 870.0
51.18510726 908.0
51.195973699999996 799.0
51.20684014 884.0
51.21770658 826.0
51.22857302 821.0
51.23943946 877.0
51.2503059 856.0
51.26117234 872.0
51.27203878 860.0
51.282905219999996 830.0
51.29377166 874.0
51.3046381 846.0
51.31550454 843.0
51.32637098 895.0
51.33723742 950.0
51.34810386 826.0
51.358970299999996 926.0
51.36983674 880.0
51.38070318 895.0
51.39156962 907.0
51.40243606 831.0
51.4133025 903.0
51.42416894 862.0
51.43503538 811.0
51.445901819999996 909.0
51.45676826 879.0
51.4676347 909.0
51.47850114 877.0
51.48936758 867.0
51.50023402 910.0
51.51110046 866.0
51.5219669 869.0
51.532833339999996 935.0
51.54369978 888.0
51.55456622 930.0
51.56543266 941.0
51.5762991 900.0
51.58716554 879.0
51.59803198 928.0
51.608898419999996 902.0
51.61976486 904.0
51.6306313 883.0
51.64149774 905.0
51.65236418 900.0
51.66323062 878.0
51.67409706 867.0
51.6849635 875.0
51.695829939999996 922.0
51.70669638 922.0
51.71756282 892.0
51.72842926 917.0
51.7392957 845.0
51.75016214 881.0
51.76102858 860.0
51.77189502 845.0
51.782761459999996 866.0
51.7936279 826.0
51.80449434 855.0
51.81536078 838.0
51.82622722 870.0
51.83709366 841.0
51.8479601 886.0
51.85882654 945.0
51.869692979999996 805.0
51.88055942 872.0
51.89142586 816.0
51.9022923 875.0
51.91315874 868.0
51.92402518 833.0
51.93489162 888.0
51.945758059999996 801.0
51.9566245 822.0
51.96749094 843.0
51.97835738 820.0
51.98922382 888.0
52.00009026 886.0
52.0109567 907.0
52.02182314 812.0
52.032689579999996 828.0
52.04355602 816.0
52.05442246 812.0
52.0652889 808.0
52.07615534 867.0
52.08702178 862.0
52.09788822 873.0
52.10875466 823.0
52.119621099999996 851.0
52.13048754 818.0
52.14135398 828.0
52.15222042 862.0
52.16308686 808.0
52.1739533 861.0
52.18481974 849.0
52.195686179999996 841.0
52.20655262 912.0
52.21741906 784.0
52.2282855 832.0
52.23915194 815.0
52.25001838 838.0
52.26088482 855.0
52.27175126 857.0
52.282617699999996 816.0
52.29348414 808.0
52.30435058 791.0
52.31521702 887.0
52.32608346 870.0
52.3369499 802.0
52.34781634 872.0
52.35868278 840.0
52.369549219999996 782.0
52.38041566 825.0
52.3912821 797.0
52.40214854 824.0
52.41301498 842.0
52.42388142 767.0
52.43474786 807.0
52.4456143 820.0
52.456480739999996 780.0
52.46734718 812.0
52.47821362 810.0
52.48908006 793.0
52.4999465 833.0
52.51081294 798.0
52.52167938 765.0
52.532545819999996 806.0
52.54341226 868.0
52.5542787 861.0
52.56514514 834.0
52.57601158 801.0
52.58687802 788.0
52.59774446 802.0
52.6086109 785.0
52.619477339999996 780.0
52.63034378 822.0
52.64121022 832.0
52.65207666 825.0
52.6629431 877.0
52.67380954 825.0
52.68467598 781.0
52.69554242 791.0
52.706408859999996 884.0
52.7172753 877.0
52.72814174 879.0
52.73900818 847.0
52.74987462 861.0
52.76074106 725.0
52.7716075 805.0
52.782473939999996 829.0
52.79334038 788.0
52.80420682 780.0
52.81507326 827.0
52.8259397 870.0
52.83680614 862.0
52.84767258 791.0
52.85853902 825.0
52.869405459999996 882.0
52.8802719 828.0
52.89113834 843.0
52.90200478 823.0
52.91287122 795.0
52.92373766 825.0
52.9346041 819.0
52.94547054 795.0
52.956336979999996 798.0
52.96720342 852.0
52.97806986 801.0
52.9889363 799.0
52.99980274 763.0
53.01066918 806.0
53.02153562 837.0
53.03240206 866.0
53.043268499999996 795.0
53.05413494 814.0
53.06500138 820.0
53.07586782 795.0
53.08673426 812.0
53.0976007 822.0
53.10846714 772.0
53.119333579999996 801.0
53.13020002 888.0
53.14106646 826.0
53.1519329 788.0
53.16279934 862.0
53.17366578 831.0
53.18453222 817.0
53.19539866 770.0
53.206265099999996 799.0
53.21713154 844.0
53.22799798 780.0
53.23886442 836.0
53.24973086 872.0
53.2605973 786.0
53.27146374 827.0
53.28233018 832.0
53.293196619999996 796.0
53.30406306 782.0
53.3149295 839.0
53.32579594 776.0
53.33666238 779.0
53.34752882 843.0
53.35839526 790.0
53.369261699999996 765.0
53.38012814 857.0
53.39099458 824.0
53.40186102 832.0
53.41272746 756.0
53.4235939 800.0
53.43446034 813.0
53.44532678 781.0
53.456193219999996 802.0
53.46705966 821.0
53.4779261 856.0
53.48879254 812.0
53.49965898 797.0
53.51052542 803.0
53.52139186 791.0
53.5322583 834.0
53.543124739999996 805.0
53.55399118 797.0
53.56485762 801.0
53.57572406 814.0
53.5865905 836.0
53.59745694 789.0
53.60832338 816.0
53.61918982 803.0
53.630056259999996 818.0
53.6409227 811.0
53.65178914 807.0
53.66265558 789.0
53.67352202 748.0
53.68438846 769.0
53.6952549 808.0
53.706121339999996 816.0
53.71698778 894.0
53.72785422 820.0
53.73872066 791.0
53.7495871 772.0
53.76045354 791.0
53.77131998 752.0
53.78218642 794.0
53.793052859999996 814.0
53.8039193 773.0
53.81478574 759.0
53.82565218 759.0
53.83651862 799.0
53.84738506 791.0
53.8582515 806.0
53.86911794 817.0
53.879984379999996 791.0
53.89085082 823.0
53.90171726 816.0
53.9125837 855.0
53.92345014 804.0
53.93431658 789.0
53.94518302 841.0
53.956049459999996 835.0
53.9669159 785.0
53.97778234 759.0
53.98864878 803.0
53.99951522 814.0
54.01038166 795.0
54.0212481 801.0
54.03211454 811.0
54.042980979999996 777.0
54.05384742 797.0
54.06471386 797.0
54.0755803 823.0
54.08644674 781.0
54.09731318 814.0
54.10817962 775.0
54.11904606 789.0
54.129912499999996 826.0
54.14077894 817.0
54.15164538 750.0
54.16251182 755.0
54.17337826 770.0
54.1842447 776.0
54.19511114 801.0
54.20597758 817.0
54.216844019999996 908.0
54.22771046 774.0
54.2385769 804.0
54.24944334 785.0
54.26030978 792.0
54.27117622 755.0
54.28204266 809.0
54.292909099999996 802.0
54.30377554 784.0
54.31464198 746.0
54.32550842 773.0
54.33637486 776.0
54.3472413 760.0
54.35810774 777.0
54.36897418 749.0
54.379840619999996 828.0
54.39070706 795.0
54.4015735 792.0
54.41243994 785.0
54.42330638 724.0
54.43417282 825.0
54.44503926 816.0
54.4559057 786.0
54.466772139999996 776.0
54.47763858 808.0
54.48850502 814.0
54.49937146 770.0
54.5102379 802.0
54.52110434 795.0
54.53197078 792.0
54.542837219999996 829.0
54.55370366 761.0
54.5645701 754.0
54.57543654 816.0
54.58630298 785.0
54.59716942 842.0
54.60803586 752.0
54.6189023 800.0
54.629768739999996 837.0
54.64063518 816.0
54.65150162 782.0
54.66236806 849.0
54.6732345 801.0
54.68410094 828.0
54.69496738 756.0
54.70583382 792.0
54.716700259999996 786.0
54.7275667 836.0
54.73843314 792.0
54.74929958 772.0
54.76016602 777.0
54.77103246 779.0
54.7818989 782.0
54.792765339999995 755.0
54.803631779999996 818.0
54.81449822 816.0
54.82536466 787.0
54.8362311 801.0
54.84709754 782.0
54.85796398 759.0
54.86883042 804.0
54.879696859999996 827.0
54.8905633 792.0
54.90142974 827.0
54.91229618 775.0
54.92316262 745.0
54.93402906 771.0
54.9448955 835.0
54.95576194 823.0
54.966628379999996 808.0
54.97749482 787.0
54.98836126 805.0
54.9992277 776.0
55.01009414 764.0
55.02096058 769.0
55.03182702 777.0
55.04269346 760.0
55.053559899999996 781.0
55.06442634 834.0
55.07529278 778.0
55.08615922 824.0
55.09702566 804.0
55.1078921 781.0
55.11875854 784.0
55.129624979999996 831.0
55.14049142 804.0
55.15135786 782.0
55.1622243 810.0
55.17309074 812.0
55.18395718 751.0
55.19482362 804.0
55.20569006 741.0
55.216556499999996 808.0
55.22742294 758.0
55.23828938 819.0
55.24915582 787.0
55.26002226 832.0
55.2708887 744.0
55.28175514 794.0
55.29262158 781.0
55.303488019999996 790.0
55.31435446 837.0
55.3252209 778.0
55.33608734 841.0
55.34695378 740.0
55.35782022 750.0
55.36868666 782.0
55.379553099999995 827.0
55.390419539999996 768.0
55.40128598 836.0
55.41215242 697.0
55.42301886 772.0
55.4338853 798.0
55.44475174 774.0
55.45561818 806.0
55.466484619999996 811.0
55.47735106 812.0
55.4882175 810.0
55.49908394 830.0
55.50995038 790.0
55.52081682 772.0
55.53168326 811.0
55.5425497 759.0
55.553416139999996 817.0
55.56428258 772.0
55.57514902 836.0
55.58601546 779.0
55.5968819 817.0
55.60774834 772.0
55.61861478 788.0
55.62948122 824.0
55.640347659999996 805.0
55.6512141 786.0
55.66208054 805.0
55.67294698 829.0
55.68381342 806.0
55.69467986 795.0
55.7055463 809.0
55.716412739999996 786.0
55.72727918 785.0
55.73814562 808.0
55.74901206 806.0
55.7598785 798.0
55.77074494 843.0
55.78161138 843.0
55.79247782 841.0
55.803344259999996 816.0
55.8142107 825.0
55.82507714 767.0
55.83594358 803.0
55.84681002 822.0
55.85767646 794.0
55.8685429 847.0
55.87940934 780.0
55.890275779999996 808.0
55.90114222 783.0
55.91200866 793.0
55.9228751 818.0
55.93374154 815.0
55.94460798 789.0
55.95547442 790.0
55.966340859999995 837.0
55.977207299999996 826.0
55.98807374 832.0
55.99894018 784.0
56.00980662 818.0
56.02067306 802.0
56.0315395 795.0
56.04240594 783.0
56.053272379999996 816.0
56.06413882 850.0
56.07500526 758.0
56.0858717 791.0
56.09673814 803.0
56.10760458 851.0
56.11847102 848.0
56.12933746 819.0
56.140203899999996 743.0
56.15107034 816.0
56.16193678 832.0
56.17280322 808.0
56.18366966 814.0
56.1945361 839.0
56.20540254 841.0
56.21626898 765.0
56.227135419999996 846.0
56.23800186 841.0
56.2488683 767.0
56.25973474 814.0
56.27060118 858.0
56.28146762 855.0
56.29233406 798.0
56.303200499999996 853.0
56.31406694 860.0
56.32493338 836.0
56.33579982 813.0
56.34666626 825.0
56.3575327 859.0
56.36839914 891.0
56.37926558 841.0
56.390132019999996 887.0
56.40099846 875.0
56.4118649 826.0
56.42273134 846.0
56.43359778 844.0
56.44446422 856.0
56.45533066 930.0
56.4661971 902.0
56.477063539999996 858.0
56.48792998 918.0
56.49879642 940.0
56.50966286 913.0
56.5205293 976.0
56.53139574 958.0
56.54226218 904.0
56.553128619999995 1023.0
56.563995059999996 1030.0
56.5748615 1099.0
56.58572794 1138.0
56.59659438 1284.0
56.60746082 1385.0
56.61832726 1702.0
56.6291937 1767.0
56.640060139999996 2057.0
56.65092658 2164.0
56.66179302 2372.0
56.67265946 2583.0
56.6835259 2831.0
56.69439234 2866.0
56.70525878 3026.0
56.71612522 3130.0
56.726991659999996 3226.0
56.7378581 3097.0
56.74872454 2997.0
56.75959098 2974.0
56.77045742 2929.0
56.78132386 2564.0
56.7921903 2544.0
56.80305674 2418.0
56.813923179999996 2244.0
56.82478962 2071.0
56.83565606 2220.0
56.8465225 1995.0
56.85738894 2081.0
56.86825538 2066.0
56.87912182 1949.0
56.889988259999996 1978.0
56.9008547 2003.0
56.91172114 1866.0
56.92258758 1714.0
56.93345402 1696.0
56.94432046 1462.0
56.9551869 1316.0
56.96605334 1269.0
56.976919779999996 1090.0
56.98778622 1085.0
56.99865266 1003.0
57.0095191 982.0
57.02038554 932.0
57.03125198 906.0
57.04211842 918.0
57.05298486 925.0
57.063851299999996 914.0
57.07471774 874.0
57.08558418 879.0
57.09645062 890.0
57.10731706 883.0
57.1181835 860.0
57.12904994 914.0
57.139916379999995 841.0
57.150782819999996 866.0
57.16164926 885.0
57.1725157 889.0
57.18338214 924.0
57.19424858 884.0
57.20511502 849.0
57.21598146 839.0
57.226847899999996 887.0
57.23771434 884.0
57.24858078 866.0
57.25944722 930.0
57.27031366 893.0
57.2811801 869.0
57.29204654 909.0
57.30291298 887.0
57.313779419999996 902.0
57.32464586 903.0
57.3355123 875.0
57.34637874 927.0
57.35724518 912.0
57.36811162 995.0
57.37897806 999.0
57.3898445 960.0
57.400710939999996 941.0
57.41157738 968.0
57.42244382 1008.0
57.43331026 1054.0
57.4441767 1030.0
57.45504314 1062.0
57.46590958 1108.0
57.476776019999996 1127.0
57.487642459999996 1162.0
57.4985089 1252.0
57.50937534 1262.0
57.52024178 1424.0
57.53110822 1502.0
57.54197466 1637.0
57.5528411 1847.0
57.563707539999996 2026.0
57.57457398 2185.0
57.58544042 2511.0
57.59630686 2635.0
57.6071733 2921.0
57.61803974 3234.0
57.62890618 3453.0
57.63977262 3586.0
57.650639059999996 3808.0
57.6615055 3827.0
57.67237194 4004.0
57.68323838 3962.0
57.69410482 4034.0
57.70497126 3928.0
57.7158377 3930.0
57.726704139999995 3630.0
57.737570579999996 3568.0
57.74843702 3446.0
57.75930346 3207.0
57.7701699 3159.0
57.78103634 3005.0
57.79190278 2862.0
57.80276922 2846.0
57.813635659999996 2759.0
57.8245021 2820.0
57.83536854 2733.0
57.84623498 2687.0
57.85710142 2673.0
57.86796786 2519.0
57.8788343 2423.0
57.88970074 2319.0
57.900567179999996 2257.0
57.91143362 2103.0
57.92230006 1984.0
57.9331665 1947.0
57.94403294 1897.0
57.95489938 1741.0
57.96576582 1834.0
57.97663226 1760.0
57.987498699999996 1744.0
57.99836514 1776.0
58.00923158 1851.0
58.02009802 1909.0
58.03096446 1926.0
58.0418309 1901.0
58.05269734 2035.0
58.063563779999996 2032.0
58.074430219999996 1987.0
58.08529666 2071.0
58.0961631 1964.0
58.10702954 2244.0
58.11789598 2142.0
58.12876242 2193.0
58.13962886 2232.0
58.150495299999996 2200.0
58.16136174 2232.0
58.17222818 2348.0
58.18309462 2317.0
58.19396106 2311.0
58.2048275 2415.0
58.21569394 2549.0
58.22656038 2431.0
58.237426819999996 2528.0
58.24829326 2597.0
58.2591597 2563.0
58.27002614 2595.0
58.28089258 2696.0
58.29175902 2503.0
58.30262546 2614.0
58.313491899999995 2522.0
58.324358339999996 2614.0
58.33522478 2559.0
58.34609122 2564.0
58.35695766 2576.0
58.3678241 2520.0
58.37869054 2569.0
58.38955698 2479.0
58.400423419999996 2459.0
58.41128986 2441.0
58.4221563 2514.0
58.43302274 2587.0
58.44388918 2519.0
58.45475562 2538.0
58.46562206 2518.0
58.4764885 2545.0
58.487354939999996 2644.0
58.49822138 2765.0
58.50908782 2759.0
58.51995426 2663.0
58.5308207 2686.0
58.54168714 2845.0
58.55255358 2848.0
58.56342002 2778.0
58.574286459999996 2892.0
58.5851529 2798.0
58.59601934 2961.0
58.60688578 2920.0
58.61775222 2994.0
58.62861866 2950.0
58.6394851 2933.0
58.650351539999996 2907.0
58.661217979999996 2792.0
58.67208442 2797.0
58.68295086 2889.0
58.6938173 2704.0
58.70468374 2683.0
58.71555018 2740.0
58.72641662 2798.0
58.737283059999996 2785.0
58.7481495 2827.0
58.75901594 2976.0
58.76988238 3051.0
58.78074882 3265.0
58.79161526 3337.0
58.8024817 3526.0
58.81334814 3659.0
58.824214579999996 3824.0
58.83508102 3880.0
58.84594746 4214.0
58.8568139 4130.0
58.86768034 4342.0
58.87854678 4372.0
58.88941322 4537.0
58.900279659999995 4381.0
58.911146099999996 4431.0
58.92201254 4551.0
58.93287898 4451.0
58.94374542 4465.0
58.95461186 4431.0
58.9654783 4254.0
58.97634474 4301.0
58.987211179999996 4309.0
58.99807762 4081.0
59.00894406 3988.0
59.0198105 3917.0
59.03067694 3791.0
59.04154338 3567.0
59.05240982 3409.0
59.06327626 3222.0
59.074142699999996 3224.0
59.08500914 3020.0
59.09587558 2942.0
59.10674202 2804.0
59.11760846 2662.0
59.1284749 2515.0
59.13934134 2382.0
59.15020778 2324.0
59.161074219999996 2201.0
59.17194066 2062.0
59.1828071 1916.0
59.19367354 1850.0
59.20453998 1687.0
59.21540642 1575.0
59.22627286 1510.0
59.237139299999996 1456.0
59.248005739999996 1387.0
59.25887218 1384.0
59.26973862 1377.0
59.28060506 1335.0
59.2914715 1247.0
59.30233794 1357.0
59.31320438 1282.0
59.324070819999996 1304.0
59.33493726 1303.0
59.3458037 1312.0
59.35667014 1342.0
59.36753658 1439.0
59.37840302 1400.0
59.38926946 1491.0
59.4001359 1489.0
59.411002339999996 1512.0
59.42186878 1583.0
59.43273522 1636.0
59.44360166 1785.0
59.4544681 1733.0
59.46533454 1861.0
59.47620098 2031.0
59.487067419999995 2146.0
59.497933859999996 2290.0
59.5088003 2349.0
59.51966674 2535.0
59.53053318 2700.0
59.54139962 2893.0
59.55226606 3050.0
59.5631325 3323.0
59.573998939999996 3564.0
59.58486538 3713.0
59.59573182 3915.0
59.60659826 4156.0
59.6174647 4341.0
59.62833114 4426.0
59.63919758 4630.0
59.65006402 4697.0
59.660930459999996 4916.0
59.6717969 4981.0
59.68266334 4977.0
59.69352978 4901.0
59.70439622 4943.0
59.71526266 4808.0
59.7261291 4771.0
59.73699554 4561.0
59.747861979999996 4385.0
59.75872842 4408.0
59.76959486 4223.0
59.7804613 4163.0
59.79132774 3914.0
59.80219418 3885.0
59.81306062 3828.0
59.823927059999995 3614.0
59.834793499999996 3654.0
59.84565994 3486.0
59.85652638 3389.0
59.86739282 3133.0
59.87825926 3017.0
59.8891257 2881.0
59.89999214 2726.0
59.910858579999996 2508.0
59.92172502 2381.0
59.93259146 2232.0
59.9434579 2126.0
59.95432434 2027.0
59.96519078 1842.0
59.97605722 1664.0
59.98692366 1672.0
59.997790099999996 1572.0
60.00865654 1440.0
60.01952298 1410.0
60.03038942 1371.0
60.04125586 1322.0
60.0521223 1325.0
60.06298874 1222.0
60.073855179999995 1157.0
60.084721619999996 1155.0
60.09558806 1071.0
60.1064545 1088.0
60.11732094 1051.0
60.12818738 1043.0
60.13905382 993.0
60.14992026 992.0
60.160786699999996 958.0
60.17165314 966.0
60.18251958 964.0
60.19338602 938.0
60.20425246 866.0
60.2151189 895.0
60.22598534 872.0
60.23685178 887.0
60.247718219999996 898.0
60.25858466 889.0
60.2694511 868.0
60.28031754 862.0
60.29118398 925.0
60.30205042 814.0
60.31291686 932.0
60.3237833 837.0
60.334649739999996 894.0
60.34551618 838.0
60.35638262 897.0
60.36724906 824.0
60.3781155 890.0
60.38898194 793.0
60.39984838 837.0
60.410714819999995 817.0
60.421581259999996 852.0
60.4324477 832.0
60.44331414 784.0
60.45418058 809.0
60.46504702 827.0
60.47591346 831.0
60.4867799 808.0
60.497646339999996 859.0
60.50851278 859.0
60.51937922 848.0
60.53024566 888.0
60.5411121 814.0
60.55197854 837.0
60.56284498 828.0
60.57371142 875.0
60.584577859999996 862.0
60.5954443 837.0
60.60631074 849.0
60.61717718 861.0
60.62804362 874.0
60.63891006 829.0
60.6497765 894.0
60.660642939999995 859.0
60.671509379999996 908.0
60.68237582 917.0
60.69324226 841.0
60.7041087 861.0
60.71497514 922.0
60.72584158 871.0
60.73670802 940.0
60.747574459999996 958.0
60.7584409 923.0
60.76930734 944.0
60.78017378 938.0
60.79104022 997.0
60.80190666 964.0
60.8127731 1006.0
60.82363954 1064.0
60.834505979999996 1059.0
60.84537242 1127.0
60.85623886 1123.0
60.8671053 1175.0
60.87797174 1323.0
60.88883818 1307.0
60.89970462 1411.0
60.91057106 1424.0
60.921437499999996 1580.0
60.93230394 1584.0
60.94317038 1805.0
60.95403682 1882.0
60.96490326 1848.0
60.9757697 2026.0
60.98663614 2244.0
60.997502579999995 2176.0
61.008369019999996 2377.0
61.01923546 2429.0
61.0301019 2661.0
61.04096834 2567.0
61.05183478 2616.0
61.06270122 2589.0
61.07356766 2558.0
61.084434099999996 2499.0
61.09530054 2579.0
61.10616698 2625.0
61.11703342 2475.0
61.12789986 2586.0
61.1387663 2463.0
61.14963274 2342.0
61.16049918 2437.0
61.171365619999996 2435.0
61.18223206 2429.0
61.1930985 2356.0
61.20396494 2533.0
61.21483138 2514.0
61.22569782 2583.0
61.23656426 2621.0
61.247430699999995 2602.0
61.258297139999996 2815.0
61.26916358 2825.0
61.28003002 2967.0
61.29089646 2895.0
61.3017629 2992.0
61.31262934 2934.0
61.32349578 2943.0
61.334362219999996 2920.0
61.34522866 3028.0
61.3560951 2995.0
61.36696154 2866.0
61.37782798 2869.0
61.38869442 2631.0
61.39956086 2590.0
61.4104273 2512.0
61.421293739999996 2405.0
61.43216018 2550.0
61.44302662 2404.0
61.45389306 2420.0
61.4647595 2392.0
61.47562594 2377.0
61.48649238 2343.0
61.49735882 2245.0
61.508225259999996 2303.0
61.5190917 2179.0
61.52995814 2203.0
61.54082458 2119.0
61.55169102 1945.0
61.56255746 1919.0
61.5734239 1867.0
61.584290339999995 1789.0
61.595156779999996 1737.0
61.60602322 1653.0
61.61688966 1552.0
61.6277561 1543.0
61.63862254 1483.0
61.64948898 1472.0
61.66035542 1393.0
61.671221859999996 1308.0
61.6820883 1291.0
61.69295474 1220.0
61.70382118 1211.0
61.71468762 1217.0
61.72555406 1259.0
61.7364205 1186.0
61.74728694 1237.0
61.758153379999996 1163.0
61.76901982 1175.0
61.77988626 1185.0
61.7907527 1168.0
61.80161914 1163.0
61.81248558 1155.0
61.82335202 1102.0
61.834218459999995 1178.0
61.845084899999996 1110.0
61.85595134 1092.0
61.86681778 1088.0
61.87768422 1128.0
61.88855066 1027.0
61.8994171 1041.0
61.91028354 1140.0
61.921149979999996 1044.0
61.93201642 1051.0
61.94288286 996.0
61.9537493 1009.0
61.96461574 1035.0
61.97548218 973.0
61.98634862 1000.0
61.99721506 985.0
62.008081499999996 1010.0
62.01894794 992.0
62.02981438 939.0
62.04068082 891.0
62.05154726 896.0
62.0624137 918.0
62.07328014 909.0
62.08414658 866.0
62.095013019999996 876.0
62.10587946 899.0
62.1167459 896.0
62.12761234 870.0
62.13847878 877.0
62.14934522 846.0
62.16021166 857.0
62.171078099999995 816.0
62.181944539999996 808.0
62.19281098 813.0
62.20367742 854.0
62.21454386 820.0
62.2254103 751.0
62.23627674 786.0
62.24714318 773.0
62.258009619999996 764.0
62.26887606 828.0
62.2797425 731.0
62.29060894 824.0
62.30147538 789.0
62.31234182 777.0
62.32320826 831.0
62.3340747 805.0
62.344941139999996 759.0
62.35580758 739.0
62.36667402 794.0
62.37754046 778.0
62.3884069 749.0
62.39927334 765.0
62.41013978 741.0
62.421006219999995 774.0
62.431872659999996 742.0
62.4427391 760.0
62.45360554 803.0
62.46447198 809.0
62.47533842 734.0
62.48620486 773.0
62.4970713 743.0
62.507937739999996 692.0
62.51880418 747.0
62.52967062 751.0
62.54053706 757.0
62.5514035 727.0
62.56226994 747.0
62.57313638 825.0
62.58400282 757.0
62.594869259999996 756.0
62.6057357 766.0
62.61660214 758.0
62.62746858 755.0
62.63833502 764.0
62.64920146 809.0
62.6600679 712.0
62.67093434 769.0
62.681800779999996 832.0
62.69266722 781.0
62.70353366 772.0
62.7144001 792.0
62.72526654 836.0
62.73613298 811.0
62.74699942 785.0
62.757865859999995 778.0
62.768732299999996 760.0
62.77959874 797.0
62.79046518 836.0
62.80133162 769.0
62.81219806 782.0
62.8230645 771.0
62.83393094 813.0
62.844797379999996 797.0
62.85566382 825.0
62.86653026 833.0
62.8773967 830.0
62.88826314 810.0
62.89912958 826.0
62.90999602 880.0
62.92086246 834.0
62.931728899999996 882.0
62.94259534 974.0
62.95346178 896.0
62.96432822 919.0
62.97519466 985.0
62.9860611 907.0
62.99692754 938.0
63.007793979999995 1004.0
63.018660419999996 1029.0
63.02952686 999.0
63.0403933 1082.0
63.05125974 1048.0
63.06212618 1070.0
63.07299262 1124.0
63.08385906 1155.0
63.094725499999996 1213.0
63.10559194 1339.0
63.11645838 1287.0
63.12732482 1346.0
63.13819126 1432.0
63.1490577 1436.0
63.15992414 1492.0
63.17079058 1627.0
63.181657019999996 1687.0
63.19252346 1702.0
63.2033899 1741.0
63.21425634 1808.0
63.22512278 1871.0
63.23598922 1897.0
63.24685566 2089.0
63.2577221 2071.0
63.268588539999996 2097.0
63.27945498 2078.0
63.29032142 2140.0
63.30118786 2195.0
63.3120543 2164.0
63.32292074 2144.0
63.33378718 2202.0
63.344653619999995 2175.0
63.355520059999996 2193.0
63.3663865 2221.0
63.37725294 2114.0
63.38811938 2195.0
63.39898582 2205.0
63.40985226 2200.0
63.4207187 2219.0
63.431585139999996 2243.0
63.44245158 2261.0
63.45331802 2225.0
63.46418446 2299.0
63.4750509 2405.0
63.48591734 2329.0
63.49678378 2495.0
63.50765022 2431.0
63.518516659999996 2363.0
63.5293831 2425.0
63.54024954 2325.0
63.55111598 2361.0
63.56198242 2293.0
63.57284886 2275.0
63.5837153 2196.0
63.594581739999995 2093.0
63.605448179999996 2060.0
63.61631462 1986.0
63.62718106 1822.0
63.6380475 1786.0
63.64891394 1766.0
63.65978038 1672.0
63.67064682 1636.0
63.681513259999996 1620.0
63.6923797 1594.0
63.70324614 1583.0
63.71411258 1432.0
63.72497902 1494.0
63.73584546 1488.0
63.7467119 1415.0
63.75757834 1345.0
63.768444779999996 1311.0
63.77931122 1262.0
63.79017766 1229.0
63.8010441 1147.0
63.81191054 1094.0
63.82277698 1110.0
63.83364342 999.0
63.84450986 1010.0
63.855376299999996 999.0
63.86624274 928.0
63.87710918 954.0
63.88797562 937.0
63.89884206 984.0
63.9097085 950.0
63.92057494 1010.0
63.931441379999995 994.0
63.942307819999996 1056.0
63.95317426 1020.0
63.9640407 1017.0
63.97490714 1043.0
63.98577358 1045.0
63.99664002 1015.0
64.00750646 1044.0
64.0183729 1012.0
64.02923934 971.0
64.04010578 1010.0
64.05097222 905.0
64.06183866 945.0
64.07270510000001 925.0
64.08357154000001 949.0
64.09443798000001 937.0
64.10530442 862.0
64.11617086 860.0
64.1270373 882.0
64.13790374 860.0
64.14877018 883.0
64.15963662 891.0
64.17050306 886.0
64.18136949999999 865.0
64.19223593999999 894.0
64.20310237999999 856.0
64.21396881999999 807.0
64.22483525999999 834.0
64.23570169999999 770.0
64.24656814 832.0
64.25743458 825.0
64.26830102 753.0
64.27916746 803.0
64.2900339 826.0
64.30090034 755.0
64.31176678 773.0
64.32263322 779.0
64.33349966 715.0
64.3443661 718.0
64.35523254 742.0
64.36609898 768.0
64.37696542 787.0
64.38783186 762.0
64.3986983 711.0
64.40956474000001 730.0
64.42043118000001 766.0
64.43129762000001 790.0
64.44216406 729.0
64.4530305 725.0
64.46389694 762.0
64.47476338 725.0
64.48562982 805.0
64.49649626 747.0
64.5073627 721.0
64.51822913999999 744.0
64.52909557999999 765.0
64.53996201999999 807.0
64.55082845999999 782.0
64.56169489999999 763.0
64.57256134 790.0
64.58342778 839.0
64.59429422 879.0
64.60516066 888.0
64.6160271 923.0
64.62689354 922.0
64.63775998 847.0
64.64862642 928.0
64.65949286 895.0
64.6703593 958.0
64.68122574 955.0
64.69209218 950.0
64.70295862 1031.0
64.71382506 1031.0
64.7246915 1031.0
64.73555794 1073.0
64.74642438000001 1111.0
64.75729082000001 1140.0
64.76815726 1081.0
64.7790237 1105.0
64.78989014 1119.0
64.80075658 1199.0
64.81162302 1084.0
64.82248946 1146.0
64.8333559 1144.0
64.84422234 1190.0
64.85508877999999 1140.0
64.86595521999999 1097.0
64.87682165999999 1106.0
64.88768809999999 1095.0
64.89855453999999 1078.0
64.90942098 1095.0
64.92028742 1187.0
64.93115386 1084.0
64.9420203 974.0
64.95288674 1084.0
64.96375318 1082.0
64.97461962 1081.0
64.98548606 1089.0
64.9963525 1075.0
65.00721894 1070.0
65.01808538 1026.0
65.02895182 1064.0
65.03981826 991.0
65.0506847 1020.0
65.06155114 1013.0
65.07241758 1021.0
65.08328402000001 986.0
65.09415046000001 1028.0
65.1050169 929.0
65.11588334 968.0
65.12674978 906.0
65.13761622 940.0
65.14848266 933.0
65.1593491 943.0
65.17021554 960.0
65.18108198 1001.0
65.19194841999999 984.0
65.20281485999999 1037.0
65.21368129999999 1037.0
65.22454773999999 1149.0
65.23541417999999 1104.0
65.24628062 1201.0
65.25714706 1293.0
65.2680135 1392.0
65.27887994 1520.0
65.28974638 1661.0
65.30061282 1837.0
65.31147926 2093.0
65.3223457 2144.0
65.33321214 2403.0
65.34407858 2440.0
65.35494502 2686.0
65.36581146 2816.0
65.3766779 2888.0
65.38754434 2896.0
65.39841078 2883.0
65.40927722 2927.0
65.42014366000001 2784.0
65.43101010000001 2638.0
65.44187654 2570.0
65.45274298 2456.0
65.46360942 2302.0
65.47447586 2153.0
65.4853423 1959.0
65.49620874 2024.0
65.50707518 1946.0
65.51794162 1973.0
65.52880805999999 1865.0
65.53967449999999 1907.0
65.55054093999999 1860.0
65.56140737999999 1866.0
65.57227381999999 1900.0
65.58314026 1777.0
65.5940067 1852.0
65.60487314 1763.0
65.61573958 1639.0
65.62660602 1601.0
65.63747246 1434.0
65.6483389 1401.0
65.65920534 1178.0
65.67007178 1190.0
65.68093822 1106.0
65.69180466 1019.0
65.7026711 911.0
65.71353754 915.0
65.72440398 904.0
65.73527042 833.0
65.74613686000001 809.0
65.75700330000001 833.0
65.76786974000001 762.0
65.77873618 774.0
65.78960262 784.0
65.80046906 807.0
65.8113355 764.0
65.82220194 734.0
65.83306838 705.0
65.84393482 774.0
65.85480126 749.0
65.86566769999999 722.0
65.87653413999999 741.0
65.88740057999999 729.0
65.89826701999999 750.0
65.90913345999999 683.0
65.9199999 684.0
65.93086634 681.0
65.94173278 715.0
65.95259922 762.0
65.96346566 679.0
65.9743321 720.0
65.98519854 692.0
65.99606498 767.0
66.00693142 680.0
66.01779786 747.0
66.0286643 726.0
66.03953074 670.0
66.05039718 714.0
66.06126362 721.0
66.07213006 741.0
66.08299650000001 724.0
66.09386294000001 732.0
66.10472938000001 723.0
66.11559582 703.0
66.12646226 677.0
66.1373287 717.0
66.14819514 738.0
66.15906158 662.0
66.16992802 717.0
66.18079446 746.0
66.1916609 766.0
66.20252733999999 759.0
66.21339377999999 756.0
66.22426021999999 779.0
66.23512665999999 809.0
66.24599309999999 804.0
66.25685954 861.0
66.26772598 818.0
66.27859242 851.0
66.28945886 821.0
66.3003253 754.0
66.31119174 783.0
66.32205818 847.0
66.33292462 801.0
66.34379106 844.0
66.3546575 850.0
66.36552394 813.0
66.37639038 861.0
66.38725682 819.0
66.39812326 839.0
66.4089897 830.0
66.41985614000001 823.0
66.43072258000001 772.0
66.44158902000001 740.0
66.45245546 774.0
66.4633219 771.0
66.47418834 811.0
66.48505478 819.0
66.49592122 774.0
66.50678766 835.0
66.5176541 795.0
66.52852053999999 771.0
66.53938697999999 750.0
66.55025341999999 775.0
66.56111985999999 802.0
66.57198629999999 781.0
66.58285273999999 775.0
66.59371918 789.0
66.60458562 799.0
66.61545206 751.0
66.6263185 762.0
66.63718494 746.0
66.64805138 745.0
66.65891782 712.0
66.66978426 770.0
66.6806507 711.0
66.69151714 759.0
66.70238358 756.0
66.71325002 738.0
66.72411646 688.0
66.7349829 742.0
66.74584934 764.0
66.75671578000001 754.0
66.76758222000001 763.0
66.77844866000001 810.0
66.7893151 752.0
66.80018154 739.0
66.81104798 834.0
66.82191442 757.0
66.83278086 785.0
66.8436473 759.0
66.85451374 785.0
66.86538017999999 805.0
66.87624661999999 807.0
66.88711305999999 800.0
66.89797949999999 864.0
66.90884593999999 862.0
66.91971237999999 846.0
66.93057882 873.0
66.94144526 897.0
66.9523117 896.0
66.96317814 920.0
66.97404458 958.0
66.98491102 1036.0
66.99577746 1112.0
67.0066439 1153.0
67.01751034 1088.0
67.02837678 1300.0
67.03924322 1225.0
67.05010966 1226.0
67.0609761 1255.0
67.07184254 1276.0
67.08270898 1431.0
67.09357542000001 1389.0
67.10444186000001 1370.0
67.1153083 1464.0
67.12617474 1387.0
67.13704118 1460.0
67.14790762 1395.0
67.15877406 1398.0
67.1696405 1393.0
67.18050694 1327.0
67.19137338 1323.0
67.20223981999999 1269.0
67.21310625999999 1253.0
67.22397269999999 1264.0
67.23483913999999 1282.0
67.24570557999999 1208.0
67.25657202 1209.0
67.26743846 1158.0
67.2783049 1249.0
67.28917134 1171.0
67.30003778 1215.0
67.31090422 1136.0
67.32177066 1176.0
67.3326371 1240.0
67.34350354 1156.0
67.35436998 1247.0
67.36523642 1168.0
67.37610286 1169.0
67.3869693 1185.0
67.39783574 1123.0
67.40870218 1171.0
67.41956862 1152.0
67.43043506000001 1029.0
67.44130150000001 1009.0
67.45216794 1034.0
67.46303438 979.0
67.47390082 901.0
67.48476726 869.0
67.4956337 869.0
67.50650014 830.0
67.51736658 865.0
67.52823302 835.0
67.53909945999999 878.0
67.54996589999999 876.0
67.56083233999999 803.0
67.57169877999999 805.0
67.58256521999999 878.0
67.59343166 849.0
67.6042981 821.0
67.61516454 864.0
67.62603098 811.0
67.63689742 794.0
67.64776386 814.0
67.6586303 735.0
67.66949674 743.0
67.68036318 731.0
67.69122962 719.0
67.70209606 693.0
67.7129625 703.0
67.72382894 709.0
67.73469538 641.0
67.74556182 647.0
67.75642826 701.0
67.76729470000001 689.0
67.77816114000001 709.0
67.78902758 685.0
67.79989402 686.0
67.81076046 702.0
67.8216269 678.0
67.83249334 688.0
67.84335978 697.0
67.85422622 739.0
67.86509266 757.0
67.87595909999999 760.0
67.88682553999999 761.0
67.89769197999999 755.0
67.90855841999999 807.0
67.91942485999999 789.0
67.9302913 795.0
67.94115774 849.0
67.95202418 867.0
67.96289062 876.0
67.97375706 905.0
67.9846235 963.0
67.99548994 1019.0
68.00635638 1026.0
68.01722282 1057.0
68.02808926 1048.0
68.0389557 1078.0
68.04982214 1022.0
68.06068858 1065.0
68.07155502 1076.0
68.08242146 1016.0
68.0932879 1051.0
68.10415434000001 897.0
68.11502078000001 1028.0
68.12588722 911.0
68.13675366 941.0
68.1476201 950.0
68.15848654 944.0
68.16935298 889.0
68.18021942 848.0
68.19108586 906.0
68.2019523 923.0
68.21281873999999 891.0
68.22368517999999 957.0
68.23455161999999 911.0
68.24541805999999 899.0
68.25628449999999 825.0
68.26715094 854.0
68.27801738 854.0
68.28888382 772.0
68.29975026 837.0
68.3106167 823.0
68.32148314 858.0
68.33234958 752.0
68.34321602 736.0
68.35408246 738.0
68.3649489 733.0
68.37581534 677.0
68.38668178 698.0
68.39754822 699.0
68.40841466 707.0
68.4192811 694.0
68.43014754000001 681.0
68.44101398000001 656.0
68.45188042000001 673.0
68.46274686 662.0
68.4736133 647.0
68.48447974 667.0
68.49534618 664.0
68.50621262 644.0
68.51707906 607.0
68.5279455 666.0
68.53881194 642.0
68.54967837999999 622.0
68.56054481999999 680.0
68.57141125999999 637.0
68.58227769999999 606.0
68.59314413999999 645.0
68.60401058 656.0
68.61487702 655.0
68.62574346 655.0
68.6366099 654.0
68.64747634 658.0
68.65834278 686.0
68.66920922 642.0
68.68007566 640.0
68.6909421 662.0
68.70180854 682.0
68.71267498 620.0
68.72354142 676.0
68.73440786 665.0
68.7452743 659.0
68.75614074 627.0
68.76700718000001 644.0
68.77787362000001 625.0
68.78874006000001 614.0
68.7996065 652.0
68.81047294 673.0
68.82133938 639.0
68.83220582 665.0
68.84307226 633.0
68.8539387 642.0
68.86480514 642.0
68.87567157999999 632.0
68.88653801999999 652.0
68.89740445999999 656.0
68.90827089999999 639.0
68.91913733999999 653.0
68.93000377999999 629.0
68.94087022 646.0
68.95173666 677.0
68.9626031 607.0
68.97346954 680.0
68.98433598 625.0
68.99520242 650.0
69.00606886 671.0
69.0169353 659.0
69.02780174 694.0
69.03866818 619.0
69.04953462 670.0
69.06040106 677.0
69.0712675 663.0
69.08213394 688.0
69.09300038 644.0
69.10386682000001 638.0
69.11473326000001 634.0
69.12559970000001 710.0
69.13646614 696.0
69.14733258 681.0
69.15819902 675.0
69.16906546 694.0
69.1799319 709.0
69.19079834 764.0
69.20166478 736.0
69.21253121999999 776.0
69.22339765999999 795.0
69.23426409999999 862.0
69.24513053999999 820.0
69.25599697999999 843.0
69.26686341999999 922.0
69.27772986 937.0
69.2885963 988.0
69.29946274 967.0
69.31032918 1029.0
69.32119562 1057.0
69.33206206 1106.0
69.3429285 1082.0
69.35379494 1063.0
69.36466138 1112.0
69.37552782 1041.0
69.38639426 1075.0
69.3972607 1058.0
69.40812714 1044.0
69.41899358 1063.0
69.42986002 1068.0
69.44072646000001 1040.0
69.45159290000001 1056.0
69.46245934 1028.0
69.47332578 1123.0
69.48419222 1081.0
69.49505866 1091.0
69.5059251 1094.0
69.51679154 1071.0
69.52765798 1092.0
69.53852442 1113.0
69.54939085999999 1089.0
69.56025729999999 1149.0
69.57112373999999 1025.0
69.58199017999999 1094.0
69.59285661999999 990.0
69.60372306 1055.0
69.6145895 1017.0
69.62545594 952.0
69.63632238 934.0
69.64718882 872.0
69.65805526 870.0
69.6689217 955.0
69.67978814 860.0
69.69065458 867.0
69.70152102 863.0
69.71238746 795.0
69.7232539 851.0
69.73412034 801.0
69.74498678 824.0
69.75585322 814.0
69.76671966 796.0
69.77758610000001 802.0
69.78845254000001 757.0
69.79931898 732.0
69.81018542 727.0
69.82105186 656.0
69.8319183 717.0
69.84278474 661.0
69.85365118 688.0
69.86451762 702.0
69.87538406 706.0
69.88625049999999 682.0
69.89711693999999 687.0
69.90798337999999 655.0
69.91884981999999 698.0
69.92971625999999 667.0
69.9405827 704.0
69.95144914 628.0
69.96231558 649.0
69.97318202 639.0
69.98404846 684.0
69.9949149 700.0
70.00578134 654.0
70.01664778 653.0
70.02751422 687.0
70.03838066 670.0
70.0492471 655.0
70.06011354 672.0
70.07097998 685.0
70.08184642 667.0
70.09271286 673.0
70.1035793 675.0
70.11444574000001 689.0
70.12531218000001 673.0
70.13617862 662.0
70.14704506 664.0
70.1579115 702.0
70.16877794 678.0
70.17964438 743.0
70.19051082 716.0
70.20137726 759.0
70.2122437 742.0
70.22311013999999 784.0
70.23397657999999 802.0
70.24484301999999 788.0
70.25570945999999 773.0
70.26657589999999 844.0
70.27744234 806.0
70.28830878 759.0
70.29917522 801.0
70.31004166 839.0
70.3209081 877.0
70.33177454 875.0
70.34264098 888.0
70.35350742 913.0
70.36437386 866.0
70.3752403 926.0
70.38610674 875.0
70.39697318 870.0
70.40783962 928.0
70.41870606 889.0
70.4295725 894.0
70.44043894 914.0
70.45130538000001 806.0
70.46217182000001 864.0
70.47303826 877.0
70.4839047 831.0
70.49477114 817.0
70.50563758 843.0
70.51650402 811.0
70.52737046 879.0
70.5382369 847.0
70.54910334 835.0
70.55996977999999 793.0
70.57083621999999 857.0
70.58170265999999 798.0
70.59256909999999 805.0
70.60343553999999 773.0
70.61430198 825.0
70.62516842 779.0
70.63603486 802.0
70.6469013 778.0
70.65776774 750.0
70.66863418 763.0
70.67950062 656.0
70.69036706 751.0
70.7012335 709.0
70.71209994 740.0
70.72296638 714.0
70.73383282 709.0
70.74469926 690.0
70.7555657 695.0
70.76643214 692.0
70.77729858000001 639.0
70.78816502000001 670.0
70.79903146000001 656.0
70.8098979 647.0
70.82076434 666.0
70.83163078 664.0
70.84249722 683.0
70.85336366 651.0
70.8642301 652.0
70.87509654 670.0
70.88596298 607.0
70.89682941999999 606.0
70.90769585999999 627.0
70.91856229999999 600.0
70.92942873999999 614.0
70.94029517999999 601.0
70.95116162 657.0
70.96202806 616.0
70.9728945 602.0
70.98376094 610.0
70.99462738 622.0
71.00549382 622.0
71.01636026 600.0
71.0272267 642.0
71.03809314 625.0
71.04895958 674.0
71.05982602 648.0
71.07069246 623.0
71.0815589 618.0
71.09242534 632.0
71.10329178 603.0
71.11415822000001 602.0
71.12502466000001 659.0
71.13589110000001 641.0
71.14675754 605.0
71.15762398 681.0
71.16849042 666.0
71.17935686 628.0
71.1902233 652.0
71.20108974 632.0
71.21195618 605.0
71.22282261999999 674.0
71.23368905999999 606.0
71.24455549999999 618.0
71.25542193999999 612.0
71.26628837999999 627.0
71.27715481999999 674.0
71.28802126 603.0
71.2988877 631.0
71.30975414 662.0
71.32062058 626.0
71.33148702 686.0
71.34235346 616.0
71.3532199 626.0
71.36408634 632.0
71.37495278 670.0
71.38581922 627.0
71.39668566 702.0
71.4075521 663.0
71.41841854 654.0
71.42928498 670.0
71.44015142 709.0
71.45101786000001 672.0
71.46188430000001 741.0
71.47275074000001 705.0
71.48361718 677.0
71.49448362 692.0
71.50535006 704.0
71.5162165 734.0
71.52708294 818.0
71.53794938 745.0
71.54881582 806.0
71.55968225999999 820.0
71.57054869999999 837.0
71.58141513999999 834.0
71.59228157999999 876.0
71.60314801999999 883.0
71.61401445999999 885.0
71.6248809 944.0
71.63574734 925.0
71.64661378 1047.0
71.65748022 999.0
71.66834666 1065.0
71.6792131 990.0
71.69007954 1151.0
71.70094598 1125.0
71.71181242 1105.0
71.72267886 1134.0
71.7335453 1157.0
71.74441174 1152.0
71.75527818 1140.0
71.76614462 1164.0
71.77701106 1114.0
71.78787750000001 1125.0
71.79874394000001 1136.0
71.80961038 1110.0
71.82047682 1053.0
71.83134326 1076.0
71.8422097 1054.0
71.85307614 1100.0
71.86394258 1033.0
71.87480902 1021.0
71.88567546 998.0
71.89654189999999 1041.0
71.90740833999999 1057.0
71.91827477999999 981.0
71.92914121999999 1031.0
71.94000765999999 1022.0
71.9508741 899.0
71.96174054 954.0
71.97260698 936.0
71.98347342 936.0
71.99433986 910.0
72.0052063 945.0
72.01607274 871.0
72.02693918 914.0
72.03780562 833.0
72.04867206 835.0
72.0595385 833.0
72.07040494 858.0
72.08127138 829.0
72.09213782 748.0
72.10300426 855.0
72.1138707 762.0
72.12473714000001 799.0
72.13560358000001 825.0
72.14647002 750.0
72.15733646 813.0
72.1682029 780.0
72.17906934 777.0
72.18993578 771.0
72.20080222 759.0
72.21166866 800.0
72.2225351 716.0
72.23340153999999 823.0
72.24426797999999 814.0
72.25513441999999 763.0
72.26600085999999 787.0
72.27686729999999 836.0
72.28773374 815.0
72.29860018 824.0
72.30946662 765.0
72.32033306 816.0
72.3311995 835.0
72.34206594 786.0
72.35293238 817.0
72.36379882 794.0
72.37466526 853.0
72.3855317 772.0
72.39639814 787.0
72.40726458 840.0
72.41813102 813.0
72.42899746 742.0
72.4398639 780.0
72.45073034 794.0
72.46159678000001 731.0
72.47246322000001 740.0
72.48332966 800.0
72.4941961 707.0
72.50506254 765.0
72.51592898 789.0
72.52679542 728.0
72.53766186 732.0
72.5485283 732.0
72.55939474 681.0
72.57026117999999 732.0
72.58112761999999 680.0
72.59199405999999 682.0
72.60286049999999 706.0
72.61372693999999 707.0
72.62459338 719.0
72.63545982 667.0
72.64632626 700.0
72.6571927 722.0
72.66805914 687.0
72.67892558 664.0
72.68979202 610.0
72.70065846 629.0
72.7115249 648.0
72.72239134 639.0
72.73325778 596.0
72.74412422 621.0
72.75499066 633.0
72.7658571 636.0
72.77672354 644.0
72.78758998 611.0
72.79845642000001 571.0
72.80932286000001 628.0
72.8201893 630.0
72.83105574 583.0
72.84192218 628.0
72.85278862 603.0
72.86365506 604.0
72.8745215 567.0
72.88538794 654.0
72.89625438 621.0
72.90712081999999 622.0
72.91798725999999 624.0
72.92885369999999 590.0
72.93972013999999 623.0
72.95058657999999 660.0
72.96145302 611.0
72.97231946 603.0
72.9831859 593.0
72.99405234 621.0
73.00491878 632.0
73.01578522 640.0
73.02665166 615.0
73.0375181 590.0
73.04838454 663.0
73.05925098 623.0
73.07011742 654.0
73.08098386 673.0
73.0918503 614.0
73.10271674 614.0
73.11358318 584.0
73.12444962000001 632.0
73.13531606000001 602.0
73.14618250000001 612.0
73.15704894 574.0
73.16791538 662.0
73.17878182 659.0
73.18964826 635.0
73.2005147 615.0
73.21138114 629.0
73.22224758 639.0
73.23311402 619.0
73.24398045999999 651.0
73.25484689999999 644.0
73.26571333999999 645.0
73.27657977999999 644.0
73.28744621999999 683.0
73.29831266 669.0
73.3091791 700.0
73.32004554 670.0
73.33091198 756.0
73.34177842 694.0
73.35264486 716.0
73.3635113 792.0
73.37437774 704.0
73.38524418 714.0
73.39611062 729.0
73.40697706 717.0
73.4178435 722.0
73.42870994 735.0
73.43957638 805.0
73.45044282 844.0
73.46130926000001 859.0
73.47217570000001 953.0
73.48304214000001 901.0
73.49390858 913.0
73.50477502 903.0
73.51564146 929.0
73.5265079 988.0
73.53737434 1021.0
73.54824078 1005.0
73.55910722 1053.0
73.56997365999999 1117.0
73.58084009999999 1162.0
73.59170653999999 1172.0
73.60257297999999 1233.0
73.61343941999999 1208.0
73.62430585999999 1275.0
73.6351723 1270.0
73.64603874 1325.0
73.65690518 1271.0
73.66777162 1314.0
73.67863806 1256.0
73.6895045 1318.0
73.70037094 1305.0
73.71123738 1321.0
73.72210382 1328.0
73.73297026 1255.0
73.7438367 1327.0
73.75470314 1311.0
73.76556958 1376.0
73.77643602 1325.0
73.78730246 1452.0
73.79816890000001 1510.0
73.80903534000001 1538.0
73.81990178000001 1638.0
73.83076822 1731.0
73.84163466 1804.0
73.8525011 1907.0
73.86336754 1960.0
73.87423398 2013.0
73.88510042 2098.0
73.89596686 2202.0
73.90683329999999 2149.0
73.91769973999999 2136.0
73.92856617999999 2181.0
73.93943261999999 2088.0
73.95029905999999 2002.0
73.96116549999999 1982.0
73.97203194 1877.0
73.98289838 1685.0
73.99376482 1641.0
74.00463126 1582.0
74.0154977 1538.0
74.02636414 1394.0
74.03723058 1382.0
74.04809702 1390.0
74.05896346 1412.0
74.0698299 1343.0
74.08069634 1388.0
74.09156278 1465.0
74.10242922 1370.0
74.11329566 1354.0
74.12416209999999 1348.0
74.13502854 1367.0
74.14589498 1339.0
74.15676142 1316.0
74.16762786 1279.0
74.1784943 1206.0
74.18936074 1159.0
74.20022718 1110.0
74.21109362 1026.0
74.22196006 920.0
74.2328265 994.0
74.24369294 877.0
74.25455938 844.0
74.26542582 842.0
74.27629226 763.0
74.28715869999999 781.0
74.29802514 816.0
74.30889158 758.0
74.31975802 763.0
74.33062446 728.0
74.3414909 741.0
74.35235734 698.0
74.36322378 688.0
74.37409022 694.0
74.38495666 684.0
74.3958231 651.0
74.40668954 650.0
74.41755598 668.0
74.42842242 669.0
74.43928886 657.0
74.45015529999999 674.0
74.46102173999999 645.0
74.47188818 662.0
74.48275462 655.0
74.49362106 626.0
74.5044875 632.0
74.51535394 642.0
74.52622038 622.0
74.53708682 673.0
74.54795326 652.0
74.5588197 644.0
74.56968614 663.0
74.58055258 647.0
74.59141902 629.0
74.60228546 646.0
74.6131519 685.0
74.62401833999999 677.0
74.63488478 631.0
74.64575122 637.0
74.65661766 611.0
74.6674841 709.0
74.67835054 627.0
74.68921698 689.0
74.70008342 614.0
74.71094986 701.0
74.7218163 716.0
74.73268274 718.0
74.74354918 708.0
74.75441562 735.0
74.76528206 828.0
74.7761485 748.0
74.78701493999999 855.0
74.79788137999999 912.0
74.80874782 1007.0
74.81961426 1038.0
74.8304807 1119.0
74.84134714 1205.0
74.85221358 1310.0
74.86308002 1393.0
74.87394646 1512.0
74.8848129 1615.0
74.89567934 1632.0
74.90654578 1723.0
74.91741222 1812.0
74.92827866 1823.0
74.9391451 1812.0
74.95001154 1732.0
74.96087797999999 1726.0
74.97174442 1627.0
74.98261086 1537.0
74.9934773 1504.0
75.00434374 1347.0
75.01521018 1409.0
75.02607662 1262.0
75.03694306 1235.0
75.0478095 1196.0
75.05867594 1256.0
75.06954238 1242.0
75.08040882 1274.0
75.09127526 1289.0
75.1021417 1239.0
75.11300814 1309.0
75.12387457999999 1385.0
75.13474101999999 1405.0
75.14560746 1353.0
75.1564739 1474.0
75.16734034 1411.0
75.17820678 1313.0
75.18907322 1296.0
75.19993966 1206.0
75.2108061 1232.0
75.22167254 1141.0
75.23253898 1129.0
75.24340542 1090.0
75.25427186 1064.0
75.2651383 988.0
75.27600474 952.0
75.28687118 972.0
75.29773761999999 973.0
75.30860406 964.0
75.3194705 926.0
75.33033694 965.0
75.34120338 944.0
75.35206982 962.0
75.36293626 969.0
75.3738027 916.0
75.38466914 955.0
75.39553558 982.0
75.40640202 953.0
75.41726846 944.0
75.4281349 958.0
75.43900134 987.0
75.44986778 960.0
75.46073421999999 967.0
75.47160066 970.0
75.4824671 961.0
75.49333354 937.0
75.50419998 927.0
75.51506642 894.0
75.52593286 894.0
75.5367993 870.0
75.54766574 898.0
75.55853218 842.0
75.56939862 837.0
75.58026506 840.0
75.5911315 820.0
75.60199794 858.0
75.61286438 831.0
75.62373081999999 824.0
75.63459725999999 806.0
75.6454637 771.0
75.65633014 791.0
75.66719658 750.0
75.67806302 776.0
75.68892946 779.0
75.6997959 767.0
75.71066234 736.0
75.72152878 735.0
75.73239522 724.0
75.74326166 725.0
75.7541281 664.0
75.76499454 717.0
75.77586098 657.0
75.78672742 700.0
75.79759385999999 633.0
75.8084603 664.0
75.81932674 627.0
75.83019318 659.0
75.84105962 667.0
75.85192606 676.0
75.8627925 643.0
75.87365894 649.0
75.88452538 604.0
75.89539182 633.0
75.90625826 607.0
75.9171247 648.0
75.92799114 656.0
75.93885758 633.0
75.94972402 591.0
75.96059045999999 593.0
75.97145689999999 636.0
75.98232334 608.0
75.99318978 616.0
76.00405622 589.0
76.01492266 605.0
76.0257891 570.0
76.03665554 668.0
76.04752198 597.0
76.05838842 588.0
76.06925486 562.0
76.0801213 616.0
76.09098774 578.0
76.10185418 618.0
76.11272062 646.0
76.12358706 624.0
76.13445349999999 597.0
76.14531994 597.0
76.15618638 627.0
76.16705282 620.0
76.17791926 617.0
76.1887857 647.0
76.19965214 554.0
76.21051858 656.0
76.22138502 598.0
76.23225146 613.0
76.2431179 610.0
76.25398434 585.0
76.26485078 592.0
76.27571722 586.0
76.28658366 634.0
76.29745009999999 585.0
76.30831653999999 594.0
76.31918298 606.0
76.33004942 595.0
76.34091586 599.0
76.3517823 578.0
76.36264874 618.0
76.37351518 570.0
76.38438162 604.0
76.39524806 551.0
76.4061145 603.0
76.41698094 585.0
76.42784738 540.0
76.43871382 575.0
76.44958026 577.0
76.4604467 627.0
76.47131313999999 559.0
76.48217958 602.0
76.49304602 549.0
76.50391246 580.0
76.5147789 586.0
76.52564534 598.0
76.53651178 514.0
76.54737822 605.0
76.55824466 594.0
76.5691111 588.0
76.57997754 565.0
76.59084398 587.0
76.60171042 612.0
76.61257686 590.0
76.6234433 604.0
76.63430973999999 566.0
76.64517617999999 607.0
76.65604262 586.0
76.66690906 584.0
76.6777755 561.0
76.68864194 606.0
76.69950838 607.0
76.71037482 612.0
76.72124126 594.0
76.7321077 610.0
76.74297414 593.0
76.75384058 620.0
76.76470702 590.0
76.77557346 610.0
76.7864399 601.0
76.79730633999999 604.0
76.80817277999999 571.0
76.81903922 599.0
76.82990566 609.0
76.8407721 600.0
76.85163854 589.0
76.86250498 596.0
76.87337142 577.0
76.88423786 640.0
76.8951043 586.0
76.90597074 620.0
76.91683718 574.0
76.92770362 643.0
76.93857006 550.0
76.9494365 608.0
76.96030294 638.0
76.97116937999999 618.0
76.98203582 614.0
76.99290226 663.0
77.0037687 641.0
77.01463514 656.0
77.02550158 650.0
77.03636802 664.0
77.04723446 664.0
77.0581009 673.0
77.06896734 713.0
77.07983378 735.0
77.09070022 700.0
77.10156666 749.0
77.1124331 725.0
77.12329954 702.0
77.13416597999999 778.0
77.14503241999999 709.0
77.15589886 779.0
77.1667653 661.0
77.17763174 772.0
77.18849818 775.0
77.19936462 803.0
77.21023106 779.0
77.2210975 754.0
77.23196394 776.0
77.24283038 807.0
77.25369682 786.0
77.26456326 733.0
77.2754297 757.0
77.28629614 754.0
77.29716258 789.0
77.30802901999999 729.0
77.31889546 772.0
77.3297619 765.0
77.34062834 754.0
77.35149478 708.0
77.36236122 725.0
77.37322766 760.0
77.3840941 747.0
77.39496054 721.0
77.40582698 732.0
77.41669342 722.0
77.42755986 734.0
77.4384263 681.0
77.44929274 738.0
77.46015918 693.0
77.47102561999999 765.0
77.48189205999999 667.0
77.4927585 719.0
77.50362494 698.0
77.51449138 715.0
77.52535782 669.0
77.53622426 671.0
77.5470907 674.0
77.55795714 673.0
77.56882358 638.0
77.57969002 666.0
77.59055646 596.0
77.6014229 670.0
77.61228934 624.0
77.62315578 708.0
77.63402221999999 644.0
77.64488865999999 638.0
77.6557551 635.0
77.66662154 648.0
77.67748798 609.0
77.68835442 603.0
77.69922086 650.0
77.7100873 622.0
77.72095374 639.0
77.73182018 581.0
77.74268662 618.0
77.75355306 633.0
77.7644195 625.0
77.77528594 598.0
77.78615238 621.0
77.79701882 560.0
77.80788525999999 587.0
77.81875169999999 568.0
77.82961814 580.0
77.84048458 618.0
77.85135102 586.0
77.86221746 594.0
77.8730839 616.0
77.88395034 563.0
77.89481678 613.0
77.90568322 619.0
77.91654966 595.0
77.9274161 606.0
77.93828254 612.0
77.94914898 557.0
77.96001542 582.0
77.97088185999999 588.0
77.98174829999999 589.0
77.99261474 541.0
78.00348118 600.0
78.01434762 569.0
78.02521406 560.0
78.0360805 584.0
78.04694694 587.0
78.05781338 566.0
78.06867982 575.0
78.07954626 596.0
78.0904127 563.0
78.10127914 585.0
78.11214558 561.0
78.12301202 550.0
78.13387846 555.0
78.14474489999999 597.0
78.15561134 540.0
78.16647778 573.0
78.17734422 569.0
78.18821066 595.0
78.1990771 526.0
78.20994354 572.0
78.22080998 535.0
78.23167642 596.0
78.24254286 550.0
78.2534093 566.0
78.26427574 584.0
78.27514218 577.0
78.28600862 574.0
78.29687506 562.0
78.30774149999999 546.0
78.31860793999999 588.0
78.32947438 608.0
78.34034082 576.0
78.35120726 510.0
78.3620737 580.0
78.37294014 588.0
78.38380658 595.0
78.39467302 566.0
78.40553946 544.0
78.4164059 536.0
78.42727234 560.0
78.43813878 615.0
78.44900522 583.0
78.45987166 584.0
78.4707381 543.0
78.48160453999999 538.0
78.49247098 593.0
78.50333742 537.0
78.51420386 595.0
78.5250703 539.0
78.53593674 593.0
78.54680318 584.0
78.55766962 633.0
78.56853606 570.0
78.5794025 617.0
78.59026894 615.0
78.60113538 571.0
78.61200182 604.0
78.62286826 656.0
78.6337347 578.0
78.64460113999999 622.0
78.65546757999999 589.0
78.66633402 659.0
78.67720046 599.0
78.6880669 643.0
78.69893334 660.0
78.70979978 624.0
78.72066622 649.0
78.73153266 594.0
78.7423991 613.0
78.75326554 582.0
78.76413198 572.0
78.77499842 605.0
78.78586486 592.0
78.7967313 554.0
78.80759773999999 578.0
78.81846417999999 629.0
78.82933062 562.0
78.84019706 597.0
78.8510635 597.0
78.86192994 602.0
78.87279638 581.0
78.88366282 555.0
78.89452926 535.0
78.9053957 565.0
78.91626214 571.0
78.92712858 582.0
78.93799502 552.0
78.94886146 559.0
78.9597279 584.0
78.97059434 581.0
78.98146077999999 516.0
78.99232721999999 583.0
79.00319366 553.0
79.0140601 527.0
79.02492654 558.0
79.03579298 599.0
79.04665942 532.0
79.05752586 568.0
79.0683923 578.0
79.07925874 508.0
79.09012518 573.0
79.10099162 570.0
79.11185806 542.0
79.1227245 566.0
79.13359094 564.0
79.14445737999999 569.0
79.15532381999999 547.0
79.16619026 539.0
79.1770567 542.0
79.18792314 581.0
79.19878958 563.0
79.20965602 560.0
79.22052246 541.0
79.2313889 583.0
79.24225534 543.0
79.25312178 532.0
79.26398822 544.0
79.27485466 562.0
79.2857211 552.0
79.29658754 523.0
79.30745398 534.0
79.31832041999999 567.0
79.32918686 588.0
79.3400533 583.0
79.35091974 533.0
79.36178618 571.0
79.37265262 504.0
79.38351906 600.0
79.3943855 577.0
79.40525194 549.0
79.41611838 553.0
79.42698482 580.0
79.43785126 605.0
79.4487177 532.0
79.45958414 555.0
79.47045058 566.0
79.48131701999999 546.0
79.49218345999999 536.0
79.5030499 563.0
79.51391634 591.0
79.52478278 545.0
79.53564922 568.0
79.54651566 550.0
79.5573821 547.0
79.56824854 533.0
79.57911498 571.0
79.58998142 577.0
79.60084786 578.0
79.6117143 551.0
79.62258074 578.0
79.63344718 588.0
79.64431362 535.0
79.65518005999999 550.0
79.6660465 552.0
79.67691294 560.0
79.68777938 579.0
79.69864582 576.0
79.70951226 591.0
79.7203787 569.0
79.73124514 559.0
79.74211158 582.0
79.75297802 593.0
79.76384446 564.0
79.7747109 534.0
79.78557734 547.0
79.79644378 569.0
79.80731022 582.0
79.81817665999999 578.0
79.82904309999999 568.0
79.83990954 521.0
79.85077598 546.0
79.86164242 576.0
79.87250886 581.0
79.8833753 562.0
79.89424174 529.0
79.90510818 610.0
79.91597462 583.0
79.92684106 582.0
79.9377075 570.0
79.94857394 559.0
79.95944038 519.0
79.97030682 553.0
79.98117325999999 565.0
79.99203969999999 609.0
80.00290614 556.0
80.01377258 543.0
80.02463902 550.0
80.03550546 503.0
80.0463719 556.0
80.05723834 518.0
80.06810478 637.0
80.07897122 557.0
80.08983766 596.0
80.1007041 551.0
80.11157054 579.0
80.12243698 586.0
80.13330342 583.0
80.14416986 560.0
80.15503629999999 580.0
80.16590273999999 562.0
80.17676918 544.0
80.18763562 546.0
80.19850206 555.0
80.2093685 522.0
80.22023494 530.0
80.23110138 575.0
80.24196782 530.0
80.25283426 548.0
80.2637007 585.0
80.27456714 545.0
80.28543358 572.0
80.29630002 502.0
80.30716646 563.0
80.31803289999999 578.0
80.32889933999999 535.0
80.33976578 540.0
80.35063222 514.0
80.36149866 560.0
80.3723651 564.0
80.38323154 584.0
80.39409798 559.0
80.40496442 604.0
80.41583086 555.0
80.4266973 576.0
80.43756374 582.0
80.44843018 557.0
80.45929662 545.0
80.47016306 606.0
80.4810295 558.0
80.49189593999999 586.0
80.50276238 576.0
80.51362882 572.0
80.52449526 557.0
80.5353617 591.0
80.54622814 545.0
80.55709458 547.0
80.56796102 609.0
80.57882746 558.0
80.5896939 584.0
80.60056034 574.0
80.61142678 603.0
80.62229322 593.0
80.63315966 616.0
80.6440261 626.0
80.65489253999999 653.0
80.66575897999999 627.0
80.67662542 643.0
80.68749186 652.0
80.6983583 688.0
80.70922474 684.0
80.72009118 662.0
80.73095762 676.0
80.74182406 752.0
80.7526905 777.0
80.76355694 717.0
80.77442338 752.0
80.78528982 741.0
80.79615626 695.0
80.8070227 695.0
80.81788914 710.0
80.82875557999999 716.0
80.83962202 677.0
80.85048846 636.0
80.8613549 628.0
80.87222134 671.0
80.88308778 628.0
80.89395422 623.0
80.90482066 648.0
80.9156871 637.0
80.92655354 615.0
80.93741998 637.0
80.94828642 581.0
80.95915286 635.0
80.9700193 633.0
80.98088574 643.0
80.99175217999999 725.0
81.00261861999999 629.0
81.01348506 698.0
81.0243515 660.0
81.03521794 648.0
81.04608438 659.0
81.05695082 609.0
81.06781726 621.0
81.0786837 646.0
81.08955014 604.0
81.10041658 586.0
81.11128302 549.0
81.12214946 639.0
81.1330159 604.0
81.14388234 580.0
81.15474877999999 623.0
81.16561521999999 579.0
81.17648166 594.0
81.1873481 592.0
81.19821454 656.0
81.20908098 603.0
81.21994742 645.0
81.23081386 579.0
81.2416803 617.0
81.25254674 635.0
81.26341318 560.0
81.27427962 678.0
81.28514606 596.0
81.2960125 656.0
81.30687894 613.0
81.31774538 637.0
81.32861181999999 609.0
81.33947825999999 614.0
81.3503447 657.0
81.36121114 643.0
81.37207758 693.0
81.38294402 605.0
81.39381046 624.0
81.4046769 598.0
81.41554334 640.0
81.42640978 639.0
81.43727622 643.0
81.44814266 668.0
81.4590091 701.0
81.46987554 689.0
81.48074198 643.0
81.49160841999999 600.0
81.50247485999999 708.0
81.5133413 698.0
81.52420774 633.0
81.53507418 685.0
81.54594062 684.0
81.55680706 663.0
81.5676735 654.0
81.57853994 658.0
81.58940638 704.0
81.60027282 659.0
81.61113926 677.0
81.6220057 692.0
81.63287214 705.0
81.64373858 680.0
81.65460502 723.0
81.66547145999999 755.0
81.6763379 722.0
81.68720434 738.0
81.69807078 760.0
81.70893722 755.0
81.71980366 754.0
81.7306701 764.0
81.74153654 830.0
81.75240298 787.0
81.76326942 822.0
81.77413586 821.0
81.7850023 842.0
81.79586874 867.0
81.80673518 812.0
81.81760162 884.0
81.82846805999999 865.0
81.83933449999999 845.0
81.85020094 956.0
81.86106738 831.0
81.87193382 893.0
81.88280026 826.0
81.8936667 892.0
81.90453314 819.0
81.91539958 858.0
81.92626602 813.0
81.93713246 830.0
81.9479989 818.0
81.95886534 808.0
81.96973178 782.0
81.98059822 818.0
81.99146466 864.0
82.00233109999999 875.0
82.01319754 861.0
82.02406398 809.0
82.03493042 811.0
82.04579686 807.0
82.0566633 858.0
82.06752974 814.0
82.07839618 802.0
82.08926262 806.0
82.10012906 823.0
82.1109955 745.0
82.12186194 711.0
82.13272838 774.0
82.14359482 699.0
82.15446126 752.0
82.16532769999999 729.0
82.17619413999999 733.0
82.18706058 680.0
82.19792702 697.0
82.20879346 680.0
82.2196599 699.0
82.23052634 683.0
82.24139278 705.0
82.25225922 704.0
82.26312566 704.0
82.2739921 723.0
82.28485854 718.0
82.29572498 726.0
82.30659142 718.0
82.31745786 717.0
82.32832429999999 674.0
82.33919073999999 723.0
82.35005718 691.0
82.36092362 687.0
82.37179006 648.0
82.3826565 624.0
82.39352294 627.0
82.40438938 603.0
82.41525582 665.0
82.42612226 658.0
82.4369887 673.0
82.44785514 631.0
82.45872158 592.0
82.46958802 613.0
82.48045446 645.0
82.4913209 643.0
82.50218733999999 615.0
82.51305377999999 606.0
82.52392022 594.0
82.53478666 614.0
82.5456531 604.0
82.55651954 600.0
82.56738598 552.0
82.57825242 663.0
82.58911886 584.0
82.5999853 589.0
82.61085174 588.0
82.62171818 577.0
82.63258462 601.0
82.64345106 594.0
82.6543175 607.0
82.66518393999999 556.0
82.67605037999999 584.0
82.68691682 563.0
82.69778326 605.0
82.7086497 588.0
82.71951614 589.0
82.73038258 594.0
82.74124902 555.0
82.75211546 568.0
82.7629819 610.0
82.77384834 594.0
82.78471478 593.0
82.79558122 568.0
82.80644766 572.0
82.8173141 596.0
82.82818054 558.0
82.83904697999999 594.0
82.84991342 609.0
82.86077986 554.0
82.8716463 608.0
82.88251274 619.0
82.89337918 644.0
82.90424562 583.0
82.91511206 634.0
82.9259785 626.0
82.93684494 609.0
82.94771138 600.0
82.95857782 642.0
82.96944426 686.0
82.9803107 655.0
82.99117714 691.0
83.00204357999999 699.0
83.01291001999999 686.0
83.02377646 706.0
83.0346429 678.0
83.04550934 669.0
83.05637578 801.0
83.06724222 740.0
83.07810866 749.0
83.0889751 728.0
83.09984154 653.0
83.11070798 774.0
83.12157442 754.0
83.13244086 775.0
83.1433073 691.0
83.15417374 702.0
83.16504018 758.0
83.17590661999999 714.0
83.18677306 687.0
83.1976395 705.0
83.20850594 674.0
83.21937238 655.0
83.23023882 700.0
83.24110526 668.0
83.2519717 692.0
83.26283814 664.0
83.27370458 681.0
83.28457102 674.0
83.29543746 651.0
83.3063039 606.0
83.31717034 659.0
83.32803678 676.0
83.33890321999999 723.0
83.34976965999999 635.0
83.3606361 679.0
83.37150254 649.0
83.38236898 693.0
83.39323542 628.0
83.40410186 663.0
83.4149683 608.0
83.42583474 604.0
83.43670118 650.0
83.44756762 592.0
83.45843406 642.0
83.4693005 640.0
83.48016694 604.0
83.49103338 512.0
83.50189981999999 561.0
83.51276625999999 591.0
83.5236327 563.0
83.53449914 589.0
83.54536558 595.0
83.55623202 576.0
83.56709846 570.0
83.5779649 572.0
83.58883134 561.0
83.59969778 566.0
83.61056422 565.0
83.62143066 570.0
83.6322971 595.0
83.64316354 542.0
83.65402998 571.0
83.66489642 583.0
83.67576285999999 558.0
83.68662929999999 562.0
83.69749574 543.0
83.70836218 571.0
83.71922862 570.0
83.73009506 608.0
83.7409615 535.0
83.75182794 567.0
83.76269438 569.0
83.77356082 560.0
83.78442726 536.0
83.7952937 588.0
83.80616014 569.0
83.81702658 569.0
83.82789302 560.0
83.83875945999999 599.0
83.84962589999999 549.0
83.86049234 586.0
83.87135878 592.0
83.88222522 533.0
83.89309166 543.0
83.9039581 500.0
83.91482454 577.0
83.92569098 571.0
83.93655742 543.0
83.94742386 531.0
83.9582903 555.0
83.96915674 534.0
83.98002318 559.0
83.99088962 540.0
84.00175606 578.0
84.01262249999999 535.0
84.02348894 555.0
84.03435538 568.0
84.04522182 570.0
84.05608826 518.0
84.0669547 564.0
84.07782114 552.0
84.08868758 605.0
84.09955402 571.0
84.11042046 536.0
84.1212869 504.0
84.13215334 528.0
84.14301978 553.0
84.15388622 567.0
84.16475266 541.0
84.17561909999999 554.0
84.18648553999999 548.0
84.19735198 549.0
84.20821842 537.0
84.21908486 552.0
84.2299513 576.0
84.24081774 544.0
84.25168418 583.0
84.26255062 570.0
84.27341706 527.0
84.2842835 553.0
84.29514994 560.0
84.30601638 559.0
84.31688282 542.0
84.32774926 552.0
84.3386157 573.0
84.34948213999999 536.0
84.36034858 507.0
84.37121502 576.0
84.38208146 551.0
84.3929479 551.0
84.40381434 591.0
84.41468078 563.0
84.42554722 565.0
84.43641366 617.0
84.4472801 529.0
84.45814654 595.0
84.46901298 580.0
84.47987942 582.0
84.49074586 599.0
84.5016123 578.0
84.51247873999999 589.0
84.52334517999999 576.0
84.53421162 586.0
84.54507806 573.0
84.5559445 581.0
84.56681094 525.0
84.57767738 610.0
84.58854382 574.0
84.59941026 553.0
84.6102767 613.0
84.62114314 563.0
84.63200958 558.0
84.64287602 635.0
84.65374246 595.0
84.6646089 583.0
84.67547533999999 592.0
84.68634177999999 564.0
84.69720822 590.0
84.70807466 579.0
84.7189411 535.0
84.72980754 586.0
84.74067398 593.0
84.75154042 601.0
84.76240686 567.0
84.7732733 575.0
84.78413974 578.0
84.79500618 565.0
84.80587262 583.0
84.81673906 582.0
84.8276055 550.0
84.83847194 596.0
84.84933837999999 630.0
84.86020481999999 618.0
84.87107126 594.0
84.8819377 586.0
84.89280414 566.0
84.90367058 582.0
84.91453702 574.0
84.92540346 585.0
84.9362699 595.0
84.94713634 580.0
84.95800278 631.0
84.96886922 624.0
84.97973566 606.0
84.9906021 651.0
85.00146854 541.0
85.01233497999999 620.0
85.02320141999999 606.0
85.03406786 624.0
85.0449343 660.0
85.05580074 622.0
85.06666718 651.0
85.07753362 731.0
85.08840006 646.0
85.0992665 642.0
85.11013294 675.0
85.12099938 655.0
85.13186582 689.0
85.14273226 727.0
85.1535987 695.0
85.16446514 659.0
85.17533158 661.0
85.18619801999999 702.0
85.19706445999999 720.0
85.2079309 770.0
85.21879734 769.0
85.22966378 768.0
85.24053022 749.0
85.25139666 732.0
85.2622631 729.0
85.27312954 765.0
85.28399598 697.0
85.29486242 728.0
85.30572886 708.0
85.3165953 719.0
85.32746174 695.0
85.33832818 718.0
85.34919461999999 725.0
85.36006105999999 760.0
85.3709275 727.0
85.38179394 662.0
85.39266038 712.0
85.40352682 689.0
85.41439326 690.0
85.4252597 649.0
85.43612614 719.0
85.44699258 755.0
85.45785902 675.0
85.46872546 684.0
85.4795919 735.0
85.49045834 650.0
85.50132478 670.0
85.51219122 703.0
85.52305765999999 662.0
85.5339241 700.0
85.54479054 707.0
85.55565698 652.0
85.56652342 636.0
85.57738986 687.0
85.5882563 720.0
85.59912274 658.0
85.60998918 644.0
85.62085562 620.0
85.63172206 649.0
85.6425885 618.0
85.65345494 674.0
85.66432138 612.0
85.67518782 642.0
85.68605425999999 634.0
85.69692069999999 641.0
85.70778714 607.0
85.71865358 608.0
85.72952002 565.0
85.74038646 589.0
85.7512529 581.0
85.76211934 622.0
85.77298578 628.0
85.78385222 580.0
85.79471866 614.0
85.8055851 598.0
85.81645154 628.0
85.82731798 574.0
85.83818442 644.0
85.84905085999999 617.0
85.85991729999999 648.0
85.87078374 672.0
85.88165018 643.0
85.89251662 639.0
85.90338306 675.0
85.9142495 701.0
85.92511594 681.0
85.93598238 667.0
85.94684882 762.0
85.95771526 809.0
85.9685817 784.0
85.97944814 845.0
85.99031458 877.0
86.00118102 913.0
86.01204746 955.0
86.02291389999999 990.0
86.03378033999999 1071.0
86.04464678 1100.0
86.05551322 1150.0
86.06637966 1178.0
86.0772461 1259.0
86.08811254 1284.0
86.09897898 1377.0
86.10984542 1362.0
86.12071186 1374.0
86.1315783 1357.0
86.14244474 1426.0
86.15331118 1417.0
86.16417762 1365.0
86.17504406 1332.0
86.18591049999999 1207.0
86.19677693999999 1314.0
86.20764338 1260.0
86.21850982 1210.0
86.22937626 1165.0
86.2402427 1190.0
86.25110914 1197.0
86.26197558 1128.0
86.27284202 1157.0
86.28370846 1065.0
86.2945749 1131.0
86.30544134 1132.0
86.31630778 1203.0
86.32717422 1118.0
86.33804066 1183.0
86.3489071 1219.0
86.35977353999999 1202.0
86.37063997999999 1222.0
86.38150642 1166.0
86.39237286 1138.0
86.4032393 1131.0
86.41410574 1087.0
86.42497218 1116.0
86.43583862 1099.0
86.44670506 1060.0
86.4575715 1005.0
86.46843794 1026.0
86.47930438 935.0
86.49017082 887.0
86.50103726 805.0
86.5119037 855.0
86.52277013999999 855.0
86.53363657999999 862.0
86.54450302 794.0
86.55536946 831.0
86.5662359 812.0
86.57710234 764.0
86.58796878 773.0
86.59883522 749.0
86.60970166 763.0
86.6205681 717.0
86.63143454 714.0
86.64230098 732.0
86.65316742 654.0
86.66403386 694.0
86.6749003 687.0
86.68576674 660.0
86.69663317999999 688.0
86.70749962 704.0
86.71836606 612.0
86.7292325 704.0
86.74009894 709.0
86.75096538 658.0
86.76183182 710.0
86.77269826 623.0
86.7835647 638.0
86.79443114 690.0
86.80529758 667.0
86.81616402 654.0
86.82703046 689.0
86.8378969 655.0
86.84876334 660.0
86.85962977999999 657.0
86.87049621999999 614.0
86.88136266 642.0
86.8922291 643.0
86.90309554 641.0
86.91396198 615.0
86.92482842 618.0
86.93569486 592.0
86.9465613 589.0
86.95742774 583.0
86.96829418 607.0
86.97916062 613.0
86.99002706 579.0
87.0008935 602.0
87.01175994 561.0
87.02262637999999 600.0
87.03349281999999 565.0
87.04435926 547.0
87.0552257 593.0
87.06609214 530.0
87.07695858 546.0
87.08782502 594.0
87.09869146 583.0
87.1095579 549.0
87.12042434 596.0
87.13129078 617.0
87.14215722 591.0
87.15302366 543.0
87.1638901 573.0
87.17475654 571.0
87.18562298 583.0
87.19648941999999 597.0
87.20735585999999 592.0
87.2182223 545.0
87.22908874 570.0
87.23995518 570.0
87.25082162 540.0
87.26168806 564.0
87.2725545 576.0
87.28342094 535.0
87.29428738 552.0
87.30515382 590.0
87.31602026 572.0
87.3268867 581.0
87.33775314 539.0
87.34861958 547.0
87.35948601999999 540.0
87.37035245999999 559.0
87.3812189 590.0
87.39208534 568.0
87.40295178 566.0
87.41381822 609.0
87.42468466 574.0
87.4355511 573.0
87.44641754 608.0
87.45728398 603.0
87.46815042 601.0
87.47901686 617.0
87.4898833 585.0
87.50074974 622.0
87.51161618 632.0
87.52248262 548.0
87.53334905999999 644.0
87.54421549999999 679.0
87.55508194 600.0
87.56594838 631.0
87.57681482 632.0
87.58768126 607.0
87.5985477 629.0
87.60941414 597.0
87.62028058 596.0
87.63114702 628.0
87.64201346 636.0
87.6528799 603.0
87.66374634 609.0
87.67461278 620.0
87.68547922 622.0
87.69634565999999 612.0
87.70721209999999 585.0
87.71807854 609.0
87.72894498 608.0
87.73981142 602.0
87.75067786 627.0
87.7615443 602.0
87.77241074 603.0
87.78327718 609.0
87.79414362 596.0
87.80501006 536.0
87.8158765 569.0
87.82674294 577.0
87.83760938 586.0
87.84847582 596.0
87.85934226 573.0
87.87020869999999 636.0
87.88107514 599.0
87.89194158 571.0
87.90280802 538.0
87.91367446 538.0
87.9245409 559.0
87.93540734 559.0
87.94627378 538.0
87.95714022 608.0
87.96800666 577.0
87.9788731 582.0
87.98973954 543.0
88.00060598 566.0
88.01147242 488.0
88.02233886 583.0
88.03320529999999 584.0
88.04407173999999 594.0
88.05493818 552.0
88.06580462 568.0
88.07667106 548.0
88.0875375 533.0
88.09840394 557.0
88.10927038 523.0
88.12013682 587.0
88.13100326 505.0
88.1418697 505.0
88.15273614 534.0
88.16360258 541.0
88.17446902 507.0
88.18533546 487.0
88.19620189999999 536.0
88.20706833999999 488.0
88.21793478 555.0
88.22880122 542.0
88.23966766 547.0
88.2505341 541.0
88.26140054 523.0
88.27226698 553.0
88.28313342 522.0
88.29399986 535.0
88.3048663 504.0
88.31573274 531.0
88.32659918 514.0
88.33746562 513.0
88.34833206 516.0
88.3591985 509.0
88.37006493999999 570.0
88.38093137999999 527.0
88.39179782 559.0
88.40266426 533.0
88.4135307 567.0
88.42439714 507.0
88.43526358 557.0
88.44613002 535.0
88.45699646 531.0
88.4678629 531.0
88.47872934 563.0
88.48959578 576.0
88.50046222 545.0
88.51132866 538.0
88.5221951 568.0
88.53306153999999 547.0
88.54392797999999 515.0
88.55479442 529.0
88.56566086 611.0
88.5765273 592.0
88.58739374 595.0
88.59826018 526.0
88.60912662 583.0
88.61999306 537.0
88.6308595 539.0
88.64172594 587.0
88.65259238 595.0
88.66345882 527.0
88.67432526 596.0
88.6851917 565.0
88.69605814 596.0
88.70692457999999 511.0
88.71779101999999 557.0
88.72865746 588.0
88.7395239 596.0
88.75039034 562.0
88.76125678 614.0
88.77212322 530.0
88.78298966 531.0
88.7938561 567.0
88.80472254 561.0
88.81558898 553.0
88.82645542 566.0
88.83732186 541.0
88.8481883 575.0
88.85905474 528.0
88.86992117999999 554.0
88.88078761999999 566.0
88.89165406 554.0
88.9025205 529.0
88.91338694 571.0
88.92425338 562.0
88.93511982 539.0
88.94598626 591.0
88.9568527 557.0
88.96771914 559.0
88.97858558 568.0
88.98945202 538.0
89.00031846 550.0
89.0111849 512.0
89.02205134 539.0
89.03291778 552.0
89.04378421999999 544.0
89.05465066 510.0
89.0655171 543.0
89.07638354 555.0
89.08724998 491.0
89.09811642 513.0
89.10898286 537.0
89.1198493 536.0
89.13071574 511.0
89.14158218 579.0
89.15244862 580.0
89.16331506 555.0
89.1741815 577.0
89.18504794 506.0
89.19591438 550.0
89.20678081999999 531.0
89.21764725999999 589.0
89.2285137 509.0
89.23938014 525.0
89.25024658 513.0
89.26111302 551.0
89.27197946 473.0
89.2828459 541.0
89.29371234 537.0
89.30457878 487.0
89.31544522 500.0
89.32631166 495.0
89.3371781 492.0
89.34804454 560.0
89.35891098 492.0
89.36977741999999 487.0
89.38064385999999 533.0
89.3915103 496.0
89.40237674 506.0
89.41324318 502.0
89.42410962 498.0
89.43497606 532.0
89.4458425 476.0
89.45670894 504.0
89.46757538 529.0
89.47844182 488.0
89.48930826 556.0
89.5001747 518.0
89.51104114 483.0
89.52190758 484.0
89.53277402 521.0
89.54364045999999 510.0
89.55450689999999 494.0
89.56537334 499.0
89.57623978 512.0
89.58710622 539.0
89.59797266 502.0
89.6088391 529.0
89.61970554 509.0
89.63057198 526.0
89.64143842 483.0
89.65230486 511.0
89.6631713 506.0
89.67403774 480.0
89.68490418 547.0
89.69577062 511.0
89.70663705999999 503.0
89.71750349999999 484.0
89.72836994 541.0
89.73923638 467.0
89.75010282 519.0
89.76096926 513.0
89.7718357 476.0
89.78270214 506.0
89.79356858 508.0
89.80443502 485.0
89.81530146 464.0
89.8261679 471.0
89.83703434 529.0
89.84790078 519.0
89.85876722 490.0
89.86963366 510.0
89.88050009999999 544.0
89.89136653999999 503.0
89.90223298 519.0
89.91309942 493.0
89.92396586 512.0
89.9348323 494.0
89.94569874 502.0
89.95656518 540.0
89.96743162 464.0
89.97829806 513.0
89.9891645 512.0
90.00003094 566.0
90.01089738 504.0
90.02176382 515.0
90.03263026 526.0
90.04349669999999 508.0
90.05436313999999 505.0
90.06522958 511.0
90.07609602 479.0
90.08696246 504.0
90.0978289 496.0
90.10869534 506.0
90.11956178 531.0
90.13042822 496.0
90.14129466 505.0
90.1521611 488.0
90.16302754 494.0
90.17389398 486.0
90.18476042 518.0
90.19562686 519.0
90.2064933 495.0
90.21735973999999 552.0
90.22822618 515.0
90.23909262 516.0
90.24995906 505.0
90.2608255 494.0
90.27169194 470.0
90.28255838 465.0
90.29342482 533.0
90.30429126 524.0
90.3151577 494.0
90.32602414 535.0
90.33689058 483.0
90.34775702 484.0
90.35862346 516.0
90.3694899 524.0
90.38035633999999 494.0
90.39122277999999 495.0
90.40208922 508.0
90.41295566 470.0
90.4238221 501.0
90.43468854 505.0
90.44555498 514.0
90.45642142 532.0
90.46728786 504.0
90.4781543 526.0
90.48902074 507.0
90.49988718 492.0
90.51075362 537.0
90.52162006 494.0
90.5324865 506.0
90.54335293999999 512.0
90.55421937999999 534.0
90.56508582 481.0
90.57595226 481.0
90.5868187 505.0
90.59768514 524.0
90.60855158 480.0
90.61941802 518.0
90.63028446 516.0
90.6411509 508.0
90.65201734 499.0
90.66288378 479.0
90.67375022 497.0
90.68461666 537.0
90.6954831 534.0
90.70634954 496.0
90.71721597999999 551.0
90.72808241999999 536.0
90.73894886 488.0
90.7498153 510.0
90.76068174 496.0
90.77154818 517.0
90.78241462 516.0
90.79328106 499.0
90.8041475 530.0
90.81501394 515.0
90.82588038 536.0
90.83674682 471.0
90.84761326 491.0
90.8584797 543.0
90.86934614 509.0
90.88021257999999 507.0
90.89107901999999 493.0
90.90194546 513.0
90.9128119 515.0
90.92367834 498.0
90.93454478 509.0
90.94541122 509.0
90.95627766 494.0
90.9671441 514.0
90.97801054 510.0
90.98887698 505.0
90.99974342 490.0
91.01060986 547.0
91.0214763 468.0
91.03234274 491.0
91.04320918 512.0
91.05407561999999 492.0
91.06494205999999 475.0
91.0758085 488.0
91.08667494 510.0
91.09754138 520.0
91.10840782 475.0
91.11927426 519.0
91.1301407 500.0
91.14100714 546.0
91.15187358 524.0
91.16274002 487.0
91.17360646 520.0
91.1844729 493.0
91.19533934 487.0
91.20620578 462.0
91.21707221999999 526.0
91.22793865999999 458.0
91.2388051 547.0
91.24967154 481.0
91.26053798 525.0
91.27140442 495.0
91.28227086 510.0
91.2931373 539.0
91.30400374 505.0
91.31487018 549.0
91.32573662 527.0
91.33660306 513.0
91.3474695 484.0
91.35833594 515.0
91.36920238 512.0
91.38006882 532.0
91.39093525999999 529.0
91.4018017 499.0
91.41266814 528.0
91.42353458 481.0
91.43440102 495.0
91.44526746 530.0
91.4561339 514.0
91.46700034 525.0
91.47786678 538.0
91.48873322 468.0
91.49959966 547.0
91.5104661 519.0
91.52133254 495.0
91.53219898 519.0
91.54306542 479.0
91.55393185999999 469.0
91.56479829999999 477.0
91.57566474 471.0
91.58653118 464.0
91.59739762 513.0
91.60826406 512.0
91.6191305 499.0
91.62999694 520.0
91.64086338 546.0
91.65172982 547.0
91.66259626 490.0
91.6734627 538.0
91.68432914 504.0
91.69519558 501.0
91.70606202 538.0
91.71692845999999 479.0
91.72779489999999 517.0
91.73866134 510.0
91.74952778 568.0
91.76039422 524.0
91.77126066 490.0
91.7821271 573.0
91.79299354 538.0
91.80385998 525.0
91.81472642 545.0
91.82559286 559.0
91.8364593 501.0
91.84732574 574.0
91.85819218 510.0
91.86905862 563.0
91.87992506 551.0
91.89079149999999 542.0
91.90165793999999 497.0
91.91252438 509.0
91.92339082 535.0
91.93425726 549.0
91.9451237 530.0
91.95599014 575.0
91.96685658 546.0
91.97772302 510.0
91.98858946 517.0
91.9994559 539.0
92.01032234 559.0
92.02118878 581.0
92.03205522 559.0
92.04292166 574.0
92.05378809999999 579.0
92.06465453999999 578.0
92.07552098 647.0
92.08638742 634.0
92.09725386 634.0
92.1081203 628.0
92.11898674 653.0
92.12985318 695.0
92.14071962 667.0
92.15158606 727.0
92.1624525 756.0
92.17331894 802.0
92.18418538 880.0
92.19505182 969.0
92.20591826 953.0
92.2167847 1028.0
92.22765113999999 1200.0
92.23851757999999 1192.0
92.24938402 1270.0
92.26025046 1293.0
92.2711169 1330.0
92.28198334 1304.0
92.29284978 1319.0
92.30371622 1346.0
92.31458266 1228.0
92.3254491 1254.0
92.33631554 1160.0
92.34718198 1179.0
92.35804842 1049.0
92.36891486 976.0
92.3797813 918.0
92.39064773999999 872.0
92.40151417999999 850.0
92.41238062 780.0
92.42324706 735.0
92.4341135 757.0
92.44497994 795.0
92.45584638 747.0
92.46671282 762.0
92.47757926 765.0
92.4884457 786.0
92.49931214 798.0
92.51017858 841.0
92.52104502 824.0
92.53191146 909.0
92.5427779 833.0
92.55364434 902.0
92.56451077999999 927.0
92.57537722 1000.0
92.58624366 972.0
92.5971101 979.0
92.60797654 896.0
92.61884298 950.0
92.62970942 885.0
92.64057586 841.0
92.6514423 887.0
92.66230874 778.0
92.67317518 723.0
92.68404162 704.0
92.69490806 736.0
92.7057745 640.0
92.71664094 678.0
92.72750737999999 590.0
92.73837381999999 648.0
92.74924026 635.0
92.7601067 619.0
92.77097314 543.0
92.78183958 598.0
92.79270602 548.0
92.80357246 571.0
92.8144389 560.0
92.82530534 562.0
92.83617178 566.0
92.84703822 543.0
92.85790466 546.0
92.8687711 576.0
92.87963754 571.0
92.89050397999999 598.0
92.90137041999999 543.0
92.91223686 549.0
92.9231033 525.0
92.93396974 600.0
92.94483618 563.0
92.95570262 540.0
92.96656906 627.0
92.9774355 538.0
92.98830194 578.0
92.99916838 636.0
93.01003482 646.0
93.02090126 540.0
93.0317677 658.0
93.04263414 650.0
93.05350058 738.0
93.06436701999999 778.0
93.07523345999999 681.0
93.0860999 811.0
93.09696634 852.0
93.10783278 833.0
93.11869922 882.0
93.12956566 895.0
93.1404321 982.0
93.15129854 914.0
93.16216498 1006.0
93.17303142 994.0
93.18389786 979.0
93.1947643 1023.0
93.20563074 894.0
93.21649718 967.0
93.22736361999999 920.0
93.23823005999999 878.0
93.2490965 827.0
93.25996294 869.0
93.27082938 811.0
93.28169582 762.0
93.29256226 705.0
93.3034287 765.0
93.31429514 736.0
93.32516158 735.0
93.33602802 762.0
93.34689446 722.0
93.3577609 645.0
93.36862734 730.0
93.37949378 705.0
93.39036022 760.0
93.40122665999999 713.0
93.41209309999999 798.0
93.42295954 751.0
93.43382598 792.0
93.44469242 820.0
93.45555886 767.0
93.4664253 893.0
93.47729174 808.0
93.48815818 849.0
93.49902462 794.0
93.50989106 771.0
93.5207575 759.0
93.53162394 767.0
93.54249038 742.0
93.55335682 697.0
93.56422325999999 644.0
93.57508969999999 687.0
93.58595614 643.0
93.59682258 649.0
93.60768902 621.0
93.61855546 624.0
93.6294219 636.0
93.64028834 625.0
93.65115478 589.0
93.66202122 606.0
93.67288766 570.0
93.6837541 612.0
93.69462054 577.0
93.70548698 544.0
93.71635342 596.0
93.72721986 581.0
93.73808629999999 580.0
93.74895274 602.0
93.75981918 543.0
93.77068562 531.0
93.78155206 561.0
93.7924185 559.0
93.80328494 548.0
93.81415138 568.0
93.82501782 538.0
93.83588426 549.0
93.8467507 540.0
93.85761714 515.0
93.86848358 538.0
93.87935002 531.0
93.89021646 519.0
93.90108289999999 521.0
93.91194933999999 574.0
93.92281578 553.0
93.93368222 491.0
93.94454866 521.0
93.9554151 502.0
93.96628154 474.0
93.97714798 527.0
93.98801442 486.0
93.99888086 527.0
94.0097473 520.0
94.02061374 541.0
94.03148018 523.0
94.04234662 516.0
94.05321306 522.0
94.06407949999999 508.0
94.07494593999999 506.0
94.08581238 515.0
94.09667882 484.0
94.10754526 557.0
94.1184117 524.0
94.12927814 568.0
94.14014458 534.0
94.15101102 526.0
94.16187746 522.0
94.1727439 502.0
94.18361034 482.0
94.19447678 487.0
94.20534322 490.0
94.21620966 561.0
94.2270761 520.0
94.23794253999999 500.0
94.24880897999999 458.0
94.25967542 518.0
94.27054186 523.0
94.2814083 527.0
94.29227474 497.0
94.30314118 493.0
94.31400762 483.0
94.32487406 523.0
94.3357405 488.0
94.34660694 458.0
94.35747338 543.0
94.36833982 515.0
94.37920626 504.0
94.3900727 491.0
94.40093913999999 504.0
94.41180557999999 523.0
94.42267202 528.0
94.43353846 516.0
94.4444049 543.0
94.45527134 526.0
94.46613778 521.0
94.47700422 533.0
94.48787066 508.0
94.4987371 522.0
94.50960354 510.0
94.52046998 527.0
94.53133642 507.0
94.54220286 504.0
94.5530693 521.0
94.56393574 509.0
94.57480217999999 543.0
94.58566861999999 531.0
94.59653506 528.0
94.6074015 488.0
94.61826794 532.0
94.62913438 519.0
94.64000082 489.0
94.65086726 503.0
94.6617337 538.0
94.67260014 489.0
94.68346658 496.0
94.69433302 495.0
94.70519946 536.0
94.7160659 518.0
94.72693234 509.0
94.73779877999999 480.0
94.74866521999999 508.0
94.75953166 539.0
94.7703981 495.0
94.78126454 487.0
94.79213098 549.0
94.80299742 497.0
94.81386386 505.0
94.8247303 504.0
94.83559674 503.0
94.84646318 554.0
94.85732962 558.0
94.86819606 530.0
94.8790625 473.0
94.88992894 542.0
94.90079538 553.0
94.91166181999999 550.0
94.92252825999999 532.0
94.9333947 550.0
94.94426114 500.0
94.95512758 541.0
94.96599402 499.0
94.97686046 489.0
94.9877269 489.0
94.99859334 500.0
95.00945978 540.0
95.02032622 507.0
95.03119266 556.0
95.0420591 546.0
95.05292554 526.0
95.06379198 544.0
95.07465841999999 535.0
95.08552485999999 578.0
95.0963913 585.0
95.10725774 542.0
95.11812418 521.0
95.12899062 563.0
95.13985706 559.0
95.1507235 608.0
95.16158994 560.0
95.17245638 586.0
95.18332282 576.0
95.19418926 568.0
95.2050557 547.0
95.21592214 599.0
95.22678858 657.0
95.23765501999999 608.0
95.24852145999999 603.0
95.2593879 613.0
95.27025434 664.0
95.28112078 656.0
95.29198722 630.0
95.30285366 631.0
95.3137201 644.0
95.32458654 625.0
95.33545298 654.0
95.34631942 664.0
95.35718586 666.0
95.3680523 683.0
95.37891874 692.0
95.38978518 697.0
95.40065162 711.0
95.41151805999999 691.0
95.42238449999999 710.0
95.43325094 727.0
95.44411738 709.0
95.45498382 711.0
95.46585026 665.0
95.4767167 727.0
95.48758314 662.0
95.49844958 654.0
95.50931602 676.0
95.52018246 676.0
95.5310489 642.0
95.54191534 624.0
95.55278178 648.0
95.56364822 615.0
95.57451465999999 685.0
95.58538109999999 632.0
95.59624754 569.0
95.60711398 643.0
95.61798042 616.0
95.62884686 654.0
95.6397133 597.0
95.65057974 609.0
95.66144618 661.0
95.67231262 672.0
95.68317906 661.0
95.6940455 598.0
95.70491194 663.0
95.71577838 629.0
95.72664482 697.0
95.73751126 664.0
95.74837769999999 649.0
95.75924413999999 654.0
95.77011058 654.0
95.78097702 621.0
95.79184346 634.0
95.8027099 632.0
95.81357634 644.0
95.82444278 576.0
95.83530922 647.0
95.84617566 564.0
95.8570421 629.0
95.86790854 556.0
95.87877498 613.0
95.88964142 618.0
95.90050786 598.0
95.91137429999999 604.0
95.92224073999999 585.0
95.93310718 617.0
95.94397362 584.0
95.95484006 598.0
95.9657065 578.0
95.97657294 588.0
95.98743938 589.0
95.99830582 625.0
96.00917226 531.0
96.0200387 576.0
96.03090514 619.0
96.04177158 612.0
96.05263802 551.0
96.06350446 614.0
96.0743709 580.0
96.08523733999999 589.0
96.09610377999999 562.0
96.10697022 679.0
96.11783666 639.0
96.1287031 594.0
96.13956954 648.0
96.15043598 633.0
96.16130242 619.0
96.17216886 643.0
96.1830353 634.0
96.19390174 689.0
96.20476818 661.0
96.21563462 660.0
96.22650106 666.0
96.2373675 723.0
96.24823393999999 692.0
96.25910037999999 671.0
96.26996682 658.0
96.28083326 646.0
96.2916997 632.0
96.30256614 652.0
96.31343258 676.0
96.32429902 649.0
96.33516546 622.0
96.3460319 633.0
96.35689834 600.0
96.36776478 612.0
96.37863122 613.0
96.38949766 641.0
96.4003641 682.0
96.41123053999999 580.0
96.42209697999999 614.0
96.43296342 572.0
96.44382986 605.0
96.4546963 651.0
96.46556274 630.0
96.47642918 626.0
96.48729562 609.0
96.49816206 591.0
96.5090285 673.0
96.51989494 646.0
96.53076138 644.0
96.54162782 635.0
96.55249426 650.0
96.5633607 680.0
96.57422714 706.0
96.58509357999999 654.0
96.59596001999999 621.0
96.60682646 644.0
96.6176929 606.0
96.62855934 646.0
96.63942578 630.0
96.65029222 665.0
96.66115866 611.0
96.6720251 607.0
96.68289154 598.0
96.69375798 604.0
96.70462442 665.0
96.71549086 602.0
96.7263573 636.0
96.73722374 633.0
96.74809017999999 638.0
96.75895661999999 638.0
96.76982306 565.0
96.7806895 619.0
96.79155594 643.0
96.80242238 670.0
96.81328882 606.0
96.82415526 676.0
96.8350217 634.0
96.84588814 600.0
96.85675458 641.0
96.86762102 628.0
96.87848746 621.0
96.8893539 644.0
96.90022034 648.0
96.91108678 664.0
96.92195321999999 671.0
96.93281965999999 707.0
96.9436861 654.0
96.95455254 672.0
96.96541898 610.0
96.97628542 622.0
96.98715186 643.0
96.9980183 646.0
97.00888474 597.0
97.01975118 626.0
97.03061762 597.0
97.04148406 641.0
97.0523505 630.0
97.06321694 637.0
97.07408338 619.0
97.08494981999999 637.0
97.09581625999999 632.0
97.1066827 597.0
97.11754914 650.0
97.12841558 583.0
97.13928202 596.0
97.15014846 559.0
97.1610149 589.0
97.17188134 634.0
97.18274778 592.0
97.19361422 588.0
97.20448066 580.0
97.2153471 576.0
97.22621354 613.0
97.23707998 609.0
97.24794642 603.0
97.25881285999999 636.0
97.26967929999999 589.0
97.28054574 562.0
97.29141218 546.0
97.30227862 588.0
97.31314506 609.0
97.3240115 574.0
97.33487794 571.0
97.34574438 538.0
97.35661082 545.0
97.36747726 591.0
97.3783437 564.0
97.38921014 574.0
97.40007658 571.0
97.41094302 550.0
97.42180945999999 539.0
97.43267589999999 578.0
97.44354234 560.0
97.45440878 542.0
97.46527522 536.0
97.47614166 530.0
97.4870081 521.0
97.49787454 561.0
97.50874098 523.0
97.51960742 556.0
97.53047386 538.0
97.5413403 558.0
97.55220674 544.0
97.56307318 538.0
97.57393962 588.0
97.58480605999999 572.0
97.59567249999999 567.0
97.60653894 511.0
97.61740538 515.0
97.62827182 485.0
97.63913826 522.0
97.6500047 488.0
97.66087114 539.0
97.67173758 534.0
97.68260402 523.0
97.69347046 504.0
97.7043369 514.0
97.71520334 553.0
97.72606978 527.0
97.73693622 519.0
97.74780266 534.0
97.75866909999999 508.0
97.76953553999999 525.0
97.78040198 522.0
97.79126842 508.0
97.80213486 580.0
97.8130013 533.0
97.82386774 536.0
97.83473418 523.0
97.84560062 505.0
97.85646706 535.0
97.8673335 498.0
97.87819994 502.0
97.88906638 515.0
97.89993282 508.0
97.91079926 563.0
97.92166569999999 531.0
97.93253213999999 518.0
97.94339858 507.0
97.95426502 548.0
97.96513146 533.0
97.9759979 519.0
97.98686434 536.0
97.99773078 520.0
98.00859722 584.0
98.01946366 541.0
98.0303301 570.0
98.04119654 524.0
98.05206298 531.0
98.06292942 567.0
98.07379586 514.0
98.0846623 523.0
98.09552873999999 494.0
98.10639517999999 568.0
98.11726162 555.0
98.12812806 550.0
98.1389945 555.0
98.14986094 552.0
98.16072738 550.0
98.17159382 533.0
98.18246026 598.0
98.1933267 530.0
98.20419314 568.0
98.21505958 557.0
98.22592602 565.0
98.23679246 580.0
98.2476589 576.0
98.25852533999999 576.0
98.26939177999999 611.0
98.28025822 603.0
98.29112466 526.0
98.3019911 543.0
98.31285754 552.0
98.32372398 591.0
98.33459042 590.0
98.34545686 593.0
98.3563233 581.0
98.36718974 600.0
98.37805618 572.0
98.38892262 605.0
98.39978906 655.0
98.4106555 599.0
98.42152194 651.0
98.43238837999999 622.0
98.44325481999999 578.0
98.45412126 673.0
98.4649877 593.0
98.47585414 642.0
98.48672058 615.0
98.49758702 640.0
98.50845346 648.0
98.5193199 680.0
98.53018634 636.0
98.54105278 681.0
98.55191922 701.0
98.56278566 686.0
98.5736521 648.0
98.58451854 682.0
98.59538497999999 676.0
98.60625141999999 724.0
98.61711786 742.0
98.6279843 711.0
98.63885074 732.0
98.64971718 790.0
98.66058362 790.0
98.67145006 793.0
98.6823165 830.0
98.69318294 770.0
98.70404938 775.0
98.71491582 825.0
98.72578226 813.0
98.7366487 806.0
98.74751514 848.0
98.75838157999999 829.0
98.76924801999999 908.0
98.78011446 809.0
98.7909809 836.0
98.80184734 899.0
98.81271378 868.0
98.82358022 891.0
98.83444666 923.0
98.8453131 945.0
98.85617954 882.0
98.86704598 917.0
98.87791242 864.0
98.88877886 879.0
98.8996453 903.0
98.91051174 853.0
98.92137818 837.0
98.93224461999999 856.0
98.94311105999999 784.0
98.9539775 814.0
98.96484394 811.0
98.97571038 773.0
98.98657682 809.0
98.99744326 728.0
99.0083097 775.0
99.01917614 772.0
99.03004258 757.0
99.04090902 772.0
99.05177546 791.0
99.0626419 817.0
99.07350834 822.0
99.08437478 770.0
99.09524121999999 736.0
99.10610765999999 812.0
99.1169741 740.0
99.12784054 739.0
99.13870698 778.0
99.14957342 777.0
99.16043986 791.0
99.1713063 781.0
99.18217274 842.0
99.19303918 733.0
99.20390562 745.0
99.21477206 804.0
99.2256385 793.0
99.23650494 779.0
99.24737138 776.0
99.25823782 788.0
99.26910425999999 779.0
99.27997069999999 771.0
99.29083714 699.0
99.30170358 806.0
99.31257002 779.0
99.32343646 774.0
99.3343029 766.0
99.34516934 767.0
99.35603578 731.0
99.36690222 714.0
99.37776866 727.0
99.3886351 708.0
99.39950154 727.0
99.41036798 740.0
99.42123442 749.0
99.43210085999999 741.0
99.44296729999999 762.0
99.45383374 726.0
99.46470018 732.0
99.47556662 738.0
99.48643306 719.0
99.4972995 742.0
99.50816594 712.0
99.51903238 721.0
99.52989882 718.0
99.54076526 789.0
99.5516317 779.0
99.56249814 798.0
99.57336458 795.0
99.58423102 773.0
99.59509745999999 838.0
99.60596389999999 813.0
99.61683033999999 825.0
99.62769678 809.0
99.63856322 815.0
99.64942966 823.0
99.6602961 866.0
99.67116254 830.0
99.68202898 801.0
99.69289542 837.0
99.70376186 858.0
99.7146283 862.0
99.72549474 871.0
99.73636118 823.0
99.74722762 892.0
99.75809406 879.0
99.76896049999999 856.0
99.77982693999999 831.0
99.79069338 867.0
99.80155982 882.0
99.81242626 864.0
99.8232927 866.0
99.83415914 871.0
99.84502558 890.0
99.85589202 792.0
99.86675846 862.0
99.8776249 843.0
99.88849134 887.0
99.89935778 886.0
99.91022422 871.0
99.92109066 852.0
99.93195709999999 866.0
99.94282353999999 832.0
99.95368998 876.0
99.96455642 868.0
99.97542286 813.0
99.9862893 871.0
99.99715574 829.0
100.00802218 823.0
100.01888862 820.0
100.02975506 833.0
100.0406215 877.0
100.05148794 820.0
100.06235438 797.0
100.07322082 804.0
100.08408726 803.0
100.0949537 734.0
